Time (s)    Heave_Spectrum (m)    Heave_Eta (m)    Difference (m)
--------    ------------------    -------------    --------------
     0.000         -2.00017409       -2.00017409        0.0000e+00
     0.015         -2.00052087       -2.00052087        4.4409e-16
     0.030         -2.00103883       -2.00103883        8.8818e-16
     0.045         -2.00172635       -2.00172635        1.7764e-15
     0.060         -2.00258174       -2.00258174        2.2204e-15
     0.075         -2.00360318       -2.00360318        3.1086e-15
     0.090         -2.00478877       -2.00478877        3.9968e-15
     0.105         -2.00613651       -2.00613651        4.8850e-15
     0.120         -2.00764432       -2.00764432        6.2172e-15
     0.135         -2.00931000       -2.00931000        7.5495e-15
     0.150         -2.01113129       -2.01113129        8.8818e-15
     0.165         -2.01310582       -2.01310582        1.0658e-14
     0.180         -2.01523113       -2.01523113        1.2434e-14
     0.195         -2.01750468       -2.01750468        1.4211e-14
     0.210         -2.01992386       -2.01992386        1.6431e-14
     0.225         -2.02248594       -2.02248594        1.8652e-14
     0.240         -2.02518815       -2.02518815        2.0872e-14
     0.255         -2.02802761       -2.02802761        2.3093e-14
     0.270         -2.03100137       -2.03100137        2.5313e-14
     0.285         -2.03410641       -2.03410641        2.7978e-14
     0.300         -2.03733964       -2.03733964        3.0642e-14
     0.315         -2.04069788       -2.04069788        3.3307e-14
     0.330         -2.04417789       -2.04417789        3.6415e-14
     0.345         -2.04777636       -2.04777636        3.9524e-14
     0.360         -2.05148991       -2.05148991        4.2633e-14
     0.375         -2.05531512       -2.05531512        4.5741e-14
     0.390         -2.05924846       -2.05924846        4.8850e-14
     0.405         -2.06328639       -2.06328639        5.2403e-14
     0.420         -2.06742529       -2.06742529        5.5955e-14
     0.435         -2.07166147       -2.07166147        5.9952e-14
     0.450         -2.07599120       -2.07599120        6.3505e-14
     0.465         -2.08041072       -2.08041072        6.7502e-14
     0.480         -2.08491618       -2.08491618        7.1498e-14
     0.495         -2.08950372       -2.08950372        7.5495e-14
     0.510         -2.09416940       -2.09416940        7.9492e-14
     0.525         -2.09890928       -2.09890928        8.3489e-14
     0.540         -2.10371934       -2.10371934        8.7486e-14
     0.555         -2.10859555       -2.10859555        9.1926e-14
     0.570         -2.11353384       -2.11353384        9.6367e-14
     0.585         -2.11853009       -2.11853009        1.0081e-13
     0.600         -2.12358017       -2.12358017        1.0569e-13
     0.615         -2.12867992       -2.12867992        1.1058e-13
     0.630         -2.13382514       -2.13382514        1.1502e-13
     0.645         -2.13901162       -2.13901162        1.1990e-13
     0.660         -2.14423513       -2.14423513        1.2479e-13
     0.675         -2.14949142       -2.14949142        1.2923e-13
     0.690         -2.15477622       -2.15477622        1.3411e-13
     0.705         -2.16008525       -2.16008525        1.3900e-13
     0.720         -2.16541423       -2.16541423        1.4388e-13
     0.735         -2.17075884       -2.17075884        1.4877e-13
     0.750         -2.17611479       -2.17611479        1.5365e-13
     0.765         -2.18147777       -2.18147777        1.5898e-13
     0.780         -2.18684347       -2.18684347        1.6431e-13
     0.795         -2.19220759       -2.19220759        1.6964e-13
     0.810         -2.19756582       -2.19756582        1.7453e-13
     0.825         -2.20291387       -2.20291387        1.7986e-13
     0.840         -2.20824744       -2.20824744        1.8519e-13
     0.855         -2.21356227       -2.21356227        1.9051e-13
     0.870         -2.21885409       -2.21885409        1.9584e-13
     0.885         -2.22411866       -2.22411866        2.0117e-13
     0.900         -2.22935174       -2.22935174        2.0650e-13
     0.915         -2.23454913       -2.23454913        2.1183e-13
     0.930         -2.23970665       -2.23970665        2.1716e-13
     0.945         -2.24482014       -2.24482014        2.2249e-13
     0.960         -2.24988547       -2.24988547        2.2782e-13
     0.975         -2.25489853       -2.25489853        2.3315e-13
     0.990         -2.25985527       -2.25985527        2.3848e-13
     1.005         -2.26475164       -2.26475164        2.4380e-13
     1.020         -2.26958364       -2.26958364        2.4869e-13
     1.035         -2.27434733       -2.27434733        2.5402e-13
     1.050         -2.27903878       -2.27903878        2.5935e-13
     1.065         -2.28365411       -2.28365411        2.6468e-13
     1.080         -2.28818950       -2.28818950        2.6956e-13
     1.095         -2.29264117       -2.29264117        2.7489e-13
     1.110         -2.29700537       -2.29700537        2.8022e-13
     1.125         -2.30127844       -2.30127844        2.8511e-13
     1.140         -2.30545673       -2.30545673        2.8999e-13
     1.155         -2.30953669       -2.30953669        2.9443e-13
     1.170         -2.31351478       -2.31351478        2.9932e-13
     1.185         -2.31738755       -2.31738755        3.0420e-13
     1.200         -2.32115160       -2.32115160        3.0864e-13
     1.215         -2.32480360       -2.32480360        3.1308e-13
     1.230         -2.32834027       -2.32834027        3.1708e-13
     1.245         -2.33175842       -2.33175842        3.2108e-13
     1.260         -2.33505489       -2.33505489        3.2507e-13
     1.275         -2.33822662       -2.33822662        3.2907e-13
     1.290         -2.34127062       -2.34127062        3.3307e-13
     1.305         -2.34418394       -2.34418394        3.3662e-13
     1.320         -2.34696375       -2.34696375        3.4017e-13
     1.335         -2.34960726       -2.34960726        3.4373e-13
     1.350         -2.35211177       -2.35211177        3.4683e-13
     1.365         -2.35447465       -2.35447465        3.4994e-13
     1.380         -2.35669336       -2.35669336        3.5261e-13
     1.395         -2.35876544       -2.35876544        3.5527e-13
     1.410         -2.36068849       -2.36068849        3.5794e-13
     1.425         -2.36246023       -2.36246023        3.6016e-13
     1.440         -2.36407842       -2.36407842        3.6238e-13
     1.455         -2.36554095       -2.36554095        3.6415e-13
     1.470         -2.36684575       -2.36684575        3.6549e-13
     1.485         -2.36799088       -2.36799088        3.6682e-13
     1.500         -2.36897446       -2.36897446        3.6815e-13
     1.515         -2.36979471       -2.36979471        3.6904e-13
     1.530         -2.37044993       -2.37044993        3.6948e-13
     1.545         -2.37093853       -2.37093853        3.6993e-13
     1.560         -2.37125898       -2.37125898        3.6993e-13
     1.575         -2.37140987       -2.37140987        3.6948e-13
     1.590         -2.37138987       -2.37138987        3.6904e-13
     1.605         -2.37119775       -2.37119775        3.6815e-13
     1.620         -2.37083236       -2.37083236        3.6726e-13
     1.635         -2.37029266       -2.37029266        3.6593e-13
     1.650         -2.36957769       -2.36957769        3.6415e-13
     1.665         -2.36868661       -2.36868661        3.6193e-13
     1.680         -2.36761863       -2.36761863        3.5927e-13
     1.695         -2.36637311       -2.36637311        3.5616e-13
     1.710         -2.36494946       -2.36494946        3.5261e-13
     1.725         -2.36334721       -2.36334721        3.4905e-13
     1.740         -2.36156599       -2.36156599        3.4506e-13
     1.755         -2.35960551       -2.35960551        3.4017e-13
     1.770         -2.35746559       -2.35746559        3.3529e-13
     1.785         -2.35514613       -2.35514613        3.2996e-13
     1.800         -2.35264715       -2.35264715        3.2419e-13
     1.815         -2.34996875       -2.34996875        3.1841e-13
     1.830         -2.34711113       -2.34711113        3.1175e-13
     1.845         -2.34407458       -2.34407458        3.0465e-13
     1.860         -2.34085949       -2.34085949        2.9754e-13
     1.875         -2.33746636       -2.33746636        2.8955e-13
     1.890         -2.33389577       -2.33389577        2.8111e-13
     1.905         -2.33014840       -2.33014840        2.7267e-13
     1.920         -2.32622501       -2.32622501        2.6334e-13
     1.935         -2.32212647       -2.32212647        2.5402e-13
     1.950         -2.31785376       -2.31785376        2.4380e-13
     1.965         -2.31340791       -2.31340791        2.3315e-13
     1.980         -2.30879008       -2.30879008        2.2204e-13
     1.995         -2.30400150       -2.30400150        2.1050e-13
     2.010         -2.29904351       -2.29904351        1.9806e-13
     2.025         -2.29391752       -2.29391752        1.8563e-13
     2.040         -2.28862505       -2.28862505        1.7275e-13
     2.055         -2.28316770       -2.28316770        1.5943e-13
     2.070         -2.27754715       -2.27754715        1.4566e-13
     2.085         -2.27176518       -2.27176518        1.3101e-13
     2.100         -2.26582366       -2.26582366        1.1591e-13
     2.115         -2.25972453       -2.25972453        1.0036e-13
     2.130         -2.25346983       -2.25346983        8.4377e-14
     2.145         -2.24706167       -2.24706167        6.7946e-14
     2.160         -2.24050225       -2.24050225        5.1070e-14
     2.175         -2.23379386       -2.23379386        3.3751e-14
     2.190         -2.22693885       -2.22693885        1.5543e-14
     2.205         -2.21993967       -2.21993967       -3.1086e-15
     2.220         -2.21279885       -2.21279885       -2.2649e-14
     2.235         -2.20551897       -2.20551897       -4.2188e-14
     2.250         -2.19810270       -2.19810270       -6.2172e-14
     2.265         -2.19055281       -2.19055281       -8.2601e-14
     2.280         -2.18287210       -2.18287210       -1.0347e-13
     2.295         -2.17506346       -2.17506346       -1.2523e-13
     2.310         -2.16712987       -2.16712987       -1.4699e-13
     2.325         -2.15907435       -2.15907435       -1.6964e-13
     2.340         -2.15090001       -2.15090001       -1.9273e-13
     2.355         -2.14261000       -2.14261000       -2.1627e-13
     2.370         -2.13420756       -2.13420756       -2.4025e-13
     2.385         -2.12569598       -2.12569598       -2.6512e-13
     2.400         -2.11707861       -2.11707861       -2.9043e-13
     2.415         -2.10835887       -2.10835887       -3.1619e-13
     2.430         -2.09954023       -2.09954023       -3.4195e-13
     2.445         -2.09062623       -2.09062623       -3.6859e-13
     2.460         -2.08162044       -2.08162044       -3.9568e-13
     2.475         -2.07252650       -2.07252650       -4.2322e-13
     2.490         -2.06334810       -2.06334810       -4.5119e-13
     2.505         -2.05408898       -2.05408898       -4.7917e-13
     2.520         -2.04475293       -2.04475293       -5.0804e-13
     2.535         -2.03534378       -2.03534378       -5.3735e-13
     2.550         -2.02586540       -2.02586540       -5.6710e-13
     2.565         -2.01632173       -2.01632173       -5.9686e-13
     2.580         -2.00671672       -2.00671672       -6.2705e-13
     2.595         -1.99705436       -1.99705436       -6.5792e-13
     2.610         -1.98733870       -1.98733870       -6.8923e-13
     2.625         -1.97757381       -1.97757381       -7.2098e-13
     2.640         -1.96776380       -1.96776380       -7.5318e-13
     2.655         -1.95791280       -1.95791280       -7.8559e-13
     2.670         -1.94802498       -1.94802498       -8.1846e-13
     2.685         -1.93810453       -1.93810453       -8.5154e-13
     2.700         -1.92815568       -1.92815568       -8.8507e-13
     2.715         -1.91818266       -1.91818266       -9.1882e-13
     2.730         -1.90818975       -1.90818975       -9.5302e-13
     2.745         -1.89818122       -1.89818122       -9.8743e-13
     2.760         -1.88816137       -1.88816137       -1.0223e-12
     2.775         -1.87813454       -1.87813454       -1.0574e-12
     2.790         -1.86810504       -1.86810504       -1.0927e-12
     2.805         -1.85807721       -1.85807721       -1.1282e-12
     2.820         -1.84805542       -1.84805542       -1.1640e-12
     2.835         -1.83804402       -1.83804402       -1.1999e-12
     2.850         -1.82804737       -1.82804737       -1.2361e-12
     2.865         -1.81806985       -1.81806985       -1.2725e-12
     2.880         -1.80811582       -1.80811582       -1.3092e-12
     2.895         -1.79818966       -1.79818966       -1.3458e-12
     2.910         -1.78829572       -1.78829572       -1.3827e-12
     2.925         -1.77843838       -1.77843838       -1.4198e-12
     2.940         -1.76862198       -1.76862198       -1.4571e-12
     2.955         -1.75885087       -1.75885087       -1.4941e-12
     2.970         -1.74912939       -1.74912939       -1.5314e-12
     2.985         -1.73946186       -1.73946186       -1.5687e-12
     3.000         -1.72985258       -1.72985258       -1.6063e-12
     3.015         -1.72030586       -1.72030586       -1.6436e-12
     3.030         -1.71082595       -1.71082595       -1.6811e-12
     3.045         -1.70141711       -1.70141711       -1.7186e-12
     3.060         -1.69208358       -1.69208358       -1.7559e-12
     3.075         -1.68282954       -1.68282954       -1.7932e-12
     3.090         -1.67365918       -1.67365918       -1.8303e-12
     3.105         -1.66457666       -1.66457666       -1.8676e-12
     3.120         -1.65558607       -1.65558607       -1.9045e-12
     3.135         -1.64669152       -1.64669152       -1.9413e-12
     3.150         -1.63789704       -1.63789704       -1.9780e-12
     3.165         -1.62920666       -1.62920666       -2.0146e-12
     3.180         -1.62062436       -1.62062436       -2.0510e-12
     3.195         -1.61215406       -1.61215406       -2.0872e-12
     3.210         -1.60379966       -1.60379966       -2.1232e-12
     3.225         -1.59556501       -1.59556501       -2.1589e-12
     3.240         -1.58745393       -1.58745393       -2.1945e-12
     3.255         -1.57947016       -1.57947016       -2.2295e-12
     3.270         -1.57161742       -1.57161742       -2.2644e-12
     3.285         -1.56389936       -1.56389936       -2.2988e-12
     3.300         -1.55631960       -1.55631960       -2.3332e-12
     3.315         -1.54888168       -1.54888168       -2.3670e-12
     3.330         -1.54158910       -1.54158910       -2.4005e-12
     3.345         -1.53444530       -1.53444530       -2.4336e-12
     3.360         -1.52745367       -1.52745367       -2.4662e-12
     3.375         -1.52061752       -1.52061752       -2.4984e-12
     3.390         -1.51394012       -1.51394012       -2.5302e-12
     3.405         -1.50742465       -1.50742465       -2.5615e-12
     3.420         -1.50107425       -1.50107425       -2.5924e-12
     3.435         -1.49489198       -1.49489198       -2.6228e-12
     3.450         -1.48888084       -1.48888084       -2.6523e-12
     3.465         -1.48304376       -1.48304376       -2.6814e-12
     3.480         -1.47738359       -1.47738359       -2.7101e-12
     3.495         -1.47190311       -1.47190311       -2.7380e-12
     3.510         -1.46660505       -1.46660505       -2.7656e-12
     3.525         -1.46149203       -1.46149203       -2.7924e-12
     3.540         -1.45656661       -1.45656661       -2.8186e-12
     3.555         -1.45183129       -1.45183129       -2.8439e-12
     3.570         -1.44728846       -1.44728846       -2.8686e-12
     3.585         -1.44294047       -1.44294047       -2.8928e-12
     3.600         -1.43878954       -1.43878954       -2.9163e-12
     3.615         -1.43483785       -1.43483785       -2.9390e-12
     3.630         -1.43108749       -1.43108749       -2.9610e-12
     3.645         -1.42754044       -1.42754044       -2.9823e-12
     3.660         -1.42419864       -1.42419864       -3.0027e-12
     3.675         -1.42106391       -1.42106391       -3.0225e-12
     3.690         -1.41813800       -1.41813800       -3.0411e-12
     3.705         -1.41542256       -1.41542256       -3.0593e-12
     3.720         -1.41291916       -1.41291916       -3.0767e-12
     3.735         -1.41062929       -1.41062929       -3.0931e-12
     3.750         -1.40855435       -1.40855435       -3.1086e-12
     3.765         -1.40669563       -1.40669563       -3.1233e-12
     3.780         -1.40505436       -1.40505436       -3.1373e-12
     3.795         -1.40363164       -1.40363164       -3.1501e-12
     3.810         -1.40242852       -1.40242852       -3.1621e-12
     3.825         -1.40144593       -1.40144593       -3.1732e-12
     3.840         -1.40068473       -1.40068473       -3.1835e-12
     3.855         -1.40014565       -1.40014565       -3.1928e-12
     3.870         -1.39982938       -1.39982938       -3.2012e-12
     3.885         -1.39973646       -1.39973646       -3.2088e-12
     3.900         -1.39986739       -1.39986739       -3.2152e-12
     3.915         -1.40022253       -1.40022253       -3.2208e-12
     3.930         -1.40080217       -1.40080217       -3.2252e-12
     3.945         -1.40160651       -1.40160651       -3.2290e-12
     3.960         -1.40263563       -1.40263563       -3.2319e-12
     3.975         -1.40388954       -1.40388954       -3.2334e-12
     3.990         -1.40536816       -1.40536816       -3.2341e-12
     4.005         -1.40707128       -1.40707128       -3.2339e-12
     4.020         -1.40899863       -1.40899863       -3.2327e-12
     4.035         -1.41114983       -1.41114983       -3.2305e-12
     4.050         -1.41352440       -1.41352440       -3.2272e-12
     4.065         -1.41612179       -1.41612179       -3.2230e-12
     4.080         -1.41894134       -1.41894134       -3.2179e-12
     4.095         -1.42198229       -1.42198229       -3.2119e-12
     4.110         -1.42524379       -1.42524379       -3.2048e-12
     4.125         -1.42872490       -1.42872490       -3.1966e-12
     4.140         -1.43242460       -1.43242460       -3.1877e-12
     4.155         -1.43634176       -1.43634176       -3.1777e-12
     4.170         -1.44047516       -1.44047516       -3.1668e-12
     4.185         -1.44482349       -1.44482349       -3.1550e-12
     4.200         -1.44938537       -1.44938537       -3.1422e-12
     4.215         -1.45415929       -1.45415929       -3.1282e-12
     4.230         -1.45914368       -1.45914368       -3.1133e-12
     4.245         -1.46433689       -1.46433689       -3.0973e-12
     4.260         -1.46973714       -1.46973714       -3.0804e-12
     4.275         -1.47534261       -1.47534261       -3.0627e-12
     4.290         -1.48115137       -1.48115137       -3.0440e-12
     4.305         -1.48716140       -1.48716140       -3.0245e-12
     4.320         -1.49337061       -1.49337061       -3.0038e-12
     4.335         -1.49977681       -1.49977681       -2.9823e-12
     4.350         -1.50637775       -1.50637775       -2.9599e-12
     4.365         -1.51317109       -1.51317109       -2.9368e-12
     4.380         -1.52015438       -1.52015438       -2.9126e-12
     4.395         -1.52732514       -1.52732514       -2.8875e-12
     4.410         -1.53468078       -1.53468078       -2.8615e-12
     4.425         -1.54221864       -1.54221864       -2.8348e-12
     4.440         -1.54993598       -1.54993598       -2.8073e-12
     4.455         -1.55783000       -1.55783000       -2.7791e-12
     4.470         -1.56589781       -1.56589781       -2.7500e-12
     4.485         -1.57413645       -1.57413645       -2.7200e-12
     4.500         -1.58254290       -1.58254290       -2.6892e-12
     4.515         -1.59111407       -1.59111407       -2.6577e-12
     4.530         -1.59984678       -1.59984678       -2.6252e-12
     4.545         -1.60873781       -1.60873781       -2.5921e-12
     4.560         -1.61778387       -1.61778387       -2.5584e-12
     4.575         -1.62698159       -1.62698159       -2.5238e-12
     4.590         -1.63632755       -1.63632755       -2.4885e-12
     4.605         -1.64581828       -1.64581828       -2.4523e-12
     4.620         -1.65545022       -1.65545022       -2.4156e-12
     4.635         -1.66521979       -1.66521979       -2.3783e-12
     4.650         -1.67512332       -1.67512332       -2.3401e-12
     4.665         -1.68515712       -1.68515712       -2.3015e-12
     4.680         -1.69531741       -1.69531741       -2.2622e-12
     4.695         -1.70560039       -1.70560039       -2.2222e-12
     4.710         -1.71600220       -1.71600220       -2.1818e-12
     4.725         -1.72651892       -1.72651892       -2.1407e-12
     4.740         -1.73714661       -1.73714661       -2.0990e-12
     4.755         -1.74788126       -1.74788126       -2.0568e-12
     4.770         -1.75871884       -1.75871884       -2.0142e-12
     4.785         -1.76965526       -1.76965526       -1.9711e-12
     4.800         -1.78068640       -1.78068640       -1.9273e-12
     4.815         -1.79180812       -1.79180812       -1.8834e-12
     4.830         -1.80301620       -1.80301620       -1.8390e-12
     4.845         -1.81430645       -1.81430645       -1.7941e-12
     4.860         -1.82567458       -1.82567458       -1.7488e-12
     4.875         -1.83711633       -1.83711633       -1.7033e-12
     4.890         -1.84862737       -1.84862737       -1.6573e-12
     4.905         -1.86020337       -1.86020337       -1.6112e-12
     4.920         -1.87183996       -1.87183996       -1.5645e-12
     4.935         -1.88353276       -1.88353276       -1.5177e-12
     4.950         -1.89527736       -1.89527736       -1.4706e-12
     4.965         -1.90706934       -1.90706934       -1.4231e-12
     4.980         -1.91890426       -1.91890426       -1.3753e-12
     4.995         -1.93077766       -1.93077766       -1.3274e-12
     5.010         -1.94268507       -1.94268507       -1.2792e-12
     5.025         -1.95462202       -1.95462202       -1.2308e-12
     5.040         -1.96658401       -1.96658401       -1.1824e-12
     5.055         -1.97856656       -1.97856656       -1.1340e-12
     5.070         -1.99056515       -1.99056515       -1.0854e-12
     5.085         -2.00257530       -2.00257530       -1.0369e-12
     5.100         -2.01459248       -2.01459248       -9.8810e-13
     5.115         -2.02661220       -2.02661220       -9.3925e-13
     5.130         -2.03862996       -2.03862996       -8.9040e-13
     5.145         -2.05064124       -2.05064124       -8.4155e-13
     5.160         -2.06264157       -2.06264157       -7.9314e-13
     5.175         -2.07462645       -2.07462645       -7.4474e-13
     5.190         -2.08659141       -2.08659141       -6.9633e-13
     5.205         -2.09853197       -2.09853197       -6.4793e-13
     5.220         -2.11044370       -2.11044370       -5.9952e-13
     5.235         -2.12232216       -2.12232216       -5.5111e-13
     5.250         -2.13416291       -2.13416291       -5.0315e-13
     5.265         -2.14596156       -2.14596156       -4.5519e-13
     5.280         -2.15771373       -2.15771373       -4.0767e-13
     5.295         -2.16941505       -2.16941505       -3.6016e-13
     5.310         -2.18106119       -2.18106119       -3.1308e-13
     5.325         -2.19264784       -2.19264784       -2.6645e-13
     5.340         -2.20417071       -2.20417071       -2.2027e-13
     5.355         -2.21562554       -2.21562554       -1.7408e-13
     5.370         -2.22700811       -2.22700811       -1.2834e-13
     5.385         -2.23831423       -2.23831423       -8.3045e-14
     5.400         -2.24953972       -2.24953972       -3.7748e-14
     5.415         -2.26068047       -2.26068047        7.1054e-15
     5.430         -2.27173238       -2.27173238        5.1514e-14
     5.445         -2.28269141       -2.28269141        9.5479e-14
     5.460         -2.29355354       -2.29355354        1.3900e-13
     5.475         -2.30431480       -2.30431480        1.8208e-13
     5.490         -2.31497126       -2.31497126        2.2471e-13
     5.505         -2.32551905       -2.32551905        2.6690e-13
     5.520         -2.33595431       -2.33595431        3.0864e-13
     5.535         -2.34627326       -2.34627326        3.4950e-13
     5.550         -2.35647216       -2.35647216        3.8991e-13
     5.565         -2.36654731       -2.36654731        4.3032e-13
     5.580         -2.37649507       -2.37649507        4.6985e-13
     5.595         -2.38631185       -2.38631185        5.0848e-13
     5.610         -2.39599412       -2.39599412        5.4667e-13
     5.625         -2.40553840       -2.40553840        5.8442e-13
     5.640         -2.41494125       -2.41494125        6.2128e-13
     5.655         -2.42419932       -2.42419932        6.5770e-13
     5.670         -2.43330930       -2.43330930        6.9322e-13
     5.685         -2.44226794       -2.44226794        7.2831e-13
     5.700         -2.45107204       -2.45107204        7.6295e-13
     5.715         -2.45971850       -2.45971850        7.9670e-13
     5.730         -2.46820424       -2.46820424        8.3000e-13
     5.745         -2.47652627       -2.47652627        8.6242e-13
     5.760         -2.48468166       -2.48468166        8.9440e-13
     5.775         -2.49266753       -2.49266753        9.2548e-13
     5.790         -2.50048111       -2.50048111        9.5612e-13
     5.805         -2.50811965       -2.50811965        9.8588e-13
     5.820         -2.51558049       -2.51558049        1.0152e-12
     5.835         -2.52286105       -2.52286105        1.0436e-12
     5.850         -2.52995881       -2.52995881        1.0711e-12
     5.865         -2.53687131       -2.53687131        1.0982e-12
     5.880         -2.54359619       -2.54359619        1.1244e-12
     5.895         -2.55013115       -2.55013115        1.1497e-12
     5.910         -2.55647395       -2.55647395        1.1746e-12
     5.925         -2.56262244       -2.56262244        1.1986e-12
     5.940         -2.56857456       -2.56857456        1.2217e-12
     5.955         -2.57432829       -2.57432829        1.2443e-12
     5.970         -2.57988171       -2.57988171        1.2661e-12
     5.985         -2.58523298       -2.58523298        1.2870e-12
     6.000         -2.59038033       -2.59038033        1.3074e-12
     6.015         -2.59532207       -2.59532207        1.3269e-12
     6.030         -2.60005658       -2.60005658        1.3456e-12
     6.045         -2.60458234       -2.60458234        1.3638e-12
     6.060         -2.60889788       -2.60889788        1.3811e-12
     6.075         -2.61300184       -2.61300184        1.3980e-12
     6.090         -2.61689292       -2.61689292        1.4140e-12
     6.105         -2.62056992       -2.62056992        1.4295e-12
     6.120         -2.62403169       -2.62403169        1.4442e-12
     6.135         -2.62727719       -2.62727719        1.4579e-12
     6.150         -2.63030545       -2.63030545        1.4713e-12
     6.165         -2.63311558       -2.63311558        1.4837e-12
     6.180         -2.63570677       -2.63570677        1.4952e-12
     6.195         -2.63807830       -2.63807830        1.5064e-12
     6.210         -2.64022953       -2.64022953        1.5166e-12
     6.225         -2.64215988       -2.64215988        1.5263e-12
     6.240         -2.64386889       -2.64386889        1.5357e-12
     6.255         -2.64535615       -2.64535615        1.5441e-12
     6.270         -2.64662134       -2.64662134        1.5521e-12
     6.285         -2.64766423       -2.64766423        1.5596e-12
     6.300         -2.64848466       -2.64848466        1.5667e-12
     6.315         -2.64908256       -2.64908256        1.5730e-12
     6.330         -2.64945793       -2.64945793        1.5787e-12
     6.345         -2.64961087       -2.64961087        1.5841e-12
     6.360         -2.64954153       -2.64954153        1.5890e-12
     6.375         -2.64925016       -2.64925016        1.5929e-12
     6.390         -2.64873710       -2.64873710        1.5965e-12
     6.405         -2.64800274       -2.64800274        1.5996e-12
     6.420         -2.64704756       -2.64704756        1.6023e-12
     6.435         -2.64587214       -2.64587214        1.6045e-12
     6.450         -2.64447711       -2.64447711        1.6063e-12
     6.465         -2.64286319       -2.64286319        1.6076e-12
     6.480         -2.64103117       -2.64103117        1.6085e-12
     6.495         -2.63898191       -2.63898191        1.6089e-12
     6.510         -2.63671637       -2.63671637        1.6089e-12
     6.525         -2.63423557       -2.63423557        1.6089e-12
     6.540         -2.63154060       -2.63154060        1.6085e-12
     6.555         -2.62863262       -2.62863262        1.6076e-12
     6.570         -2.62551288       -2.62551288        1.6063e-12
     6.585         -2.62218269       -2.62218269        1.6045e-12
     6.600         -2.61864343       -2.61864343        1.6027e-12
     6.615         -2.61489656       -2.61489656        1.6009e-12
     6.630         -2.61094360       -2.61094360        1.5987e-12
     6.645         -2.60678615       -2.60678615        1.5965e-12
     6.660         -2.60242586       -2.60242586        1.5938e-12
     6.675         -2.59786445       -2.59786445        1.5912e-12
     6.690         -2.59310374       -2.59310374        1.5885e-12
     6.705         -2.58814557       -2.58814557        1.5854e-12
     6.720         -2.58299186       -2.58299186        1.5823e-12
     6.735         -2.57764461       -2.57764461        1.5792e-12
     6.750         -2.57210585       -2.57210585        1.5765e-12
     6.765         -2.56637771       -2.56637771        1.5734e-12
     6.780         -2.56046235       -2.56046235        1.5703e-12
     6.795         -2.55436200       -2.55436200        1.5672e-12
     6.810         -2.54807895       -2.54807895        1.5641e-12
     6.825         -2.54161553       -2.54161553        1.5610e-12
     6.840         -2.53497416       -2.53497416        1.5579e-12
     6.855         -2.52815728       -2.52815728        1.5552e-12
     6.870         -2.52116740       -2.52116740        1.5525e-12
     6.885         -2.51400709       -2.51400709        1.5499e-12
     6.900         -2.50667895       -2.50667895        1.5477e-12
     6.915         -2.49918565       -2.49918565        1.5454e-12
     6.930         -2.49152989       -2.49152989        1.5432e-12
     6.945         -2.48371443       -2.48371443        1.5414e-12
     6.960         -2.47574208       -2.47574208        1.5401e-12
     6.975         -2.46761568       -2.46761568        1.5388e-12
     6.990         -2.45933813       -2.45933813        1.5383e-12
     7.005         -2.45091236       -2.45091236        1.5379e-12
     7.020         -2.44234135       -2.44234135        1.5379e-12
     7.035         -2.43362812       -2.43362812        1.5383e-12
     7.050         -2.42477571       -2.42477571        1.5392e-12
     7.065         -2.41578723       -2.41578723        1.5405e-12
     7.080         -2.40666579       -2.40666579        1.5423e-12
     7.095         -2.39741457       -2.39741457        1.5441e-12
     7.110         -2.38803675       -2.38803675        1.5468e-12
     7.125         -2.37853556       -2.37853556        1.5494e-12
     7.140         -2.36891427       -2.36891427        1.5530e-12
     7.155         -2.35917615       -2.35917615        1.5570e-12
     7.170         -2.34932453       -2.34932453        1.5619e-12
     7.185         -2.33936274       -2.33936274        1.5672e-12
     7.200         -2.32929416       -2.32929416        1.5730e-12
     7.215         -2.31912216       -2.31912216        1.5796e-12
     7.230         -2.30885017       -2.30885017        1.5867e-12
     7.245         -2.29848162       -2.29848162        1.5943e-12
     7.260         -2.28801995       -2.28801995        1.6027e-12
     7.275         -2.27746865       -2.27746865        1.6116e-12
     7.290         -2.26683119       -2.26683119        1.6214e-12
     7.305         -2.25611109       -2.25611109        1.6316e-12
     7.320         -2.24531185       -2.24531185        1.6427e-12
     7.335         -2.23443702       -2.23443702        1.6547e-12
     7.350         -2.22349012       -2.22349012        1.6671e-12
     7.365         -2.21247471       -2.21247471        1.6804e-12
     7.380         -2.20139434       -2.20139434        1.6946e-12
     7.395         -2.19025259       -2.19025259        1.7093e-12
     7.410         -2.17905303       -2.17905303        1.7248e-12
     7.425         -2.16779923       -2.16779923        1.7413e-12
     7.440         -2.15649477       -2.15649477        1.7586e-12
     7.455         -2.14514323       -2.14514323        1.7768e-12
     7.470         -2.13374820       -2.13374820        1.7959e-12
     7.485         -2.12231324       -2.12231324        1.8159e-12
     7.500         -2.11084195       -2.11084195        1.8363e-12
     7.515         -2.09933789       -2.09933789        1.8576e-12
     7.530         -2.08780463       -2.08780463        1.8798e-12
     7.545         -2.07624573       -2.07624573        1.9029e-12
     7.560         -2.06466475       -2.06466475        1.9269e-12
     7.575         -2.05306523       -2.05306523        1.9513e-12
     7.590         -2.04145071       -2.04145071        1.9766e-12
     7.605         -2.02982471       -2.02982471        2.0033e-12
     7.620         -2.01819073       -2.01819073        2.0308e-12
     7.635         -2.00655229       -2.00655229        2.0592e-12
     7.650         -1.99491286       -1.99491286        2.0883e-12
     7.665         -1.98327589       -1.98327589        2.1183e-12
     7.680         -1.97164485       -1.97164485        2.1489e-12
     7.695         -1.96002315       -1.96002315        2.1805e-12
     7.710         -1.94841421       -1.94841421        2.2129e-12
     7.725         -1.93682140       -1.93682140        2.2462e-12
     7.740         -1.92524810       -1.92524810        2.2802e-12
     7.755         -1.91369765       -1.91369765        2.3150e-12
     7.770         -1.90217335       -1.90217335        2.3508e-12
     7.785         -1.89067851       -1.89067851        2.3874e-12
     7.800         -1.87921637       -1.87921637        2.4245e-12
     7.815         -1.86779018       -1.86779018        2.4625e-12
     7.830         -1.85640314       -1.85640314        2.5013e-12
     7.845         -1.84505843       -1.84505843        2.5409e-12
     7.860         -1.83375919       -1.83375919        2.5813e-12
     7.875         -1.82250854       -1.82250854        2.6221e-12
     7.890         -1.81130955       -1.81130955        2.6639e-12
     7.905         -1.80016526       -1.80016526        2.7063e-12
     7.920         -1.78907870       -1.78907870        2.7491e-12
     7.935         -1.77805283       -1.77805283        2.7929e-12
     7.950         -1.76709059       -1.76709059        2.8373e-12
     7.965         -1.75619488       -1.75619488        2.8824e-12
     7.980         -1.74536857       -1.74536857        2.9279e-12
     7.995         -1.73461447       -1.73461447        2.9741e-12
     8.010         -1.72393537       -1.72393537        3.0207e-12
     8.025         -1.71333400       -1.71333400        3.0678e-12
     8.040         -1.70281308       -1.70281308        3.1155e-12
     8.055         -1.69237526       -1.69237526        3.1637e-12
     8.070         -1.68202314       -1.68202314        3.2123e-12
     8.085         -1.67175931       -1.67175931        3.2616e-12
     8.100         -1.66158628       -1.66158628        3.3111e-12
     8.115         -1.65150655       -1.65150655        3.3611e-12
     8.130         -1.64152253       -1.64152253        3.4115e-12
     8.145         -1.63163663       -1.63163663        3.4623e-12
     8.160         -1.62185119       -1.62185119        3.5134e-12
     8.175         -1.61216849       -1.61216849        3.5647e-12
     8.190         -1.60259079       -1.60259079        3.6162e-12
     8.205         -1.59312028       -1.59312028        3.6682e-12
     8.220         -1.58375912       -1.58375912        3.7204e-12
     8.235         -1.57450939       -1.57450939        3.7728e-12
     8.250         -1.56537316       -1.56537316        3.8254e-12
     8.265         -1.55635242       -1.55635242        3.8780e-12
     8.280         -1.54744913       -1.54744913        3.9306e-12
     8.295         -1.53866517       -1.53866517        3.9835e-12
     8.310         -1.53000239       -1.53000239        4.0363e-12
     8.325         -1.52146259       -1.52146259        4.0892e-12
     8.340         -1.51304752       -1.51304752        4.1422e-12
     8.355         -1.50475886       -1.50475886        4.1951e-12
     8.370         -1.49659825       -1.49659825        4.2479e-12
     8.385         -1.48856728       -1.48856728        4.3006e-12
     8.400         -1.48066748       -1.48066748        4.3532e-12
     8.415         -1.47290033       -1.47290033        4.4056e-12
     8.430         -1.46526726       -1.46526726        4.4578e-12
     8.445         -1.45776963       -1.45776963        4.5099e-12
     8.460         -1.45040878       -1.45040878        4.5617e-12
     8.475         -1.44318596       -1.44318596        4.6132e-12
     8.490         -1.43610240       -1.43610240        4.6645e-12
     8.505         -1.42915924       -1.42915924        4.7156e-12
     8.520         -1.42235760       -1.42235760        4.7660e-12
     8.535         -1.41569853       -1.41569853        4.8161e-12
     8.550         -1.40918303       -1.40918303        4.8659e-12
     8.565         -1.40281204       -1.40281204        4.9152e-12
     8.580         -1.39658646       -1.39658646        4.9640e-12
     8.595         -1.39050713       -1.39050713        5.0124e-12
     8.610         -1.38457483       -1.38457483        5.0604e-12
     8.625         -1.37879031       -1.37879031        5.1077e-12
     8.640         -1.37315423       -1.37315423        5.1545e-12
     8.655         -1.36766723       -1.36766723        5.2007e-12
     8.670         -1.36232988       -1.36232988        5.2462e-12
     8.685         -1.35714272       -1.35714272        5.2913e-12
     8.700         -1.35210620       -1.35210620        5.3355e-12
     8.715         -1.34722077       -1.34722077        5.3790e-12
     8.730         -1.34248678       -1.34248678        5.4219e-12
     8.745         -1.33790455       -1.33790455        5.4639e-12
     8.760         -1.33347436       -1.33347436        5.5052e-12
     8.775         -1.32919642       -1.32919642        5.5458e-12
     8.790         -1.32507090       -1.32507090        5.5853e-12
     8.805         -1.32109792       -1.32109792        5.6242e-12
     8.820         -1.31727757       -1.31727757        5.6621e-12
     8.835         -1.31360984       -1.31360984        5.6992e-12
     8.850         -1.31009473       -1.31009473        5.7354e-12
     8.865         -1.30673217       -1.30673217        5.7705e-12
     8.880         -1.30352202       -1.30352202        5.8047e-12
     8.895         -1.30046412       -1.30046412        5.8380e-12
     8.910         -1.29755827       -1.29755827        5.8704e-12
     8.925         -1.29480421       -1.29480421        5.9017e-12
     8.940         -1.29220163       -1.29220163        5.9321e-12
     8.955         -1.28975019       -1.28975019        5.9615e-12
     8.970         -1.28744950       -1.28744950        5.9897e-12
     8.985         -1.28529912       -1.28529912        6.0167e-12
     9.000         -1.28329859       -1.28329859        6.0427e-12
     9.015         -1.28144737       -1.28144737        6.0676e-12
     9.030         -1.27974493       -1.27974493        6.0913e-12
     9.045         -1.27819065       -1.27819065        6.1140e-12
     9.060         -1.27678389       -1.27678389        6.1355e-12
     9.075         -1.27552399       -1.27552399        6.1560e-12
     9.090         -1.27441022       -1.27441022        6.1753e-12
     9.105         -1.27344183       -1.27344183        6.1933e-12
     9.120         -1.27261804       -1.27261804        6.2101e-12
     9.135         -1.27193800       -1.27193800        6.2259e-12
     9.150         -1.27140087       -1.27140087        6.2403e-12
     9.165         -1.27100574       -1.27100574        6.2537e-12
     9.180         -1.27075168       -1.27075168        6.2659e-12
     9.195         -1.27063773       -1.27063773        6.2768e-12
     9.210         -1.27066289       -1.27066289        6.2863e-12
     9.225         -1.27082613       -1.27082613        6.2947e-12
     9.240         -1.27112640       -1.27112640        6.3018e-12
     9.255         -1.27156259       -1.27156259        6.3076e-12
     9.270         -1.27213360       -1.27213360        6.3123e-12
     9.285         -1.27283828       -1.27283828        6.3158e-12
     9.300         -1.27367545       -1.27367545        6.3181e-12
     9.315         -1.27464391       -1.27464391        6.3189e-12
     9.330         -1.27574243       -1.27574243        6.3185e-12
     9.345         -1.27696976       -1.27696976        6.3167e-12
     9.360         -1.27832462       -1.27832462        6.3138e-12
     9.375         -1.27980571       -1.27980571        6.3098e-12
     9.390         -1.28141170       -1.28141170        6.3043e-12
     9.405         -1.28314125       -1.28314125        6.2976e-12
     9.420         -1.28499300       -1.28499300        6.2899e-12
     9.435         -1.28696555       -1.28696555        6.2808e-12
     9.450         -1.28905751       -1.28905751        6.2703e-12
     9.465         -1.29126744       -1.29126744        6.2585e-12
     9.480         -1.29359390       -1.29359390        6.2457e-12
     9.495         -1.29603544       -1.29603544        6.2315e-12
     9.510         -1.29859057       -1.29859057        6.2159e-12
     9.525         -1.30125781       -1.30125781        6.1993e-12
     9.540         -1.30403566       -1.30403566        6.1813e-12
     9.555         -1.30692259       -1.30692259        6.1622e-12
     9.570         -1.30991708       -1.30991708        6.1418e-12
     9.585         -1.31301758       -1.31301758        6.1202e-12
     9.600         -1.31622253       -1.31622253        6.0973e-12
     9.615         -1.31953038       -1.31953038        6.0736e-12
     9.630         -1.32293956       -1.32293956        6.0485e-12
     9.645         -1.32644847       -1.32644847        6.0221e-12
     9.660         -1.33005554       -1.33005554        5.9945e-12
     9.675         -1.33375915       -1.33375915        5.9659e-12
     9.690         -1.33755772       -1.33755772        5.9361e-12
     9.705         -1.34144964       -1.34144964        5.9053e-12
     9.720         -1.34543328       -1.34543328        5.8733e-12
     9.735         -1.34950704       -1.34950704        5.8402e-12
     9.750         -1.35366930       -1.35366930        5.8060e-12
     9.765         -1.35791843       -1.35791843        5.7707e-12
     9.780         -1.36225281       -1.36225281        5.7343e-12
     9.795         -1.36667082       -1.36667082        5.6968e-12
     9.810         -1.37117083       -1.37117083        5.6584e-12
     9.825         -1.37575122       -1.37575122        5.6188e-12
     9.840         -1.38041037       -1.38041037        5.5782e-12
     9.855         -1.38514665       -1.38514665        5.5365e-12
     9.870         -1.38995845       -1.38995845        5.4936e-12
     9.885         -1.39484416       -1.39484416        5.4499e-12
     9.900         -1.39980217       -1.39980217        5.4052e-12
     9.915         -1.40483087       -1.40483087        5.3595e-12
     9.930         -1.40992866       -1.40992866        5.3129e-12
     9.945         -1.41509395       -1.41509395        5.2651e-12
     9.960         -1.42032515       -1.42032515        5.2165e-12
     9.975         -1.42562068       -1.42562068        5.1670e-12
     9.990         -1.43097897       -1.43097897        5.1168e-12
    10.005         -1.43639846       -1.43639846        5.0655e-12
    10.020         -1.44187760       -1.44187760        5.0133e-12
    10.035         -1.44741483       -1.44741483        4.9603e-12
    10.050         -1.45300863       -1.45300863        4.9065e-12
    10.065         -1.45865747       -1.45865747        4.8521e-12
    10.080         -1.46435985       -1.46435985        4.7966e-12
    10.095         -1.47011425       -1.47011425        4.7404e-12
    10.110         -1.47591920       -1.47591920        4.6836e-12
    10.125         -1.48177321       -1.48177321        4.6259e-12
    10.140         -1.48767483       -1.48767483        4.5672e-12
    10.155         -1.49362261       -1.49362261        4.5079e-12
    10.170         -1.49961511       -1.49961511        4.4480e-12
    10.185         -1.50565091       -1.50565091        4.3874e-12
    10.200         -1.51172862       -1.51172862        4.3261e-12
    10.215         -1.51784683       -1.51784683        4.2641e-12
    10.230         -1.52400419       -1.52400419        4.2015e-12
    10.245         -1.53019932       -1.53019932        4.1382e-12
    10.260         -1.53643090       -1.53643090        4.0743e-12
    10.275         -1.54269759       -1.54269759        4.0099e-12
    10.290         -1.54899809       -1.54899809        3.9448e-12
    10.305         -1.55533112       -1.55533112        3.8793e-12
    10.320         -1.56169539       -1.56169539        3.8132e-12
    10.335         -1.56808966       -1.56808966        3.7466e-12
    10.350         -1.57451269       -1.57451269        3.6795e-12
    10.365         -1.58096327       -1.58096327        3.6118e-12
    10.380         -1.58744020       -1.58744020        3.5438e-12
    10.395         -1.59394230       -1.59394230        3.4754e-12
    10.410         -1.60046841       -1.60046841        3.4064e-12
    10.425         -1.60701740       -1.60701740        3.3371e-12
    10.440         -1.61358813       -1.61358813        3.2674e-12
    10.455         -1.62017952       -1.62017952        3.1972e-12
    10.470         -1.62679047       -1.62679047        3.1268e-12
    10.485         -1.63341994       -1.63341994        3.0560e-12
    10.500         -1.64006687       -1.64006687        2.9852e-12
    10.515         -1.64673026       -1.64673026        2.9139e-12
    10.530         -1.65340909       -1.65340909        2.8424e-12
    10.545         -1.66010239       -1.66010239        2.7707e-12
    10.560         -1.66680920       -1.66680920        2.6987e-12
    10.575         -1.67352858       -1.67352858        2.6268e-12
    10.590         -1.68025962       -1.68025962        2.5544e-12
    10.605         -1.68700140       -1.68700140        2.4820e-12
    10.620         -1.69375307       -1.69375307        2.4096e-12
    10.635         -1.70051375       -1.70051375        2.3370e-12
    10.650         -1.70728261       -1.70728261        2.2644e-12
    10.665         -1.71405883       -1.71405883        2.1918e-12
    10.680         -1.72084162       -1.72084162        2.1192e-12
    10.695         -1.72763019       -1.72763019        2.0466e-12
    10.710         -1.73442380       -1.73442380        1.9740e-12
    10.725         -1.74122171       -1.74122171        1.9014e-12
    10.740         -1.74802318       -1.74802318        1.8290e-12
    10.755         -1.75482754       -1.75482754        1.7566e-12
    10.770         -1.76163409       -1.76163409        1.6844e-12
    10.785         -1.76844218       -1.76844218        1.6123e-12
    10.800         -1.77525117       -1.77525117        1.5403e-12
    10.815         -1.78206044       -1.78206044        1.4686e-12
    10.830         -1.78886937       -1.78886937        1.3971e-12
    10.845         -1.79567739       -1.79567739        1.3261e-12
    10.860         -1.80248393       -1.80248393        1.2552e-12
    10.875         -1.80928843       -1.80928843        1.1848e-12
    10.890         -1.81609037       -1.81609037        1.1147e-12
    10.905         -1.82288923       -1.82288923        1.0449e-12
    10.920         -1.82968451       -1.82968451        9.7566e-13
    10.935         -1.83647573       -1.83647573        9.0683e-13
    10.950         -1.84326242       -1.84326242        8.3844e-13
    10.965         -1.85004413       -1.85004413        7.7049e-13
    10.980         -1.85682044       -1.85682044        7.0322e-13
    10.995         -1.86359091       -1.86359091        6.3638e-13
    11.010         -1.87035515       -1.87035515        5.7021e-13
    11.025         -1.87711276       -1.87711276        5.0449e-13
    11.040         -1.88386337       -1.88386337        4.3965e-13
    11.055         -1.89060662       -1.89060662        3.7526e-13
    11.070         -1.89734216       -1.89734216        3.1153e-13
    11.085         -1.90406966       -1.90406966        2.4847e-13
    11.100         -1.91078878       -1.91078878        1.8630e-13
    11.115         -1.91749922       -1.91749922        1.2501e-13
    11.130         -1.92420068       -1.92420068        6.4393e-14
    11.145         -1.93089287       -1.93089287        4.6629e-15
    11.160         -1.93757551       -1.93757551       -5.4179e-14
    11.175         -1.94424833       -1.94424833       -1.1213e-13
    11.190         -1.95091108       -1.95091108       -1.6920e-13
    11.205         -1.95756351       -1.95756351       -2.2538e-13
    11.220         -1.96420537       -1.96420537       -2.8044e-13
    11.235         -1.97083645       -1.97083645       -3.3484e-13
    11.250         -1.97745650       -1.97745650       -3.8791e-13
    11.265         -1.98406532       -1.98406532       -4.4009e-13
    11.280         -1.99066270       -1.99066270       -4.9138e-13
    11.295         -1.99724843       -1.99724843       -5.4157e-13
    11.310         -2.00382233       -2.00382233       -5.9019e-13
    11.325         -2.01038419       -2.01038419       -6.3771e-13
    11.340         -2.01693383       -2.01693383       -6.8434e-13
    11.355         -2.02347108       -2.02347108       -7.3008e-13
    11.370         -2.02999575       -2.02999575       -7.7449e-13
    11.385         -2.03650766       -2.03650766       -8.1757e-13
    11.400         -2.04300666       -2.04300666       -8.5931e-13
    11.415         -2.04949256       -2.04949256       -8.9972e-13
    11.430         -2.05596521       -2.05596521       -9.3880e-13
    11.445         -2.06242443       -2.06242443       -9.7700e-13
    11.460         -2.06887007       -2.06887007       -1.0139e-12
    11.475         -2.07530196       -2.07530196       -1.0489e-12
    11.490         -2.08171994       -2.08171994       -1.0831e-12
    11.505         -2.08812385       -2.08812385       -1.1156e-12
    11.520         -2.09451352       -2.09451352       -1.1471e-12
    11.535         -2.10088878       -2.10088878       -1.1768e-12
    11.550         -2.10724947       -2.10724947       -1.2053e-12
    11.565         -2.11359542       -2.11359542       -1.2323e-12
    11.580         -2.11992645       -2.11992645       -1.2577e-12
    11.595         -2.12624240       -2.12624240       -1.2821e-12
    11.610         -2.13254307       -2.13254307       -1.3052e-12
    11.625         -2.13882830       -2.13882830       -1.3265e-12
    11.640         -2.14509788       -2.14509788       -1.3465e-12
    11.655         -2.15135164       -2.15135164       -1.3651e-12
    11.670         -2.15758936       -2.15758936       -1.3820e-12
    11.685         -2.16381086       -2.16381086       -1.3975e-12
    11.700         -2.17001591       -2.17001591       -1.4113e-12
    11.715         -2.17620430       -2.17620430       -1.4238e-12
    11.730         -2.18237581       -2.18237581       -1.4349e-12
    11.745         -2.18853021       -2.18853021       -1.4446e-12
    11.760         -2.19466726       -2.19466726       -1.4526e-12
    11.775         -2.20078672       -2.20078672       -1.4597e-12
    11.790         -2.20688833       -2.20688833       -1.4651e-12
    11.805         -2.21297183       -2.21297183       -1.4686e-12
    11.820         -2.21903694       -2.21903694       -1.4708e-12
    11.835         -2.22508339       -2.22508339       -1.4717e-12
    11.850         -2.23111089       -2.23111089       -1.4713e-12
    11.865         -2.23711913       -2.23711913       -1.4690e-12
    11.880         -2.24310781       -2.24310781       -1.4655e-12
    11.895         -2.24907660       -2.24907660       -1.4606e-12
    11.910         -2.25502518       -2.25502518       -1.4544e-12
    11.925         -2.26095320       -2.26095320       -1.4468e-12
    11.940         -2.26686030       -2.26686030       -1.4375e-12
    11.955         -2.27274614       -2.27274614       -1.4269e-12
    11.970         -2.27861032       -2.27861032       -1.4149e-12
    11.985         -2.28445246       -2.28445246       -1.4020e-12
    12.000         -2.29027217       -2.29027217       -1.3873e-12
    12.015         -2.29606903       -2.29606903       -1.3718e-12
    12.030         -2.30184262       -2.30184262       -1.3549e-12
    12.045         -2.30759250       -2.30759250       -1.3367e-12
    12.060         -2.31331823       -2.31331823       -1.3172e-12
    12.075         -2.31901934       -2.31901934       -1.2963e-12
    12.090         -2.32469537       -2.32469537       -1.2745e-12
    12.105         -2.33034583       -2.33034583       -1.2514e-12
    12.120         -2.33597022       -2.33597022       -1.2270e-12
    12.135         -2.34156803       -2.34156803       -1.2017e-12
    12.150         -2.34713874       -2.34713874       -1.1755e-12
    12.165         -2.35268182       -2.35268182       -1.1480e-12
    12.180         -2.35819672       -2.35819672       -1.1195e-12
    12.195         -2.36368287       -2.36368287       -1.0898e-12
    12.210         -2.36913970       -2.36913970       -1.0592e-12
    12.225         -2.37456663       -2.37456663       -1.0272e-12
    12.240         -2.37996306       -2.37996306       -9.9476e-13
    12.255         -2.38532838       -2.38532838       -9.6145e-13
    12.270         -2.39066197       -2.39066197       -9.2726e-13
    12.285         -2.39596319       -2.39596319       -8.9218e-13
    12.300         -2.40123139       -2.40123139       -8.5620e-13
    12.315         -2.40646592       -2.40646592       -8.1934e-13
    12.330         -2.41166611       -2.41166611       -7.8204e-13
    12.345         -2.41683127       -2.41683127       -7.4341e-13
    12.360         -2.42196070       -2.42196070       -7.0477e-13
    12.375         -2.42705371       -2.42705371       -6.6525e-13
    12.390         -2.43210958       -2.43210958       -6.2483e-13
    12.405         -2.43712758       -2.43712758       -5.8398e-13
    12.420         -2.44210696       -2.44210696       -5.4223e-13
    12.435         -2.44704699       -2.44704699       -5.0004e-13
    12.450         -2.45194691       -2.45194691       -4.5741e-13
    12.465         -2.45680594       -2.45680594       -4.1478e-13
    12.480         -2.46162330       -2.46162330       -3.7126e-13
    12.495         -2.46639822       -2.46639822       -3.2774e-13
    12.510         -2.47112988       -2.47112988       -2.8377e-13
    12.525         -2.47581749       -2.47581749       -2.3936e-13
    12.540         -2.48046023       -2.48046023       -1.9496e-13
    12.555         -2.48505727       -2.48505727       -1.5010e-13
    12.570         -2.48960778       -2.48960778       -1.0525e-13
    12.585         -2.49411093       -2.49411093       -6.0396e-14
    12.600         -2.49856587       -2.49856587       -1.5543e-14
    12.615         -2.50297174       -2.50297174        2.9754e-14
    12.630         -2.50732769       -2.50732769        7.4607e-14
    12.645         -2.51163283       -2.51163283        1.1990e-13
    12.660         -2.51588632       -2.51588632        1.6476e-13
    12.675         -2.52008725       -2.52008725        2.0961e-13
    12.690         -2.52423476       -2.52423476        2.5446e-13
    12.705         -2.52832794       -2.52832794        2.9887e-13
    12.720         -2.53236592       -2.53236592        3.4328e-13
    12.735         -2.53634778       -2.53634778        3.8769e-13
    12.750         -2.54027263       -2.54027263        4.3165e-13
    12.765         -2.54413956       -2.54413956        4.7562e-13
    12.780         -2.54794766       -2.54794766        5.1870e-13
    12.795         -2.55169603       -2.55169603        5.6177e-13
    12.810         -2.55538374       -2.55538374        6.0441e-13
    12.825         -2.55900989       -2.55900989        6.4659e-13
    12.840         -2.56257356       -2.56257356        6.8789e-13
    12.855         -2.56607383       -2.56607383        7.2919e-13
    12.870         -2.56950978       -2.56950978        7.6961e-13
    12.885         -2.57288050       -2.57288050        8.0957e-13
    12.900         -2.57618506       -2.57618506        8.4910e-13
    12.915         -2.57942254       -2.57942254        8.8818e-13
    12.930         -2.58259205       -2.58259205        9.2637e-13
    12.945         -2.58569264       -2.58569264        9.6367e-13
    12.960         -2.58872343       -2.58872343        1.0001e-12
    12.975         -2.59168348       -2.59168348        1.0361e-12
    12.990         -2.59457190       -2.59457190        1.0711e-12
    13.005         -2.59738778       -2.59738778        1.1053e-12
    13.020         -2.60013022       -2.60013022        1.1386e-12
    13.035         -2.60279833       -2.60279833        1.1711e-12
    13.050         -2.60539120       -2.60539120        1.2026e-12
    13.065         -2.60790796       -2.60790796        1.2332e-12
    13.080         -2.61034771       -2.61034771        1.2630e-12
    13.095         -2.61270959       -2.61270959        1.2919e-12
    13.110         -2.61499272       -2.61499272        1.3194e-12
    13.125         -2.61719624       -2.61719624        1.3456e-12
    13.140         -2.61931929       -2.61931929        1.3709e-12
    13.155         -2.62136102       -2.62136102        1.3949e-12
    13.170         -2.62332060       -2.62332060        1.4180e-12
    13.185         -2.62519718       -2.62519718        1.4397e-12
    13.200         -2.62698994       -2.62698994        1.4602e-12
    13.215         -2.62869807       -2.62869807        1.4797e-12
    13.230         -2.63032076       -2.63032076        1.4979e-12
    13.245         -2.63185722       -2.63185722        1.5148e-12
    13.260         -2.63330666       -2.63330666        1.5303e-12
    13.275         -2.63466830       -2.63466830        1.5450e-12
    13.290         -2.63594138       -2.63594138        1.5588e-12
    13.305         -2.63712516       -2.63712516        1.5712e-12
    13.320         -2.63821888       -2.63821888        1.5823e-12
    13.335         -2.63922182       -2.63922182        1.5921e-12
    13.350         -2.64013327       -2.64013327        1.6001e-12
    13.365         -2.64095252       -2.64095252        1.6067e-12
    13.380         -2.64167889       -2.64167889        1.6125e-12
    13.395         -2.64231171       -2.64231171        1.6165e-12
    13.410         -2.64285030       -2.64285030        1.6191e-12
    13.425         -2.64329403       -2.64329403        1.6200e-12
    13.440         -2.64364228       -2.64364228        1.6200e-12
    13.455         -2.64389441       -2.64389441        1.6183e-12
    13.470         -2.64404984       -2.64404984        1.6152e-12
    13.485         -2.64410798       -2.64410798        1.6107e-12
    13.500         -2.64406826       -2.64406826        1.6049e-12
    13.515         -2.64393014       -2.64393014        1.5978e-12
    13.530         -2.64369309       -2.64369309        1.5890e-12
    13.545         -2.64335659       -2.64335659        1.5787e-12
    13.560         -2.64292015       -2.64292015        1.5672e-12
    13.575         -2.64238329       -2.64238329        1.5543e-12
    13.590         -2.64174554       -2.64174554        1.5397e-12
    13.605         -2.64100648       -2.64100648        1.5237e-12
    13.620         -2.64016568       -2.64016568        1.5064e-12
    13.635         -2.63922274       -2.63922274        1.4877e-12
    13.650         -2.63817727       -2.63817727        1.4677e-12
    13.665         -2.63702893       -2.63702893        1.4464e-12
    13.680         -2.63577737       -2.63577737        1.4238e-12
    13.695         -2.63442227       -2.63442227        1.3993e-12
    13.710         -2.63296334       -2.63296334        1.3736e-12
    13.725         -2.63140029       -2.63140029        1.3465e-12
    13.740         -2.62973289       -2.62973289        1.3181e-12
    13.755         -2.62796088       -2.62796088        1.2879e-12
    13.770         -2.62608408       -2.62608408        1.2568e-12
    13.785         -2.62410229       -2.62410229        1.2239e-12
    13.800         -2.62201535       -2.62201535        1.1897e-12
    13.815         -2.61982312       -2.61982312        1.1546e-12
    13.830         -2.61752548       -2.61752548        1.1182e-12
    13.845         -2.61512234       -2.61512234        1.0809e-12
    13.860         -2.61261364       -2.61261364        1.0423e-12
    13.875         -2.60999933       -2.60999933        1.0023e-12
    13.890         -2.60727940       -2.60727940        9.6056e-13
    13.905         -2.60445385       -2.60445385        9.1749e-13
    13.920         -2.60152271       -2.60152271        8.7352e-13
    13.935         -2.59848603       -2.59848603        8.2867e-13
    13.950         -2.59534392       -2.59534392        7.8249e-13
    13.965         -2.59209646       -2.59209646        7.3497e-13
    13.980         -2.58874379       -2.58874379        6.8656e-13
    13.995         -2.58528609       -2.58528609        6.3727e-13
    14.010         -2.58172352       -2.58172352        5.8664e-13
    14.025         -2.57805632       -2.57805632        5.3513e-13
    14.040         -2.57428471       -2.57428471        4.8228e-13
    14.055         -2.57040897       -2.57040897        4.2855e-13
    14.070         -2.56642939       -2.56642939        3.7392e-13
    14.085         -2.56234630       -2.56234630        3.1797e-13
    14.100         -2.55816004       -2.55816004        2.6157e-13
    14.115         -2.55387099       -2.55387099        2.0428e-13
    14.130         -2.54947956       -2.54947956        1.4566e-13
    14.145         -2.54498619       -2.54498619        8.6597e-14
    14.160         -2.54039133       -2.54039133        2.6645e-14
    14.175         -2.53569547       -2.53569547       -3.4195e-14
    14.190         -2.53089914       -2.53089914       -9.5479e-14
    14.205         -2.52600288       -2.52600288       -1.5765e-13
    14.220         -2.52100726       -2.52100726       -2.2071e-13
    14.235         -2.51591290       -2.51591290       -2.8422e-13
    14.250         -2.51072042       -2.51072042       -3.4861e-13
    14.265         -2.50543049       -2.50543049       -4.1345e-13
    14.280         -2.50004381       -2.50004381       -4.7917e-13
    14.295         -2.49456108       -2.49456108       -5.4490e-13
    14.310         -2.48898306       -2.48898306       -6.1151e-13
    14.325         -2.48331054       -2.48331054       -6.7857e-13
    14.340         -2.47754431       -2.47754431       -7.4607e-13
    14.355         -2.47168522       -2.47168522       -8.1402e-13
    14.370         -2.46573413       -2.46573413       -8.8241e-13
    14.385         -2.45969194       -2.45969194       -9.5124e-13
    14.400         -2.45355958       -2.45355958       -1.0201e-12
    14.415         -2.44733800       -2.44733800       -1.0894e-12
    14.430         -2.44102819       -2.44102819       -1.1591e-12
    14.445         -2.43463116       -2.43463116       -1.2288e-12
    14.460         -2.42814795       -2.42814795       -1.2990e-12
    14.475         -2.42157964       -2.42157964       -1.3691e-12
    14.490         -2.41492734       -2.41492734       -1.4397e-12
    14.505         -2.40819216       -2.40819216       -1.5103e-12
    14.520         -2.40137528       -2.40137528       -1.5814e-12
    14.535         -2.39447788       -2.39447788       -1.6520e-12
    14.550         -2.38750119       -2.38750119       -1.7226e-12
    14.565         -2.38044644       -2.38044644       -1.7932e-12
    14.580         -2.37331492       -2.37331492       -1.8643e-12
    14.595         -2.36610794       -2.36610794       -1.9349e-12
    14.610         -2.35882682       -2.35882682       -2.0055e-12
    14.625         -2.35147294       -2.35147294       -2.0757e-12
    14.640         -2.34404768       -2.34404768       -2.1458e-12
    14.655         -2.33655246       -2.33655246       -2.2160e-12
    14.670         -2.32898873       -2.32898873       -2.2857e-12
    14.685         -2.32135796       -2.32135796       -2.3554e-12
    14.700         -2.31366167       -2.31366167       -2.4252e-12
    14.715         -2.30590138       -2.30590138       -2.4940e-12
    14.730         -2.29807864       -2.29807864       -2.5628e-12
    14.745         -2.29019505       -2.29019505       -2.6312e-12
    14.760         -2.28225221       -2.28225221       -2.6992e-12
    14.775         -2.27425177       -2.27425177       -2.7667e-12
    14.790         -2.26619538       -2.26619538       -2.8337e-12
    14.805         -2.25808475       -2.25808475       -2.9003e-12
    14.820         -2.24992158       -2.24992158       -2.9665e-12
    14.835         -2.24170763       -2.24170763       -3.0318e-12
    14.850         -2.23344464       -2.23344464       -3.0971e-12
    14.865         -2.22513443       -2.22513443       -3.1615e-12
    14.880         -2.21677880       -2.21677880       -3.2254e-12
    14.895         -2.20837960       -2.20837960       -3.2885e-12
    14.910         -2.19993869       -2.19993869       -3.3511e-12
    14.925         -2.19145795       -2.19145795       -3.4133e-12
    14.940         -2.18293931       -2.18293931       -3.4746e-12
    14.955         -2.17438468       -2.17438468       -3.5350e-12
    14.970         -2.16579603       -2.16579603       -3.5949e-12
    14.985         -2.15717533       -2.15717533       -3.6540e-12
    15.000         -2.14852458       -2.14852458       -3.7121e-12
    15.015         -2.13984580       -2.13984580       -3.7694e-12
    15.030         -2.13114103       -2.13114103       -3.8263e-12
    15.045         -2.12241232       -2.12241232       -3.8822e-12
    15.060         -2.11366175       -2.11366175       -3.9369e-12
    15.075         -2.10489142       -2.10489142       -3.9910e-12
    15.090         -2.09610345       -2.09610345       -4.0439e-12
    15.105         -2.08729995       -2.08729995       -4.0963e-12
    15.120         -2.07848309       -2.07848309       -4.1473e-12
    15.135         -2.06965502       -2.06965502       -4.1975e-12
    15.150         -2.06081793       -2.06081793       -4.2468e-12
    15.165         -2.05197401       -2.05197401       -4.2948e-12
    15.180         -2.04312547       -2.04312547       -4.3419e-12
    15.195         -2.03427453       -2.03427453       -4.3880e-12
    15.210         -2.02542343       -2.02542343       -4.4329e-12
    15.225         -2.01657442       -2.01657442       -4.4769e-12
    15.240         -2.00772976       -2.00772976       -4.5199e-12
    15.255         -1.99889171       -1.99889171       -4.5619e-12
    15.270         -1.99006256       -1.99006256       -4.6030e-12
    15.285         -1.98124461       -1.98124461       -4.6427e-12
    15.300         -1.97244014       -1.97244014       -4.6816e-12
    15.315         -1.96365146       -1.96365146       -4.7191e-12
    15.330         -1.95488089       -1.95488089       -4.7555e-12
    15.345         -1.94613076       -1.94613076       -4.7908e-12
    15.360         -1.93740337       -1.93740337       -4.8250e-12
    15.375         -1.92870107       -1.92870107       -4.8581e-12
    15.390         -1.92002619       -1.92002619       -4.8901e-12
    15.405         -1.91138106       -1.91138106       -4.9207e-12
    15.420         -1.90276803       -1.90276803       -4.9503e-12
    15.435         -1.89418943       -1.89418943       -4.9785e-12
    15.450         -1.88564760       -1.88564760       -5.0056e-12
    15.465         -1.87714488       -1.87714488       -5.0313e-12
    15.480         -1.86868361       -1.86868361       -5.0562e-12
    15.495         -1.86026612       -1.86026612       -5.0797e-12
    15.510         -1.85189474       -1.85189474       -5.1021e-12
    15.525         -1.84357181       -1.84357181       -5.1232e-12
    15.540         -1.83529964       -1.83529964       -5.1432e-12
    15.555         -1.82708055       -1.82708055       -5.1621e-12
    15.570         -1.81891685       -1.81891685       -5.1796e-12
    15.585         -1.81081083       -1.81081083       -5.1958e-12
    15.600         -1.80276479       -1.80276479       -5.2109e-12
    15.615         -1.79478100       -1.79478100       -5.2247e-12
    15.630         -1.78686174       -1.78686174       -5.2374e-12
    15.645         -1.77900926       -1.77900926       -5.2487e-12
    15.660         -1.77122580       -1.77122580       -5.2589e-12
    15.675         -1.76351360       -1.76351360       -5.2678e-12
    15.690         -1.75587486       -1.75587486       -5.2756e-12
    15.705         -1.74831179       -1.74831179       -5.2822e-12
    15.720         -1.74082656       -1.74082656       -5.2875e-12
    15.735         -1.73342134       -1.73342134       -5.2918e-12
    15.750         -1.72609826       -1.72609826       -5.2947e-12
    15.765         -1.71885946       -1.71885946       -5.2964e-12
    15.780         -1.71170702       -1.71170702       -5.2969e-12
    15.795         -1.70464303       -1.70464303       -5.2964e-12
    15.810         -1.69766955       -1.69766955       -5.2949e-12
    15.825         -1.69078859       -1.69078859       -5.2920e-12
    15.840         -1.68400218       -1.68400218       -5.2880e-12
    15.855         -1.67731229       -1.67731229       -5.2829e-12
    15.870         -1.67072086       -1.67072086       -5.2764e-12
    15.885         -1.66422982       -1.66422982       -5.2689e-12
    15.900         -1.65784107       -1.65784107       -5.2602e-12
    15.915         -1.65155647       -1.65155647       -5.2507e-12
    15.930         -1.64537785       -1.64537785       -5.2398e-12
    15.945         -1.63930701       -1.63930701       -5.2278e-12
    15.960         -1.63334571       -1.63334571       -5.2147e-12
    15.975         -1.62749570       -1.62749570       -5.2005e-12
    15.990         -1.62175867       -1.62175867       -5.1852e-12
    16.005         -1.61613627       -1.61613627       -5.1690e-12
    16.020         -1.61063014       -1.61063014       -5.1517e-12
    16.035         -1.60524187       -1.60524187       -5.1334e-12
    16.050         -1.59997300       -1.59997300       -5.1144e-12
    16.065         -1.59482504       -1.59482504       -5.0941e-12
    16.080         -1.58979947       -1.58979947       -5.0731e-12
    16.095         -1.58489771       -1.58489771       -5.0508e-12
    16.110         -1.58012115       -1.58012115       -5.0275e-12
    16.125         -1.57547114       -1.57547114       -5.0033e-12
    16.140         -1.57094897       -1.57094897       -4.9782e-12
    16.155         -1.56655591       -1.56655591       -4.9523e-12
    16.170         -1.56229316       -1.56229316       -4.9254e-12
    16.185         -1.55816191       -1.55816191       -4.8976e-12
    16.200         -1.55416326       -1.55416326       -4.8690e-12
    16.215         -1.55029829       -1.55029829       -4.8395e-12
    16.230         -1.54656804       -1.54656804       -4.8093e-12
    16.245         -1.54297348       -1.54297348       -4.7780e-12
    16.260         -1.53951555       -1.53951555       -4.7460e-12
    16.275         -1.53619512       -1.53619512       -4.7131e-12
    16.290         -1.53301304       -1.53301304       -4.6796e-12
    16.305         -1.52997008       -1.52997008       -4.6454e-12
    16.320         -1.52706698       -1.52706698       -4.6103e-12
    16.335         -1.52430442       -1.52430442       -4.5746e-12
    16.350         -1.52168303       -1.52168303       -4.5381e-12
    16.365         -1.51920339       -1.51920339       -4.5008e-12
    16.380         -1.51686603       -1.51686603       -4.4629e-12
    16.395         -1.51467142       -1.51467142       -4.4242e-12
    16.410         -1.51261999       -1.51261999       -4.3849e-12
    16.425         -1.51071210       -1.51071210       -4.3450e-12
    16.440         -1.50894807       -1.50894807       -4.3046e-12
    16.455         -1.50732816       -1.50732816       -4.2635e-12
    16.470         -1.50585258       -1.50585258       -4.2220e-12
    16.485         -1.50452149       -1.50452149       -4.1798e-12
    16.500         -1.50333498       -1.50333498       -4.1371e-12
    16.515         -1.50229311       -1.50229311       -4.0941e-12
    16.530         -1.50139586       -1.50139586       -4.0503e-12
    16.545         -1.50064317       -1.50064317       -4.0061e-12
    16.560         -1.50003493       -1.50003493       -3.9615e-12
    16.575         -1.49957097       -1.49957097       -3.9164e-12
    16.590         -1.49925106       -1.49925106       -3.8711e-12
    16.605         -1.49907492       -1.49907492       -3.8254e-12
    16.620         -1.49904223       -1.49904223       -3.7792e-12
    16.635         -1.49915258       -1.49915258       -3.7326e-12
    16.650         -1.49940555       -1.49940555       -3.6857e-12
    16.665         -1.49980064       -1.49980064       -3.6384e-12
    16.680         -1.50033730       -1.50033730       -3.5907e-12
    16.695         -1.50101493       -1.50101493       -3.5427e-12
    16.710         -1.50183287       -1.50183287       -3.4945e-12
    16.725         -1.50279042       -1.50279042       -3.4459e-12
    16.740         -1.50388681       -1.50388681       -3.3971e-12
    16.755         -1.50512125       -1.50512125       -3.3480e-12
    16.770         -1.50649285       -1.50649285       -3.2987e-12
    16.785         -1.50800072       -1.50800072       -3.2494e-12
    16.800         -1.50964388       -1.50964388       -3.1999e-12
    16.815         -1.51142132       -1.51142132       -3.1499e-12
    16.830         -1.51333196       -1.51333196       -3.1000e-12
    16.845         -1.51537471       -1.51537471       -3.0498e-12
    16.860         -1.51754838       -1.51754838       -2.9996e-12
    16.875         -1.51985178       -1.51985178       -2.9494e-12
    16.890         -1.52228363       -1.52228363       -2.8990e-12
    16.905         -1.52484263       -1.52484263       -2.8486e-12
    16.920         -1.52752742       -1.52752742       -2.7980e-12
    16.935         -1.53033660       -1.53033660       -2.7476e-12
    16.950         -1.53326873       -1.53326873       -2.6970e-12
    16.965         -1.53632231       -1.53632231       -2.6463e-12
    16.980         -1.53949581       -1.53949581       -2.5959e-12
    16.995         -1.54278765       -1.54278765       -2.5453e-12
    17.010         -1.54619620       -1.54619620       -2.4949e-12
    17.025         -1.54971981       -1.54971981       -2.4445e-12
    17.040         -1.55335676       -1.55335676       -2.3941e-12
    17.055         -1.55710531       -1.55710531       -2.3437e-12
    17.070         -1.56096367       -1.56096367       -2.2935e-12
    17.085         -1.56493003       -1.56493003       -2.2433e-12
    17.100         -1.56900251       -1.56900251       -2.1934e-12
    17.115         -1.57317922       -1.57317922       -2.1434e-12
    17.130         -1.57745823       -1.57745823       -2.0937e-12
    17.145         -1.58183755       -1.58183755       -2.0441e-12
    17.160         -1.58631519       -1.58631519       -1.9948e-12
    17.175         -1.59088911       -1.59088911       -1.9458e-12
    17.190         -1.59555723       -1.59555723       -1.8969e-12
    17.205         -1.60031745       -1.60031745       -1.8481e-12
    17.220         -1.60516763       -1.60516763       -1.7994e-12
    17.235         -1.61010562       -1.61010562       -1.7513e-12
    17.250         -1.61512920       -1.61512920       -1.7033e-12
    17.265         -1.62023618       -1.62023618       -1.6556e-12
    17.280         -1.62542428       -1.62542428       -1.6080e-12
    17.295         -1.63069124       -1.63069124       -1.5608e-12
    17.310         -1.63603477       -1.63603477       -1.5139e-12
    17.325         -1.64145252       -1.64145252       -1.4675e-12
    17.340         -1.64694216       -1.64694216       -1.4213e-12
    17.355         -1.65250133       -1.65250133       -1.3753e-12
    17.370         -1.65812761       -1.65812761       -1.3300e-12
    17.385         -1.66381862       -1.66381862       -1.2848e-12
    17.400         -1.66957191       -1.66957191       -1.2399e-12
    17.415         -1.67538504       -1.67538504       -1.1955e-12
    17.430         -1.68125555       -1.68125555       -1.1517e-12
    17.445         -1.68718096       -1.68718096       -1.1082e-12
    17.460         -1.69315877       -1.69315877       -1.0651e-12
    17.475         -1.69918647       -1.69918647       -1.0225e-12
    17.490         -1.70526154       -1.70526154       -9.8033e-13
    17.505         -1.71138145       -1.71138145       -9.3858e-13
    17.520         -1.71754366       -1.71754366       -8.9728e-13
    17.535         -1.72374562       -1.72374562       -8.5643e-13
    17.550         -1.72998476       -1.72998476       -8.1624e-13
    17.565         -1.73625851       -1.73625851       -7.7649e-13
    17.580         -1.74256431       -1.74256431       -7.3719e-13
    17.595         -1.74889957       -1.74889957       -6.9833e-13
    17.610         -1.75526170       -1.75526170       -6.6014e-13
    17.625         -1.76164813       -1.76164813       -6.2217e-13
    17.640         -1.76805626       -1.76805626       -5.8487e-13
    17.655         -1.77448350       -1.77448350       -5.4801e-13
    17.670         -1.78092726       -1.78092726       -5.1181e-13
    17.685         -1.78738496       -1.78738496       -4.7606e-13
    17.700         -1.79385402       -1.79385402       -4.4098e-13
    17.715         -1.80033183       -1.80033183       -4.0656e-13
    17.730         -1.80681584       -1.80681584       -3.7237e-13
    17.745         -1.81330346       -1.81330346       -3.3884e-13
    17.760         -1.81979213       -1.81979213       -3.0598e-13
    17.775         -1.82627929       -1.82627929       -2.7356e-13
    17.790         -1.83276240       -1.83276240       -2.4181e-13
    17.805         -1.83923890       -1.83923890       -2.1072e-13
    17.820         -1.84570627       -1.84570627       -1.8008e-13
    17.835         -1.85216200       -1.85216200       -1.5010e-13
    17.850         -1.85860357       -1.85860357       -1.2057e-13
    17.865         -1.86502849       -1.86502849       -9.1704e-14
    17.880         -1.87143429       -1.87143429       -6.3505e-14
    17.895         -1.87781850       -1.87781850       -3.5749e-14
    17.910         -1.88417869       -1.88417869       -8.6597e-15
    17.925         -1.89051242       -1.89051242        1.7764e-14
    17.940         -1.89681728       -1.89681728        4.3521e-14
    17.955         -1.90309088       -1.90309088        6.8834e-14
    17.970         -1.90933086       -1.90933086        9.3703e-14
    17.985         -1.91553487       -1.91553487        1.1768e-13
    18.000         -1.92170059       -1.92170059        1.4122e-13
    18.015         -1.92782570       -1.92782570        1.6409e-13
    18.030         -1.93390795       -1.93390795        1.8652e-13
    18.045         -1.93994506       -1.93994506        2.0828e-13
    18.060         -1.94593483       -1.94593483        2.2959e-13
    18.075         -1.95187504       -1.95187504        2.5024e-13
    18.090         -1.95776354       -1.95776354        2.7023e-13
    18.105         -1.96359817       -1.96359817        2.8977e-13
    18.120         -1.96937682       -1.96937682        3.0864e-13
    18.135         -1.97509743       -1.97509743        3.2707e-13
    18.150         -1.98075792       -1.98075792        3.4484e-13
    18.165         -1.98635629       -1.98635629        3.6193e-13
    18.180         -1.99189055       -1.99189055        3.7859e-13
    18.195         -1.99735875       -1.99735875        3.9457e-13
    18.210         -2.00275898       -2.00275898        4.0989e-13
    18.225         -2.00808934       -2.00808934        4.2499e-13
    18.240         -2.01334801       -2.01334801        4.3965e-13
    18.255         -2.01853316       -2.01853316        4.5342e-13
    18.270         -2.02364303       -2.02364303        4.6674e-13
    18.285         -2.02867589       -2.02867589        4.8006e-13
    18.300         -2.03363005       -2.03363005        4.9294e-13
    18.315         -2.03850384       -2.03850384        5.0493e-13
    18.330         -2.04329567       -2.04329567        5.1648e-13
    18.345         -2.04800395       -2.04800395        5.2758e-13
    18.360         -2.05262717       -2.05262717        5.3824e-13
    18.375         -2.05716383       -2.05716383        5.4845e-13
    18.390         -2.06161248       -2.06161248        5.5778e-13
    18.405         -2.06597174       -2.06597174        5.6666e-13
    18.420         -2.07024024       -2.07024024        5.7510e-13
    18.435         -2.07441667       -2.07441667        5.8309e-13
    18.450         -2.07849977       -2.07849977        5.9064e-13
    18.465         -2.08248832       -2.08248832        5.9774e-13
    18.480         -2.08638114       -2.08638114        6.0485e-13
    18.495         -2.09017711       -2.09017711        6.1107e-13
    18.510         -2.09387515       -2.09387515        6.1728e-13
    18.525         -2.09747423       -2.09747423        6.2306e-13
    18.540         -2.10097336       -2.10097336        6.2839e-13
    18.555         -2.10437162       -2.10437162        6.3327e-13
    18.570         -2.10766811       -2.10766811        6.3771e-13
    18.585         -2.11086201       -2.11086201        6.4171e-13
    18.600         -2.11395252       -2.11395252        6.4526e-13
    18.615         -2.11693891       -2.11693891        6.4881e-13
    18.630         -2.11982050       -2.11982050        6.5192e-13
    18.645         -2.12259665       -2.12259665        6.5503e-13
    18.660         -2.12526678       -2.12526678        6.5770e-13
    18.675         -2.12783035       -2.12783035        6.6036e-13
    18.690         -2.13028688       -2.13028688        6.6258e-13
    18.705         -2.13263596       -2.13263596        6.6436e-13
    18.720         -2.13487719       -2.13487719        6.6569e-13
    18.735         -2.13701025       -2.13701025        6.6658e-13
    18.750         -2.13903487       -2.13903487        6.6747e-13
    18.765         -2.14095083       -2.14095083        6.6835e-13
    18.780         -2.14275796       -2.14275796        6.6880e-13
    18.795         -2.14445614       -2.14445614        6.6924e-13
    18.810         -2.14604531       -2.14604531        6.6924e-13
    18.825         -2.14752545       -2.14752545        6.6880e-13
    18.840         -2.14889660       -2.14889660        6.6835e-13
    18.855         -2.15015886       -2.15015886        6.6747e-13
    18.870         -2.15131237       -2.15131237        6.6658e-13
    18.885         -2.15235732       -2.15235732        6.6525e-13
    18.900         -2.15329397       -2.15329397        6.6391e-13
    18.915         -2.15412260       -2.15412260        6.6214e-13
    18.930         -2.15484358       -2.15484358        6.6080e-13
    18.945         -2.15545730       -2.15545730        6.5947e-13
    18.960         -2.15596422       -2.15596422        6.5770e-13
    18.975         -2.15636484       -2.15636484        6.5592e-13
    18.990         -2.15665972       -2.15665972        6.5414e-13
    19.005         -2.15684945       -2.15684945        6.5192e-13
    19.020         -2.15693470       -2.15693470        6.4926e-13
    19.035         -2.15691616       -2.15691616        6.4659e-13
    19.050         -2.15679459       -2.15679459        6.4393e-13
    19.065         -2.15657079       -2.15657079        6.4126e-13
    19.080         -2.15624562       -2.15624562        6.3816e-13
    19.095         -2.15581995       -2.15581995        6.3505e-13
    19.110         -2.15529475       -2.15529475        6.3194e-13
    19.125         -2.15467101       -2.15467101        6.2883e-13
    19.140         -2.15394975       -2.15394975        6.2572e-13
    19.155         -2.15313206       -2.15313206        6.2261e-13
    19.170         -2.15221908       -2.15221908        6.1906e-13
    19.185         -2.15121196       -2.15121196        6.1551e-13
    19.200         -2.15011194       -2.15011194        6.1195e-13
    19.215         -2.14892027       -2.14892027        6.0840e-13
    19.230         -2.14763825       -2.14763825        6.0441e-13
    19.245         -2.14626722       -2.14626722        6.0041e-13
    19.260         -2.14480857       -2.14480857        5.9641e-13
    19.275         -2.14326373       -2.14326373        5.9242e-13
    19.290         -2.14163416       -2.14163416        5.8797e-13
    19.305         -2.13992136       -2.13992136        5.8398e-13
    19.320         -2.13812688       -2.13812688        5.7998e-13
    19.335         -2.13625230       -2.13625230        5.7554e-13
    19.350         -2.13429923       -2.13429923        5.7110e-13
    19.365         -2.13226931       -2.13226931        5.6666e-13
    19.380         -2.13016425       -2.13016425        5.6222e-13
    19.395         -2.12798575       -2.12798575        5.5778e-13
    19.410         -2.12573557       -2.12573557        5.5289e-13
    19.425         -2.12341550       -2.12341550        5.4845e-13
    19.440         -2.12102734       -2.12102734        5.4357e-13
    19.455         -2.11857295       -2.11857295        5.3868e-13
    19.470         -2.11605419       -2.11605419        5.3380e-13
    19.485         -2.11347298       -2.11347298        5.2847e-13
    19.500         -2.11083124       -2.11083124        5.2358e-13
    19.515         -2.10813092       -2.10813092        5.1870e-13
    19.530         -2.10537401       -2.10537401        5.1381e-13
    19.545         -2.10256251       -2.10256251        5.0848e-13
    19.560         -2.09969845       -2.09969845        5.0315e-13
    19.575         -2.09678388       -2.09678388        4.9738e-13
    19.590         -2.09382087       -2.09382087        4.9205e-13
    19.605         -2.09081151       -2.09081151        4.8628e-13
    19.620         -2.08775791       -2.08775791        4.8095e-13
    19.635         -2.08466220       -2.08466220        4.7518e-13
    19.650         -2.08152651       -2.08152651        4.6940e-13
    19.665         -2.07835301       -2.07835301        4.6363e-13
    19.680         -2.07514386       -2.07514386        4.5741e-13
    19.695         -2.07190127       -2.07190127        4.5164e-13
    19.710         -2.06862741       -2.06862741        4.4587e-13
    19.725         -2.06532450       -2.06532450        4.3965e-13
    19.740         -2.06199476       -2.06199476        4.3299e-13
    19.755         -2.05864041       -2.05864041        4.2677e-13
    19.770         -2.05526369       -2.05526369        4.2055e-13
    19.785         -2.05186684       -2.05186684        4.1389e-13
    19.800         -2.04845210       -2.04845210        4.0723e-13
    19.815         -2.04502171       -2.04502171        4.0057e-13
    19.830         -2.04157794       -2.04157794        3.9346e-13
    19.845         -2.03812303       -2.03812303        3.8636e-13
    19.860         -2.03465924       -2.03465924        3.7925e-13
    19.875         -2.03118882       -2.03118882        3.7215e-13
    19.890         -2.02771401       -2.02771401        3.6460e-13
    19.905         -2.02423707       -2.02423707        3.5705e-13
    19.920         -2.02076023       -2.02076023        3.4950e-13
    19.935         -2.01728573       -2.01728573        3.4150e-13
    19.950         -2.01381581       -2.01381581        3.3396e-13
    19.965         -2.01035268       -2.01035268        3.2596e-13
    19.980         -2.00689855       -2.00689855        3.1752e-13
    19.995         -2.00345563       -2.00345563        3.0909e-13
    20.010         -2.00002611       -2.00002611        3.0020e-13
    20.025         -1.99661217       -1.99661217        2.9154e-13
    20.040         -1.99321597       -1.99321597        2.8288e-13
    20.055         -1.98983966       -1.98983966        2.7400e-13
    20.070         -1.98648537       -1.98648537        2.6490e-13
    20.085         -1.98315522       -1.98315522        2.5580e-13
    20.100         -1.97985132       -1.97985132        2.4647e-13
    20.115         -1.97657573       -1.97657573        2.3692e-13
    20.130         -1.97333051       -1.97333051        2.2737e-13
    20.145         -1.97011771       -1.97011771        2.1738e-13
    20.160         -1.96693934       -1.96693934        2.0739e-13
    20.175         -1.96379738       -1.96379738        1.9740e-13
    20.190         -1.96069381       -1.96069381        1.8696e-13
    20.205         -1.95763056       -1.95763056        1.7653e-13
    20.220         -1.95460955       -1.95460955        1.6565e-13
    20.235         -1.95163266       -1.95163266        1.5477e-13
    20.250         -1.94870175       -1.94870175        1.4388e-13
    20.265         -1.94581865       -1.94581865        1.3278e-13
    20.280         -1.94298515       -1.94298515        1.2146e-13
    20.295         -1.94020302       -1.94020302        1.0991e-13
    20.310         -1.93747399       -1.93747399        9.8144e-14
    20.325         -1.93479976       -1.93479976        8.6375e-14
    20.340         -1.93218199       -1.93218199        7.4385e-14
    20.355         -1.92962231       -1.92962231        6.2172e-14
    20.370         -1.92712231       -1.92712231        4.9738e-14
    20.385         -1.92468356       -1.92468356        3.7303e-14
    20.400         -1.92230756       -1.92230756        2.4647e-14
    20.415         -1.91999580       -1.91999580        1.1768e-14
    20.430         -1.91774971       -1.91774971       -1.3323e-15
    20.445         -1.91557070       -1.91557070       -1.4655e-14
    20.460         -1.91346012       -1.91346012       -2.8200e-14
    20.475         -1.91141929       -1.91141929       -4.1966e-14
    20.490         -1.90944949       -1.90944949       -5.5733e-14
    20.505         -1.90755194       -1.90755194       -6.9722e-14
    20.520         -1.90572784       -1.90572784       -8.3711e-14
    20.535         -1.90397832       -1.90397832       -9.7922e-14
    20.550         -1.90230449       -1.90230449       -1.1213e-13
    20.565         -1.90070739       -1.90070739       -1.2657e-13
    20.580         -1.89918805       -1.89918805       -1.4122e-13
    20.595         -1.89774740       -1.89774740       -1.5588e-13
    20.610         -1.89638638       -1.89638638       -1.7097e-13
    20.625         -1.89510584       -1.89510584       -1.8607e-13
    20.640         -1.89390660       -1.89390660       -2.0139e-13
    20.655         -1.89278943       -1.89278943       -2.1694e-13
    20.670         -1.89175505       -1.89175505       -2.3226e-13
    20.685         -1.89080413       -1.89080413       -2.4780e-13
    20.700         -1.88993730       -1.88993730       -2.6334e-13
    20.715         -1.88915512       -1.88915512       -2.7911e-13
    20.730         -1.88845811       -1.88845811       -2.9510e-13
    20.745         -1.88784675       -1.88784675       -3.1108e-13
    20.760         -1.88732146       -1.88732146       -3.2707e-13
    20.775         -1.88688260       -1.88688260       -3.4306e-13
    20.790         -1.88653050       -1.88653050       -3.5927e-13
    20.805         -1.88626542       -1.88626542       -3.7570e-13
    20.820         -1.88608757       -1.88608757       -3.9191e-13
    20.835         -1.88599713       -1.88599713       -4.0834e-13
    20.850         -1.88599420       -1.88599420       -4.2477e-13
    20.865         -1.88607883       -1.88607883       -4.4142e-13
    20.880         -1.88625106       -1.88625106       -4.5786e-13
    20.895         -1.88651082       -1.88651082       -4.7429e-13
    20.910         -1.88685802       -1.88685802       -4.9094e-13
    20.925         -1.88729253       -1.88729253       -5.0759e-13
    20.940         -1.88781414       -1.88781414       -5.2403e-13
    20.955         -1.88842260       -1.88842260       -5.4068e-13
    20.970         -1.88911762       -1.88911762       -5.5733e-13
    20.985         -1.88989885       -1.88989885       -5.7376e-13
    21.000         -1.89076587       -1.89076587       -5.9019e-13
    21.015         -1.89171825       -1.89171825       -6.0663e-13
    21.030         -1.89275548       -1.89275548       -6.2306e-13
    21.045         -1.89387700       -1.89387700       -6.3927e-13
    21.060         -1.89508222       -1.89508222       -6.5548e-13
    21.075         -1.89637048       -1.89637048       -6.7146e-13
    21.090         -1.89774108       -1.89774108       -6.8745e-13
    21.105         -1.89919328       -1.89919328       -7.0344e-13
    21.120         -1.90072627       -1.90072627       -7.1942e-13
    21.135         -1.90233921       -1.90233921       -7.3519e-13
    21.150         -1.90403121       -1.90403121       -7.5095e-13
    21.165         -1.90580133       -1.90580133       -7.6628e-13
    21.180         -1.90764858       -1.90764858       -7.8160e-13
    21.195         -1.90957193       -1.90957193       -7.9670e-13
    21.210         -1.91157030       -1.91157030       -8.1157e-13
    21.225         -1.91364257       -1.91364257       -8.2645e-13
    21.240         -1.91578757       -1.91578757       -8.4110e-13
    21.255         -1.91800409       -1.91800409       -8.5554e-13
    21.270         -1.92029089       -1.92029089       -8.6997e-13
    21.285         -1.92264665       -1.92264665       -8.8396e-13
    21.300         -1.92507005       -1.92507005       -8.9795e-13
    21.315         -1.92755971       -1.92755971       -9.1149e-13
    21.330         -1.93011421       -1.93011421       -9.2482e-13
    21.345         -1.93273208       -1.93273208       -9.3814e-13
    21.360         -1.93541184       -1.93541184       -9.5102e-13
    21.375         -1.93815195       -1.93815195       -9.6367e-13
    21.390         -1.94095083       -1.94095083       -9.7611e-13
    21.405         -1.94380687       -1.94380687       -9.8832e-13
    21.420         -1.94671844       -1.94671844       -1.0001e-12
    21.435         -1.94968385       -1.94968385       -1.0119e-12
    21.450         -1.95270139       -1.95270139       -1.0232e-12
    21.465         -1.95576931       -1.95576931       -1.0341e-12
    21.480         -1.95888583       -1.95888583       -1.0447e-12
    21.495         -1.96204914       -1.96204914       -1.0552e-12
    21.510         -1.96525741       -1.96525741       -1.0651e-12
    21.525         -1.96850875       -1.96850875       -1.0749e-12
    21.540         -1.97180128       -1.97180128       -1.0842e-12
    21.555         -1.97513307       -1.97513307       -1.0933e-12
    21.570         -1.97850215       -1.97850215       -1.1020e-12
    21.585         -1.98190656       -1.98190656       -1.1102e-12
    21.600         -1.98534429       -1.98534429       -1.1182e-12
    21.615         -1.98881332       -1.98881332       -1.1258e-12
    21.630         -1.99231158       -1.99231158       -1.1329e-12
    21.645         -1.99583702       -1.99583702       -1.1398e-12
    21.660         -1.99938754       -1.99938754       -1.1462e-12
    21.675         -2.00296102       -2.00296102       -1.1520e-12
    21.690         -2.00655535       -2.00655535       -1.1577e-12
    21.705         -2.01016836       -2.01016836       -1.1631e-12
    21.720         -2.01379790       -2.01379790       -1.1680e-12
    21.735         -2.01744178       -2.01744178       -1.1724e-12
    21.750         -2.02109782       -2.02109782       -1.1768e-12
    21.765         -2.02476381       -2.02476381       -1.1804e-12
    21.780         -2.02843753       -2.02843753       -1.1839e-12
    21.795         -2.03211674       -2.03211674       -1.1871e-12
    21.810         -2.03579922       -2.03579922       -1.1897e-12
    21.825         -2.03948271       -2.03948271       -1.1919e-12
    21.840         -2.04316496       -2.04316496       -1.1942e-12
    21.855         -2.04684370       -2.04684370       -1.1959e-12
    21.870         -2.05051668       -2.05051668       -1.1973e-12
    21.885         -2.05418161       -2.05418161       -1.1977e-12
    21.900         -2.05783624       -2.05783624       -1.1977e-12
    21.915         -2.06147828       -2.06147828       -1.1977e-12
    21.930         -2.06510545       -2.06510545       -1.1968e-12
    21.945         -2.06871549       -2.06871549       -1.1959e-12
    21.960         -2.07230612       -2.07230612       -1.1946e-12
    21.975         -2.07587507       -2.07587507       -1.1928e-12
    21.990         -2.07942007       -2.07942007       -1.1906e-12
    22.005         -2.08293887       -2.08293887       -1.1884e-12
    22.020         -2.08642922       -2.08642922       -1.1853e-12
    22.035         -2.08988886       -2.08988886       -1.1817e-12
    22.050         -2.09331556       -2.09331556       -1.1782e-12
    22.065         -2.09670710       -2.09670710       -1.1742e-12
    22.080         -2.10006125       -2.10006125       -1.1697e-12
    22.095         -2.10337582       -2.10337582       -1.1648e-12
    22.110         -2.10664862       -2.10664862       -1.1595e-12
    22.125         -2.10987748       -2.10987748       -1.1537e-12
    22.140         -2.11306023       -2.11306023       -1.1480e-12
    22.155         -2.11619474       -2.11619474       -1.1418e-12
    22.170         -2.11927888       -2.11927888       -1.1351e-12
    22.185         -2.12231055       -2.12231055       -1.1280e-12
    22.200         -2.12528767       -2.12528767       -1.1204e-12
    22.215         -2.12820818       -2.12820818       -1.1124e-12
    22.230         -2.13107004       -2.13107004       -1.1040e-12
    22.245         -2.13387124       -2.13387124       -1.0956e-12
    22.260         -2.13660980       -2.13660980       -1.0867e-12
    22.275         -2.13928374       -2.13928374       -1.0774e-12
    22.290         -2.14189114       -2.14189114       -1.0680e-12
    22.305         -2.14443009       -2.14443009       -1.0578e-12
    22.320         -2.14689872       -2.14689872       -1.0476e-12
    22.335         -2.14929517       -2.14929517       -1.0369e-12
    22.350         -2.15161765       -2.15161765       -1.0258e-12
    22.365         -2.15386436       -2.15386436       -1.0147e-12
    22.380         -2.15603357       -2.15603357       -1.0032e-12
    22.395         -2.15812356       -2.15812356       -9.9121e-13
    22.410         -2.16013266       -2.16013266       -9.7922e-13
    22.425         -2.16205922       -2.16205922       -9.6678e-13
    22.440         -2.16390166       -2.16390166       -9.5390e-13
    22.455         -2.16565840       -2.16565840       -9.4103e-13
    22.470         -2.16732793       -2.16732793       -9.2770e-13
    22.485         -2.16890877       -2.16890877       -9.1394e-13
    22.500         -2.17039948       -2.17039948       -9.0017e-13
    22.515         -2.17179866       -2.17179866       -8.8596e-13
    22.530         -2.17310497       -2.17310497       -8.7130e-13
    22.545         -2.17431709       -2.17431709       -8.5620e-13
    22.560         -2.17543376       -2.17543376       -8.4110e-13
    22.575         -2.17645377       -2.17645377       -8.2556e-13
    22.590         -2.17737595       -2.17737595       -8.0957e-13
    22.605         -2.17819918       -2.17819918       -7.9359e-13
    22.620         -2.17892239       -2.17892239       -7.7716e-13
    22.635         -2.17954454       -2.17954454       -7.6072e-13
    22.650         -2.18006468       -2.18006468       -7.4429e-13
    22.665         -2.18048188       -2.18048188       -7.2742e-13
    22.680         -2.18079527       -2.18079527       -7.1054e-13
    22.695         -2.18100402       -2.18100402       -6.9322e-13
    22.710         -2.18110738       -2.18110738       -6.7590e-13
    22.725         -2.18110462       -2.18110462       -6.5814e-13
    22.740         -2.18099511       -2.18099511       -6.4038e-13
    22.755         -2.18077821       -2.18077821       -6.2261e-13
    22.770         -2.18045340       -2.18045340       -6.0441e-13
    22.785         -2.18002018       -2.18002018       -5.8620e-13
    22.800         -2.17947810       -2.17947810       -5.6799e-13
    22.815         -2.17882680       -2.17882680       -5.4934e-13
    22.830         -2.17806593       -2.17806593       -5.3069e-13
    22.845         -2.17719525       -2.17719525       -5.1203e-13
    22.860         -2.17621453       -2.17621453       -4.9338e-13
    22.875         -2.17512363       -2.17512363       -4.7384e-13
    22.890         -2.17392246       -2.17392246       -4.5475e-13
    22.905         -2.17261098       -2.17261098       -4.3521e-13
    22.920         -2.17118921       -2.17118921       -4.1567e-13
    22.935         -2.16965725       -2.16965725       -3.9568e-13
    22.950         -2.16801523       -2.16801523       -3.7614e-13
    22.965         -2.16626336       -2.16626336       -3.5616e-13
    22.980         -2.16440190       -2.16440190       -3.3618e-13
    22.995         -2.16243117       -2.16243117       -3.1619e-13
    23.010         -2.16035156       -2.16035156       -2.9621e-13
    23.025         -2.15816351       -2.15816351       -2.7622e-13
    23.040         -2.15586752       -2.15586752       -2.5624e-13
    23.055         -2.15346415       -2.15346415       -2.3626e-13
    23.070         -2.15095403       -2.15095403       -2.1627e-13
    23.085         -2.14833783       -2.14833783       -1.9629e-13
    23.100         -2.14561630       -2.14561630       -1.7675e-13
    23.115         -2.14279025       -2.14279025       -1.5676e-13
    23.130         -2.13986053       -2.13986053       -1.3678e-13
    23.145         -2.13682806       -2.13682806       -1.1680e-13
    23.160         -2.13369382       -2.13369382       -9.7256e-14
    23.175         -2.13045885       -2.13045885       -7.7716e-14
    23.190         -2.12712425       -2.12712425       -5.7732e-14
    23.205         -2.12369117       -2.12369117       -3.7748e-14
    23.220         -2.12016083       -2.12016083       -1.7764e-14
    23.235         -2.11653449       -2.11653449        1.7764e-15
    23.250         -2.11281349       -2.11281349        2.1316e-14
    23.265         -2.10899920       -2.10899920        4.0856e-14
    23.280         -2.10509307       -2.10509307        6.0396e-14
    23.295         -2.10109660       -2.10109660        7.9492e-14
    23.310         -2.09701133       -2.09701133        9.8588e-14
    23.325         -2.09283887       -2.09283887        1.1768e-13
    23.340         -2.08858088       -2.08858088        1.3634e-13
    23.355         -2.08423908       -2.08423908        1.5454e-13
    23.370         -2.07981523       -2.07981523        1.7319e-13
    23.385         -2.07531114       -2.07531114        1.9140e-13
    23.400         -2.07072870       -2.07072870        2.0961e-13
    23.415         -2.06606982       -2.06606982        2.2782e-13
    23.430         -2.06133646       -2.06133646        2.4558e-13
    23.445         -2.05653066       -2.05653066        2.6290e-13
    23.460         -2.05165447       -2.05165447        2.8022e-13
    23.475         -2.04671002       -2.04671002        2.9710e-13
    23.490         -2.04169945       -2.04169945        3.1442e-13
    23.505         -2.03662499       -2.03662499        3.3129e-13
    23.520         -2.03148888       -2.03148888        3.4817e-13
    23.535         -2.02629342       -2.02629342        3.6504e-13
    23.550         -2.02104094       -2.02104094        3.8147e-13
    23.565         -2.01573383       -2.01573383        3.9790e-13
    23.580         -2.01037450       -2.01037450        4.1389e-13
    23.595         -2.00496542       -2.00496542        4.2943e-13
    23.610         -1.99950909       -1.99950909        4.4498e-13
    23.625         -1.99400803       -1.99400803        4.6030e-13
    23.640         -1.98846483       -1.98846483        4.7562e-13
    23.655         -1.98288209       -1.98288209        4.9072e-13
    23.670         -1.97726244       -1.97726244        5.0560e-13
    23.685         -1.97160857       -1.97160857        5.2047e-13
    23.700         -1.96592318       -1.96592318        5.3491e-13
    23.715         -1.96020900       -1.96020900        5.4934e-13
    23.730         -1.95446880       -1.95446880        5.6355e-13
    23.745         -1.94870536       -1.94870536        5.7754e-13
    23.760         -1.94292150       -1.94292150        5.9153e-13
    23.775         -1.93712007       -1.93712007        6.0529e-13
    23.790         -1.93130394       -1.93130394        6.1884e-13
    23.805         -1.92547598       -1.92547598        6.3216e-13
    23.820         -1.91963910       -1.91963910        6.4526e-13
    23.835         -1.91379624       -1.91379624        6.5836e-13
    23.850         -1.90795033       -1.90795033        6.7124e-13
    23.865         -1.90210435       -1.90210435        6.8412e-13
    23.880         -1.89626125       -1.89626125        6.9678e-13
    23.895         -1.89042404       -1.89042404        7.0943e-13
    23.910         -1.88459572       -1.88459572        7.2187e-13
    23.925         -1.87877928       -1.87877928        7.3408e-13
    23.940         -1.87297777       -1.87297777        7.4629e-13
    23.955         -1.86719420       -1.86719420        7.5828e-13
    23.970         -1.86143160       -1.86143160        7.7005e-13
    23.985         -1.85569301       -1.85569301        7.8182e-13
    24.000         -1.84998148       -1.84998148        7.9359e-13
    24.015         -1.84430005       -1.84430005        8.0513e-13
    24.030         -1.83865174       -1.83865174        8.1668e-13
    24.045         -1.83303961       -1.83303961        8.2800e-13
    24.060         -1.82746669       -1.82746669        8.3955e-13
    24.075         -1.82193600       -1.82193600        8.5087e-13
    24.090         -1.81645058       -1.81645058        8.6220e-13
    24.105         -1.81101342       -1.81101342        8.7330e-13
    24.120         -1.80562755       -1.80562755        8.8440e-13
    24.135         -1.80029594       -1.80029594        8.9551e-13
    24.150         -1.79502159       -1.79502159        9.0683e-13
    24.165         -1.78980745       -1.78980745        9.1793e-13
    24.180         -1.78465648       -1.78465648        9.2926e-13
    24.195         -1.77957160       -1.77957160        9.4036e-13
    24.210         -1.77455572       -1.77455572        9.5146e-13
    24.225         -1.76961174       -1.76961174        9.6256e-13
    24.240         -1.76474252       -1.76474252        9.7367e-13
    24.255         -1.75995091       -1.75995091        9.8477e-13
    24.270         -1.75523973       -1.75523973        9.9609e-13
    24.285         -1.75061176       -1.75061176        1.0074e-12
    24.300         -1.74606976       -1.74606976        1.0187e-12
    24.315         -1.74161648       -1.74161648        1.0303e-12
    24.330         -1.73725460       -1.73725460        1.0418e-12
    24.345         -1.73298680       -1.73298680        1.0534e-12
    24.360         -1.72881570       -1.72881570        1.0649e-12
    24.375         -1.72474392       -1.72474392        1.0767e-12
    24.390         -1.72077399       -1.72077399        1.0887e-12
    24.405         -1.71690845       -1.71690845        1.1007e-12
    24.420         -1.71314977       -1.71314977        1.1129e-12
    24.435         -1.70950039       -1.70950039        1.1251e-12
    24.450         -1.70596270       -1.70596270        1.1375e-12
    24.465         -1.70253906       -1.70253906        1.1500e-12
    24.480         -1.69923177       -1.69923177        1.1626e-12
    24.495         -1.69604309       -1.69604309        1.1755e-12
    24.510         -1.69297523       -1.69297523        1.1884e-12
    24.525         -1.69003034       -1.69003034        1.2015e-12
    24.540         -1.68721055       -1.68721055        1.2148e-12
    24.555         -1.68451789       -1.68451789        1.2281e-12
    24.570         -1.68195439       -1.68195439        1.2417e-12
    24.585         -1.67952198       -1.67952198        1.2557e-12
    24.600         -1.67722257       -1.67722257        1.2697e-12
    24.615         -1.67505799       -1.67505799        1.2839e-12
    24.630         -1.67303003       -1.67303003        1.2985e-12
    24.645         -1.67114039       -1.67114039        1.3132e-12
    24.660         -1.66939076       -1.66939076        1.3280e-12
    24.675         -1.66778272       -1.66778272        1.3431e-12
    24.690         -1.66631782       -1.66631782        1.3585e-12
    24.705         -1.66499754       -1.66499754        1.3740e-12
    24.720         -1.66382329       -1.66382329        1.3898e-12
    24.735         -1.66279642       -1.66279642        1.4058e-12
    24.750         -1.66191822       -1.66191822        1.4222e-12
    24.765         -1.66118990       -1.66118990        1.4388e-12
    24.780         -1.66061262       -1.66061262        1.4557e-12
    24.795         -1.66018746       -1.66018746        1.4728e-12
    24.810         -1.65991545       -1.65991545        1.4901e-12
    24.825         -1.65979752       -1.65979752        1.5079e-12
    24.840         -1.65983456       -1.65983456        1.5259e-12
    24.855         -1.66002738       -1.66002738        1.5441e-12
    24.870         -1.66037672       -1.66037672        1.5627e-12
    24.885         -1.66088323       -1.66088323        1.5816e-12
    24.900         -1.66154753       -1.66154753        1.6009e-12
    24.915         -1.66237013       -1.66237013        1.6205e-12
    24.930         -1.66335148       -1.66335148        1.6402e-12
    24.945         -1.66449197       -1.66449197        1.6602e-12
    24.960         -1.66579189       -1.66579189        1.6804e-12
    24.975         -1.66725148       -1.66725148        1.7011e-12
    24.990         -1.66887090       -1.66887090        1.7220e-12
    25.005         -1.67065023       -1.67065023        1.7433e-12
    25.020         -1.67258948       -1.67258948        1.7650e-12
    25.035         -1.67468859       -1.67468859        1.7870e-12
    25.050         -1.67694742       -1.67694742        1.8092e-12
    25.065         -1.67936574       -1.67936574        1.8316e-12
    25.080         -1.68194328       -1.68194328        1.8545e-12
    25.095         -1.68467968       -1.68467968        1.8776e-12
    25.110         -1.68757448       -1.68757448        1.9011e-12
    25.125         -1.69062719       -1.69062719        1.9247e-12
    25.140         -1.69383720       -1.69383720        1.9487e-12
    25.155         -1.69720387       -1.69720387        1.9729e-12
    25.170         -1.70072646       -1.70072646        1.9975e-12
    25.185         -1.70440415       -1.70440415        2.0224e-12
    25.200         -1.70823606       -1.70823606        2.0477e-12
    25.215         -1.71222123       -1.71222123        2.0732e-12
    25.230         -1.71635864       -1.71635864        2.0990e-12
    25.245         -1.72064719       -1.72064719        2.1252e-12
    25.260         -1.72508568       -1.72508568        2.1516e-12
    25.275         -1.72967289       -1.72967289        2.1783e-12
    25.290         -1.73440749       -1.73440749        2.2053e-12
    25.305         -1.73928808       -1.73928808        2.2327e-12
    25.320         -1.74431322       -1.74431322        2.2604e-12
    25.335         -1.74948136       -1.74948136        2.2882e-12
    25.350         -1.75479092       -1.75479092        2.3161e-12
    25.365         -1.76024022       -1.76024022        2.3446e-12
    25.380         -1.76582753       -1.76582753        2.3732e-12
    25.395         -1.77155104       -1.77155104        2.4021e-12
    25.410         -1.77740889       -1.77740889        2.4312e-12
    25.425         -1.78339914       -1.78339914        2.4605e-12
    25.440         -1.78951980       -1.78951980        2.4900e-12
    25.455         -1.79576880       -1.79576880        2.5198e-12
    25.470         -1.80214401       -1.80214401        2.5497e-12
    25.485         -1.80864325       -1.80864325        2.5799e-12
    25.500         -1.81526428       -1.81526428        2.6104e-12
    25.515         -1.82200477       -1.82200477        2.6408e-12
    25.530         -1.82886237       -1.82886237        2.6714e-12
    25.545         -1.83583465       -1.83583465        2.7023e-12
    25.560         -1.84291914       -1.84291914        2.7331e-12
    25.575         -1.85011328       -1.85011328        2.7642e-12
    25.590         -1.85741450       -1.85741450        2.7955e-12
    25.605         -1.86482015       -1.86482015        2.8268e-12
    25.620         -1.87232752       -1.87232752        2.8584e-12
    25.635         -1.87993389       -1.87993389        2.8899e-12
    25.650         -1.88763644       -1.88763644        2.9217e-12
    25.665         -1.89543234       -1.89543234        2.9536e-12
    25.680         -1.90331869       -1.90331869        2.9856e-12
    25.695         -1.91129256       -1.91129256        3.0176e-12
    25.710         -1.91935097       -1.91935097        3.0496e-12
    25.725         -1.92749089       -1.92749089        3.0815e-12
    25.740         -1.93570927       -1.93570927        3.1135e-12
    25.755         -1.94400299       -1.94400299        3.1457e-12
    25.770         -1.95236892       -1.95236892        3.1779e-12
    25.785         -1.96080388       -1.96080388        3.2101e-12
    25.800         -1.96930466       -1.96930466        3.2421e-12
    25.815         -1.97786801       -1.97786801        3.2740e-12
    25.830         -1.98649064       -1.98649064        3.3058e-12
    25.845         -1.99516926       -1.99516926        3.3378e-12
    25.860         -2.00390052       -2.00390052        3.3697e-12
    25.875         -2.01268105       -2.01268105        3.4013e-12
    25.890         -2.02150747       -2.02150747        3.4328e-12
    25.905         -2.03037637       -2.03037637        3.4639e-12
    25.920         -2.03928429       -2.03928429        3.4954e-12
    25.935         -2.04822778       -2.04822778        3.5261e-12
    25.950         -2.05720337       -2.05720337        3.5567e-12
    25.965         -2.06620756       -2.06620756        3.5874e-12
    25.980         -2.07523684       -2.07523684        3.6176e-12
    25.995         -2.08428768       -2.08428768        3.6477e-12
    26.010         -2.09335655       -2.09335655        3.6775e-12
    26.025         -2.10243989       -2.10243989        3.7068e-12
    26.040         -2.11153416       -2.11153416        3.7361e-12
    26.055         -2.12063578       -2.12063578        3.7654e-12
    26.070         -2.12974118       -2.12974118        3.7943e-12
    26.085         -2.13884679       -2.13884679        3.8227e-12
    26.100         -2.14794904       -2.14794904        3.8507e-12
    26.115         -2.15704434       -2.15704434        3.8782e-12
    26.130         -2.16612912       -2.16612912        3.9053e-12
    26.145         -2.17519980       -2.17519980        3.9320e-12
    26.160         -2.18425282       -2.18425282        3.9582e-12
    26.175         -2.19328462       -2.19328462        3.9839e-12
    26.190         -2.20229163       -2.20229163        4.0097e-12
    26.205         -2.21127031       -2.21127031        4.0346e-12
    26.220         -2.22021713       -2.22021713        4.0590e-12
    26.235         -2.22912857       -2.22912857        4.0830e-12
    26.250         -2.23800112       -2.23800112        4.1065e-12
    26.265         -2.24683129       -2.24683129        4.1296e-12
    26.280         -2.25561560       -2.25561560        4.1522e-12
    26.295         -2.26435060       -2.26435060        4.1740e-12
    26.310         -2.27303286       -2.27303286        4.1953e-12
    26.325         -2.28165897       -2.28165897        4.2162e-12
    26.340         -2.29022553       -2.29022553        4.2362e-12
    26.355         -2.29872920       -2.29872920        4.2557e-12
    26.370         -2.30716663       -2.30716663        4.2744e-12
    26.385         -2.31553452       -2.31553452        4.2926e-12
    26.400         -2.32382959       -2.32382959        4.3099e-12
    26.415         -2.33204861       -2.33204861        4.3263e-12
    26.430         -2.34018835       -2.34018835        4.3423e-12
    26.445         -2.34824565       -2.34824565        4.3574e-12
    26.460         -2.35621736       -2.35621736        4.3716e-12
    26.475         -2.36410038       -2.36410038        4.3854e-12
    26.490         -2.37189166       -2.37189166        4.3983e-12
    26.505         -2.37958815       -2.37958815        4.4102e-12
    26.520         -2.38718688       -2.38718688        4.4218e-12
    26.535         -2.39468492       -2.39468492        4.4325e-12
    26.550         -2.40207935       -2.40207935        4.4422e-12
    26.565         -2.40936735       -2.40936735        4.4507e-12
    26.580         -2.41654609       -2.41654609        4.4587e-12
    26.595         -2.42361282       -2.42361282        4.4658e-12
    26.610         -2.43056484       -2.43056484        4.4720e-12
    26.625         -2.43739949       -2.43739949        4.4773e-12
    26.640         -2.44411416       -2.44411416        4.4817e-12
    26.655         -2.45070629       -2.45070629        4.4853e-12
    26.670         -2.45717340       -2.45717340        4.4880e-12
    26.685         -2.46351302       -2.46351302        4.4897e-12
    26.700         -2.46972277       -2.46972277        4.4902e-12
    26.715         -2.47580031       -2.47580031        4.4902e-12
    26.730         -2.48174337       -2.48174337        4.4889e-12
    26.745         -2.48754973       -2.48754973        4.4866e-12
    26.760         -2.49321723       -2.49321723        4.4835e-12
    26.775         -2.49874376       -2.49874376        4.4795e-12
    26.790         -2.50412730       -2.50412730        4.4742e-12
    26.805         -2.50936585       -2.50936585        4.4680e-12
    26.820         -2.51445752       -2.51445752        4.4609e-12
    26.835         -2.51940044       -2.51940044        4.4524e-12
    26.850         -2.52419282       -2.52419282        4.4431e-12
    26.865         -2.52883296       -2.52883296        4.4325e-12
    26.880         -2.53331918       -2.53331918        4.4209e-12
    26.895         -2.53764990       -2.53764990        4.4085e-12
    26.910         -2.54182359       -2.54182359        4.3947e-12
    26.925         -2.54583879       -2.54583879        4.3801e-12
    26.940         -2.54969412       -2.54969412        4.3645e-12
    26.955         -2.55338824       -2.55338824        4.3476e-12
    26.970         -2.55691992       -2.55691992        4.3299e-12
    26.985         -2.56028796       -2.56028796        4.3112e-12
    27.000         -2.56349125       -2.56349125        4.2912e-12
    27.015         -2.56652873       -2.56652873        4.2699e-12
    27.030         -2.56939945       -2.56939945        4.2477e-12
    27.045         -2.57210249       -2.57210249        4.2246e-12
    27.060         -2.57463702       -2.57463702        4.2002e-12
    27.075         -2.57700227       -2.57700227        4.1749e-12
    27.090         -2.57919756       -2.57919756        4.1482e-12
    27.105         -2.58122226       -2.58122226        4.1207e-12
    27.120         -2.58307582       -2.58307582        4.0918e-12
    27.135         -2.58475777       -2.58475777        4.0625e-12
    27.150         -2.58626770       -2.58626770        4.0319e-12
    27.165         -2.58760528       -2.58760528        4.0004e-12
    27.180         -2.58877025       -2.58877025        3.9679e-12
    27.195         -2.58976241       -2.58976241        3.9342e-12
    27.210         -2.59058164       -2.59058164        3.8995e-12
    27.225         -2.59122791       -2.59122791        3.8636e-12
    27.240         -2.59170123       -2.59170123        3.8267e-12
    27.255         -2.59200170       -2.59200170        3.7890e-12
    27.270         -2.59212949       -2.59212949        3.7499e-12
    27.285         -2.59208484       -2.59208484        3.7099e-12
    27.300         -2.59186806       -2.59186806        3.6691e-12
    27.315         -2.59147952       -2.59147952        3.6273e-12
    27.330         -2.59091968       -2.59091968        3.5847e-12
    27.345         -2.59018906       -2.59018906        3.5407e-12
    27.360         -2.58928826       -2.58928826        3.4963e-12
    27.375         -2.58821792       -2.58821792        3.4510e-12
    27.390         -2.58697878       -2.58697878        3.4044e-12
    27.405         -2.58557164       -2.58557164        3.3569e-12
    27.420         -2.58399737       -2.58399737        3.3085e-12
    27.435         -2.58225689       -2.58225689        3.2592e-12
    27.450         -2.58035120       -2.58035120        3.2094e-12
    27.465         -2.57828139       -2.57828139        3.1588e-12
    27.480         -2.57604857       -2.57604857        3.1073e-12
    27.495         -2.57365395       -2.57365395        3.0544e-12
    27.510         -2.57109880       -2.57109880        3.0012e-12
    27.525         -2.56838443       -2.56838443        2.9470e-12
    27.540         -2.56551225       -2.56551225        2.8919e-12
    27.555         -2.56248371       -2.56248371        2.8360e-12
    27.570         -2.55930032       -2.55930032        2.7800e-12
    27.585         -2.55596366       -2.55596366        2.7232e-12
    27.600         -2.55247538       -2.55247538        2.6654e-12
    27.615         -2.54883718       -2.54883718        2.6072e-12
    27.630         -2.54505081       -2.54505081        2.5482e-12
    27.645         -2.54111808       -2.54111808        2.4887e-12
    27.660         -2.53704088       -2.53704088        2.4287e-12
    27.675         -2.53282114       -2.53282114        2.3679e-12
    27.690         -2.52846084       -2.52846084        2.3066e-12
    27.705         -2.52396203       -2.52396203        2.2449e-12
    27.720         -2.51932679       -2.51932679        2.1827e-12
    27.735         -2.51455729       -2.51455729        2.1201e-12
    27.750         -2.50965572       -2.50965572        2.0566e-12
    27.765         -2.50462433       -2.50462433        1.9931e-12
    27.780         -2.49946543       -2.49946543        1.9291e-12
    27.795         -2.49418136       -2.49418136        1.8643e-12
    27.810         -2.48877452       -2.48877452        1.7994e-12
    27.825         -2.48324737       -2.48324737        1.7342e-12
    27.840         -2.47760238       -2.47760238        1.6684e-12
    27.855         -2.47184210       -2.47184210        1.6023e-12
    27.870         -2.46596911       -2.46596911        1.5361e-12
    27.885         -2.45998602       -2.45998602        1.4695e-12
    27.900         -2.45389549       -2.45389549        1.4024e-12
    27.915         -2.44770024       -2.44770024        1.3354e-12
    27.930         -2.44140300       -2.44140300        1.2683e-12
    27.945         -2.43500655       -2.43500655        1.2013e-12
    27.960         -2.42851370       -2.42851370        1.1338e-12
    27.975         -2.42192730       -2.42192730        1.0663e-12
    27.990         -2.41525024       -2.41525024        9.9876e-13
    28.005         -2.40848544       -2.40848544        9.3126e-13
    28.020         -2.40163583       -2.40163583        8.6331e-13
    28.035         -2.39470440       -2.39470440        7.9536e-13
    28.050         -2.38769415       -2.38769415        7.2786e-13
    28.065         -2.38060811       -2.38060811        6.6036e-13
    28.080         -2.37344935       -2.37344935        5.9330e-13
    28.095         -2.36622094       -2.36622094        5.2580e-13
    28.110         -2.35892599       -2.35892599        4.5874e-13
    28.125         -2.35156763       -2.35156763        3.9169e-13
    28.140         -2.34414901       -2.34414901        3.2507e-13
    28.155         -2.33667330       -2.33667330        2.5846e-13
    28.170         -2.32914367       -2.32914367        1.9229e-13
    28.185         -2.32156334       -2.32156334        1.2612e-13
    28.200         -2.31393551       -2.31393551        6.0840e-14
    28.215         -2.30626342       -2.30626342       -4.4409e-15
    28.230         -2.29855031       -2.29855031       -6.9278e-14
    28.245         -2.29079943       -2.29079943       -1.3411e-13
    28.260         -2.28301404       -2.28301404       -1.9806e-13
    28.275         -2.27519741       -2.27519741       -2.6157e-13
    28.290         -2.26735281       -2.26735281       -3.2463e-13
    28.305         -2.25948353       -2.25948353       -3.8725e-13
    28.320         -2.25159285       -2.25159285       -4.4897e-13
    28.335         -2.24368406       -2.24368406       -5.1026e-13
    28.350         -2.23576043       -2.23576043       -5.7110e-13
    28.365         -2.22782526       -2.22782526       -6.3149e-13
    28.380         -2.21988183       -2.21988183       -6.9145e-13
    28.395         -2.21193341       -2.21193341       -7.5051e-13
    28.410         -2.20398328       -2.20398328       -8.0913e-13
    28.425         -2.19603471       -2.19603471       -8.6686e-13
    28.440         -2.18809094       -2.18809094       -9.2415e-13
    28.455         -2.18015525       -2.18015525       -9.8010e-13
    28.470         -2.17223085       -2.17223085       -1.0356e-12
    28.485         -2.16432097       -2.16432097       -1.0902e-12
    28.500         -2.15642884       -2.15642884       -1.1440e-12
    28.515         -2.14855764       -2.14855764       -1.1968e-12
    28.530         -2.14071054       -2.14071054       -1.2488e-12
    28.545         -2.13289073       -2.13289073       -1.3003e-12
    28.560         -2.12510133       -2.12510133       -1.3505e-12
    28.575         -2.11734546       -2.11734546       -1.3998e-12
    28.590         -2.10962623       -2.10962623       -1.4486e-12
    28.605         -2.10194672       -2.10194672       -1.4961e-12
    28.620         -2.09430996       -2.09430996       -1.5428e-12
    28.635         -2.08671899       -2.08671899       -1.5885e-12
    28.650         -2.07917680       -2.07917680       -1.6329e-12
    28.665         -2.07168636       -2.07168636       -1.6764e-12
    28.680         -2.06425061       -2.06425061       -1.7191e-12
    28.695         -2.05687246       -2.05687246       -1.7608e-12
    28.710         -2.04955477       -2.04955477       -1.8012e-12
    28.725         -2.04230039       -2.04230039       -1.8403e-12
    28.740         -2.03511212       -2.03511212       -1.8781e-12
    28.755         -2.02799272       -2.02799272       -1.9154e-12
    28.770         -2.02094494       -2.02094494       -1.9513e-12
    28.785         -2.01397145       -2.01397145       -1.9860e-12
    28.800         -2.00707492       -2.00707492       -2.0193e-12
    28.815         -2.00025795       -2.00025795       -2.0517e-12
    28.830         -1.99352310       -1.99352310       -2.0828e-12
    28.845         -1.98687291       -1.98687291       -2.1125e-12
    28.860         -1.98030985       -1.98030985       -2.1412e-12
    28.875         -1.97383636       -1.97383636       -2.1687e-12
    28.890         -1.96745482       -1.96745482       -2.1949e-12
    28.905         -1.96116757       -1.96116757       -2.2198e-12
    28.920         -1.95497691       -1.95497691       -2.2433e-12
    28.935         -1.94888508       -1.94888508       -2.2657e-12
    28.950         -1.94289426       -1.94289426       -2.2868e-12
    28.965         -1.93700660       -1.93700660       -2.3066e-12
    28.980         -1.93122418       -1.93122418       -2.3253e-12
    28.995         -1.92554904       -1.92554904       -2.3423e-12
    29.010         -1.91998315       -1.91998315       -2.3581e-12
    29.025         -1.91452843       -1.91452843       -2.3728e-12
    29.040         -1.90918677       -1.90918677       -2.3861e-12
    29.055         -1.90395995       -1.90395995       -2.3983e-12
    29.070         -1.89884975       -1.89884975       -2.4090e-12
    29.085         -1.89385786       -1.89385786       -2.4183e-12
    29.100         -1.88898590       -1.88898590       -2.4265e-12
    29.115         -1.88423546       -1.88423546       -2.4334e-12
    29.130         -1.87960805       -1.87960805       -2.4387e-12
    29.145         -1.87510512       -1.87510512       -2.4429e-12
    29.160         -1.87072808       -1.87072808       -2.4458e-12
    29.175         -1.86647824       -1.86647824       -2.4476e-12
    29.190         -1.86235688       -1.86235688       -2.4478e-12
    29.205         -1.85836520       -1.85836520       -2.4469e-12
    29.220         -1.85450435       -1.85450435       -2.4447e-12
    29.235         -1.85077539       -1.85077539       -2.4412e-12
    29.250         -1.84717934       -1.84717934       -2.4363e-12
    29.265         -1.84371714       -1.84371714       -2.4301e-12
    29.280         -1.84038968       -1.84038968       -2.4225e-12
    29.295         -1.83719777       -1.83719777       -2.4138e-12
    29.310         -1.83414215       -1.83414215       -2.4039e-12
    29.325         -1.83122352       -1.83122352       -2.3925e-12
    29.340         -1.82844247       -1.82844247       -2.3801e-12
    29.355         -1.82579956       -1.82579956       -2.3666e-12
    29.370         -1.82329527       -1.82329527       -2.3517e-12
    29.385         -1.82093000       -1.82093000       -2.3355e-12
    29.400         -1.81870411       -1.81870411       -2.3179e-12
    29.415         -1.81661787       -1.81661787       -2.2993e-12
    29.430         -1.81467149       -1.81467149       -2.2795e-12
    29.445         -1.81286510       -1.81286510       -2.2584e-12
    29.460         -1.81119878       -1.81119878       -2.2362e-12
    29.475         -1.80967253       -1.80967253       -2.2129e-12
    29.490         -1.80828628       -1.80828628       -2.1887e-12
    29.505         -1.80703991       -1.80703991       -2.1632e-12
    29.520         -1.80593321       -1.80593321       -2.1365e-12
    29.535         -1.80496590       -1.80496590       -2.1090e-12
    29.550         -1.80413767       -1.80413767       -2.0803e-12
    29.565         -1.80344809       -1.80344809       -2.0508e-12
    29.580         -1.80289670       -1.80289670       -2.0202e-12
    29.595         -1.80248295       -1.80248295       -1.9884e-12
    29.610         -1.80220624       -1.80220624       -1.9558e-12
    29.625         -1.80206590       -1.80206590       -1.9220e-12
    29.640         -1.80206119       -1.80206119       -1.8874e-12
    29.655         -1.80219129       -1.80219129       -1.8516e-12
    29.670         -1.80245533       -1.80245533       -1.8152e-12
    29.685         -1.80285239       -1.80285239       -1.7777e-12
    29.700         -1.80338144       -1.80338144       -1.7393e-12
    29.715         -1.80404143       -1.80404143       -1.7002e-12
    29.730         -1.80483123       -1.80483123       -1.6602e-12
    29.745         -1.80574964       -1.80574964       -1.6196e-12
    29.760         -1.80679539       -1.80679539       -1.5781e-12
    29.775         -1.80796717       -1.80796717       -1.5357e-12
    29.790         -1.80926360       -1.80926360       -1.4926e-12
    29.805         -1.81068322       -1.81068322       -1.4486e-12
    29.820         -1.81222454       -1.81222454       -1.4042e-12
    29.835         -1.81388599       -1.81388599       -1.3589e-12
    29.850         -1.81566593       -1.81566593       -1.3132e-12
    29.865         -1.81756270       -1.81756270       -1.2668e-12
    29.880         -1.81957454       -1.81957454       -1.2197e-12
    29.895         -1.82169966       -1.82169966       -1.1720e-12
    29.910         -1.82393620       -1.82393620       -1.1238e-12
    29.925         -1.82628225       -1.82628225       -1.0751e-12
    29.940         -1.82873584       -1.82873584       -1.0258e-12
    29.955         -1.83129496       -1.83129496       -9.7611e-13
    29.970         -1.83395752       -1.83395752       -9.2593e-13
    29.985         -1.83672141       -1.83672141       -8.7552e-13
    30.000         -1.83958445       -1.83958445       -8.2467e-13
    30.015         -1.84254440       -1.84254440       -7.7338e-13
    30.030         -1.84559900       -1.84559900       -7.2187e-13
    30.045         -1.84874593       -1.84874593       -6.7013e-13
    30.060         -1.85198280       -1.85198280       -6.1795e-13
    30.075         -1.85530720       -1.85530720       -5.6555e-13
    30.090         -1.85871666       -1.85871666       -5.1292e-13
    30.105         -1.86220869       -1.86220869       -4.6008e-13
    30.120         -1.86578074       -1.86578074       -4.0701e-13
    30.135         -1.86943020       -1.86943020       -3.5394e-13
    30.150         -1.87315445       -1.87315445       -3.0087e-13
    30.165         -1.87695081       -1.87695081       -2.4758e-13
    30.180         -1.88081658       -1.88081658       -1.9429e-13
    30.195         -1.88474902       -1.88474902       -1.4100e-13
    30.210         -1.88874533       -1.88874533       -8.7708e-14
    30.225         -1.89280270       -1.89280270       -3.4417e-14
    30.240         -1.89691829       -1.89691829        1.8874e-14
    30.255         -1.90108920       -1.90108920        7.1942e-14
    30.270         -1.90531253       -1.90531253        1.2501e-13
    30.285         -1.90958534       -1.90958534        1.7786e-13
    30.300         -1.91390466       -1.91390466        2.3048e-13
    30.315         -1.91826748       -1.91826748        2.8288e-13
    30.330         -1.92267080       -1.92267080        3.3507e-13
    30.345         -1.92711155       -1.92711155        3.8702e-13
    30.360         -1.93158669       -1.93158669        4.3854e-13
    30.375         -1.93609312       -1.93609312        4.8983e-13
    30.390         -1.94062772       -1.94062772        5.4068e-13
    30.405         -1.94518738       -1.94518738        5.9108e-13
    30.420         -1.94976896       -1.94976896        6.4126e-13
    30.435         -1.95436929       -1.95436929        6.9100e-13
    30.450         -1.95898521       -1.95898521        7.4030e-13
    30.465         -1.96361353       -1.96361353        7.8892e-13
    30.480         -1.96825105       -1.96825105        8.3711e-13
    30.495         -1.97289458       -1.97289458        8.8485e-13
    30.510         -1.97754091       -1.97754091        9.3192e-13
    30.525         -1.98218681       -1.98218681        9.7833e-13
    30.540         -1.98682907       -1.98682907        1.0243e-12
    30.555         -1.99146447       -1.99146447        1.0694e-12
    30.570         -1.99608976       -1.99608976        1.1138e-12
    30.585         -2.00070174       -2.00070174        1.1577e-12
    30.600         -2.00529718       -2.00529718        1.2008e-12
    30.615         -2.00987285       -2.00987285        1.2430e-12
    30.630         -2.01442554       -2.01442554        1.2843e-12
    30.645         -2.01895204       -2.01895204        1.3247e-12
    30.660         -2.02344915       -2.02344915        1.3647e-12
    30.675         -2.02791367       -2.02791367        1.4038e-12
    30.690         -2.03234243       -2.03234243        1.4420e-12
    30.705         -2.03673224       -2.03673224        1.4793e-12
    30.720         -2.04107997       -2.04107997        1.5157e-12
    30.735         -2.04538246       -2.04538246        1.5512e-12
    30.750         -2.04963659       -2.04963659        1.5854e-12
    30.765         -2.05383927       -2.05383927        1.6191e-12
    30.780         -2.05798740       -2.05798740        1.6516e-12
    30.795         -2.06207792       -2.06207792        1.6831e-12
    30.810         -2.06610780       -2.06610780        1.7133e-12
    30.825         -2.07007401       -2.07007401        1.7426e-12
    30.840         -2.07397358       -2.07397358        1.7710e-12
    30.855         -2.07780353       -2.07780353        1.7981e-12
    30.870         -2.08156094       -2.08156094        1.8239e-12
    30.885         -2.08524291       -2.08524291        1.8487e-12
    30.900         -2.08884656       -2.08884656        1.8727e-12
    30.915         -2.09236906       -2.09236906        1.8954e-12
    30.930         -2.09580761       -2.09580761        1.9167e-12
    30.945         -2.09915944       -2.09915944        1.9367e-12
    30.960         -2.10242183       -2.10242183        1.9558e-12
    30.975         -2.10559208       -2.10559208        1.9735e-12
    30.990         -2.10866755       -2.10866755        1.9900e-12
    31.005         -2.11164563       -2.11164563        2.0055e-12
    31.020         -2.11452376       -2.11452376        2.0197e-12
    31.035         -2.11729942       -2.11729942        2.0326e-12
    31.050         -2.11997013       -2.11997013        2.0441e-12
    31.065         -2.12253346       -2.12253346        2.0544e-12
    31.080         -2.12498704       -2.12498704        2.0632e-12
    31.095         -2.12732854       -2.12732854        2.0708e-12
    31.110         -2.12955567       -2.12955567        2.0770e-12
    31.125         -2.13166620       -2.13166620        2.0819e-12
    31.140         -2.13365797       -2.13365797        2.0854e-12
    31.155         -2.13552884       -2.13552884        2.0877e-12
    31.170         -2.13727675       -2.13727675        2.0886e-12
    31.185         -2.13889968       -2.13889968        2.0881e-12
    31.200         -2.14039569       -2.14039569        2.0863e-12
    31.215         -2.14176287       -2.14176287        2.0832e-12
    31.230         -2.14299939       -2.14299939        2.0788e-12
    31.245         -2.14410346       -2.14410346        2.0726e-12
    31.260         -2.14507337       -2.14507337        2.0650e-12
    31.275         -2.14590746       -2.14590746        2.0561e-12
    31.290         -2.14660413       -2.14660413        2.0459e-12
    31.305         -2.14716186       -2.14716186        2.0344e-12
    31.320         -2.14757917       -2.14757917        2.0215e-12
    31.335         -2.14785467       -2.14785467        2.0073e-12
    31.350         -2.14798701       -2.14798701        1.9917e-12
    31.365         -2.14797493       -2.14797493        1.9749e-12
    31.380         -2.14781722       -2.14781722        1.9567e-12
    31.395         -2.14751274       -2.14751274        1.9367e-12
    31.410         -2.14706043       -2.14706043        1.9154e-12
    31.425         -2.14645928       -2.14645928        1.8927e-12
    31.440         -2.14570836       -2.14570836        1.8692e-12
    31.455         -2.14480680       -2.14480680        1.8439e-12
    31.470         -2.14375383       -2.14375383        1.8172e-12
    31.485         -2.14254871       -2.14254871        1.7897e-12
    31.500         -2.14119080       -2.14119080        1.7608e-12
    31.515         -2.13967951       -2.13967951        1.7302e-12
    31.530         -2.13801434       -2.13801434        1.6986e-12
    31.545         -2.13619486       -2.13619486        1.6658e-12
    31.560         -2.13422069       -2.13422069        1.6316e-12
    31.575         -2.13209155       -2.13209155        1.5961e-12
    31.590         -2.12980722       -2.12980722        1.5592e-12
    31.605         -2.12736755       -2.12736755        1.5214e-12
    31.620         -2.12477246       -2.12477246        1.4824e-12
    31.635         -2.12202197       -2.12202197        1.4420e-12
    31.650         -2.11911613       -2.11911613        1.4002e-12
    31.665         -2.11605510       -2.11605510        1.3576e-12
    31.680         -2.11283909       -2.11283909        1.3136e-12
    31.695         -2.10946839       -2.10946839        1.2683e-12
    31.710         -2.10594337       -2.10594337        1.2221e-12
    31.725         -2.10226447       -2.10226447        1.1751e-12
    31.740         -2.09843218       -2.09843218        1.1267e-12
    31.755         -2.09444710       -2.09444710        1.0774e-12
    31.770         -2.09030987       -2.09030987        1.0267e-12
    31.785         -2.08602122       -2.08602122        9.7478e-13
    31.800         -2.08158195       -2.08158195        9.2193e-13
    31.815         -2.07699292       -2.07699292        8.6819e-13
    31.830         -2.07225508       -2.07225508        8.1357e-13
    31.845         -2.06736942       -2.06736942        7.5762e-13
    31.860         -2.06233702       -2.06233702        7.0122e-13
    31.875         -2.05715905       -2.05715905        6.4349e-13
    31.890         -2.05183670       -2.05183670        5.8487e-13
    31.905         -2.04637127       -2.04637127        5.2580e-13
    31.920         -2.04076410       -2.04076410        4.6585e-13
    31.935         -2.03501663       -2.03501663        4.0501e-13
    31.950         -2.02913033       -2.02913033        3.4328e-13
    31.965         -2.02310675       -2.02310675        2.8066e-13
    31.980         -2.01694752       -2.01694752        2.1760e-13
    31.995         -2.01065431       -2.01065431        1.5365e-13
    32.010         -2.00422888       -2.00422888        8.9262e-14
    32.025         -1.99767302       -1.99767302        2.3981e-14
    32.040         -1.99098861       -1.99098861       -4.1966e-14
    32.055         -1.98417759       -1.98417759       -1.0880e-13
    32.070         -1.97724194       -1.97724194       -1.7608e-13
    32.085         -1.97018371       -1.97018371       -2.4403e-13
    32.100         -1.96300502       -1.96300502       -3.1242e-13
    32.115         -1.95570803       -1.95570803       -3.8147e-13
    32.130         -1.94829497       -1.94829497       -4.5075e-13
    32.145         -1.94076812       -1.94076812       -5.2047e-13
    32.160         -1.93312981       -1.93312981       -5.9086e-13
    32.175         -1.92538243       -1.92538243       -6.6169e-13
    32.190         -1.91752842       -1.91752842       -7.3275e-13
    32.205         -1.90957027       -1.90957027       -8.0402e-13
    32.220         -1.90151052       -1.90151052       -8.7597e-13
    32.235         -1.89335177       -1.89335177       -9.4813e-13
    32.250         -1.88509665       -1.88509665       -1.0205e-12
    32.265         -1.87674784       -1.87674784       -1.0929e-12
    32.280         -1.86830808       -1.86830808       -1.1657e-12
    32.295         -1.85978015       -1.85978015       -1.2386e-12
    32.310         -1.85116685       -1.85116685       -1.3116e-12
    32.325         -1.84247106       -1.84247106       -1.3849e-12
    32.340         -1.83369566       -1.83369566       -1.4582e-12
    32.355         -1.82484360       -1.82484360       -1.5314e-12
    32.370         -1.81591785       -1.81591785       -1.6047e-12
    32.385         -1.80692142       -1.80692142       -1.6780e-12
    32.400         -1.79785737       -1.79785737       -1.7513e-12
    32.415         -1.78872877       -1.78872877       -1.8245e-12
    32.430         -1.77953874       -1.77953874       -1.8976e-12
    32.445         -1.77029042       -1.77029042       -1.9706e-12
    32.460         -1.76098699       -1.76098699       -2.0435e-12
    32.475         -1.75163164       -1.75163164       -2.1161e-12
    32.490         -1.74222760       -1.74222760       -2.1885e-12
    32.505         -1.73277813       -1.73277813       -2.2606e-12
    32.520         -1.72328651       -1.72328651       -2.3326e-12
    32.535         -1.71375603       -1.71375603       -2.4043e-12
    32.550         -1.70419002       -1.70419002       -2.4758e-12
    32.565         -1.69459181       -1.69459181       -2.5469e-12
    32.580         -1.68496476       -1.68496476       -2.6175e-12
    32.595         -1.67531224       -1.67531224       -2.6878e-12
    32.610         -1.66563765       -1.66563765       -2.7576e-12
    32.625         -1.65594439       -1.65594439       -2.8268e-12
    32.640         -1.64623586       -1.64623586       -2.8959e-12
    32.655         -1.63651550       -1.63651550       -2.9643e-12
    32.670         -1.62678674       -1.62678674       -3.0322e-12
    32.685         -1.61705301       -1.61705301       -3.0997e-12
    32.700         -1.60731777       -1.60731777       -3.1666e-12
    32.715         -1.59758447       -1.59758447       -3.2327e-12
    32.730         -1.58785656       -1.58785656       -3.2983e-12
    32.745         -1.57813750       -1.57813750       -3.3631e-12
    32.760         -1.56843074       -1.56843074       -3.4270e-12
    32.775         -1.55873974       -1.55873974       -3.4903e-12
    32.790         -1.54906795       -1.54906795       -3.5529e-12
    32.805         -1.53941882       -1.53941882       -3.6147e-12
    32.820         -1.52979580       -1.52979580       -3.6757e-12
    32.835         -1.52020230       -1.52020230       -3.7361e-12
    32.850         -1.51064177       -1.51064177       -3.7954e-12
    32.865         -1.50111761       -1.50111761       -3.8538e-12
    32.880         -1.49163324       -1.49163324       -3.9113e-12
    32.895         -1.48219203       -1.48219203       -3.9682e-12
    32.910         -1.47279738       -1.47279738       -4.0239e-12
    32.925         -1.46345264       -1.46345264       -4.0787e-12
    32.940         -1.45416115       -1.45416115       -4.1327e-12
    32.955         -1.44492624       -1.44492624       -4.1855e-12
    32.970         -1.43575121       -1.43575121       -4.2375e-12
    32.985         -1.42663936       -1.42663936       -4.2883e-12
    33.000         -1.41759394       -1.41759394       -4.3381e-12
    33.015         -1.40861819       -1.40861819       -4.3867e-12
    33.030         -1.39971532       -1.39971532       -4.4342e-12
    33.045         -1.39088852       -1.39088852       -4.4806e-12
    33.060         -1.38214094       -1.38214094       -4.5259e-12
    33.075         -1.37347572       -1.37347572       -4.5701e-12
    33.090         -1.36489596       -1.36489596       -4.6130e-12
    33.105         -1.35640472       -1.35640472       -4.6547e-12
    33.120         -1.34800503       -1.34800503       -4.6951e-12
    33.135         -1.33969990       -1.33969990       -4.7342e-12
    33.150         -1.33149230       -1.33149230       -4.7722e-12
    33.165         -1.32338515       -1.32338515       -4.8088e-12
    33.180         -1.31538134       -1.31538134       -4.8441e-12
    33.195         -1.30748373       -1.30748373       -4.8781e-12
    33.210         -1.29969513       -1.29969513       -4.9107e-12
    33.225         -1.29201831       -1.29201831       -4.9420e-12
    33.240         -1.28445601       -1.28445601       -4.9720e-12
    33.255         -1.27701091       -1.27701091       -5.0007e-12
    33.270         -1.26968566       -1.26968566       -5.0280e-12
    33.285         -1.26248286       -1.26248286       -5.0537e-12
    33.300         -1.25540506       -1.25540506       -5.0782e-12
    33.315         -1.24845476       -1.24845476       -5.1013e-12
    33.330         -1.24163443       -1.24163443       -5.1228e-12
    33.345         -1.23494648       -1.23494648       -5.1430e-12
    33.360         -1.22839327       -1.22839327       -5.1616e-12
    33.375         -1.22197711       -1.22197711       -5.1790e-12
    33.390         -1.21570026       -1.21570026       -5.1947e-12
    33.405         -1.20956493       -1.20956493       -5.2089e-12
    33.420         -1.20357326       -1.20357326       -5.2216e-12
    33.435         -1.19772738       -1.19772738       -5.2327e-12
    33.450         -1.19202932       -1.19202932       -5.2425e-12
    33.465         -1.18648107       -1.18648107       -5.2507e-12
    33.480         -1.18108457       -1.18108457       -5.2574e-12
    33.495         -1.17584171       -1.17584171       -5.2627e-12
    33.510         -1.17075431       -1.17075431       -5.2662e-12
    33.525         -1.16582413       -1.16582413       -5.2682e-12
    33.540         -1.16105289       -1.16105289       -5.2689e-12
    33.555         -1.15644223       -1.15644223       -5.2678e-12
    33.570         -1.15199375       -1.15199375       -5.2651e-12
    33.585         -1.14770898       -1.14770898       -5.2609e-12
    33.600         -1.14358940       -1.14358940       -5.2554e-12
    33.615         -1.13963641       -1.13963641       -5.2482e-12
    33.630         -1.13585136       -1.13585136       -5.2394e-12
    33.645         -1.13223556       -1.13223556       -5.2289e-12
    33.660         -1.12879022       -1.12879022       -5.2169e-12
    33.675         -1.12551652       -1.12551652       -5.2034e-12
    33.690         -1.12241556       -1.12241556       -5.1885e-12
    33.705         -1.11948838       -1.11948838       -5.1719e-12
    33.720         -1.11673598       -1.11673598       -5.1539e-12
    33.735         -1.11415927       -1.11415927       -5.1343e-12
    33.750         -1.11175910       -1.11175910       -5.1132e-12
    33.765         -1.10953627       -1.10953627       -5.0906e-12
    33.780         -1.10749151       -1.10749151       -5.0664e-12
    33.795         -1.10562550       -1.10562550       -5.0406e-12
    33.810         -1.10393883       -1.10393883       -5.0135e-12
    33.825         -1.10243205       -1.10243205       -4.9849e-12
    33.840         -1.10110564       -1.10110564       -4.9547e-12
    33.855         -1.09996002       -1.09996002       -4.9230e-12
    33.870         -1.09899554       -1.09899554       -4.8899e-12
    33.885         -1.09821250       -1.09821250       -4.8550e-12
    33.900         -1.09761113       -1.09761113       -4.8188e-12
    33.915         -1.09719159       -1.09719159       -4.7813e-12
    33.930         -1.09695399       -1.09695399       -4.7422e-12
    33.945         -1.09689838       -1.09689838       -4.7018e-12
    33.960         -1.09702473       -1.09702473       -4.6601e-12
    33.975         -1.09733297       -1.09733297       -4.6170e-12
    33.990         -1.09782296       -1.09782296       -4.5723e-12
    34.005         -1.09849450       -1.09849450       -4.5264e-12
    34.020         -1.09934733       -1.09934733       -4.4791e-12
    34.035         -1.10038113       -1.10038113       -4.4307e-12
    34.050         -1.10159552       -1.10159552       -4.3809e-12
    34.065         -1.10299006       -1.10299006       -4.3299e-12
    34.080         -1.10456426       -1.10456426       -4.2777e-12
    34.095         -1.10631755       -1.10631755       -4.2242e-12
    34.110         -1.10824933       -1.10824933       -4.1696e-12
    34.125         -1.11035893       -1.11035893       -4.1136e-12
    34.140         -1.11264563       -1.11264563       -4.0565e-12
    34.155         -1.11510863       -1.11510863       -3.9984e-12
    34.170         -1.11774710       -1.11774710       -3.9391e-12
    34.185         -1.12056016       -1.12056016       -3.8787e-12
    34.200         -1.12354685       -1.12354685       -3.8172e-12
    34.215         -1.12670617       -1.12670617       -3.7546e-12
    34.230         -1.13003708       -1.13003708       -3.6910e-12
    34.245         -1.13353847       -1.13353847       -3.6264e-12
    34.260         -1.13720918       -1.13720918       -3.5609e-12
    34.275         -1.14104800       -1.14104800       -3.4943e-12
    34.290         -1.14505369       -1.14505369       -3.4268e-12
    34.305         -1.14922494       -1.14922494       -3.3584e-12
    34.320         -1.15356039       -1.15356039       -3.2894e-12
    34.335         -1.15805864       -1.15805864       -3.2194e-12
    34.350         -1.16271824       -1.16271824       -3.1488e-12
    34.365         -1.16753771       -1.16753771       -3.0773e-12
    34.380         -1.17251549       -1.17251549       -3.0052e-12
    34.395         -1.17765002       -1.17765002       -2.9321e-12
    34.410         -1.18293965       -1.18293965       -2.8584e-12
    34.425         -1.18838273       -1.18838273       -2.7842e-12
    34.440         -1.19397754       -1.19397754       -2.7092e-12
    34.455         -1.19972233       -1.19972233       -2.6337e-12
    34.470         -1.20561531       -1.20561531       -2.5575e-12
    34.485         -1.21165465       -1.21165465       -2.4809e-12
    34.500         -1.21783847       -1.21783847       -2.4039e-12
    34.515         -1.22416488       -1.22416488       -2.3264e-12
    34.530         -1.23063193       -1.23063193       -2.2484e-12
    34.545         -1.23723765       -1.23723765       -2.1700e-12
    34.560         -1.24398002       -1.24398002       -2.0912e-12
    34.575         -1.25085700       -1.25085700       -2.0122e-12
    34.590         -1.25786651       -1.25786651       -1.9327e-12
    34.605         -1.26500644       -1.26500644       -1.8530e-12
    34.620         -1.27227466       -1.27227466       -1.7730e-12
    34.635         -1.27966899       -1.27966899       -1.6929e-12
    34.650         -1.28718725       -1.28718725       -1.6125e-12
    34.665         -1.29482719       -1.29482719       -1.5321e-12
    34.680         -1.30258658       -1.30258658       -1.4515e-12
    34.695         -1.31046314       -1.31046314       -1.3709e-12
    34.710         -1.31845456       -1.31845456       -1.2901e-12
    34.725         -1.32655853       -1.32655853       -1.2093e-12
    34.740         -1.33477269       -1.33477269       -1.1284e-12
    34.755         -1.34309468       -1.34309468       -1.0478e-12
    34.770         -1.35152211       -1.35152211       -9.6723e-13
    34.785         -1.36005257       -1.36005257       -8.8662e-13
    34.800         -1.36868364       -1.36868364       -8.0624e-13
    34.815         -1.37741286       -1.37741286       -7.2586e-13
    34.830         -1.38623778       -1.38623778       -6.4571e-13
    34.845         -1.39515593       -1.39515593       -5.6577e-13
    34.860         -1.40416481       -1.40416481       -4.8606e-13
    34.875         -1.41326192       -1.41326192       -4.0679e-13
    34.890         -1.42244475       -1.42244475       -3.2774e-13
    34.905         -1.43171075       -1.43171075       -2.4891e-13
    34.920         -1.44105741       -1.44105741       -1.7031e-13
    34.935         -1.45048217       -1.45048217       -9.2149e-14
    34.950         -1.45998247       -1.45998247       -1.4433e-14
    34.965         -1.46955576       -1.46955576        6.2839e-14
    34.980         -1.47919945       -1.47919945        1.3989e-13
    34.995         -1.48891098       -1.48891098        2.1627e-13
    35.010         -1.49868776       -1.49868776        2.9221e-13
    35.025         -1.50852722       -1.50852722        3.6771e-13
    35.040         -1.51842675       -1.51842675        4.4253e-13
    35.055         -1.52838379       -1.52838379        5.1692e-13
    35.070         -1.53839573       -1.53839573        5.9086e-13
    35.085         -1.54846000       -1.54846000        6.6414e-13
    35.100         -1.55857399       -1.55857399        7.3674e-13
    35.115         -1.56873513       -1.56873513        8.0891e-13
    35.130         -1.57894083       -1.57894083        8.8041e-13
    35.145         -1.58918852       -1.58918852        9.5124e-13
    35.160         -1.59947561       -1.59947561        1.0214e-12
    35.175         -1.60979955       -1.60979955        1.0909e-12
    35.190         -1.62015777       -1.62015777        1.1597e-12
    35.205         -1.63054771       -1.63054771        1.2277e-12
    35.220         -1.64096682       -1.64096682        1.2950e-12
    35.235         -1.65141258       -1.65141258        1.3616e-12
    35.250         -1.66188245       -1.66188245        1.4273e-12
    35.265         -1.67237391       -1.67237391        1.4924e-12
    35.280         -1.68288447       -1.68288447        1.5568e-12
    35.295         -1.69341162       -1.69341162        1.6203e-12
    35.310         -1.70395289       -1.70395289        1.6831e-12
    35.325         -1.71450581       -1.71450581        1.7450e-12
    35.340         -1.72506792       -1.72506792        1.8063e-12
    35.355         -1.73563681       -1.73563681        1.8667e-12
    35.370         -1.74621003       -1.74621003        1.9262e-12
    35.385         -1.75678520       -1.75678520        1.9849e-12
    35.400         -1.76735992       -1.76735992        2.0426e-12
    35.415         -1.77793183       -1.77793183        2.0997e-12
    35.430         -1.78849858       -1.78849858        2.1558e-12
    35.445         -1.79905785       -1.79905785        2.2111e-12
    35.460         -1.80960732       -1.80960732        2.2655e-12
    35.475         -1.82014472       -1.82014472        2.3190e-12
    35.490         -1.83066776       -1.83066776        2.3717e-12
    35.505         -1.84117422       -1.84117422        2.4234e-12
    35.520         -1.85166188       -1.85166188        2.4745e-12
    35.535         -1.86212853       -1.86212853        2.5244e-12
    35.550         -1.87257201       -1.87257201        2.5735e-12
    35.565         -1.88299016       -1.88299016        2.6219e-12
    35.580         -1.89338088       -1.89338088        2.6694e-12
    35.595         -1.90374206       -1.90374206        2.7158e-12
    35.610         -1.91407163       -1.91407163        2.7616e-12
    35.625         -1.92436755       -1.92436755        2.8064e-12
    35.640         -1.93462781       -1.93462781        2.8504e-12
    35.655         -1.94485042       -1.94485042        2.8935e-12
    35.670         -1.95503343       -1.95503343        2.9354e-12
    35.685         -1.96517489       -1.96517489        2.9767e-12
    35.700         -1.97527292       -1.97527292        3.0171e-12
    35.715         -1.98532564       -1.98532564        3.0567e-12
    35.730         -1.99533122       -1.99533122        3.0953e-12
    35.745         -2.00528783       -2.00528783        3.1330e-12
    35.760         -2.01519372       -2.01519372        3.1699e-12
    35.775         -2.02504712       -2.02504712        3.2059e-12
    35.790         -2.03484633       -2.03484633        3.2410e-12
    35.805         -2.04458965       -2.04458965        3.2752e-12
    35.820         -2.05427545       -2.05427545        3.3085e-12
    35.835         -2.06390211       -2.06390211        3.3409e-12
    35.850         -2.07346803       -2.07346803        3.3729e-12
    35.865         -2.08297167       -2.08297167        3.4039e-12
    35.880         -2.09241151       -2.09241151        3.4341e-12
    35.895         -2.10178607       -2.10178607        3.4635e-12
    35.910         -2.11109389       -2.11109389        3.4919e-12
    35.925         -2.12033358       -2.12033358        3.5190e-12
    35.940         -2.12950373       -2.12950373        3.5456e-12
    35.955         -2.13860302       -2.13860302        3.5714e-12
    35.970         -2.14763013       -2.14763013        3.5962e-12
    35.985         -2.15658378       -2.15658378        3.6202e-12
    36.000         -2.16546274       -2.16546274        3.6433e-12
    36.015         -2.17426580       -2.17426580        3.6655e-12
    36.030         -2.18299180       -2.18299180        3.6873e-12
    36.045         -2.19163961       -2.19163961        3.7081e-12
    36.060         -2.20020812       -2.20020812        3.7281e-12
    36.075         -2.20869628       -2.20869628        3.7477e-12
    36.090         -2.21710306       -2.21710306        3.7659e-12
    36.105         -2.22542749       -2.22542749        3.7836e-12
    36.120         -2.23366860       -2.23366860        3.8005e-12
    36.135         -2.24182548       -2.24182548        3.8165e-12
    36.150         -2.24989726       -2.24989726        3.8320e-12
    36.165         -2.25788309       -2.25788309        3.8463e-12
    36.180         -2.26578217       -2.26578217        3.8600e-12
    36.195         -2.27359373       -2.27359373        3.8729e-12
    36.210         -2.28131704       -2.28131704        3.8849e-12
    36.225         -2.28895139       -2.28895139        3.8964e-12
    36.240         -2.29649614       -2.29649614        3.9071e-12
    36.255         -2.30395066       -2.30395066        3.9169e-12
    36.270         -2.31131436       -2.31131436        3.9262e-12
    36.285         -2.31858668       -2.31858668        3.9346e-12
    36.300         -2.32576712       -2.32576712        3.9422e-12
    36.315         -2.33285520       -2.33285520        3.9488e-12
    36.330         -2.33985047       -2.33985047        3.9551e-12
    36.345         -2.34675252       -2.34675252        3.9604e-12
    36.360         -2.35356098       -2.35356098        3.9648e-12
    36.375         -2.36027552       -2.36027552        3.9688e-12
    36.390         -2.36689583       -2.36689583        3.9719e-12
    36.405         -2.37342165       -2.37342165        3.9746e-12
    36.420         -2.37985275       -2.37985275        3.9759e-12
    36.435         -2.38618892       -2.38618892        3.9768e-12
    36.450         -2.39243001       -2.39243001        3.9768e-12
    36.465         -2.39857589       -2.39857589        3.9759e-12
    36.480         -2.40462646       -2.40462646        3.9746e-12
    36.495         -2.41058166       -2.41058166        3.9724e-12
    36.510         -2.41644146       -2.41644146        3.9693e-12
    36.525         -2.42220587       -2.42220587        3.9657e-12
    36.540         -2.42787494       -2.42787494        3.9613e-12
    36.555         -2.43344872       -2.43344872        3.9564e-12
    36.570         -2.43892733       -2.43892733        3.9506e-12
    36.585         -2.44431090       -2.44431090        3.9440e-12
    36.600         -2.44959959       -2.44959959        3.9364e-12
    36.615         -2.45479362       -2.45479362        3.9280e-12
    36.630         -2.45989320       -2.45989320        3.9191e-12
    36.645         -2.46489860       -2.46489860        3.9098e-12
    36.660         -2.46981010       -2.46981010        3.8991e-12
    36.675         -2.47462804       -2.47462804        3.8880e-12
    36.690         -2.47935276       -2.47935276        3.8760e-12
    36.705         -2.48398464       -2.48398464        3.8631e-12
    36.720         -2.48852410       -2.48852410        3.8494e-12
    36.735         -2.49297156       -2.49297156        3.8347e-12
    36.750         -2.49732749       -2.49732749        3.8196e-12
    36.765         -2.50159240       -2.50159240        3.8041e-12
    36.780         -2.50576679       -2.50576679        3.7876e-12
    36.795         -2.50985122       -2.50985122        3.7703e-12
    36.810         -2.51384627       -2.51384627        3.7521e-12
    36.825         -2.51775252       -2.51775252        3.7335e-12
    36.840         -2.52157061       -2.52157061        3.7135e-12
    36.855         -2.52530118       -2.52530118        3.6930e-12
    36.870         -2.52894492       -2.52894492        3.6717e-12
    36.885         -2.53250252       -2.53250252        3.6495e-12
    36.900         -2.53597471       -2.53597471        3.6269e-12
    36.915         -2.53936223       -2.53936223        3.6033e-12
    36.930         -2.54266584       -2.54266584        3.5789e-12
    36.945         -2.54588635       -2.54588635        3.5536e-12
    36.960         -2.54902457       -2.54902457        3.5274e-12
    36.975         -2.55208132       -2.55208132        3.5003e-12
    36.990         -2.55505746       -2.55505746        3.4723e-12
    37.005         -2.55795388       -2.55795388        3.4439e-12
    37.020         -2.56077145       -2.56077145        3.4146e-12
    37.035         -2.56351110       -2.56351110        3.3844e-12
    37.050         -2.56617375       -2.56617375        3.3533e-12
    37.065         -2.56876037       -2.56876037        3.3213e-12
    37.080         -2.57127190       -2.57127190        3.2889e-12
    37.095         -2.57370935       -2.57370935        3.2556e-12
    37.110         -2.57607370       -2.57607370        3.2214e-12
    37.125         -2.57836598       -2.57836598        3.1868e-12
    37.140         -2.58058721       -2.58058721        3.1513e-12
    37.155         -2.58273844       -2.58273844        3.1144e-12
    37.170         -2.58482073       -2.58482073        3.0771e-12
    37.185         -2.58683515       -2.58683515        3.0389e-12
    37.200         -2.58878279       -2.58878279        2.9998e-12
    37.215         -2.59066475       -2.59066475        2.9599e-12
    37.230         -2.59248213       -2.59248213        2.9194e-12
    37.245         -2.59423606       -2.59423606        2.8781e-12
    37.260         -2.59592766       -2.59592766        2.8360e-12
    37.275         -2.59755807       -2.59755807        2.7933e-12
    37.290         -2.59912845       -2.59912845        2.7498e-12
    37.305         -2.60063994       -2.60063994        2.7049e-12
    37.320         -2.60209372       -2.60209372        2.6597e-12
    37.335         -2.60349096       -2.60349096        2.6139e-12
    37.350         -2.60483284       -2.60483284        2.5673e-12
    37.365         -2.60612054       -2.60612054        2.5198e-12
    37.380         -2.60735524       -2.60735524        2.4714e-12
    37.395         -2.60853815       -2.60853815        2.4221e-12
    37.410         -2.60967046       -2.60967046        2.3723e-12
    37.425         -2.61075338       -2.61075338        2.3217e-12
    37.440         -2.61178811       -2.61178811        2.2706e-12
    37.455         -2.61277584       -2.61277584        2.2187e-12
    37.470         -2.61371780       -2.61371780        2.1658e-12
    37.485         -2.61461519       -2.61461519        2.1121e-12
    37.500         -2.61546921       -2.61546921        2.0579e-12
    37.515         -2.61628108       -2.61628108        2.0028e-12
    37.530         -2.61705200       -2.61705200        1.9473e-12
    37.545         -2.61778317       -2.61778317        1.8914e-12
    37.560         -2.61847579       -2.61847579        1.8345e-12
    37.575         -2.61913107       -2.61913107        1.7768e-12
    37.590         -2.61975020       -2.61975020        1.7186e-12
    37.605         -2.62033436       -2.62033436        1.6600e-12
    37.620         -2.62088474       -2.62088474        1.6005e-12
    37.635         -2.62140253       -2.62140253        1.5405e-12
    37.650         -2.62188888       -2.62188888        1.4801e-12
    37.665         -2.62234497       -2.62234497        1.4189e-12
    37.680         -2.62277196       -2.62277196        1.3571e-12
    37.695         -2.62317099       -2.62317099        1.2945e-12
    37.710         -2.62354320       -2.62354320        1.2315e-12
    37.725         -2.62388973       -2.62388973        1.1680e-12
    37.740         -2.62421169       -2.62421169        1.1040e-12
    37.755         -2.62451019       -2.62451019        1.0396e-12
    37.770         -2.62478633       -2.62478633        9.7433e-13
    37.785         -2.62504120       -2.62504120        9.0861e-13
    37.800         -2.62527587       -2.62527587        8.4244e-13
    37.815         -2.62549141       -2.62549141        7.7582e-13
    37.830         -2.62568884       -2.62568884        7.0877e-13
    37.845         -2.62586922       -2.62586922        6.4126e-13
    37.860         -2.62603356       -2.62603356        5.7332e-13
    37.875         -2.62618285       -2.62618285        5.0493e-13
    37.890         -2.62631809       -2.62631809        4.3610e-13
    37.905         -2.62644024       -2.62644024        3.6726e-13
    37.920         -2.62655026       -2.62655026        2.9798e-13
    37.935         -2.62664908       -2.62664908        2.2826e-13
    37.950         -2.62673762       -2.62673762        1.5810e-13
    37.965         -2.62681678       -2.62681678        8.7486e-14
    37.980         -2.62688743       -2.62688743        1.6431e-14
    37.995         -2.62695045       -2.62695045       -5.4623e-14
    38.010         -2.62700666       -2.62700666       -1.2612e-13
    38.025         -2.62705689       -2.62705689       -1.9762e-13
    38.040         -2.62710193       -2.62710193       -2.6956e-13
    38.055         -2.62714257       -2.62714257       -3.4150e-13
    38.070         -2.62717957       -2.62717957       -4.1389e-13
    38.085         -2.62721364       -2.62721364       -4.8628e-13
    38.100         -2.62724551       -2.62724551       -5.5911e-13
    38.115         -2.62727587       -2.62727587       -6.3149e-13
    38.130         -2.62730538       -2.62730538       -7.0433e-13
    38.145         -2.62733469       -2.62733469       -7.7716e-13
    38.160         -2.62736440       -2.62736440       -8.5043e-13
    38.175         -2.62739512       -2.62739512       -9.2326e-13
    38.190         -2.62742741       -2.62742741       -9.9609e-13
    38.205         -2.62746183       -2.62746183       -1.0689e-12
    38.220         -2.62749888       -2.62749888       -1.1418e-12
    38.235         -2.62753906       -2.62753906       -1.2146e-12
    38.250         -2.62758284       -2.62758284       -1.2874e-12
    38.265         -2.62763067       -2.62763067       -1.3602e-12
    38.280         -2.62768296       -2.62768296       -1.4331e-12
    38.295         -2.62774009       -2.62774009       -1.5055e-12
    38.310         -2.62780243       -2.62780243       -1.5778e-12
    38.325         -2.62787032       -2.62787032       -1.6498e-12
    38.340         -2.62794407       -2.62794407       -1.7217e-12
    38.355         -2.62802395       -2.62802395       -1.7932e-12
    38.370         -2.62811023       -2.62811023       -1.8647e-12
    38.385         -2.62820312       -2.62820312       -1.9358e-12
    38.400         -2.62830283       -2.62830283       -2.0064e-12
    38.415         -2.62840953       -2.62840953       -2.0770e-12
    38.430         -2.62852336       -2.62852336       -2.1472e-12
    38.445         -2.62864445       -2.62864445       -2.2164e-12
    38.460         -2.62877286       -2.62877286       -2.2857e-12
    38.475         -2.62890868       -2.62890868       -2.3541e-12
    38.490         -2.62905192       -2.62905192       -2.4225e-12
    38.505         -2.62920259       -2.62920259       -2.4900e-12
    38.520         -2.62936067       -2.62936067       -2.5571e-12
    38.535         -2.62952609       -2.62952609       -2.6237e-12
    38.550         -2.62969879       -2.62969879       -2.6898e-12
    38.565         -2.62987866       -2.62987866       -2.7551e-12
    38.580         -2.63006554       -2.63006554       -2.8200e-12
    38.595         -2.63025929       -2.63025929       -2.8844e-12
    38.610         -2.63045970       -2.63045970       -2.9479e-12
    38.625         -2.63066656       -2.63066656       -3.0105e-12
    38.640         -2.63087961       -2.63087961       -3.0722e-12
    38.655         -2.63109859       -2.63109859       -3.1339e-12
    38.670         -2.63132318       -2.63132318       -3.1948e-12
    38.685         -2.63155306       -2.63155306       -3.2547e-12
    38.700         -2.63178786       -2.63178786       -3.3138e-12
    38.715         -2.63202720       -2.63202720       -3.3720e-12
    38.730         -2.63227068       -2.63227068       -3.4293e-12
    38.745         -2.63251785       -2.63251785       -3.4857e-12
    38.760         -2.63276824       -2.63276824       -3.5412e-12
    38.775         -2.63302137       -2.63302137       -3.5958e-12
    38.790         -2.63327672       -2.63327672       -3.6495e-12
    38.805         -2.63353375       -2.63353375       -3.7019e-12
    38.820         -2.63379189       -2.63379189       -3.7534e-12
    38.835         -2.63405055       -2.63405055       -3.8041e-12
    38.850         -2.63430911       -2.63430911       -3.8538e-12
    38.865         -2.63456693       -2.63456693       -3.9022e-12
    38.880         -2.63482335       -2.63482335       -3.9497e-12
    38.895         -2.63507767       -2.63507767       -3.9964e-12
    38.910         -2.63532919       -2.63532919       -4.0417e-12
    38.925         -2.63557718       -2.63557718       -4.0856e-12
    38.940         -2.63582087       -2.63582087       -4.1283e-12
    38.955         -2.63605949       -2.63605949       -4.1696e-12
    38.970         -2.63629223       -2.63629223       -4.2100e-12
    38.985         -2.63651828       -2.63651828       -4.2490e-12
    39.000         -2.63673680       -2.63673680       -4.2872e-12
    39.015         -2.63694692       -2.63694692       -4.3237e-12
    39.030         -2.63714776       -2.63714776       -4.3592e-12
    39.045         -2.63733843       -2.63733843       -4.3929e-12
    39.060         -2.63751800       -2.63751800       -4.4258e-12
    39.075         -2.63768553       -2.63768553       -4.4569e-12
    39.090         -2.63784008       -2.63784008       -4.4866e-12
    39.105         -2.63798067       -2.63798067       -4.5151e-12
    39.120         -2.63810631       -2.63810631       -4.5426e-12
    39.135         -2.63821601       -2.63821601       -4.5688e-12
    39.150         -2.63830874       -2.63830874       -4.5937e-12
    39.165         -2.63838346       -2.63838346       -4.6168e-12
    39.180         -2.63843914       -2.63843914       -4.6385e-12
    39.195         -2.63847471       -2.63847471       -4.6585e-12
    39.210         -2.63848910       -2.63848910       -4.6771e-12
    39.225         -2.63848123       -2.63848123       -4.6945e-12
    39.240         -2.63844999       -2.63844999       -4.7105e-12
    39.255         -2.63839428       -2.63839428       -4.7247e-12
    39.270         -2.63831298       -2.63831298       -4.7380e-12
    39.285         -2.63820497       -2.63820497       -4.7495e-12
    39.300         -2.63806911       -2.63806911       -4.7597e-12
    39.315         -2.63790425       -2.63790425       -4.7682e-12
    39.330         -2.63770925       -2.63770925       -4.7753e-12
    39.345         -2.63748295       -2.63748295       -4.7811e-12
    39.360         -2.63722418       -2.63722418       -4.7851e-12
    39.375         -2.63693177       -2.63693177       -4.7877e-12
    39.390         -2.63660456       -2.63660456       -4.7886e-12
    39.405         -2.63624135       -2.63624135       -4.7882e-12
    39.420         -2.63584098       -2.63584098       -4.7868e-12
    39.435         -2.63540226       -2.63540226       -4.7837e-12
    39.450         -2.63492399       -2.63492399       -4.7793e-12
    39.465         -2.63440501       -2.63440501       -4.7731e-12
    39.480         -2.63384412       -2.63384412       -4.7655e-12
    39.495         -2.63324013       -2.63324013       -4.7566e-12
    39.510         -2.63259186       -2.63259186       -4.7460e-12
    39.525         -2.63189814       -2.63189814       -4.7340e-12
    39.540         -2.63115776       -2.63115776       -4.7207e-12
    39.555         -2.63036957       -2.63036957       -4.7060e-12
    39.570         -2.62953239       -2.62953239       -4.6900e-12
    39.585         -2.62864505       -2.62864505       -4.6723e-12
    39.600         -2.62770639       -2.62770639       -4.6536e-12
    39.615         -2.62671525       -2.62671525       -4.6336e-12
    39.630         -2.62567048       -2.62567048       -4.6119e-12
    39.645         -2.62457094       -2.62457094       -4.5892e-12
    39.660         -2.62341551       -2.62341551       -4.5652e-12
    39.675         -2.62220304       -2.62220304       -4.5399e-12
    39.690         -2.62093244       -2.62093244       -4.5133e-12
    39.705         -2.61960259       -2.61960259       -4.4853e-12
    39.720         -2.61821240       -2.61821240       -4.4560e-12
    39.735         -2.61676080       -2.61676080       -4.4253e-12
    39.750         -2.61524671       -2.61524671       -4.3934e-12
    39.765         -2.61366907       -2.61366907       -4.3605e-12
    39.780         -2.61202686       -2.61202686       -4.3263e-12
    39.795         -2.61031903       -2.61031903       -4.2908e-12
    39.810         -2.60854458       -2.60854458       -4.2548e-12
    39.825         -2.60670251       -2.60670251       -4.2175e-12
    39.840         -2.60479185       -2.60479185       -4.1789e-12
    39.855         -2.60281162       -2.60281162       -4.1389e-12
    39.870         -2.60076088       -2.60076088       -4.0985e-12
    39.885         -2.59863871       -2.59863871       -4.0572e-12
    39.900         -2.59644420       -2.59644420       -4.0146e-12
    39.915         -2.59417647       -2.59417647       -3.9710e-12
    39.930         -2.59183463       -2.59183463       -3.9266e-12
    39.945         -2.58941784       -2.58941784       -3.8813e-12
    39.960         -2.58692528       -2.58692528       -3.8352e-12
    39.975         -2.58435615       -2.58435615       -3.7881e-12
    39.990         -2.58170965       -2.58170965       -3.7401e-12
    40.005         -2.57898503       -2.57898503       -3.6917e-12
    40.020         -2.57618155       -2.57618155       -3.6424e-12
    40.035         -2.57329850       -2.57329850       -3.5922e-12
    40.050         -2.57033518       -2.57033518       -3.5416e-12
    40.065         -2.56729095       -2.56729095       -3.4901e-12
    40.080         -2.56416515       -2.56416515       -3.4377e-12
    40.095         -2.56095718       -2.56095718       -3.3848e-12
    40.110         -2.55766644       -2.55766644       -3.3316e-12
    40.125         -2.55429239       -2.55429239       -3.2778e-12
    40.140         -2.55083447       -2.55083447       -3.2236e-12
    40.155         -2.54729220       -2.54729220       -3.1690e-12
    40.170         -2.54366510       -2.54366510       -3.1140e-12
    40.185         -2.53995270       -2.53995270       -3.0584e-12
    40.200         -2.53615461       -2.53615461       -3.0025e-12
    40.215         -2.53227041       -2.53227041       -2.9465e-12
    40.230         -2.52829976       -2.52829976       -2.8901e-12
    40.245         -2.52424233       -2.52424233       -2.8337e-12
    40.260         -2.52009780       -2.52009780       -2.7769e-12
    40.275         -2.51586591       -2.51586591       -2.7196e-12
    40.290         -2.51154643       -2.51154643       -2.6619e-12
    40.305         -2.50713914       -2.50713914       -2.6041e-12
    40.320         -2.50264386       -2.50264386       -2.5464e-12
    40.335         -2.49806046       -2.49806046       -2.4887e-12
    40.350         -2.49338881       -2.49338881       -2.4309e-12
    40.365         -2.48862884       -2.48862884       -2.3732e-12
    40.380         -2.48378050       -2.48378050       -2.3155e-12
    40.395         -2.47884378       -2.47884378       -2.2582e-12
    40.410         -2.47381869       -2.47381869       -2.2009e-12
    40.425         -2.46870529       -2.46870529       -2.1436e-12
    40.440         -2.46350366       -2.46350366       -2.0863e-12
    40.455         -2.45821392       -2.45821392       -2.0295e-12
    40.470         -2.45283621       -2.45283621       -1.9726e-12
    40.485         -2.44737074       -2.44737074       -1.9162e-12
    40.500         -2.44181771       -2.44181771       -1.8598e-12
    40.515         -2.43617739       -2.43617739       -1.8039e-12
    40.530         -2.43045006       -2.43045006       -1.7484e-12
    40.545         -2.42463604       -2.42463604       -1.6933e-12
    40.560         -2.41873570       -2.41873570       -1.6387e-12
    40.575         -2.41274943       -2.41274943       -1.5841e-12
    40.590         -2.40667765       -2.40667765       -1.5303e-12
    40.605         -2.40052082       -2.40052082       -1.4770e-12
    40.620         -2.39427945       -2.39427945       -1.4242e-12
    40.635         -2.38795407       -2.38795407       -1.3718e-12
    40.650         -2.38154524       -2.38154524       -1.3198e-12
    40.665         -2.37505356       -2.37505356       -1.2688e-12
    40.680         -2.36847967       -2.36847967       -1.2181e-12
    40.695         -2.36182424       -2.36182424       -1.1684e-12
    40.710         -2.35508797       -2.35508797       -1.1195e-12
    40.725         -2.34827161       -2.34827161       -1.0711e-12
    40.740         -2.34137592       -2.34137592       -1.0232e-12
    40.755         -2.33440172       -2.33440172       -9.7655e-13
    40.770         -2.32734985       -2.32734985       -9.3037e-13
    40.785         -2.32022118       -2.32022118       -8.8507e-13
    40.800         -2.31301663       -2.31301663       -8.4066e-13
    40.815         -2.30573713       -2.30573713       -7.9714e-13
    40.830         -2.29838367       -2.29838367       -7.5451e-13
    40.845         -2.29095725       -2.29095725       -7.1276e-13
    40.860         -2.28345892       -2.28345892       -6.7191e-13
    40.875         -2.27588976       -2.27588976       -6.3194e-13
    40.890         -2.26825086       -2.26825086       -5.9286e-13
    40.905         -2.26054338       -2.26054338       -5.5511e-13
    40.920         -2.25276849       -2.25276849       -5.1781e-13
    40.935         -2.24492738       -2.24492738       -4.8184e-13
    40.950         -2.23702130       -2.23702130       -4.4720e-13
    40.965         -2.22905151       -2.22905151       -4.1345e-13
    40.980         -2.22101931       -2.22101931       -3.8058e-13
    40.995         -2.21292602       -2.21292602       -3.4861e-13
    41.010         -2.20477300       -2.20477300       -3.1797e-13
    41.025         -2.19656164       -2.19656164       -2.8821e-13
    41.040         -2.18829336       -2.18829336       -2.5979e-13
    41.055         -2.17996959       -2.17996959       -2.3270e-13
    41.070         -2.17159180       -2.17159180       -2.0695e-13
    41.085         -2.16316151       -2.16316151       -1.8163e-13
    41.100         -2.15468023       -2.15468023       -1.5765e-13
    41.115         -2.14614952       -2.14614952       -1.3500e-13
    41.130         -2.13757095       -2.13757095       -1.1369e-13
    41.145         -2.12894614       -2.12894614       -9.3259e-14
    41.160         -2.12027671       -2.12027671       -7.4163e-14
    41.175         -2.11156432       -2.11156432       -5.6399e-14
    41.190         -2.10281065       -2.10281065       -3.9968e-14
    41.205         -2.09401740       -2.09401740       -2.4425e-14
    41.220         -2.08518629       -2.08518629       -9.7700e-15
    41.235         -2.07631908       -2.07631908        3.5527e-15
    41.250         -2.06741753       -2.06741753        1.5099e-14
    41.265         -2.05848343       -2.05848343        2.5757e-14
    41.280         -2.04951860       -2.04951860        3.5083e-14
    41.295         -2.04052487       -2.04052487        4.3521e-14
    41.310         -2.03150408       -2.03150408        5.0626e-14
    41.325         -2.02245811       -2.02245811        5.6399e-14
    41.340         -2.01338885       -2.01338885        6.1284e-14
    41.355         -2.00429819       -2.00429819        6.4837e-14
    41.370         -1.99518806       -1.99518806        6.7057e-14
    41.385         -1.98606040       -1.98606040        6.8168e-14
    41.400         -1.97691716       -1.97691716        6.8168e-14
    41.415         -1.96776030       -1.96776030        6.6835e-14
    41.430         -1.95859181       -1.95859181        6.4393e-14
    41.445         -1.94941369       -1.94941369        6.0618e-14
    41.460         -1.94022793       -1.94022793        5.5733e-14
    41.475         -1.93103655       -1.93103655        4.9738e-14
    41.490         -1.92184159       -1.92184159        4.2411e-14
    41.505         -1.91264509       -1.91264509        3.3973e-14
    41.520         -1.90344909       -1.90344909        2.4425e-14
    41.535         -1.89425565       -1.89425565        1.3767e-14
    41.550         -1.88506684       -1.88506684        1.9984e-15
    41.565         -1.87588474       -1.87588474       -1.0880e-14
    41.580         -1.86671141       -1.86671141       -2.4869e-14
    41.595         -1.85754895       -1.85754895       -3.9968e-14
    41.610         -1.84839945       -1.84839945       -5.6177e-14
    41.625         -1.83926501       -1.83926501       -7.3275e-14
    41.640         -1.83014772       -1.83014772       -9.1704e-14
    41.655         -1.82104968       -1.82104968       -1.1102e-13
    41.670         -1.81197301       -1.81197301       -1.3145e-13
    41.685         -1.80291980       -1.80291980       -1.5277e-13
    41.700         -1.79389215       -1.79389215       -1.7497e-13
    41.715         -1.78489219       -1.78489219       -1.9829e-13
    41.730         -1.77592200       -1.77592200       -2.2271e-13
    41.745         -1.76698369       -1.76698369       -2.4802e-13
    41.760         -1.75807937       -1.75807937       -2.7445e-13
    41.775         -1.74921113       -1.74921113       -3.0176e-13
    41.790         -1.74038106       -1.74038106       -3.2974e-13
    41.805         -1.73159125       -1.73159125       -3.5860e-13
    41.820         -1.72284378       -1.72284378       -3.8858e-13
    41.835         -1.71414073       -1.71414073       -4.1944e-13
    41.850         -1.70548417       -1.70548417       -4.5097e-13
    41.865         -1.69687616       -1.69687616       -4.8339e-13
    41.880         -1.68831876       -1.68831876       -5.1648e-13
    41.895         -1.67981400       -1.67981400       -5.5023e-13
    41.910         -1.67136392       -1.67136392       -5.8487e-13
    41.925         -1.66297054       -1.66297054       -6.2017e-13
    41.940         -1.65463587       -1.65463587       -6.5614e-13
    41.955         -1.64636191       -1.64636191       -6.9300e-13
    41.970         -1.63815066       -1.63815066       -7.3030e-13
    41.985         -1.63000407       -1.63000407       -7.6827e-13
    42.000         -1.62192411       -1.62192411       -8.0691e-13
    42.015         -1.61391271       -1.61391271       -8.4621e-13
    42.030         -1.60597182       -1.60597182       -8.8596e-13
    42.045         -1.59810333       -1.59810333       -9.2637e-13
    42.060         -1.59030914       -1.59030914       -9.6723e-13
    42.075         -1.58259112       -1.58259112       -1.0087e-12
    42.090         -1.57495114       -1.57495114       -1.0507e-12
    42.105         -1.56739102       -1.56739102       -1.0931e-12
    42.120         -1.55991258       -1.55991258       -1.1360e-12
    42.135         -1.55251763       -1.55251763       -1.1793e-12
    42.150         -1.54520793       -1.54520793       -1.2228e-12
    42.165         -1.53798524       -1.53798524       -1.2670e-12
    42.180         -1.53085129       -1.53085129       -1.3112e-12
    42.195         -1.52380779       -1.52380779       -1.3558e-12
    42.210         -1.51685642       -1.51685642       -1.4009e-12
    42.225         -1.50999884       -1.50999884       -1.4462e-12
    42.240         -1.50323669       -1.50323669       -1.4917e-12
    42.255         -1.49657157       -1.49657157       -1.5374e-12
    42.270         -1.49000507       -1.49000507       -1.5834e-12
    42.285         -1.48353874       -1.48353874       -1.6294e-12
    42.300         -1.47717411       -1.47717411       -1.6755e-12
    42.315         -1.47091268       -1.47091268       -1.7220e-12
    42.330         -1.46475593       -1.46475593       -1.7686e-12
    42.345         -1.45870530       -1.45870530       -1.8150e-12
    42.360         -1.45276221       -1.45276221       -1.8616e-12
    42.375         -1.44692803       -1.44692803       -1.9083e-12
    42.390         -1.44120412       -1.44120412       -1.9549e-12
    42.405         -1.43559181       -1.43559181       -2.0013e-12
    42.420         -1.43009239       -1.43009239       -2.0477e-12
    42.435         -1.42470712       -1.42470712       -2.0941e-12
    42.450         -1.41943723       -1.41943723       -2.1405e-12
    42.465         -1.41428391       -1.41428391       -2.1867e-12
    42.480         -1.40924832       -1.40924832       -2.2327e-12
    42.495         -1.40433160       -1.40433160       -2.2784e-12
    42.510         -1.39953485       -1.39953485       -2.3241e-12
    42.525         -1.39485912       -1.39485912       -2.3697e-12
    42.540         -1.39030544       -1.39030544       -2.4150e-12
    42.555         -1.38587481       -1.38587481       -2.4598e-12
    42.570         -1.38156817       -1.38156817       -2.5042e-12
    42.585         -1.37738647       -1.37738647       -2.5484e-12
    42.600         -1.37333057       -1.37333057       -2.5921e-12
    42.615         -1.36940134       -1.36940134       -2.6354e-12
    42.630         -1.36559959       -1.36559959       -2.6785e-12
    42.645         -1.36192609       -1.36192609       -2.7212e-12
    42.660         -1.35838159       -1.35838159       -2.7633e-12
    42.675         -1.35496679       -1.35496679       -2.8051e-12
    42.690         -1.35168237       -1.35168237       -2.8464e-12
    42.705         -1.34852894       -1.34852894       -2.8872e-12
    42.720         -1.34550711       -1.34550711       -2.9272e-12
    42.735         -1.34261744       -1.34261744       -2.9667e-12
    42.750         -1.33986043       -1.33986043       -3.0056e-12
    42.765         -1.33723658       -1.33723658       -3.0440e-12
    42.780         -1.33474632       -1.33474632       -3.0818e-12
    42.795         -1.33239006       -1.33239006       -3.1188e-12
    42.810         -1.33016816       -1.33016816       -3.1553e-12
    42.825         -1.32808096       -1.32808096       -3.1910e-12
    42.840         -1.32612875       -1.32612875       -3.2261e-12
    42.855         -1.32431178       -1.32431178       -3.2603e-12
    42.870         -1.32263026       -1.32263026       -3.2938e-12
    42.885         -1.32108437       -1.32108437       -3.3265e-12
    42.900         -1.31967426       -1.31967426       -3.3584e-12
    42.915         -1.31840001       -1.31840001       -3.3895e-12
    42.930         -1.31726169       -1.31726169       -3.4197e-12
    42.945         -1.31625934       -1.31625934       -3.4492e-12
    42.960         -1.31539293       -1.31539293       -3.4779e-12
    42.975         -1.31466241       -1.31466241       -3.5056e-12
    42.990         -1.31406770       -1.31406770       -3.5325e-12
    43.005         -1.31360866       -1.31360866       -3.5585e-12
    43.020         -1.31328514       -1.31328514       -3.5834e-12
    43.035         -1.31309694       -1.31309694       -3.6076e-12
    43.050         -1.31304381       -1.31304381       -3.6307e-12
    43.065         -1.31312549       -1.31312549       -3.6529e-12
    43.080         -1.31334165       -1.31334165       -3.6740e-12
    43.095         -1.31369196       -1.31369196       -3.6942e-12
    43.110         -1.31417602       -1.31417602       -3.7133e-12
    43.125         -1.31479341       -1.31479341       -3.7312e-12
    43.140         -1.31554368       -1.31554368       -3.7481e-12
    43.155         -1.31642634       -1.31642634       -3.7641e-12
    43.170         -1.31744085       -1.31744085       -3.7792e-12
    43.185         -1.31858666       -1.31858666       -3.7930e-12
    43.200         -1.31986316       -1.31986316       -3.8058e-12
    43.215         -1.32126971       -1.32126971       -3.8176e-12
    43.230         -1.32280566       -1.32280566       -3.8283e-12
    43.245         -1.32447029       -1.32447029       -3.8380e-12
    43.260         -1.32626288       -1.32626288       -3.8465e-12
    43.275         -1.32818265       -1.32818265       -3.8540e-12
    43.290         -1.33022880       -1.33022880       -3.8602e-12
    43.305         -1.33240049       -1.33240049       -3.8654e-12
    43.320         -1.33469685       -1.33469685       -3.8693e-12
    43.335         -1.33711698       -1.33711698       -3.8722e-12
    43.350         -1.33965995       -1.33965995       -3.8740e-12
    43.365         -1.34232479       -1.34232479       -3.8747e-12
    43.380         -1.34511051       -1.34511051       -3.8742e-12
    43.395         -1.34801608       -1.34801608       -3.8727e-12
    43.410         -1.35104043       -1.35104043       -3.8698e-12
    43.425         -1.35418249       -1.35418249       -3.8658e-12
    43.440         -1.35744113       -1.35744113       -3.8607e-12
    43.455         -1.36081521       -1.36081521       -3.8547e-12
    43.470         -1.36430354       -1.36430354       -3.8476e-12
    43.485         -1.36790493       -1.36790493       -3.8394e-12
    43.500         -1.37161815       -1.37161815       -3.8298e-12
    43.515         -1.37544192       -1.37544192       -3.8194e-12
    43.530         -1.37937496       -1.37937496       -3.8076e-12
    43.545         -1.38341595       -1.38341595       -3.7947e-12
    43.560         -1.38756356       -1.38756356       -3.7808e-12
    43.575         -1.39181642       -1.39181642       -3.7657e-12
    43.590         -1.39617312       -1.39617312       -3.7494e-12
    43.605         -1.40063225       -1.40063225       -3.7321e-12
    43.620         -1.40519238       -1.40519238       -3.7139e-12
    43.635         -1.40985202       -1.40985202       -3.6946e-12
    43.650         -1.41460969       -1.41460969       -3.6742e-12
    43.665         -1.41946387       -1.41946387       -3.6526e-12
    43.680         -1.42441302       -1.42441302       -3.6300e-12
    43.695         -1.42945558       -1.42945558       -3.6064e-12
    43.710         -1.43458998       -1.43458998       -3.5818e-12
    43.725         -1.43981460       -1.43981460       -3.5563e-12
    43.740         -1.44512782       -1.44512782       -3.5298e-12
    43.755         -1.45052799       -1.45052799       -3.5023e-12
    43.770         -1.45601346       -1.45601346       -3.4739e-12
    43.785         -1.46158253       -1.46158253       -3.4446e-12
    43.800         -1.46723350       -1.46723350       -3.4144e-12
    43.815         -1.47296465       -1.47296465       -3.3831e-12
    43.830         -1.47877423       -1.47877423       -3.3509e-12
    43.845         -1.48466050       -1.48466050       -3.3178e-12
    43.860         -1.49062168       -1.49062168       -3.2838e-12
    43.875         -1.49665597       -1.49665597       -3.2490e-12
    43.890         -1.50276158       -1.50276158       -3.2134e-12
    43.905         -1.50893667       -1.50893667       -3.1770e-12
    43.920         -1.51517942       -1.51517942       -3.1397e-12
    43.935         -1.52148798       -1.52148798       -3.1015e-12
    43.950         -1.52786047       -1.52786047       -3.0627e-12
    43.965         -1.53429503       -1.53429503       -3.0231e-12
    43.980         -1.54078976       -1.54078976       -2.9829e-12
    43.995         -1.54734277       -1.54734277       -2.9419e-12
    44.010         -1.55395214       -1.55395214       -2.9003e-12
    44.025         -1.56061595       -1.56061595       -2.8579e-12
    44.040         -1.56733227       -1.56733227       -2.8149e-12
    44.055         -1.57409916       -1.57409916       -2.7713e-12
    44.070         -1.58091467       -1.58091467       -2.7272e-12
    44.085         -1.58777683       -1.58777683       -2.6825e-12
    44.100         -1.59468368       -1.59468368       -2.6372e-12
    44.115         -1.60163325       -1.60163325       -2.5913e-12
    44.130         -1.60862356       -1.60862356       -2.5449e-12
    44.145         -1.61565261       -1.61565261       -2.4980e-12
    44.160         -1.62271843       -1.62271843       -2.4507e-12
    44.175         -1.62981900       -1.62981900       -2.4030e-12
    44.190         -1.63695234       -1.63695234       -2.3548e-12
    44.205         -1.64411644       -1.64411644       -2.3062e-12
    44.220         -1.65130929       -1.65130929       -2.2573e-12
    44.235         -1.65852889       -1.65852889       -2.2080e-12
    44.250         -1.66577321       -1.66577321       -2.1585e-12
    44.265         -1.67304026       -1.67304026       -2.1088e-12
    44.280         -1.68032802       -1.68032802       -2.0588e-12
    44.295         -1.68763448       -1.68763448       -2.0086e-12
    44.310         -1.69495763       -1.69495763       -1.9580e-12
    44.325         -1.70229546       -1.70229546       -1.9074e-12
    44.340         -1.70964595       -1.70964595       -1.8563e-12
    44.355         -1.71700712       -1.71700712       -1.8052e-12
    44.370         -1.72437695       -1.72437695       -1.7542e-12
    44.385         -1.73175345       -1.73175345       -1.7029e-12
    44.400         -1.73913462       -1.73913462       -1.6516e-12
    44.415         -1.74651849       -1.74651849       -1.6003e-12
    44.430         -1.75390306       -1.75390306       -1.5490e-12
    44.445         -1.76128636       -1.76128636       -1.4975e-12
    44.460         -1.76866642       -1.76866642       -1.4462e-12
    44.475         -1.77604129       -1.77604129       -1.3947e-12
    44.490         -1.78340900       -1.78340900       -1.3434e-12
    44.505         -1.79076762       -1.79076762       -1.2921e-12
    44.520         -1.79811521       -1.79811521       -1.2410e-12
    44.535         -1.80544984       -1.80544984       -1.1902e-12
    44.550         -1.81276961       -1.81276961       -1.1395e-12
    44.565         -1.82007260       -1.82007260       -1.0889e-12
    44.580         -1.82735693       -1.82735693       -1.0387e-12
    44.595         -1.83462071       -1.83462071       -9.8876e-13
    44.610         -1.84186208       -1.84186208       -9.3903e-13
    44.625         -1.84907919       -1.84907919       -8.8951e-13
    44.640         -1.85627019       -1.85627019       -8.4044e-13
    44.655         -1.86343327       -1.86343327       -7.9159e-13
    44.670         -1.87056660       -1.87056660       -7.4296e-13
    44.685         -1.87766840       -1.87766840       -6.9478e-13
    44.700         -1.88473689       -1.88473689       -6.4704e-13
    44.715         -1.89177031       -1.89177031       -5.9974e-13
    44.730         -1.89876691       -1.89876691       -5.5289e-13
    44.745         -1.90572496       -1.90572496       -5.0648e-13
    44.760         -1.91264275       -1.91264275       -4.6074e-13
    44.775         -1.91951860       -1.91951860       -4.1545e-13
    44.790         -1.92635082       -1.92635082       -3.7059e-13
    44.805         -1.93313778       -1.93313778       -3.2618e-13
    44.820         -1.93987783       -1.93987783       -2.8244e-13
    44.835         -1.94656937       -1.94656937       -2.3936e-13
    44.850         -1.95321080       -1.95321080       -1.9673e-13
    44.865         -1.95980055       -1.95980055       -1.5477e-13
    44.880         -1.96633708       -1.96633708       -1.1369e-13
    44.895         -1.97281885       -1.97281885       -7.3053e-14
    44.910         -1.97924438       -1.97924438       -3.3085e-14
    44.925         -1.98561216       -1.98561216        5.9952e-15
    44.940         -1.99192076       -1.99192076        4.4409e-14
    44.955         -1.99816872       -1.99816872        8.2157e-14
    44.970         -2.00435466       -2.00435466        1.1902e-13
    44.985         -2.01047717       -2.01047717        1.5543e-13
    45.000         -2.01653490       -2.01653490        1.9096e-13
    45.015         -2.02252651       -2.02252651        2.2560e-13
    45.030         -2.02845070       -2.02845070        2.5935e-13
    45.045         -2.03430618       -2.03430618        2.9265e-13
    45.060         -2.04009168       -2.04009168        3.2507e-13
    45.075         -2.04580599       -2.04580599        3.5660e-13
    45.090         -2.05144790       -2.05144790        3.8725e-13
    45.105         -2.05701622       -2.05701622        4.1700e-13
    45.120         -2.06250980       -2.06250980        4.4587e-13
    45.135         -2.06792753       -2.06792753        4.7384e-13
    45.150         -2.07326830       -2.07326830        5.0093e-13
    45.165         -2.07853105       -2.07853105        5.2713e-13
    45.180         -2.08371473       -2.08371473        5.5200e-13
    45.195         -2.08881834       -2.08881834        5.7598e-13
    45.210         -2.09384089       -2.09384089        5.9908e-13
    45.225         -2.09878142       -2.09878142        6.2128e-13
    45.240         -2.10363902       -2.10363902        6.4260e-13
    45.255         -2.10841277       -2.10841277        6.6303e-13
    45.270         -2.11310182       -2.11310182        6.8257e-13
    45.285         -2.11770532       -2.11770532        7.0122e-13
    45.300         -2.12222247       -2.12222247        7.1898e-13
    45.315         -2.12665248       -2.12665248        7.3541e-13
    45.330         -2.13099461       -2.13099461        7.5095e-13
    45.345         -2.13524812       -2.13524812        7.6561e-13
    45.360         -2.13941234       -2.13941234        7.7893e-13
    45.375         -2.14348659       -2.14348659        7.9137e-13
    45.390         -2.14747025       -2.14747025        8.0291e-13
    45.405         -2.15136271       -2.15136271        8.1357e-13
    45.420         -2.15516340       -2.15516340        8.2290e-13
    45.435         -2.15887177       -2.15887177        8.3134e-13
    45.450         -2.16248733       -2.16248733        8.3888e-13
    45.465         -2.16600957       -2.16600957        8.4555e-13
    45.480         -2.16943805       -2.16943805        8.5087e-13
    45.495         -2.17277235       -2.17277235        8.5532e-13
    45.510         -2.17601206       -2.17601206        8.5887e-13
    45.525         -2.17915684       -2.17915684        8.6153e-13
    45.540         -2.18220633       -2.18220633        8.6331e-13
    45.555         -2.18516025       -2.18516025        8.6420e-13
    45.570         -2.18801831       -2.18801831        8.6375e-13
    45.585         -2.19078026       -2.19078026        8.6287e-13
    45.600         -2.19344590       -2.19344590        8.6064e-13
    45.615         -2.19601503       -2.19601503        8.5754e-13
    45.630         -2.19848750       -2.19848750        8.5354e-13
    45.645         -2.20086317       -2.20086317        8.4865e-13
    45.660         -2.20314195       -2.20314195        8.4288e-13
    45.675         -2.20532377       -2.20532377        8.3578e-13
    45.690         -2.20740858       -2.20740858        8.2778e-13
    45.705         -2.20939637       -2.20939637        8.1934e-13
    45.720         -2.21128715       -2.21128715        8.1002e-13
    45.735         -2.21308097       -2.21308097        7.9980e-13
    45.750         -2.21477789       -2.21477789        7.8826e-13
    45.765         -2.21637802       -2.21637802        7.7582e-13
    45.780         -2.21788147       -2.21788147        7.6250e-13
    45.795         -2.21928840       -2.21928840        7.4873e-13
    45.810         -2.22059899       -2.22059899        7.3408e-13
    45.825         -2.22181345       -2.22181345        7.1854e-13
    45.840         -2.22293200       -2.22293200        7.0211e-13
    45.855         -2.22395491       -2.22395491        6.8523e-13
    45.870         -2.22488247       -2.22488247        6.6702e-13
    45.885         -2.22571498       -2.22571498        6.4837e-13
    45.900         -2.22645278       -2.22645278        6.2883e-13
    45.915         -2.22709624       -2.22709624        6.0885e-13
    45.930         -2.22764573       -2.22764573        5.8842e-13
    45.945         -2.22810169       -2.22810169        5.6666e-13
    45.960         -2.22846453       -2.22846453        5.4445e-13
    45.975         -2.22873472       -2.22873472        5.2180e-13
    45.990         -2.22891275       -2.22891275        4.9827e-13
    46.005         -2.22899913       -2.22899913        4.7384e-13
    46.020         -2.22899438       -2.22899438        4.4897e-13
    46.035         -2.22889906       -2.22889906        4.2366e-13
    46.050         -2.22871376       -2.22871376        3.9746e-13
    46.065         -2.22843906       -2.22843906        3.7126e-13
    46.080         -2.22807560       -2.22807560        3.4461e-13
    46.095         -2.22762401       -2.22762401        3.1708e-13
    46.110         -2.22708497       -2.22708497        2.8910e-13
    46.125         -2.22645916       -2.22645916        2.6068e-13
    46.140         -2.22574727       -2.22574727        2.3181e-13
    46.155         -2.22495006       -2.22495006        2.0250e-13
    46.170         -2.22406825       -2.22406825        1.7275e-13
    46.185         -2.22310262       -2.22310262        1.4255e-13
    46.200         -2.22205396       -2.22205396        1.1235e-13
    46.215         -2.22092307       -2.22092307        8.1268e-14
    46.230         -2.21971077       -2.21971077        5.0182e-14
    46.245         -2.21841791       -2.21841791        1.8652e-14
    46.260         -2.21704535       -2.21704535       -1.3323e-14
    46.275         -2.21559396       -2.21559396       -4.5297e-14
    46.290         -2.21406465       -2.21406465       -7.7716e-14
    46.305         -2.21245832       -2.21245832       -1.1058e-13
    46.320         -2.21077590       -2.21077590       -1.4300e-13
    46.335         -2.20901833       -2.20901833       -1.7586e-13
    46.350         -2.20718658       -2.20718658       -2.0917e-13
    46.365         -2.20528162       -2.20528162       -2.4247e-13
    46.380         -2.20330444       -2.20330444       -2.7578e-13
    46.395         -2.20125604       -2.20125604       -3.0909e-13
    46.410         -2.19913745       -2.19913745       -3.4239e-13
    46.425         -2.19694969       -2.19694969       -3.7570e-13
    46.440         -2.19469381       -2.19469381       -4.0945e-13
    46.455         -2.19237088       -2.19237088       -4.4320e-13
    46.470         -2.18998195       -2.18998195       -4.7695e-13
    46.485         -2.18752812       -2.18752812       -5.1026e-13
    46.500         -2.18501048       -2.18501048       -5.4357e-13
    46.515         -2.18243014       -2.18243014       -5.7732e-13
    46.530         -2.17978820       -2.17978820       -6.1107e-13
    46.545         -2.17708582       -2.17708582       -6.4437e-13
    46.560         -2.17432411       -2.17432411       -6.7768e-13
    46.575         -2.17150423       -2.17150423       -7.1054e-13
    46.590         -2.16862733       -2.16862733       -7.4341e-13
    46.605         -2.16569459       -2.16569459       -7.7627e-13
    46.620         -2.16270718       -2.16270718       -8.0869e-13
    46.635         -2.15966628       -2.15966628       -8.4110e-13
    46.650         -2.15657308       -2.15657308       -8.7308e-13
    46.665         -2.15342879       -2.15342879       -9.0505e-13
    46.680         -2.15023461       -2.15023461       -9.3658e-13
    46.695         -2.14699175       -2.14699175       -9.6767e-13
    46.710         -2.14370144       -2.14370144       -9.9876e-13
    46.725         -2.14036489       -2.14036489       -1.0290e-12
    46.740         -2.13698335       -2.13698335       -1.0592e-12
    46.755         -2.13355804       -2.13355804       -1.0885e-12
    46.770         -2.13009021       -2.13009021       -1.1178e-12
    46.785         -2.12658112       -2.12658112       -1.1466e-12
    46.800         -2.12303199       -2.12303199       -1.1751e-12
    46.815         -2.11944410       -2.11944410       -1.2030e-12
    46.830         -2.11581870       -2.11581870       -1.2306e-12
    46.845         -2.11215705       -2.11215705       -1.2577e-12
    46.860         -2.10846042       -2.10846042       -1.2843e-12
    46.875         -2.10473006       -2.10473006       -1.3101e-12
    46.890         -2.10096726       -2.10096726       -1.3354e-12
    46.905         -2.09717328       -2.09717328       -1.3607e-12
    46.920         -2.09334939       -2.09334939       -1.3851e-12
    46.935         -2.08949686       -2.08949686       -1.4091e-12
    46.950         -2.08561698       -2.08561698       -1.4326e-12
    46.965         -2.08171101       -2.08171101       -1.4557e-12
    46.980         -2.07778022       -2.07778022       -1.4775e-12
    46.995         -2.07382590       -2.07382590       -1.4988e-12
    47.010         -2.06984931       -2.06984931       -1.5197e-12
    47.025         -2.06585173       -2.06585173       -1.5401e-12
    47.040         -2.06183443       -2.06183443       -1.5596e-12
    47.055         -2.05779867       -2.05779867       -1.5787e-12
    47.070         -2.05374573       -2.05374573       -1.5969e-12
    47.085         -2.04967688       -2.04967688       -1.6143e-12
    47.100         -2.04559337       -2.04559337       -1.6311e-12
    47.115         -2.04149646       -2.04149646       -1.6476e-12
    47.130         -2.03738742       -2.03738742       -1.6631e-12
    47.145         -2.03326749       -2.03326749       -1.6778e-12
    47.160         -2.02913794       -2.02913794       -1.6920e-12
    47.175         -2.02499999       -2.02499999       -1.7053e-12
    47.190         -2.02085491       -2.02085491       -1.7177e-12
    47.205         -2.01670391       -2.01670391       -1.7297e-12
    47.220         -2.01254825       -2.01254825       -1.7408e-12
    47.235         -2.00838914       -2.00838914       -1.7510e-12
    47.250         -2.00422781       -2.00422781       -1.7604e-12
    47.265         -2.00006548       -2.00006548       -1.7688e-12
    47.280         -1.99590335       -1.99590335       -1.7768e-12
    47.295         -1.99174263       -1.99174263       -1.7841e-12
    47.310         -1.98758453       -1.98758453       -1.7906e-12
    47.325         -1.98343022       -1.98343022       -1.7961e-12
    47.340         -1.97928090       -1.97928090       -1.8012e-12
    47.355         -1.97513775       -1.97513775       -1.8052e-12
    47.370         -1.97100193       -1.97100193       -1.8088e-12
    47.385         -1.96687461       -1.96687461       -1.8114e-12
    47.400         -1.96275695       -1.96275695       -1.8134e-12
    47.415         -1.95865008       -1.95865008       -1.8143e-12
    47.430         -1.95455515       -1.95455515       -1.8145e-12
    47.445         -1.95047330       -1.95047330       -1.8141e-12
    47.460         -1.94640563       -1.94640563       -1.8128e-12
    47.475         -1.94235326       -1.94235326       -1.8106e-12
    47.490         -1.93831730       -1.93831730       -1.8077e-12
    47.505         -1.93429883       -1.93429883       -1.8041e-12
    47.520         -1.93029895       -1.93029895       -1.7997e-12
    47.535         -1.92631872       -1.92631872       -1.7943e-12
    47.550         -1.92235921       -1.92235921       -1.7886e-12
    47.565         -1.91842147       -1.91842147       -1.7819e-12
    47.580         -1.91450654       -1.91450654       -1.7744e-12
    47.595         -1.91061546       -1.91061546       -1.7661e-12
    47.610         -1.90674925       -1.90674925       -1.7573e-12
    47.625         -1.90290892       -1.90290892       -1.7475e-12
    47.640         -1.89909546       -1.89909546       -1.7371e-12
    47.655         -1.89530987       -1.89530987       -1.7257e-12
    47.670         -1.89155311       -1.89155311       -1.7137e-12
    47.685         -1.88782616       -1.88782616       -1.7011e-12
    47.700         -1.88412996       -1.88412996       -1.6878e-12
    47.715         -1.88046546       -1.88046546       -1.6736e-12
    47.730         -1.87683358       -1.87683358       -1.6589e-12
    47.745         -1.87323523       -1.87323523       -1.6434e-12
    47.760         -1.86967132       -1.86967132       -1.6271e-12
    47.775         -1.86614274       -1.86614274       -1.6105e-12
    47.790         -1.86265036       -1.86265036       -1.5929e-12
    47.805         -1.85919504       -1.85919504       -1.5750e-12
    47.820         -1.85577764       -1.85577764       -1.5563e-12
    47.835         -1.85239899       -1.85239899       -1.5370e-12
    47.850         -1.84905991       -1.84905991       -1.5170e-12
    47.865         -1.84576121       -1.84576121       -1.4964e-12
    47.880         -1.84250369       -1.84250369       -1.4753e-12
    47.895         -1.83928813       -1.83928813       -1.4535e-12
    47.910         -1.83611528       -1.83611528       -1.4313e-12
    47.925         -1.83298591       -1.83298591       -1.4087e-12
    47.940         -1.82990075       -1.82990075       -1.3851e-12
    47.955         -1.82686053       -1.82686053       -1.3611e-12
    47.970         -1.82386594       -1.82386594       -1.3367e-12
    47.985         -1.82091769       -1.82091769       -1.3116e-12
    48.000         -1.81801645       -1.81801645       -1.2861e-12
    48.015         -1.81516288       -1.81516288       -1.2601e-12
    48.030         -1.81235763       -1.81235763       -1.2337e-12
    48.045         -1.80960133       -1.80960133       -1.2070e-12
    48.060         -1.80689460       -1.80689460       -1.1797e-12
    48.075         -1.80423804       -1.80423804       -1.1522e-12
    48.090         -1.80163222       -1.80163222       -1.1242e-12
    48.105         -1.79907773       -1.79907773       -1.0960e-12
    48.120         -1.79657511       -1.79657511       -1.0674e-12
    48.135         -1.79412490       -1.79412490       -1.0383e-12
    48.150         -1.79172761       -1.79172761       -1.0090e-12
    48.165         -1.78938376       -1.78938376       -9.7922e-13
    48.180         -1.78709382       -1.78709382       -9.4924e-13
    48.195         -1.78485827       -1.78485827       -9.1904e-13
    48.210         -1.78267756       -1.78267756       -8.8840e-13
    48.225         -1.78055212       -1.78055212       -8.5754e-13
    48.240         -1.77848237       -1.77848237       -8.2645e-13
    48.255         -1.77646872       -1.77646872       -7.9492e-13
    48.270         -1.77451155       -1.77451155       -7.6339e-13
    48.285         -1.77261123       -1.77261123       -7.3164e-13
    48.300         -1.77076810       -1.77076810       -6.9966e-13
    48.315         -1.76898250       -1.76898250       -6.6747e-13
    48.330         -1.76725474       -1.76725474       -6.3505e-13
    48.345         -1.76558512       -1.76558512       -6.0263e-13
    48.360         -1.76397392       -1.76397392       -5.6999e-13
    48.375         -1.76242139       -1.76242139       -5.3735e-13
    48.390         -1.76092779       -1.76092779       -5.0449e-13
    48.405         -1.75949332       -1.75949332       -4.7162e-13
    48.420         -1.75811821       -1.75811821       -4.3854e-13
    48.435         -1.75680263       -1.75680263       -4.0545e-13
    48.450         -1.75554675       -1.75554675       -3.7259e-13
    48.465         -1.75435073       -1.75435073       -3.3951e-13
    48.480         -1.75321470       -1.75321470       -3.0664e-13
    48.495         -1.75213877       -1.75213877       -2.7378e-13
    48.510         -1.75112303       -1.75112303       -2.4092e-13
    48.525         -1.75016756       -1.75016756       -2.0806e-13
    48.540         -1.74927242       -1.74927242       -1.7542e-13
    48.555         -1.74843764       -1.74843764       -1.4277e-13
    48.570         -1.74766324       -1.74766324       -1.1036e-13
    48.585         -1.74694922       -1.74694922       -7.7938e-14
    48.600         -1.74629556       -1.74629556       -4.5741e-14
    48.615         -1.74570222       -1.74570222       -1.3545e-14
    48.630         -1.74516914       -1.74516914        1.8430e-14
    48.645         -1.74469625       -1.74469625        5.0404e-14
    48.660         -1.74428344       -1.74428344        8.1934e-14
    48.675         -1.74393061       -1.74393061        1.1324e-13
    48.690         -1.74363761       -1.74363761        1.4455e-13
    48.705         -1.74340428       -1.74340428        1.7542e-13
    48.720         -1.74323046       -1.74323046        2.0606e-13
    48.735         -1.74311595       -1.74311595        2.3670e-13
    48.750         -1.74306054       -1.74306054        2.6690e-13
    48.765         -1.74306398       -1.74306398        2.9710e-13
    48.780         -1.74312604       -1.74312604        3.2685e-13
    48.795         -1.74324643       -1.74324643        3.5638e-13
    48.810         -1.74342486       -1.74342486        3.8547e-13
    48.825         -1.74366103       -1.74366103        4.1434e-13
    48.840         -1.74395461       -1.74395461        4.4298e-13
    48.855         -1.74430523       -1.74430523        4.7118e-13
    48.870         -1.74471254       -1.74471254        4.9916e-13
    48.885         -1.74517615       -1.74517615        5.2669e-13
    48.900         -1.74569565       -1.74569565        5.5378e-13
    48.915         -1.74627061       -1.74627061        5.8042e-13
    48.930         -1.74690058       -1.74690058        6.0685e-13
    48.945         -1.74758511       -1.74758511        6.3283e-13
    48.960         -1.74832372       -1.74832372        6.5858e-13
    48.975         -1.74911588       -1.74911588        6.8390e-13
    48.990         -1.74996110       -1.74996110        7.0877e-13
    49.005         -1.75085883       -1.75085883        7.3319e-13
    49.020         -1.75180851       -1.75180851        7.5717e-13
    49.035         -1.75280957       -1.75280957        7.8071e-13
    49.050         -1.75386141       -1.75386141        8.0380e-13
    49.065         -1.75496343       -1.75496343        8.2645e-13
    49.080         -1.75611499       -1.75611499        8.4865e-13
    49.095         -1.75731546       -1.75731546        8.7041e-13
    49.110         -1.75856415       -1.75856415        8.9173e-13
    49.125         -1.75986041       -1.75986041        9.1260e-13
    49.140         -1.76120352       -1.76120352        9.3303e-13
    49.155         -1.76259277       -1.76259277        9.5302e-13
    49.170         -1.76402744       -1.76402744        9.7233e-13
    49.185         -1.76550677       -1.76550677        9.9121e-13
    49.200         -1.76703001       -1.76703001        1.0094e-12
    49.215         -1.76859637       -1.76859637        1.0272e-12
    49.230         -1.77020506       -1.77020506        1.0447e-12
    49.245         -1.77185528       -1.77185528        1.0616e-12
    49.260         -1.77354619       -1.77354619        1.0780e-12
    49.275         -1.77527696       -1.77527696        1.0940e-12
    49.290         -1.77704673       -1.77704673        1.1096e-12
    49.305         -1.77885464       -1.77885464        1.1244e-12
    49.320         -1.78069981       -1.78069981        1.1386e-12
    49.335         -1.78258134       -1.78258134        1.1526e-12
    49.350         -1.78449832       -1.78449832        1.1660e-12
    49.365         -1.78644983       -1.78644983        1.1788e-12
    49.380         -1.78843495       -1.78843495        1.1910e-12
    49.395         -1.79045272       -1.79045272        1.2026e-12
    49.410         -1.79250219       -1.79250219        1.2137e-12
    49.425         -1.79458239       -1.79458239        1.2244e-12
    49.440         -1.79669233       -1.79669233        1.2343e-12
    49.455         -1.79883104       -1.79883104        1.2439e-12
    49.470         -1.80099751       -1.80099751        1.2530e-12
    49.485         -1.80319073       -1.80319073        1.2617e-12
    49.500         -1.80540968       -1.80540968        1.2697e-12
    49.515         -1.80765333       -1.80765333        1.2772e-12
    49.530         -1.80992065       -1.80992065        1.2841e-12
    49.545         -1.81221058       -1.81221058        1.2903e-12
    49.560         -1.81452208       -1.81452208        1.2961e-12
    49.575         -1.81685408       -1.81685408        1.3012e-12
    49.590         -1.81920552       -1.81920552        1.3058e-12
    49.605         -1.82157532       -1.82157532        1.3098e-12
    49.620         -1.82396239       -1.82396239        1.3134e-12
    49.635         -1.82636566       -1.82636566        1.3163e-12
    49.650         -1.82878403       -1.82878403        1.3187e-12
    49.665         -1.83121641       -1.83121641        1.3205e-12
    49.680         -1.83366168       -1.83366168        1.3216e-12
    49.695         -1.83611875       -1.83611875        1.3223e-12
    49.710         -1.83858651       -1.83858651        1.3225e-12
    49.725         -1.84106384       -1.84106384        1.3221e-12
    49.740         -1.84354964       -1.84354964        1.3209e-12
    49.755         -1.84604277       -1.84604277        1.3194e-12
    49.770         -1.84854213       -1.84854213        1.3174e-12
    49.785         -1.85104660       -1.85104660        1.3145e-12
    49.800         -1.85355504       -1.85355504        1.3112e-12
    49.815         -1.85606634       -1.85606634        1.3072e-12
    49.830         -1.85857939       -1.85857939        1.3027e-12
    49.845         -1.86109305       -1.86109305        1.2976e-12
    49.860         -1.86360620       -1.86360620        1.2921e-12
    49.875         -1.86611774       -1.86611774        1.2861e-12
    49.890         -1.86862653       -1.86862653        1.2792e-12
    49.905         -1.87113147       -1.87113147        1.2719e-12
    49.920         -1.87363144       -1.87363144        1.2639e-12
    49.935         -1.87612533       -1.87612533        1.2554e-12
    49.950         -1.87861204       -1.87861204        1.2463e-12
    49.965         -1.88109047       -1.88109047        1.2368e-12
    49.980         -1.88355951       -1.88355951        1.2268e-12
    49.995         -1.88601808       -1.88601808        1.2161e-12
    50.010         -1.88846508       -1.88846508        1.2048e-12
    50.025         -1.89089944       -1.89089944        1.1930e-12
    50.040         -1.89332008       -1.89332008        1.1806e-12
    50.055         -1.89572593       -1.89572593        1.1677e-12
    50.070         -1.89811593       -1.89811593        1.1542e-12
    50.085         -1.90048902       -1.90048902        1.1400e-12
    50.100         -1.90284416       -1.90284416        1.1253e-12
    50.115         -1.90518030       -1.90518030        1.1102e-12
    50.130         -1.90749642       -1.90749642        1.0945e-12
    50.145         -1.90979150       -1.90979150        1.0782e-12
    50.160         -1.91206452       -1.91206452        1.0614e-12
    50.175         -1.91431447       -1.91431447        1.0441e-12
    50.190         -1.91654038       -1.91654038        1.0261e-12
    50.205         -1.91874125       -1.91874125        1.0074e-12
    50.220         -1.92091611       -1.92091611        9.8832e-13
    50.235         -1.92306401       -1.92306401        9.6878e-13
    50.250         -1.92518399       -1.92518399        9.4857e-13
    50.265         -1.92727512       -1.92727512        9.2792e-13
    50.280         -1.92933648       -1.92933648        9.0683e-13
    50.295         -1.93136716       -1.93136716        8.8485e-13
    50.310         -1.93336624       -1.93336624        8.6242e-13
    50.325         -1.93533286       -1.93533286        8.3955e-13
    50.340         -1.93726614       -1.93726614        8.1601e-13
    50.355         -1.93916522       -1.93916522        7.9226e-13
    50.370         -1.94102926       -1.94102926        7.6783e-13
    50.385         -1.94285743       -1.94285743        7.4296e-13
    50.400         -1.94464892       -1.94464892        7.1743e-13
    50.415         -1.94640293       -1.94640293        6.9145e-13
    50.430         -1.94811868       -1.94811868        6.6502e-13
    50.445         -1.94979539       -1.94979539        6.3816e-13
    50.460         -1.95143233       -1.95143233        6.1062e-13
    50.475         -1.95302876       -1.95302876        5.8265e-13
    50.490         -1.95458395       -1.95458395        5.5422e-13
    50.505         -1.95609722       -1.95609722        5.2536e-13
    50.520         -1.95756788       -1.95756788        4.9605e-13
    50.535         -1.95899526       -1.95899526        4.6629e-13
    50.550         -1.96037872       -1.96037872        4.3610e-13
    50.565         -1.96171763       -1.96171763        4.0545e-13
    50.580         -1.96301137       -1.96301137        3.7437e-13
    50.595         -1.96425937       -1.96425937        3.4261e-13
    50.610         -1.96546105       -1.96546105        3.1064e-13
    50.625         -1.96661584       -1.96661584        2.7822e-13
    50.640         -1.96772323       -1.96772323        2.4536e-13
    50.655         -1.96878270       -1.96878270        2.1205e-13
    50.670         -1.96979375       -1.96979375        1.7830e-13
    50.685         -1.97075591       -1.97075591        1.4411e-13
    50.700         -1.97166872       -1.97166872        1.0969e-13
    50.715         -1.97253176       -1.97253176        7.4829e-14
    50.730         -1.97334461       -1.97334461        3.9524e-14
    50.745         -1.97410689       -1.97410689        3.7748e-15
    50.760         -1.97481821       -1.97481821       -3.2196e-14
    50.775         -1.97547824       -1.97547824       -6.8612e-14
    50.790         -1.97608664       -1.97608664       -1.0569e-13
    50.805         -1.97664312       -1.97664312       -1.4277e-13
    50.820         -1.97714739       -1.97714739       -1.8030e-13
    50.835         -1.97759918       -1.97759918       -2.1827e-13
    50.850         -1.97799826       -1.97799826       -2.5668e-13
    50.865         -1.97834442       -1.97834442       -2.9532e-13
    50.880         -1.97863745       -1.97863745       -3.3440e-13
    50.895         -1.97887719       -1.97887719       -3.7392e-13
    50.910         -1.97906349       -1.97906349       -4.1367e-13
    50.925         -1.97919622       -1.97919622       -4.5386e-13
    50.940         -1.97927528       -1.97927528       -4.9427e-13
    50.955         -1.97930059       -1.97930059       -5.3513e-13
    50.970         -1.97927209       -1.97927209       -5.7621e-13
    50.985         -1.97918975       -1.97918975       -6.1773e-13
    51.000         -1.97905356       -1.97905356       -6.5969e-13
    51.015         -1.97886353       -1.97886353       -7.0188e-13
    51.030         -1.97861970       -1.97861970       -7.4452e-13
    51.045         -1.97832212       -1.97832212       -7.8737e-13
    51.060         -1.97797089       -1.97797089       -8.3045e-13
    51.075         -1.97756609       -1.97756609       -8.7375e-13
    51.090         -1.97710788       -1.97710788       -9.1749e-13
    51.105         -1.97659639       -1.97659639       -9.6123e-13
    51.120         -1.97603181       -1.97603181       -1.0054e-12
    51.135         -1.97541433       -1.97541433       -1.0500e-12
    51.150         -1.97474418       -1.97474418       -1.0947e-12
    51.165         -1.97402161       -1.97402161       -1.1395e-12
    51.180         -1.97324688       -1.97324688       -1.1846e-12
    51.195         -1.97242028       -1.97242028       -1.2301e-12
    51.210         -1.97154214       -1.97154214       -1.2756e-12
    51.225         -1.97061280       -1.97061280       -1.3214e-12
    51.240         -1.96963261       -1.96963261       -1.3676e-12
    51.255         -1.96860195       -1.96860195       -1.4138e-12
    51.270         -1.96752125       -1.96752125       -1.4602e-12
    51.285         -1.96639092       -1.96639092       -1.5068e-12
    51.300         -1.96521142       -1.96521142       -1.5536e-12
    51.315         -1.96398323       -1.96398323       -1.6007e-12
    51.330         -1.96270684       -1.96270684       -1.6480e-12
    51.345         -1.96138277       -1.96138277       -1.6953e-12
    51.360         -1.96001156       -1.96001156       -1.7428e-12
    51.375         -1.95859377       -1.95859377       -1.7906e-12
    51.390         -1.95712999       -1.95712999       -1.8385e-12
    51.405         -1.95562082       -1.95562082       -1.8867e-12
    51.420         -1.95406689       -1.95406689       -1.9349e-12
    51.435         -1.95246885       -1.95246885       -1.9833e-12
    51.450         -1.95082735       -1.95082735       -2.0317e-12
    51.465         -1.94914309       -1.94914309       -2.0803e-12
    51.480         -1.94741677       -1.94741677       -2.1290e-12
    51.495         -1.94564913       -1.94564913       -2.1776e-12
    51.510         -1.94384090       -1.94384090       -2.2264e-12
    51.525         -1.94199286       -1.94199286       -2.2753e-12
    51.540         -1.94010578       -1.94010578       -2.3244e-12
    51.555         -1.93818047       -1.93818047       -2.3732e-12
    51.570         -1.93621775       -1.93621775       -2.4221e-12
    51.585         -1.93421846       -1.93421846       -2.4711e-12
    51.600         -1.93218346       -1.93218346       -2.5200e-12
    51.615         -1.93011361       -1.93011361       -2.5691e-12
    51.630         -1.92800981       -1.92800981       -2.6179e-12
    51.645         -1.92587297       -1.92587297       -2.6670e-12
    51.660         -1.92370400       -1.92370400       -2.7158e-12
    51.675         -1.92150385       -1.92150385       -2.7647e-12
    51.690         -1.91927348       -1.91927348       -2.8133e-12
    51.705         -1.91701384       -1.91701384       -2.8619e-12
    51.720         -1.91472594       -1.91472594       -2.9103e-12
    51.735         -1.91241075       -1.91241075       -2.9585e-12
    51.750         -1.91006931       -1.91006931       -3.0067e-12
    51.765         -1.90770262       -1.90770262       -3.0549e-12
    51.780         -1.90531174       -1.90531174       -3.1029e-12
    51.795         -1.90289772       -1.90289772       -3.1506e-12
    51.810         -1.90046161       -1.90046161       -3.1981e-12
    51.825         -1.89800450       -1.89800450       -3.2452e-12
    51.840         -1.89552748       -1.89552748       -3.2920e-12
    51.855         -1.89303163       -1.89303163       -3.3387e-12
    51.870         -1.89051809       -1.89051809       -3.3851e-12
    51.885         -1.88798795       -1.88798795       -3.4310e-12
    51.900         -1.88544236       -1.88544236       -3.4768e-12
    51.915         -1.88288245       -1.88288245       -3.5223e-12
    51.930         -1.88030937       -1.88030937       -3.5674e-12
    51.945         -1.87772429       -1.87772429       -3.6122e-12
    51.960         -1.87512836       -1.87512836       -3.6566e-12
    51.975         -1.87252276       -1.87252276       -3.7008e-12
    51.990         -1.86990867       -1.86990867       -3.7446e-12
    52.005         -1.86728728       -1.86728728       -3.7879e-12
    52.020         -1.86465978       -1.86465978       -3.8309e-12
    52.035         -1.86202738       -1.86202738       -3.8733e-12
    52.050         -1.85939127       -1.85939127       -3.9153e-12
    52.065         -1.85675268       -1.85675268       -3.9568e-12
    52.080         -1.85411282       -1.85411282       -3.9979e-12
    52.095         -1.85147290       -1.85147290       -4.0385e-12
    52.110         -1.84883416       -1.84883416       -4.0787e-12
    52.125         -1.84619782       -1.84619782       -4.1185e-12
    52.140         -1.84356512       -1.84356512       -4.1576e-12
    52.155         -1.84093729       -1.84093729       -4.1960e-12
    52.170         -1.83831556       -1.83831556       -4.2339e-12
    52.185         -1.83570117       -1.83570117       -4.2715e-12
    52.200         -1.83309538       -1.83309538       -4.3083e-12
    52.215         -1.83049940       -1.83049940       -4.3447e-12
    52.230         -1.82791450       -1.82791450       -4.3803e-12
    52.245         -1.82534191       -1.82534191       -4.4151e-12
    52.260         -1.82278288       -1.82278288       -4.4493e-12
    52.275         -1.82023864       -1.82023864       -4.4831e-12
    52.290         -1.81771043       -1.81771043       -4.5159e-12
    52.305         -1.81519951       -1.81519951       -4.5481e-12
    52.320         -1.81270710       -1.81270710       -4.5797e-12
    52.335         -1.81023445       -1.81023445       -4.6103e-12
    52.350         -1.80778278       -1.80778278       -4.6403e-12
    52.365         -1.80535332       -1.80535332       -4.6696e-12
    52.380         -1.80294732       -1.80294732       -4.6980e-12
    52.395         -1.80056598       -1.80056598       -4.7256e-12
    52.410         -1.79821053       -1.79821053       -4.7524e-12
    52.425         -1.79588219       -1.79588219       -4.7784e-12
    52.440         -1.79358217       -1.79358217       -4.8037e-12
    52.455         -1.79131168       -1.79131168       -4.8281e-12
    52.470         -1.78907191       -1.78907191       -4.8517e-12
    52.485         -1.78686407       -1.78686407       -4.8743e-12
    52.500         -1.78468934       -1.78468934       -4.8961e-12
    52.515         -1.78254890       -1.78254890       -4.9170e-12
    52.530         -1.78044394       -1.78044394       -4.9369e-12
    52.545         -1.77837563       -1.77837563       -4.9563e-12
    52.560         -1.77634512       -1.77634512       -4.9745e-12
    52.575         -1.77435358       -1.77435358       -4.9916e-12
    52.590         -1.77240214       -1.77240214       -5.0080e-12
    52.605         -1.77049195       -1.77049195       -5.0233e-12
    52.620         -1.76862414       -1.76862414       -5.0377e-12
    52.635         -1.76679983       -1.76679983       -5.0513e-12
    52.650         -1.76502014       -1.76502014       -5.0639e-12
    52.665         -1.76328616       -1.76328616       -5.0757e-12
    52.680         -1.76159899       -1.76159899       -5.0866e-12
    52.695         -1.75995971       -1.75995971       -5.0964e-12
    52.710         -1.75836940       -1.75836940       -5.1052e-12
    52.725         -1.75682911       -1.75682911       -5.1130e-12
    52.740         -1.75533991       -1.75533991       -5.1199e-12
    52.755         -1.75390283       -1.75390283       -5.1257e-12
    52.770         -1.75251890       -1.75251890       -5.1306e-12
    52.785         -1.75118913       -1.75118913       -5.1343e-12
    52.800         -1.74991454       -1.74991454       -5.1370e-12
    52.815         -1.74869612       -1.74869612       -5.1386e-12
    52.830         -1.74753485       -1.74753485       -5.1392e-12
    52.845         -1.74643170       -1.74643170       -5.1390e-12
    52.860         -1.74538762       -1.74538762       -5.1377e-12
    52.875         -1.74440357       -1.74440357       -5.1352e-12
    52.890         -1.74348046       -1.74348046       -5.1317e-12
    52.905         -1.74261921       -1.74261921       -5.1270e-12
    52.920         -1.74182074       -1.74182074       -5.1215e-12
    52.935         -1.74108592       -1.74108592       -5.1148e-12
    52.950         -1.74041564       -1.74041564       -5.1070e-12
    52.965         -1.73981074       -1.73981074       -5.0981e-12
    52.980         -1.73927209       -1.73927209       -5.0882e-12
    52.995         -1.73880051       -1.73880051       -5.0773e-12
    53.010         -1.73839682       -1.73839682       -5.0653e-12
    53.025         -1.73806181       -1.73806181       -5.0522e-12
    53.040         -1.73779629       -1.73779629       -5.0380e-12
    53.055         -1.73760101       -1.73760101       -5.0224e-12
    53.070         -1.73747673       -1.73747673       -5.0060e-12
    53.085         -1.73742419       -1.73742419       -4.9885e-12
    53.100         -1.73744412       -1.73744412       -4.9698e-12
    53.115         -1.73753722       -1.73753722       -4.9500e-12
    53.130         -1.73770419       -1.73770419       -4.9292e-12
    53.145         -1.73794569       -1.73794569       -4.9074e-12
    53.160         -1.73826240       -1.73826240       -4.8845e-12
    53.175         -1.73865494       -1.73865494       -4.8603e-12
    53.190         -1.73912394       -1.73912394       -4.8350e-12
    53.205         -1.73967002       -1.73967002       -4.8088e-12
    53.220         -1.74029375       -1.74029375       -4.7817e-12
    53.235         -1.74099572       -1.74099572       -4.7533e-12
    53.250         -1.74177647       -1.74177647       -4.7240e-12
    53.265         -1.74263655       -1.74263655       -4.6936e-12
    53.280         -1.74357647       -1.74357647       -4.6623e-12
    53.295         -1.74459674       -1.74459674       -4.6299e-12
    53.310         -1.74569784       -1.74569784       -4.5965e-12
    53.325         -1.74688024       -1.74688024       -4.5621e-12
    53.340         -1.74814437       -1.74814437       -4.5268e-12
    53.355         -1.74949067       -1.74949067       -4.4906e-12
    53.370         -1.75091955       -1.75091955       -4.4533e-12
    53.385         -1.75243140       -1.75243140       -4.4151e-12
    53.400         -1.75402659       -1.75402659       -4.3761e-12
    53.415         -1.75570548       -1.75570548       -4.3361e-12
    53.430         -1.75746839       -1.75746839       -4.2950e-12
    53.445         -1.75931564       -1.75931564       -4.2530e-12
    53.460         -1.76124752       -1.76124752       -4.2104e-12
    53.475         -1.76326431       -1.76326431       -4.1669e-12
    53.490         -1.76536627       -1.76536627       -4.1223e-12
    53.505         -1.76755362       -1.76755362       -4.0770e-12
    53.520         -1.76982659       -1.76982659       -4.0306e-12
    53.535         -1.77218538       -1.77218538       -3.9835e-12
    53.550         -1.77463014       -1.77463014       -3.9355e-12
    53.565         -1.77716105       -1.77716105       -3.8869e-12
    53.580         -1.77977823       -1.77977823       -3.8374e-12
    53.595         -1.78248179       -1.78248179       -3.7872e-12
    53.610         -1.78527184       -1.78527184       -3.7361e-12
    53.625         -1.78814844       -1.78814844       -3.6842e-12
    53.640         -1.79111165       -1.79111165       -3.6315e-12
    53.655         -1.79416149       -1.79416149       -3.5782e-12
    53.670         -1.79729797       -1.79729797       -3.5243e-12
    53.685         -1.80052109       -1.80052109       -3.4697e-12
    53.700         -1.80383081       -1.80383081       -3.4144e-12
    53.715         -1.80722707       -1.80722707       -3.3584e-12
    53.730         -1.81070980       -1.81070980       -3.3018e-12
    53.745         -1.81427891       -1.81427891       -3.2447e-12
    53.760         -1.81793427       -1.81793427       -3.1868e-12
    53.775         -1.82167575       -1.82167575       -3.1284e-12
    53.790         -1.82550318       -1.82550318       -3.0695e-12
    53.805         -1.82941637       -1.82941637       -3.0100e-12
    53.820         -1.83341513       -1.83341513       -2.9501e-12
    53.835         -1.83749922       -1.83749922       -2.8897e-12
    53.850         -1.84166840       -1.84166840       -2.8286e-12
    53.865         -1.84592239       -1.84592239       -2.7673e-12
    53.880         -1.85026090       -1.85026090       -2.7056e-12
    53.895         -1.85468361       -1.85468361       -2.6434e-12
    53.910         -1.85919018       -1.85919018       -2.5808e-12
    53.925         -1.86378026       -1.86378026       -2.5180e-12
    53.940         -1.86845346       -1.86845346       -2.4547e-12
    53.955         -1.87320938       -1.87320938       -2.3910e-12
    53.970         -1.87804758       -1.87804758       -2.3270e-12
    53.985         -1.88296763       -1.88296763       -2.2626e-12
    54.000         -1.88796903       -1.88796903       -2.1982e-12
    54.015         -1.89305131       -1.89305131       -2.1336e-12
    54.030         -1.89821395       -1.89821395       -2.0688e-12
    54.045         -1.90345639       -1.90345639       -2.0037e-12
    54.060         -1.90877809       -1.90877809       -1.9387e-12
    54.075         -1.91417846       -1.91417846       -1.8734e-12
    54.090         -1.91965688       -1.91965688       -1.8081e-12
    54.105         -1.92521274       -1.92521274       -1.7428e-12
    54.120         -1.93084538       -1.93084538       -1.6771e-12
    54.135         -1.93655412       -1.93655412       -1.6116e-12
    54.150         -1.94233827       -1.94233827       -1.5461e-12
    54.165         -1.94819712       -1.94819712       -1.4804e-12
    54.180         -1.95412991       -1.95412991       -1.4149e-12
    54.195         -1.96013589       -1.96013589       -1.3494e-12
    54.210         -1.96621427       -1.96621427       -1.2841e-12
    54.225         -1.97236425       -1.97236425       -1.2186e-12
    54.240         -1.97858500       -1.97858500       -1.1535e-12
    54.255         -1.98487566       -1.98487566       -1.0885e-12
    54.270         -1.99123536       -1.99123536       -1.0236e-12
    54.285         -1.99766322       -1.99766322       -9.5879e-13
    54.300         -2.00415831       -2.00415831       -8.9395e-13
    54.315         -2.01071969       -2.01071969       -8.3000e-13
    54.330         -2.01734641       -2.01734641       -7.6605e-13
    54.345         -2.02403749       -2.02403749       -7.0211e-13
    54.360         -2.03079193       -2.03079193       -6.3904e-13
    54.375         -2.03760870       -2.03760870       -5.7598e-13
    54.390         -2.04448676       -2.04448676       -5.1292e-13
    54.405         -2.05142506       -2.05142506       -4.5031e-13
    54.420         -2.05842250       -2.05842250       -3.8813e-13
    54.435         -2.06547798       -2.06547798       -3.2641e-13
    54.450         -2.07259039       -2.07259039       -2.6512e-13
    54.465         -2.07975856       -2.07975856       -2.0428e-13
    54.480         -2.08698135       -2.08698135       -1.4388e-13
    54.495         -2.09425757       -2.09425757       -8.3933e-14
    54.510         -2.10158601       -2.10158601       -2.4425e-14
    54.525         -2.10896545       -2.10896545        3.4639e-14
    54.540         -2.11639466       -2.11639466        9.3259e-14
    54.555         -2.12387237       -2.12387237        1.5099e-13
    54.570         -2.13139731       -2.13139731        2.0828e-13
    54.585         -2.13896819       -2.13896819        2.6512e-13
    54.600         -2.14658368       -2.14658368        3.2152e-13
    54.615         -2.15424247       -2.15424247        3.7703e-13
    54.630         -2.16194319       -2.16194319        4.3165e-13
    54.645         -2.16968449       -2.16968449        4.8583e-13
    54.660         -2.17746499       -2.17746499        5.3957e-13
    54.675         -2.18528328       -2.18528328        5.9242e-13
    54.690         -2.19313796       -2.19313796        6.4482e-13
    54.705         -2.20102759       -2.20102759        6.9633e-13
    54.720         -2.20895073       -2.20895073        7.4696e-13
    54.735         -2.21690593       -2.21690593        7.9670e-13
    54.750         -2.22489170       -2.22489170        8.4599e-13
    54.765         -2.23290656       -2.23290656        8.9440e-13
    54.780         -2.24094900       -2.24094900        9.4236e-13
    54.795         -2.24901752       -2.24901752        9.8899e-13
    54.810         -2.25711058       -2.25711058        1.0352e-12
    54.825         -2.26522663       -2.26522663        1.0805e-12
    54.840         -2.27336414       -2.27336414        1.1249e-12
    54.855         -2.28152153       -2.28152153        1.1684e-12
    54.870         -2.28969722       -2.28969722        1.2110e-12
    54.885         -2.29788963       -2.29788963        1.2532e-12
    54.900         -2.30609716       -2.30609716        1.2941e-12
    54.915         -2.31431821       -2.31431821        1.3340e-12
    54.930         -2.32255114       -2.32255114        1.3731e-12
    54.945         -2.33079435       -2.33079435        1.4118e-12
    54.960         -2.33904618       -2.33904618        1.4495e-12
    54.975         -2.34730500       -2.34730500        1.4859e-12
    54.990         -2.35556916       -2.35556916        1.5210e-12
    55.005         -2.36383700       -2.36383700        1.5556e-12
    55.020         -2.37210685       -2.37210685        1.5890e-12
    55.035         -2.38037704       -2.38037704        1.6218e-12
    55.050         -2.38864590       -2.38864590        1.6533e-12
    55.065         -2.39691174       -2.39691174        1.6840e-12
    55.080         -2.40517288       -2.40517288        1.7137e-12
    55.095         -2.41342763       -2.41342763        1.7426e-12
    55.110         -2.42167429       -2.42167429        1.7706e-12
    55.125         -2.42991117       -2.42991117        1.7972e-12
    55.140         -2.43813656       -2.43813656        1.8230e-12
    55.155         -2.44634877       -2.44634877        1.8479e-12
    55.170         -2.45454609       -2.45454609        1.8714e-12
    55.185         -2.46272682       -2.46272682        1.8940e-12
    55.200         -2.47088926       -2.47088926        1.9158e-12
    55.215         -2.47903170       -2.47903170        1.9367e-12
    55.230         -2.48715244       -2.48715244        1.9562e-12
    55.245         -2.49524979       -2.49524979        1.9744e-12
    55.260         -2.50332204       -2.50332204        1.9922e-12
    55.275         -2.51136749       -2.51136749        2.0086e-12
    55.290         -2.51938447       -2.51938447        2.0242e-12
    55.305         -2.52737126       -2.52737126        2.0384e-12
    55.320         -2.53532620       -2.53532620        2.0512e-12
    55.335         -2.54324760       -2.54324760        2.0632e-12
    55.350         -2.55113379       -2.55113379        2.0743e-12
    55.365         -2.55898310       -2.55898310        2.0841e-12
    55.380         -2.56679387       -2.56679387        2.0930e-12
    55.395         -2.57456444       -2.57456444        2.1010e-12
    55.410         -2.58229317       -2.58229317        2.1076e-12
    55.425         -2.58997842       -2.58997842        2.1130e-12
    55.440         -2.59761856       -2.59761856        2.1174e-12
    55.455         -2.60521198       -2.60521198        2.1210e-12
    55.470         -2.61275706       -2.61275706        2.1232e-12
    55.485         -2.62025220       -2.62025220        2.1245e-12
    55.500         -2.62769581       -2.62769581        2.1245e-12
    55.515         -2.63508632       -2.63508632        2.1236e-12
    55.530         -2.64242217       -2.64242217        2.1219e-12
    55.545         -2.64970180       -2.64970180        2.1187e-12
    55.560         -2.65692368       -2.65692368        2.1143e-12
    55.575         -2.66408627       -2.66408627        2.1090e-12
    55.590         -2.67118808       -2.67118808        2.1023e-12
    55.605         -2.67822760       -2.67822760        2.0948e-12
    55.620         -2.68520335       -2.68520335        2.0863e-12
    55.635         -2.69211388       -2.69211388        2.0766e-12
    55.650         -2.69895773       -2.69895773        2.0655e-12
    55.665         -2.70573347       -2.70573347        2.0535e-12
    55.680         -2.71243969       -2.71243969        2.0406e-12
    55.695         -2.71907499       -2.71907499        2.0268e-12
    55.710         -2.72563800       -2.72563800        2.0122e-12
    55.725         -2.73212735       -2.73212735        1.9962e-12
    55.740         -2.73854170       -2.73854170        1.9793e-12
    55.755         -2.74487975       -2.74487975        1.9611e-12
    55.770         -2.75114018       -2.75114018        1.9420e-12
    55.785         -2.75732171       -2.75732171        1.9225e-12
    55.800         -2.76342310       -2.76342310        1.9016e-12
    55.815         -2.76944309       -2.76944309        1.8798e-12
    55.830         -2.77538048       -2.77538048        1.8572e-12
    55.845         -2.78123407       -2.78123407        1.8336e-12
    55.860         -2.78700270       -2.78700270        1.8092e-12
    55.875         -2.79268521       -2.79268521        1.7839e-12
    55.890         -2.79828048       -2.79828048        1.7577e-12
    55.905         -2.80378741       -2.80378741        1.7306e-12
    55.920         -2.80920492       -2.80920492        1.7026e-12
    55.935         -2.81453197       -2.81453197        1.6738e-12
    55.950         -2.81976752       -2.81976752        1.6440e-12
    55.965         -2.82491058       -2.82491058        1.6134e-12
    55.980         -2.82996016       -2.82996016        1.5823e-12
    55.995         -2.83491532       -2.83491532        1.5503e-12
    56.010         -2.83977514       -2.83977514        1.5175e-12
    56.025         -2.84453870       -2.84453870        1.4841e-12
    56.040         -2.84920515       -2.84920515        1.4500e-12
    56.055         -2.85377364       -2.85377364        1.4149e-12
    56.070         -2.85824335       -2.85824335        1.3789e-12
    56.085         -2.86261350       -2.86261350        1.3425e-12
    56.100         -2.86688331       -2.86688331        1.3056e-12
    56.115         -2.87105206       -2.87105206        1.2679e-12
    56.130         -2.87511904       -2.87511904        1.2292e-12
    56.145         -2.87908357       -2.87908357        1.1902e-12
    56.160         -2.88294501       -2.88294501        1.1506e-12
    56.175         -2.88670274       -2.88670274        1.1107e-12
    56.190         -2.89035615       -2.89035615        1.0698e-12
    56.205         -2.89390471       -2.89390471        1.0285e-12
    56.220         -2.89734786       -2.89734786        9.8677e-13
    56.235         -2.90068510       -2.90068510        9.4458e-13
    56.250         -2.90391598       -2.90391598        9.0150e-13
    56.265         -2.90704003       -2.90704003        8.5842e-13
    56.280         -2.91005685       -2.91005685        8.1490e-13
    56.295         -2.91296605       -2.91296605        7.7049e-13
    56.310         -2.91576728       -2.91576728        7.2564e-13
    56.325         -2.91846022       -2.91846022        6.8034e-13
    56.340         -2.92104457       -2.92104457        6.3505e-13
    56.355         -2.92352006       -2.92352006        5.8886e-13
    56.370         -2.92588647       -2.92588647        5.4268e-13
    56.385         -2.92814359       -2.92814359        4.9605e-13
    56.400         -2.93029125       -2.93029125        4.4942e-13
    56.415         -2.93232931       -2.93232931        4.0234e-13
    56.430         -2.93425765       -2.93425765        3.5483e-13
    56.445         -2.93607619       -2.93607619        3.0687e-13
    56.460         -2.93778488       -2.93778488        2.5846e-13
    56.475         -2.93938369       -2.93938369        2.1005e-13
    56.490         -2.94087264       -2.94087264        1.6120e-13
    56.505         -2.94225177       -2.94225177        1.1235e-13
    56.520         -2.94352113       -2.94352113        6.3505e-14
    56.535         -2.94468082       -2.94468082        1.4211e-14
    56.550         -2.94573098       -2.94573098       -3.5527e-14
    56.565         -2.94667176       -2.94667176       -8.5265e-14
    56.580         -2.94750334       -2.94750334       -1.3500e-13
    56.595         -2.94822594       -2.94822594       -1.8519e-13
    56.610         -2.94883980       -2.94883980       -2.3537e-13
    56.625         -2.94934519       -2.94934519       -2.8555e-13
    56.640         -2.94974242       -2.94974242       -3.3573e-13
    56.655         -2.95003180       -2.95003180       -3.8636e-13
    56.670         -2.95021369       -2.95021369       -4.3654e-13
    56.685         -2.95028849       -2.95028849       -4.8717e-13
    56.700         -2.95025660       -2.95025660       -5.3779e-13
    56.715         -2.95011845       -2.95011845       -5.8797e-13
    56.730         -2.94987452       -2.94987452       -6.3816e-13
    56.745         -2.94952529       -2.94952529       -6.8834e-13
    56.760         -2.94907128       -2.94907128       -7.3852e-13
    56.775         -2.94851304       -2.94851304       -7.8826e-13
    56.790         -2.94785113       -2.94785113       -8.3800e-13
    56.805         -2.94708615       -2.94708615       -8.8773e-13
    56.820         -2.94621871       -2.94621871       -9.3747e-13
    56.835         -2.94524947       -2.94524947       -9.8677e-13
    56.850         -2.94417908       -2.94417908       -1.0356e-12
    56.865         -2.94300823       -2.94300823       -1.0845e-12
    56.880         -2.94173765       -2.94173765       -1.1329e-12
    56.895         -2.94036806       -2.94036806       -1.1813e-12
    56.910         -2.93890022       -2.93890022       -1.2292e-12
    56.925         -2.93733492       -2.93733492       -1.2772e-12
    56.940         -2.93567295       -2.93567295       -1.3247e-12
    56.955         -2.93391514       -2.93391514       -1.3713e-12
    56.970         -2.93206233       -2.93206233       -1.4180e-12
    56.985         -2.93011538       -2.93011538       -1.4642e-12
    57.000         -2.92807517       -2.92807517       -1.5095e-12
    57.015         -2.92594261       -2.92594261       -1.5543e-12
    57.030         -2.92371860       -2.92371860       -1.5987e-12
    57.045         -2.92140410       -2.92140410       -1.6431e-12
    57.060         -2.91900004       -2.91900004       -1.6867e-12
    57.075         -2.91650741       -2.91650741       -1.7293e-12
    57.090         -2.91392718       -2.91392718       -1.7715e-12
    57.105         -2.91126036       -2.91126036       -1.8132e-12
    57.120         -2.90850796       -2.90850796       -1.8541e-12
    57.135         -2.90567102       -2.90567102       -1.8945e-12
    57.150         -2.90275058       -2.90275058       -1.9345e-12
    57.165         -2.89974769       -2.89974769       -1.9740e-12
    57.180         -2.89666343       -2.89666343       -2.0126e-12
    57.195         -2.89349888       -2.89349888       -2.0508e-12
    57.210         -2.89025512       -2.89025512       -2.0881e-12
    57.225         -2.88693328       -2.88693328       -2.1241e-12
    57.240         -2.88353445       -2.88353445       -2.1596e-12
    57.255         -2.88005976       -2.88005976       -2.1942e-12
    57.270         -2.87651035       -2.87651035       -2.2284e-12
    57.285         -2.87288736       -2.87288736       -2.2613e-12
    57.300         -2.86919193       -2.86919193       -2.2937e-12
    57.315         -2.86542521       -2.86542521       -2.3253e-12
    57.330         -2.86158838       -2.86158838       -2.3559e-12
    57.345         -2.85768259       -2.85768259       -2.3856e-12
    57.360         -2.85370902       -2.85370902       -2.4150e-12
    57.375         -2.84966885       -2.84966885       -2.4429e-12
    57.390         -2.84556325       -2.84556325       -2.4700e-12
    57.405         -2.84139341       -2.84139341       -2.4962e-12
    57.420         -2.83716052       -2.83716052       -2.5215e-12
    57.435         -2.83286576       -2.83286576       -2.5460e-12
    57.450         -2.82851032       -2.82851032       -2.5695e-12
    57.465         -2.82409539       -2.82409539       -2.5921e-12
    57.480         -2.81962216       -2.81962216       -2.6139e-12
    57.495         -2.81509183       -2.81509183       -2.6343e-12
    57.510         -2.81050556       -2.81050556       -2.6539e-12
    57.525         -2.80586457       -2.80586457       -2.6725e-12
    57.540         -2.80117002       -2.80117002       -2.6898e-12
    57.555         -2.79642309       -2.79642309       -2.7063e-12
    57.570         -2.79162497       -2.79162497       -2.7218e-12
    57.585         -2.78677682       -2.78677682       -2.7365e-12
    57.600         -2.78187982       -2.78187982       -2.7502e-12
    57.615         -2.77693512       -2.77693512       -2.7631e-12
    57.630         -2.77194388       -2.77194388       -2.7747e-12
    57.645         -2.76690724       -2.76690724       -2.7858e-12
    57.660         -2.76182636       -2.76182636       -2.7955e-12
    57.675         -2.75670236       -2.75670236       -2.8044e-12
    57.690         -2.75153637       -2.75153637       -2.8120e-12
    57.705         -2.74632951       -2.74632951       -2.8186e-12
    57.720         -2.74108288       -2.74108288       -2.8244e-12
    57.735         -2.73579758       -2.73579758       -2.8293e-12
    57.750         -2.73047470       -2.73047470       -2.8333e-12
    57.765         -2.72511531       -2.72511531       -2.8364e-12
    57.780         -2.71972048       -2.71972048       -2.8382e-12
    57.795         -2.71429126       -2.71429126       -2.8391e-12
    57.810         -2.70882869       -2.70882869       -2.8391e-12
    57.825         -2.70333379       -2.70333379       -2.8382e-12
    57.840         -2.69780758       -2.69780758       -2.8364e-12
    57.855         -2.69225107       -2.69225107       -2.8337e-12
    57.870         -2.68666522       -2.68666522       -2.8302e-12
    57.885         -2.68105102       -2.68105102       -2.8257e-12
    57.900         -2.67540943       -2.67540943       -2.8204e-12
    57.915         -2.66974137       -2.66974137       -2.8142e-12
    57.930         -2.66404778       -2.66404778       -2.8071e-12
    57.945         -2.65832956       -2.65832956       -2.7991e-12
    57.960         -2.65258760       -2.65258760       -2.7902e-12
    57.975         -2.64682279       -2.64682279       -2.7804e-12
    57.990         -2.64103596       -2.64103596       -2.7702e-12
    58.005         -2.63522798       -2.63522798       -2.7587e-12
    58.020         -2.62939964       -2.62939964       -2.7467e-12
    58.035         -2.62355177       -2.62355177       -2.7343e-12
    58.050         -2.61768514       -2.61768514       -2.7209e-12
    58.065         -2.61180052       -2.61180052       -2.7067e-12
    58.080         -2.60589865       -2.60589865       -2.6921e-12
    58.095         -2.59998027       -2.59998027       -2.6765e-12
    58.110         -2.59404608       -2.59404608       -2.6601e-12
    58.125         -2.58809677       -2.58809677       -2.6432e-12
    58.140         -2.58213301       -2.58213301       -2.6259e-12
    58.155         -2.57615545       -2.57615545       -2.6077e-12
    58.170         -2.57016471       -2.57016471       -2.5890e-12
    58.185         -2.56416141       -2.56416141       -2.5695e-12
    58.200         -2.55814613       -2.55814613       -2.5495e-12
    58.215         -2.55211944       -2.55211944       -2.5291e-12
    58.230         -2.54608189       -2.54608189       -2.5082e-12
    58.245         -2.54003399       -2.54003399       -2.4865e-12
    58.260         -2.53397627       -2.53397627       -2.4643e-12
    58.275         -2.52790919       -2.52790919       -2.4416e-12
    58.290         -2.52183323       -2.52183323       -2.4185e-12
    58.305         -2.51574882       -2.51574882       -2.3950e-12
    58.320         -2.50965639       -2.50965639       -2.3710e-12
    58.335         -2.50355634       -2.50355634       -2.3470e-12
    58.350         -2.49744904       -2.49744904       -2.3221e-12
    58.365         -2.49133486       -2.49133486       -2.2968e-12
    58.380         -2.48521414       -2.48521414       -2.2711e-12
    58.395         -2.47908718       -2.47908718       -2.2453e-12
    58.410         -2.47295429       -2.47295429       -2.2187e-12
    58.425         -2.46681575       -2.46681575       -2.1920e-12
    58.440         -2.46067180       -2.46067180       -2.1649e-12
    58.455         -2.45452268       -2.45452268       -2.1374e-12
    58.470         -2.44836861       -2.44836861       -2.1099e-12
    58.485         -2.44220979       -2.44220979       -2.0819e-12
    58.500         -2.43604638       -2.43604638       -2.0539e-12
    58.515         -2.42987854       -2.42987854       -2.0255e-12
    58.530         -2.42370641       -2.42370641       -1.9966e-12
    58.545         -2.41753010       -2.41753010       -1.9678e-12
    58.560         -2.41134972       -2.41134972       -1.9389e-12
    58.575         -2.40516533       -2.40516533       -1.9096e-12
    58.590         -2.39897700       -2.39897700       -1.8798e-12
    58.605         -2.39278477       -2.39278477       -1.8501e-12
    58.620         -2.38658866       -2.38658866       -1.8199e-12
    58.635         -2.38038867       -2.38038867       -1.7892e-12
    58.650         -2.37418480       -2.37418480       -1.7590e-12
    58.665         -2.36797701       -2.36797701       -1.7284e-12
    58.680         -2.36176525       -2.36176525       -1.6973e-12
    58.695         -2.35554947       -2.35554947       -1.6662e-12
    58.710         -2.34932957       -2.34932957       -1.6347e-12
    58.725         -2.34310547       -2.34310547       -1.6032e-12
    58.740         -2.33687705       -2.33687705       -1.5716e-12
    58.755         -2.33064419       -2.33064419       -1.5401e-12
    58.770         -2.32440673       -2.32440673       -1.5081e-12
    58.785         -2.31816452       -2.31816452       -1.4762e-12
    58.800         -2.31191740       -2.31191740       -1.4437e-12
    58.815         -2.30566517       -2.30566517       -1.4113e-12
    58.830         -2.29940763       -2.29940763       -1.3789e-12
    58.845         -2.29314457       -2.29314457       -1.3460e-12
    58.860         -2.28687577       -2.28687577       -1.3127e-12
    58.875         -2.28060098       -2.28060098       -1.2794e-12
    58.890         -2.27431996       -2.27431996       -1.2461e-12
    58.905         -2.26803244       -2.26803244       -1.2124e-12
    58.920         -2.26173815       -2.26173815       -1.1786e-12
    58.935         -2.25543681       -2.25543681       -1.1444e-12
    58.950         -2.24912812       -2.24912812       -1.1102e-12
    58.965         -2.24281178       -2.24281178       -1.0756e-12
    58.980         -2.23648748       -2.23648748       -1.0405e-12
    58.995         -2.23015488       -2.23015488       -1.0054e-12
    59.010         -2.22381367       -2.22381367       -9.6989e-13
    59.025         -2.21746349       -2.21746349       -9.3436e-13
    59.040         -2.21110401       -2.21110401       -8.9839e-13
    59.055         -2.20473486       -2.20473486       -8.6242e-13
    59.070         -2.19835569       -2.19835569       -8.2645e-13
    59.085         -2.19196613       -2.19196613       -7.9003e-13
    59.100         -2.18556581       -2.18556581       -7.5318e-13
    59.115         -2.17915434       -2.17915434       -7.1632e-13
    59.130         -2.17273135       -2.17273135       -6.7901e-13
    59.145         -2.16629644       -2.16629644       -6.4171e-13
    59.160         -2.15984922       -2.15984922       -6.0396e-13
    59.175         -2.15338929       -2.15338929       -5.6621e-13
    59.190         -2.14691626       -2.14691626       -5.2802e-13
    59.205         -2.14042972       -2.14042972       -4.8983e-13
    59.220         -2.13392927       -2.13392927       -4.5119e-13
    59.235         -2.12741451       -2.12741451       -4.1211e-13
    59.250         -2.12088502       -2.12088502       -3.7303e-13
    59.265         -2.11434040       -2.11434040       -3.3351e-13
    59.280         -2.10778024       -2.10778024       -2.9354e-13
    59.295         -2.10120413       -2.10120413       -2.5357e-13
    59.310         -2.09461166       -2.09461166       -2.1361e-13
    59.325         -2.08800243       -2.08800243       -1.7275e-13
    59.340         -2.08137603       -2.08137603       -1.3189e-13
    59.355         -2.07473206       -2.07473206       -9.1038e-14
    59.370         -2.06807012       -2.06807012       -5.0182e-14
    59.385         -2.06138980       -2.06138980       -8.8818e-15
    59.400         -2.05469072       -2.05469072        3.2863e-14
    59.415         -2.04797249       -2.04797249        7.4607e-14
    59.430         -2.04123471       -2.04123471        1.1635e-13
    59.445         -2.03447700       -2.03447700        1.5810e-13
    59.460         -2.02769899       -2.02769899        2.0028e-13
    59.475         -2.02090030       -2.02090030        2.4203e-13
    59.490         -2.01408056       -2.01408056        2.8422e-13
    59.505         -2.00723943       -2.00723943        3.2641e-13
    59.520         -2.00037653       -2.00037653        3.6815e-13
    59.535         -1.99349154       -1.99349154        4.1034e-13
    59.550         -1.98658410       -1.98658410        4.5230e-13
    59.565         -1.97965389       -1.97965389        4.9427e-13
    59.580         -1.97270058       -1.97270058        5.3624e-13
    59.595         -1.96572386       -1.96572386        5.7798e-13
    59.610         -1.95872342       -1.95872342        6.1973e-13
    59.625         -1.95169897       -1.95169897        6.6125e-13
    59.640         -1.94465022       -1.94465022        7.0233e-13
    59.655         -1.93757689       -1.93757689        7.4318e-13
    59.670         -1.93047872       -1.93047872        7.8382e-13
    59.685         -1.92335546       -1.92335546        8.2423e-13
    59.700         -1.91620686       -1.91620686        8.6420e-13
    59.715         -1.90903268       -1.90903268        9.0350e-13
    59.730         -1.90183270       -1.90183270        9.4258e-13
    59.745         -1.89460673       -1.89460673        9.8122e-13
    59.760         -1.88735455       -1.88735455        1.0190e-12
    59.775         -1.88007600       -1.88007600        1.0563e-12
    59.790         -1.87277088       -1.87277088        1.0929e-12
    59.805         -1.86543906       -1.86543906        1.1289e-12
    59.820         -1.85808038       -1.85808038        1.1640e-12
    59.835         -1.85069472       -1.85069472        1.1984e-12
    59.850         -1.84328195       -1.84328195        1.2317e-12
    59.865         -1.83584199       -1.83584199        1.2643e-12
    59.880         -1.82837473       -1.82837473        1.2959e-12
    59.895         -1.82088011       -1.82088011        1.3263e-12
    59.910         -1.81335808       -1.81335808        1.3556e-12
    59.925         -1.80580858       -1.80580858        1.3838e-12
    59.940         -1.79823160       -1.79823160        1.4106e-12
    59.955         -1.79062712       -1.79062712        1.4362e-12
    59.970         -1.78299515       -1.78299515        1.4604e-12
    59.985         -1.77533572       -1.77533572        1.4830e-12
    60.000         -1.76764885       -1.76764885        1.5041e-12
    60.015         -1.75993460       -1.75993460        1.5239e-12
    60.030         -1.75219305       -1.75219305        1.5421e-12
    60.045         -1.74442429       -1.74442429        1.5585e-12
    60.060         -1.73662841       -1.73662841        1.5730e-12
    60.075         -1.72880555       -1.72880555        1.5856e-12
    60.090         -1.72095583       -1.72095583        1.5965e-12
    60.105         -1.71307942       -1.71307942        1.6054e-12
    60.120         -1.70517650       -1.70517650        1.6123e-12
    60.135         -1.69724725       -1.69724725        1.6169e-12
    60.150         -1.68929188       -1.68929188        1.6194e-12
    60.165         -1.68131063       -1.68131063        1.6196e-12
    60.180         -1.67330373       -1.67330373        1.6174e-12
    60.195         -1.66527146       -1.66527146        1.6129e-12
    60.210         -1.65721409       -1.65721409        1.6060e-12
    60.225         -1.64913192       -1.64913192        1.5965e-12
    60.240         -1.64102528       -1.64102528        1.5843e-12
    60.255         -1.63289449       -1.63289449        1.5694e-12
    60.270         -1.62473992       -1.62473992        1.5519e-12
    60.285         -1.61656194       -1.61656194        1.5314e-12
    60.300         -1.60836094       -1.60836094        1.5081e-12
    60.315         -1.60013732       -1.60013732        1.4819e-12
    60.330         -1.59189152       -1.59189152        1.4526e-12
    60.345         -1.58362398       -1.58362398        1.4204e-12
    60.360         -1.57533517       -1.57533517        1.3849e-12
    60.375         -1.56702558       -1.56702558        1.3463e-12
    60.390         -1.55869569       -1.55869569        1.3043e-12
    60.405         -1.55034605       -1.55034605        1.2590e-12
    60.420         -1.54197717       -1.54197717        1.2106e-12
    60.435         -1.53358962       -1.53358962        1.1586e-12
    60.450         -1.52518398       -1.52518398        1.1031e-12
    60.465         -1.51676083       -1.51676083        1.0441e-12
    60.480         -1.50832079       -1.50832079        9.8144e-13
    60.495         -1.49986448       -1.49986448        9.1527e-13
    60.510         -1.49139256       -1.49139256        8.4532e-13
    60.525         -1.48290569       -1.48290569        7.7183e-13
    60.540         -1.47440455       -1.47440455        6.9456e-13
    60.555         -1.46588984       -1.46588984        6.1351e-13
    60.570         -1.45736227       -1.45736227        5.2847e-13
    60.585         -1.44882260       -1.44882260        4.3965e-13
    60.600         -1.44027156       -1.44027156        3.4683e-13
    60.615         -1.43170992       -1.43170992        2.5002e-13
    60.630         -1.42313848       -1.42313848        1.4921e-13
    60.645         -1.41455804       -1.41455804        4.4409e-14
    60.660         -1.40596941       -1.40596941       -6.4393e-14
    60.675         -1.39737345       -1.39737345       -1.7719e-13
    60.690         -1.38877099       -1.38877099       -2.9421e-13
    60.705         -1.38016291       -1.38016291       -4.1522e-13
    60.720         -1.37155010       -1.37155010       -5.4023e-13
    60.735         -1.36293346       -1.36293346       -6.6969e-13
    60.750         -1.35431390       -1.35431390       -8.0314e-13
    60.765         -1.34569237       -1.34569237       -9.4080e-13
    60.780         -1.33706981       -1.33706981       -1.0827e-12
    60.795         -1.32844719       -1.32844719       -1.2288e-12
    60.810         -1.31982549       -1.31982549       -1.3789e-12
    60.825         -1.31120570       -1.31120570       -1.5332e-12
    60.840         -1.30258883       -1.30258883       -1.6918e-12
    60.855         -1.29397592       -1.29397592       -1.8543e-12
    60.870         -1.28536799       -1.28536799       -2.0210e-12
    60.885         -1.27676610       -1.27676610       -2.1920e-12
    60.900         -1.26817133       -1.26817133       -2.3670e-12
    60.915         -1.25958474       -1.25958474       -2.5460e-12
    60.930         -1.25100744       -1.25100744       -2.7289e-12
    60.945         -1.24244052       -1.24244052       -2.9161e-12
    60.960         -1.23388512       -1.23388512       -3.1071e-12
    60.975         -1.22534237       -1.22534237       -3.3022e-12
    60.990         -1.21681341       -1.21681341       -3.5012e-12
    61.005         -1.20829940       -1.20829940       -3.7039e-12
    61.020         -1.19980152       -1.19980152       -3.9106e-12
    61.035         -1.19132093       -1.19132093       -4.1209e-12
    61.050         -1.18285885       -1.18285885       -4.3352e-12
    61.065         -1.17441647       -1.17441647       -4.5530e-12
    61.080         -1.16599500       -1.16599500       -4.7744e-12
    61.095         -1.15759568       -1.15759568       -4.9993e-12
    61.110         -1.14921974       -1.14921974       -5.2280e-12
    61.125         -1.14086843       -1.14086843       -5.4601e-12
    61.140         -1.13254301       -1.13254301       -5.6954e-12
    61.155         -1.12424474       -1.12424474       -5.9341e-12
    61.170         -1.11597490       -1.11597490       -6.1759e-12
    61.185         -1.10773477       -1.10773477       -6.4211e-12
    61.200         -1.09952565       -1.09952565       -6.6691e-12
    61.215         -1.09134883       -1.09134883       -6.9202e-12
    61.230         -1.08320563       -1.08320563       -7.1743e-12
    61.245         -1.07509736       -1.07509736       -7.4309e-12
    61.260         -1.06702536       -1.06702536       -7.6905e-12
    61.275         -1.05899094       -1.05899094       -7.9527e-12
    61.290         -1.05099545       -1.05099545       -8.2174e-12
    61.305         -1.04304023       -1.04304023       -8.4845e-12
    61.320         -1.03512663       -1.03512663       -8.7539e-12
    61.335         -1.02725601       -1.02725601       -9.0252e-12
    61.350         -1.01942973       -1.01942973       -9.2988e-12
    61.365         -1.01164915       -1.01164915       -9.5743e-12
    61.380         -1.00391565       -1.00391565       -9.8517e-12
    61.395         -0.99623059       -0.99623059       -1.0131e-11
    61.410         -0.98859537       -0.98859537       -1.0411e-11
    61.425         -0.98101135       -0.98101135       -1.0694e-11
    61.440         -0.97347992       -0.97347992       -1.0977e-11
    61.455         -0.96600248       -0.96600248       -1.1262e-11
    61.470         -0.95858040       -0.95858040       -1.1548e-11
    61.485         -0.95121508       -0.95121508       -1.1835e-11
    61.500         -0.94390792       -0.94390792       -1.2123e-11
    61.515         -0.93666030       -0.93666030       -1.2412e-11
    61.530         -0.92947363       -0.92947363       -1.2701e-11
    61.545         -0.92234928       -0.92234928       -1.2990e-11
    61.560         -0.91528867       -0.91528867       -1.3280e-11
    61.575         -0.90829317       -0.90829317       -1.3571e-11
    61.590         -0.90136419       -0.90136419       -1.3861e-11
    61.605         -0.89450311       -0.89450311       -1.4151e-11
    61.620         -0.88771132       -0.88771132       -1.4441e-11
    61.635         -0.88099021       -0.88099021       -1.4730e-11
    61.650         -0.87434116       -0.87434116       -1.5019e-11
    61.665         -0.86776555       -0.86776555       -1.5308e-11
    61.680         -0.86126476       -0.86126476       -1.5595e-11
    61.695         -0.85484015       -0.85484015       -1.5882e-11
    61.710         -0.84849310       -0.84849310       -1.6167e-11
    61.725         -0.84222496       -0.84222496       -1.6451e-11
    61.740         -0.83603710       -0.83603710       -1.6734e-11
    61.755         -0.82993086       -0.82993086       -1.7015e-11
    61.770         -0.82390759       -0.82390759       -1.7294e-11
    61.785         -0.81796862       -0.81796862       -1.7572e-11
    61.800         -0.81211528       -0.81211528       -1.7848e-11
    61.815         -0.80634889       -0.80634889       -1.8121e-11
    61.830         -0.80067077       -0.80067077       -1.8393e-11
    61.845         -0.79508222       -0.79508222       -1.8661e-11
    61.860         -0.78958454       -0.78958454       -1.8928e-11
    61.875         -0.78417900       -0.78417900       -1.9191e-11
    61.890         -0.77886689       -0.77886689       -1.9452e-11
    61.905         -0.77364946       -0.77364946       -1.9709e-11
    61.920         -0.76852798       -0.76852798       -1.9964e-11
    61.935         -0.76350367       -0.76350367       -2.0215e-11
    61.950         -0.75857777       -0.75857777       -2.0463e-11
    61.965         -0.75375149       -0.75375149       -2.0707e-11
    61.980         -0.74902604       -0.74902604       -2.0947e-11
    61.995         -0.74440260       -0.74440260       -2.1184e-11
    62.010         -0.73988235       -0.73988235       -2.1417e-11
    62.025         -0.73546645       -0.73546645       -2.1645e-11
    62.040         -0.73115605       -0.73115605       -2.1869e-11
    62.055         -0.72695226       -0.72695226       -2.2089e-11
    62.070         -0.72285621       -0.72285621       -2.2305e-11
    62.085         -0.71886899       -0.71886899       -2.2516e-11
    62.100         -0.71499168       -0.71499168       -2.2722e-11
    62.115         -0.71122535       -0.71122535       -2.2923e-11
    62.130         -0.70757103       -0.70757103       -2.3119e-11
    62.145         -0.70402976       -0.70402976       -2.3310e-11
    62.160         -0.70060254       -0.70060254       -2.3496e-11
    62.175         -0.69729035       -0.69729035       -2.3677e-11
    62.190         -0.69409418       -0.69409418       -2.3852e-11
    62.205         -0.69101496       -0.69101496       -2.4022e-11
    62.220         -0.68805362       -0.68805362       -2.4186e-11
    62.235         -0.68521107       -0.68521107       -2.4344e-11
    62.250         -0.68248820       -0.68248820       -2.4497e-11
    62.265         -0.67988587       -0.67988587       -2.4643e-11
    62.280         -0.67740491       -0.67740491       -2.4783e-11
    62.295         -0.67504616       -0.67504616       -2.4917e-11
    62.310         -0.67281040       -0.67281040       -2.5045e-11
    62.325         -0.67069840       -0.67069840       -2.5167e-11
    62.340         -0.66871092       -0.66871092       -2.5282e-11
    62.355         -0.66684868       -0.66684868       -2.5391e-11
    62.370         -0.66511238       -0.66511238       -2.5493e-11
    62.385         -0.66350270       -0.66350270       -2.5589e-11
    62.400         -0.66202028       -0.66202028       -2.5678e-11
    62.415         -0.66066575       -0.66066575       -2.5760e-11
    62.430         -0.65943970       -0.65943970       -2.5835e-11
    62.445         -0.65834272       -0.65834272       -2.5904e-11
    62.460         -0.65737534       -0.65737534       -2.5965e-11
    62.475         -0.65653809       -0.65653809       -2.6020e-11
    62.490         -0.65583146       -0.65583146       -2.6067e-11
    62.505         -0.65525592       -0.65525592       -2.6107e-11
    62.520         -0.65481189       -0.65481189       -2.6140e-11
    62.535         -0.65449979       -0.65449979       -2.6166e-11
    62.550         -0.65432001       -0.65432001       -2.6184e-11
    62.565         -0.65427290       -0.65427290       -2.6196e-11
    62.580         -0.65435877       -0.65435877       -2.6200e-11
    62.595         -0.65457793       -0.65457793       -2.6196e-11
    62.610         -0.65493065       -0.65493065       -2.6186e-11
    62.625         -0.65541717       -0.65541717       -2.6168e-11
    62.640         -0.65603769       -0.65603769       -2.6142e-11
    62.655         -0.65679239       -0.65679239       -2.6109e-11
    62.670         -0.65768143       -0.65768143       -2.6069e-11
    62.685         -0.65870492       -0.65870492       -2.6021e-11
    62.700         -0.65986297       -0.65986297       -2.5966e-11
    62.715         -0.66115563       -0.66115563       -2.5904e-11
    62.730         -0.66258293       -0.66258293       -2.5834e-11
    62.745         -0.66414487       -0.66414487       -2.5756e-11
    62.760         -0.66584144       -0.66584144       -2.5671e-11
    62.775         -0.66767257       -0.66767257       -2.5579e-11
    62.790         -0.66963817       -0.66963817       -2.5480e-11
    62.805         -0.67173813       -0.67173813       -2.5373e-11
    62.820         -0.67397231       -0.67397231       -2.5258e-11
    62.835         -0.67634052       -0.67634052       -2.5137e-11
    62.850         -0.67884256       -0.67884256       -2.5008e-11
    62.865         -0.68147820       -0.68147820       -2.4872e-11
    62.880         -0.68424716       -0.68424716       -2.4729e-11
    62.895         -0.68714916       -0.68714916       -2.4578e-11
    62.910         -0.69018386       -0.69018386       -2.4421e-11
    62.925         -0.69335093       -0.69335093       -2.4256e-11
    62.940         -0.69664996       -0.69664996       -2.4085e-11
    62.955         -0.70008056       -0.70008056       -2.3906e-11
    62.970         -0.70364228       -0.70364228       -2.3721e-11
    62.985         -0.70733466       -0.70733466       -2.3529e-11
    63.000         -0.71115718       -0.71115718       -2.3329e-11
    63.015         -0.71510934       -0.71510934       -2.3124e-11
    63.030         -0.71919058       -0.71919058       -2.2911e-11
    63.045         -0.72340031       -0.72340031       -2.2693e-11
    63.060         -0.72773792       -0.72773792       -2.2467e-11
    63.075         -0.73220279       -0.73220279       -2.2236e-11
    63.090         -0.73679424       -0.73679424       -2.1998e-11
    63.105         -0.74151159       -0.74151159       -2.1753e-11
    63.120         -0.74635412       -0.74635412       -2.1503e-11
    63.135         -0.75132110       -0.75132110       -2.1247e-11
    63.150         -0.75641174       -0.75641174       -2.0985e-11
    63.165         -0.76162527       -0.76162527       -2.0717e-11
    63.180         -0.76696085       -0.76696085       -2.0443e-11
    63.195         -0.77241766       -0.77241766       -2.0164e-11
    63.210         -0.77799482       -0.77799482       -1.9879e-11
    63.225         -0.78369144       -0.78369144       -1.9589e-11
    63.240         -0.78950661       -0.78950661       -1.9293e-11
    63.255         -0.79543939       -0.79543939       -1.8993e-11
    63.270         -0.80148882       -0.80148882       -1.8687e-11
    63.285         -0.80765391       -0.80765391       -1.8377e-11
    63.300         -0.81393367       -0.81393367       -1.8061e-11
    63.315         -0.82032707       -0.82032707       -1.7741e-11
    63.330         -0.82683305       -0.82683305       -1.7417e-11
    63.345         -0.83345056       -0.83345056       -1.7088e-11
    63.360         -0.84017851       -0.84017851       -1.6755e-11
    63.375         -0.84701578       -0.84701578       -1.6417e-11
    63.390         -0.85396126       -0.85396126       -1.6076e-11
    63.405         -0.86101379       -0.86101379       -1.5731e-11
    63.420         -0.86817221       -0.86817221       -1.5382e-11
    63.435         -0.87543535       -0.87543535       -1.5029e-11
    63.450         -0.88280201       -0.88280201       -1.4673e-11
    63.465         -0.89027096       -0.89027096       -1.4314e-11
    63.480         -0.89784098       -0.89784098       -1.3951e-11
    63.495         -0.90551081       -0.90551081       -1.3585e-11
    63.510         -0.91327921       -0.91327921       -1.3217e-11
    63.525         -0.92114488       -0.92114488       -1.2846e-11
    63.540         -0.92910654       -0.92910654       -1.2472e-11
    63.555         -0.93716288       -0.93716288       -1.2096e-11
    63.570         -0.94531259       -0.94531259       -1.1717e-11
    63.585         -0.95355432       -0.95355432       -1.1336e-11
    63.600         -0.96188674       -0.96188674       -1.0954e-11
    63.615         -0.97030848       -0.97030848       -1.0569e-11
    63.630         -0.97881819       -0.97881819       -1.0183e-11
    63.645         -0.98741448       -0.98741448       -9.7951e-12
    63.660         -0.99609597       -0.99609597       -9.4059e-12
    63.675         -1.00486125       -1.00486125       -9.0155e-12
    63.690         -1.01370892       -1.01370892       -8.6240e-12
    63.705         -1.02263757       -1.02263757       -8.2316e-12
    63.720         -1.03164576       -1.03164576       -7.8384e-12
    63.735         -1.04073206       -1.04073206       -7.4447e-12
    63.750         -1.04989505       -1.04989505       -7.0504e-12
    63.765         -1.05913326       -1.05913326       -6.6558e-12
    63.780         -1.06844525       -1.06844525       -6.2612e-12
    63.795         -1.07782955       -1.07782955       -5.8664e-12
    63.810         -1.08728472       -1.08728472       -5.4718e-12
    63.825         -1.09680927       -1.09680927       -5.0777e-12
    63.840         -1.10640173       -1.10640173       -4.6840e-12
    63.855         -1.11606064       -1.11606064       -4.2908e-12
    63.870         -1.12578450       -1.12578450       -3.8984e-12
    63.885         -1.13557185       -1.13557185       -3.5070e-12
    63.900         -1.14542118       -1.14542118       -3.1166e-12
    63.915         -1.15533103       -1.15533103       -2.7274e-12
    63.930         -1.16529990       -1.16529990       -2.3395e-12
    63.945         -1.17532630       -1.17532630       -1.9533e-12
    63.960         -1.18540875       -1.18540875       -1.5687e-12
    63.975         -1.19554576       -1.19554576       -1.1859e-12
    63.990         -1.20573584       -1.20573584       -8.0491e-13
    64.005         -1.21597750       -1.21597750       -4.2633e-13
    64.020         -1.22626927       -1.22626927       -4.9960e-14
    64.035         -1.23660965       -1.23660965        3.2419e-13
    64.050         -1.24699718       -1.24699718        6.9589e-13
    64.065         -1.25743037       -1.25743037        1.0649e-12
    64.080         -1.26790775       -1.26790775        1.4311e-12
    64.095         -1.27842786       -1.27842786        1.7943e-12
    64.110         -1.28898922       -1.28898922        2.1545e-12
    64.125         -1.29959038       -1.29959038        2.5113e-12
    64.140         -1.31022988       -1.31022988        2.8650e-12
    64.155         -1.32090628       -1.32090628        3.2150e-12
    64.170         -1.33161812       -1.33161812        3.5614e-12
    64.185         -1.34236399       -1.34236399        3.9042e-12
    64.200         -1.35314244       -1.35314244        4.2431e-12
    64.215         -1.36395205       -1.36395205        4.5779e-12
    64.230         -1.37479142       -1.37479142        4.9085e-12
    64.245         -1.38565913       -1.38565913        5.2351e-12
    64.260         -1.39655378       -1.39655378        5.5573e-12
    64.275         -1.40747400       -1.40747400        5.8751e-12
    64.290         -1.41841839       -1.41841839        6.1882e-12
    64.305         -1.42938560       -1.42938560        6.4966e-12
    64.320         -1.44037425       -1.44037425        6.8001e-12
    64.335         -1.45138301       -1.45138301        7.0988e-12
    64.350         -1.46241054       -1.46241054        7.3925e-12
    64.365         -1.47345550       -1.47345550        7.6810e-12
    64.380         -1.48451658       -1.48451658        7.9641e-12
    64.395         -1.49559248       -1.49559248        8.2421e-12
    64.410         -1.50668190       -1.50668190        8.5145e-12
    64.425         -1.51778358       -1.51778358        8.7814e-12
    64.440         -1.52889623       -1.52889623        9.0428e-12
    64.455         -1.54001862       -1.54001862        9.2983e-12
    64.470         -1.55114949       -1.55114949        9.5479e-12
    64.485         -1.56228762       -1.56228762        9.7919e-12
    64.500         -1.57343180       -1.57343180        1.0030e-11
    64.515         -1.58458083       -1.58458083        1.0262e-11
    64.530         -1.59573353       -1.59573353        1.0487e-11
    64.545         -1.60688873       -1.60688873        1.0707e-11
    64.560         -1.61804527       -1.61804527        1.0920e-11
    64.575         -1.62920201       -1.62920201        1.1127e-11
    64.590         -1.64035784       -1.64035784        1.1327e-11
    64.605         -1.65151163       -1.65151163        1.1521e-11
    64.620         -1.66266231       -1.66266231        1.1708e-11
    64.635         -1.67380879       -1.67380879        1.1889e-11
    64.650         -1.68495001       -1.68495001        1.2063e-11
    64.665         -1.69608492       -1.69608492        1.2230e-11
    64.680         -1.70721251       -1.70721251        1.2391e-11
    64.695         -1.71833176       -1.71833176        1.2545e-11
    64.710         -1.72944167       -1.72944167        1.2691e-11
    64.725         -1.74054127       -1.74054127        1.2832e-11
    64.740         -1.75162959       -1.75162959        1.2965e-11
    64.755         -1.76270569       -1.76270569        1.3091e-11
    64.770         -1.77376865       -1.77376865        1.3210e-11
    64.785         -1.78481755       -1.78481755        1.3322e-11
    64.800         -1.79585151       -1.79585151        1.3427e-11
    64.815         -1.80686964       -1.80686964        1.3525e-11
    64.830         -1.81787110       -1.81787110        1.3616e-11
    64.845         -1.82885504       -1.82885504        1.3699e-11
    64.860         -1.83982064       -1.83982064        1.3776e-11
    64.875         -1.85076709       -1.85076709        1.3846e-11
    64.890         -1.86169360       -1.86169360        1.3908e-11
    64.905         -1.87259942       -1.87259942        1.3964e-11
    64.920         -1.88348377       -1.88348377        1.4012e-11
    64.935         -1.89434594       -1.89434594        1.4053e-11
    64.950         -1.90518519       -1.90518519        1.4087e-11
    64.965         -1.91600084       -1.91600084        1.4114e-11
    64.980         -1.92679219       -1.92679219        1.4134e-11
    64.995         -1.93755858       -1.93755858        1.4146e-11
    65.010         -1.94829936       -1.94829936        1.4152e-11
    65.025         -1.95901390       -1.95901390        1.4151e-11
    65.040         -1.96970159       -1.96970159        1.4143e-11
    65.055         -1.98036181       -1.98036181        1.4128e-11
    65.070         -1.99099401       -1.99099401        1.4106e-11
    65.085         -2.00159760       -2.00159760        1.4077e-11
    65.100         -2.01217204       -2.01217204        1.4042e-11
    65.115         -2.02271679       -2.02271679        1.4000e-11
    65.130         -2.03323135       -2.03323135        1.3951e-11
    65.145         -2.04371520       -2.04371520        1.3895e-11
    65.160         -2.05416786       -2.05416786        1.3833e-11
    65.175         -2.06458886       -2.06458886        1.3765e-11
    65.190         -2.07497775       -2.07497775        1.3689e-11
    65.205         -2.08533409       -2.08533409        1.3608e-11
    65.220         -2.09565744       -2.09565744        1.3521e-11
    65.235         -2.10594740       -2.10594740        1.3427e-11
    65.250         -2.11620358       -2.11620358        1.3327e-11
    65.265         -2.12642558       -2.12642558        1.3221e-11
    65.280         -2.13661304       -2.13661304        1.3110e-11
    65.295         -2.14676560       -2.14676560        1.2992e-11
    65.310         -2.15688292       -2.15688292        1.2868e-11
    65.325         -2.16696466       -2.16696466        1.2739e-11
    65.340         -2.17701052       -2.17701052        1.2605e-11
    65.355         -2.18702017       -2.18702017        1.2464e-11
    65.370         -2.19699334       -2.19699334        1.2319e-11
    65.385         -2.20692972       -2.20692972        1.2168e-11
    65.400         -2.21682906       -2.21682906        1.2012e-11
    65.415         -2.22669109       -2.22669109        1.1851e-11
    65.430         -2.23651556       -2.23651556        1.1686e-11
    65.445         -2.24630222       -2.24630222        1.1515e-11
    65.460         -2.25605084       -2.25605084        1.1340e-11
    65.475         -2.26576120       -2.26576120        1.1161e-11
    65.490         -2.27543309       -2.27543309        1.0977e-11
    65.505         -2.28506629       -2.28506629        1.0788e-11
    65.520         -2.29466061       -2.29466061        1.0596e-11
    65.535         -2.30421586       -2.30421586        1.0400e-11
    65.550         -2.31373185       -2.31373185        1.0199e-11
    65.565         -2.32320841       -2.32320841        9.9956e-12
    65.580         -2.33264536       -2.33264536        9.7886e-12
    65.595         -2.34204253       -2.34204253        9.5777e-12
    65.610         -2.35139977       -2.35139977        9.3636e-12
    65.625         -2.36071692       -2.36071692        9.1469e-12
    65.640         -2.36999382       -2.36999382        8.9266e-12
    65.655         -2.37923034       -2.37923034        8.7037e-12
    65.670         -2.38842631       -2.38842631        8.4786e-12
    65.685         -2.39758161       -2.39758161        8.2507e-12
    65.700         -2.40669609       -2.40669609        8.0207e-12
    65.715         -2.41576961       -2.41576961        7.7884e-12
    65.730         -2.42480203       -2.42480203        7.5540e-12
    65.745         -2.43379323       -2.43379323        7.3177e-12
    65.760         -2.44274306       -2.44274306        7.0801e-12
    65.775         -2.45165140       -2.45165140        6.8408e-12
    65.790         -2.46051810       -2.46051810        6.6001e-12
    65.805         -2.46934304       -2.46934304        6.3585e-12
    65.820         -2.47812607       -2.47812607        6.1160e-12
    65.835         -2.48686705       -2.48686705        5.8731e-12
    65.850         -2.49556584       -2.49556584        5.6293e-12
    65.865         -2.50422231       -2.50422231        5.3850e-12
    65.880         -2.51283629       -2.51283629        5.1403e-12
    65.895         -2.52140765       -2.52140765        4.8956e-12
    65.910         -2.52993623       -2.52993623        4.6514e-12
    65.925         -2.53842186       -2.53842186        4.4071e-12
    65.940         -2.54686439       -2.54686439        4.1633e-12
    65.955         -2.55526364       -2.55526364        3.9200e-12
    65.970         -2.56361945       -2.56361945        3.6775e-12
    65.985         -2.57193162       -2.57193162        3.4359e-12
    66.000         -2.58019998       -2.58019998        3.1957e-12
    66.015         -2.58842432       -2.58842432        2.9563e-12
    66.030         -2.59660445       -2.59660445        2.7187e-12
    66.045         -2.60474016       -2.60474016        2.4829e-12
    66.060         -2.61283124       -2.61283124        2.2489e-12
    66.075         -2.62087744       -2.62087744        2.0171e-12
    66.090         -2.62887856       -2.62887856        1.7870e-12
    66.105         -2.63683433       -2.63683433        1.5596e-12
    66.120         -2.64474451       -2.64474451        1.3345e-12
    66.135         -2.65260884       -2.65260884        1.1120e-12
    66.150         -2.66042705       -2.66042705        8.9218e-13
    66.165         -2.66819885       -2.66819885        6.7546e-13
    66.180         -2.67592396       -2.67592396        4.6230e-13
    66.195         -2.68360208       -2.68360208        2.5224e-13
    66.210         -2.69123288       -2.69123288        4.5297e-14
    66.225         -2.69881606       -2.69881606       -1.5765e-13
    66.240         -2.70635127       -2.70635127       -3.5705e-13
    66.255         -2.71383818       -2.71383818       -5.5245e-13
    66.270         -2.72127641       -2.72127641       -7.4385e-13
    66.285         -2.72866562       -2.72866562       -9.3126e-13
    66.300         -2.73600541       -2.73600541       -1.1142e-12
    66.315         -2.74329539       -2.74329539       -1.2927e-12
    66.330         -2.75053516       -2.75053516       -1.4664e-12
    66.345         -2.75772431       -2.75772431       -1.6351e-12
    66.360         -2.76486242       -2.76486242       -1.7990e-12
    66.375         -2.77194903       -2.77194903       -1.9580e-12
    66.390         -2.77898370       -2.77898370       -2.1121e-12
    66.405         -2.78596597       -2.78596597       -2.2604e-12
    66.420         -2.79289536       -2.79289536       -2.4034e-12
    66.435         -2.79977138       -2.79977138       -2.5411e-12
    66.450         -2.80659355       -2.80659355       -2.6725e-12
    66.465         -2.81336134       -2.81336134       -2.7987e-12
    66.480         -2.82007423       -2.82007423       -2.9190e-12
    66.495         -2.82673170       -2.82673170       -3.0331e-12
    66.510         -2.83333320       -2.83333320       -3.1410e-12
    66.525         -2.83987817       -2.83987817       -3.2432e-12
    66.540         -2.84636605       -2.84636605       -3.3387e-12
    66.555         -2.85279625       -2.85279625       -3.4279e-12
    66.570         -2.85916819       -2.85916819       -3.5105e-12
    66.585         -2.86548127       -2.86548127       -3.5869e-12
    66.600         -2.87173488       -2.87173488       -3.6566e-12
    66.615         -2.87792840       -2.87792840       -3.7192e-12
    66.630         -2.88406121       -2.88406121       -3.7752e-12
    66.645         -2.89013266       -2.89013266       -3.8245e-12
    66.660         -2.89614212       -2.89614212       -3.8671e-12
    66.675         -2.90208891       -2.90208891       -3.9027e-12
    66.690         -2.90797238       -2.90797238       -3.9315e-12
    66.705         -2.91379186       -2.91379186       -3.9528e-12
    66.720         -2.91954666       -2.91954666       -3.9670e-12
    66.735         -2.92523610       -2.92523610       -3.9746e-12
    66.750         -2.93085948       -2.93085948       -3.9746e-12
    66.765         -2.93641611       -2.93641611       -3.9675e-12
    66.780         -2.94190527       -2.94190527       -3.9533e-12
    66.795         -2.94732626       -2.94732626       -3.9320e-12
    66.810         -2.95267835       -2.95267835       -3.9031e-12
    66.825         -2.95796083       -2.95796083       -3.8671e-12
    66.840         -2.96317296       -2.96317296       -3.8236e-12
    66.855         -2.96831402       -2.96831402       -3.7730e-12
    66.870         -2.97338327       -2.97338327       -3.7153e-12
    66.885         -2.97837998       -2.97837998       -3.6504e-12
    66.900         -2.98330340       -2.98330340       -3.5780e-12
    66.915         -2.98815280       -2.98815280       -3.4981e-12
    66.930         -2.99292744       -2.99292744       -3.4115e-12
    66.945         -2.99762657       -2.99762657       -3.3173e-12
    66.960         -3.00224945       -3.00224945       -3.2165e-12
    66.975         -3.00679535       -3.00679535       -3.1082e-12
    66.990         -3.01126351       -3.01126351       -2.9927e-12
    67.005         -3.01565320       -3.01565320       -2.8701e-12
    67.020         -3.01996368       -3.01996368       -2.7409e-12
    67.035         -3.02419422       -3.02419422       -2.6046e-12
    67.050         -3.02834410       -3.02834410       -2.4611e-12
    67.065         -3.03241257       -3.03241257       -2.3110e-12
    67.080         -3.03639893       -3.03639893       -2.1538e-12
    67.095         -3.04030245       -3.04030245       -1.9904e-12
    67.110         -3.04412242       -3.04412242       -1.8203e-12
    67.125         -3.04785814       -3.04785814       -1.6436e-12
    67.140         -3.05150892       -3.05150892       -1.4602e-12
    67.155         -3.05507406       -3.05507406       -1.2701e-12
    67.170         -3.05855289       -3.05855289       -1.0738e-12
    67.185         -3.06194472       -3.06194472       -8.7130e-13
    67.200         -3.06524890       -3.06524890       -6.6258e-13
    67.215         -3.06846478       -3.06846478       -4.4809e-13
    67.230         -3.07159172       -3.07159172       -2.2737e-13
    67.245         -3.07462908       -3.07462908       -4.4409e-16
    67.260         -3.07757625       -3.07757625        2.3181e-13
    67.275         -3.08043262       -3.08043262        4.6985e-13
    67.290         -3.08319760       -3.08319760        7.1365e-13
    67.305         -3.08587061       -3.08587061        9.6279e-13
    67.320         -3.08845109       -3.08845109        1.2172e-12
    67.335         -3.09093849       -3.09093849        1.4770e-12
    67.350         -3.09333228       -3.09333228        1.7417e-12
    67.365         -3.09563194       -3.09563194        2.0113e-12
    67.380         -3.09783697       -3.09783697        2.2853e-12
    67.395         -3.09994689       -3.09994689        2.5646e-12
    67.410         -3.10196123       -3.10196123        2.8484e-12
    67.425         -3.10387956       -3.10387956        3.1366e-12
    67.440         -3.10570143       -3.10570143        3.4288e-12
    67.455         -3.10742645       -3.10742645        3.7250e-12
    67.470         -3.10905422       -3.10905422        4.0252e-12
    67.485         -3.11058439       -3.11058439        4.3290e-12
    67.500         -3.11201659       -3.11201659        4.6363e-12
    67.515         -3.11335052       -3.11335052        4.9476e-12
    67.530         -3.11458587       -3.11458587        5.2620e-12
    67.545         -3.11572235       -3.11572235        5.5795e-12
    67.560         -3.11675972       -3.11675972        5.8997e-12
    67.575         -3.11769773       -3.11769773        6.2230e-12
    67.590         -3.11853618       -3.11853618        6.5490e-12
    67.605         -3.11927489       -3.11927489        6.8772e-12
    67.620         -3.11991369       -3.11991369        7.2080e-12
    67.635         -3.12045245       -3.12045245        7.5411e-12
    67.650         -3.12089105       -3.12089105        7.8759e-12
    67.665         -3.12122942       -3.12122942        8.2121e-12
    67.680         -3.12146749       -3.12146749        8.5500e-12
    67.695         -3.12160524       -3.12160524        8.8898e-12
    67.710         -3.12164265       -3.12164265        9.2304e-12
    67.725         -3.12157975       -3.12157975        9.5723e-12
    67.740         -3.12141658       -3.12141658        9.9152e-12
    67.755         -3.12115323       -3.12115323        1.0259e-11
    67.770         -3.12078979       -3.12078979        1.0603e-11
    67.785         -3.12032640       -3.12032640        1.0947e-11
    67.800         -3.11976321       -3.11976321        1.1291e-11
    67.815         -3.11910042       -3.11910042        1.1635e-11
    67.830         -3.11833824       -3.11833824        1.1979e-11
    67.845         -3.11747691       -3.11747691        1.2323e-11
    67.860         -3.11651672       -3.11651672        1.2666e-11
    67.875         -3.11545795       -3.11545795        1.3008e-11
    67.890         -3.11430094       -3.11430094        1.3350e-11
    67.905         -3.11304604       -3.11304604        1.3690e-11
    67.920         -3.11169366       -3.11169366        1.4029e-11
    67.935         -3.11024420       -3.11024420        1.4366e-11
    67.950         -3.10869811       -3.10869811        1.4702e-11
    67.965         -3.10705587       -3.10705587        1.5036e-11
    67.980         -3.10531797       -3.10531797        1.5368e-11
    67.995         -3.10348496       -3.10348496        1.5698e-11
    68.010         -3.10155738       -3.10155738        1.6025e-11
    68.025         -3.09953584       -3.09953584        1.6350e-11
    68.040         -3.09742095       -3.09742095        1.6673e-11
    68.055         -3.09521335       -3.09521335        1.6993e-11
    68.070         -3.09291373       -3.09291373        1.7309e-11
    68.085         -3.09052277       -3.09052277        1.7622e-11
    68.100         -3.08804122       -3.08804122        1.7932e-11
    68.115         -3.08546983       -3.08546983        1.8238e-11
    68.130         -3.08280938       -3.08280938        1.8540e-11
    68.145         -3.08006069       -3.08006069        1.8839e-11
    68.160         -3.07722460       -3.07722460        1.9134e-11
    68.175         -3.07430197       -3.07430197        1.9424e-11
    68.190         -3.07129369       -3.07129369        1.9710e-11
    68.205         -3.06820068       -3.06820068        1.9992e-11
    68.220         -3.06502389       -3.06502389        2.0269e-11
    68.235         -3.06176427       -3.06176428        2.0541e-11
    68.250         -3.05842284       -3.05842284        2.0808e-11
    68.265         -3.05500059       -3.05500059        2.1070e-11
    68.280         -3.05149858       -3.05149858        2.1327e-11
    68.295         -3.04791786       -3.04791786        2.1579e-11
    68.310         -3.04425953       -3.04425953        2.1826e-11
    68.325         -3.04052470       -3.04052470        2.2066e-11
    68.340         -3.03671451       -3.03671451        2.2301e-11
    68.355         -3.03283009       -3.03283009        2.2530e-11
    68.370         -3.02887264       -3.02887264        2.2752e-11
    68.385         -3.02484335       -3.02484335        2.2970e-11
    68.400         -3.02074344       -3.02074344        2.3180e-11
    68.415         -3.01657414       -3.01657414        2.3384e-11
    68.430         -3.01233672       -3.01233672        2.3582e-11
    68.445         -3.00803243       -3.00803243        2.3774e-11
    68.460         -3.00366259       -3.00366259        2.3959e-11
    68.475         -2.99922850       -2.99922850        2.4136e-11
    68.490         -2.99473149       -2.99473149        2.4308e-11
    68.505         -2.99017289       -2.99017289        2.4472e-11
    68.520         -2.98555408       -2.98555408        2.4630e-11
    68.535         -2.98087643       -2.98087643        2.4780e-11
    68.550         -2.97614132       -2.97614132        2.4923e-11
    68.565         -2.97135016       -2.97135016        2.5059e-11
    68.580         -2.96650437       -2.96650437        2.5187e-11
    68.595         -2.96160537       -2.96160537        2.5308e-11
    68.610         -2.95665461       -2.95665461        2.5421e-11
    68.625         -2.95165353       -2.95165353        2.5528e-11
    68.640         -2.94660361       -2.94660361        2.5626e-11
    68.655         -2.94150632       -2.94150632        2.5717e-11
    68.670         -2.93636312       -2.93636312        2.5800e-11
    68.685         -2.93117553       -2.93117553        2.5876e-11
    68.700         -2.92594503       -2.92594503        2.5944e-11
    68.715         -2.92067314       -2.92067314        2.6004e-11
    68.730         -2.91536136       -2.91536136        2.6056e-11
    68.745         -2.91001121       -2.91001121        2.6100e-11
    68.760         -2.90462422       -2.90462422        2.6137e-11
    68.775         -2.89920190       -2.89920190        2.6166e-11
    68.790         -2.89374581       -2.89374581        2.6187e-11
    68.805         -2.88825746       -2.88825746        2.6199e-11
    68.820         -2.88273839       -2.88273839        2.6204e-11
    68.835         -2.87719015       -2.87719015        2.6201e-11
    68.850         -2.87161427       -2.87161427        2.6190e-11
    68.865         -2.86601229       -2.86601229        2.6172e-11
    68.880         -2.86038574       -2.86038574        2.6145e-11
    68.895         -2.85473617       -2.85473617        2.6111e-11
    68.910         -2.84906510       -2.84906510        2.6068e-11
    68.925         -2.84337408       -2.84337408        2.6018e-11
    68.940         -2.83766462       -2.83766462        2.5960e-11
    68.955         -2.83193825       -2.83193825        2.5894e-11
    68.970         -2.82619649       -2.82619649        2.5821e-11
    68.985         -2.82044086       -2.82044086        2.5740e-11
    69.000         -2.81467285       -2.81467285        2.5651e-11
    69.015         -2.80889397       -2.80889397        2.5554e-11
    69.030         -2.80310571       -2.80310571        2.5449e-11
    69.045         -2.79730955       -2.79730955        2.5338e-11
    69.060         -2.79150696       -2.79150696        2.5218e-11
    69.075         -2.78569942       -2.78569942        2.5091e-11
    69.090         -2.77988836       -2.77988836        2.4957e-11
    69.105         -2.77407524       -2.77407524        2.4815e-11
    69.120         -2.76826148       -2.76826148        2.4667e-11
    69.135         -2.76244850       -2.76244850        2.4511e-11
    69.150         -2.75663770       -2.75663770        2.4348e-11
    69.165         -2.75083048       -2.75083048        2.4178e-11
    69.180         -2.74502819       -2.74502819        2.4002e-11
    69.195         -2.73923222       -2.73923222        2.3818e-11
    69.210         -2.73344389       -2.73344389        2.3627e-11
    69.225         -2.72766453       -2.72766453        2.3430e-11
    69.240         -2.72189545       -2.72189545        2.3226e-11
    69.255         -2.71613795       -2.71613795        2.3016e-11
    69.270         -2.71039330       -2.71039330        2.2799e-11
    69.285         -2.70466274       -2.70466274        2.2576e-11
    69.300         -2.69894752       -2.69894752        2.2347e-11
    69.315         -2.69324884       -2.69324884        2.2112e-11
    69.330         -2.68756790       -2.68756790        2.1871e-11
    69.345         -2.68190586       -2.68190586        2.1623e-11
    69.360         -2.67626389       -2.67626389        2.1370e-11
    69.375         -2.67064310       -2.67064310        2.1112e-11
    69.390         -2.66504459       -2.66504459        2.0847e-11
    69.405         -2.65946945       -2.65946945        2.0577e-11
    69.420         -2.65391873       -2.65391873        2.0302e-11
    69.435         -2.64839346       -2.64839347        2.0022e-11
    69.450         -2.64289466       -2.64289466        1.9736e-11
    69.465         -2.63742329       -2.63742329        1.9446e-11
    69.480         -2.63198031       -2.63198031        1.9150e-11
    69.495         -2.62656665       -2.62656665        1.8850e-11
    69.510         -2.62118321       -2.62118321        1.8546e-11
    69.525         -2.61583086       -2.61583086        1.8237e-11
    69.540         -2.61051045       -2.61051045        1.7924e-11
    69.555         -2.60522281       -2.60522281        1.7607e-11
    69.570         -2.59996870       -2.59996870        1.7285e-11
    69.585         -2.59474891       -2.59474891        1.6960e-11
    69.600         -2.58956416       -2.58956416        1.6631e-11
    69.615         -2.58441514       -2.58441514        1.6298e-11
    69.630         -2.57930254       -2.57930254        1.5961e-11
    69.645         -2.57422700       -2.57422700        1.5621e-11
    69.660         -2.56918912       -2.56918912        1.5278e-11
    69.675         -2.56418950       -2.56418950        1.4933e-11
    69.690         -2.55922868       -2.55922868        1.4584e-11
    69.705         -2.55430718       -2.55430718        1.4233e-11
    69.720         -2.54942549       -2.54942549        1.3879e-11
    69.735         -2.54458407       -2.54458407        1.3523e-11
    69.750         -2.53978335       -2.53978335        1.3165e-11
    69.765         -2.53502371       -2.53502371        1.2804e-11
    69.780         -2.53030553       -2.53030553        1.2442e-11
    69.795         -2.52562914       -2.52562914        1.2077e-11
    69.810         -2.52099483       -2.52099483        1.1711e-11
    69.825         -2.51640287       -2.51640287        1.1343e-11
    69.840         -2.51185350       -2.51185350        1.0975e-11
    69.855         -2.50734692       -2.50734692        1.0604e-11
    69.870         -2.50288330       -2.50288330        1.0234e-11
    69.885         -2.49846278       -2.49846278        9.8614e-12
    69.900         -2.49408547       -2.49408547        9.4889e-12
    69.915         -2.48975145       -2.48975145        9.1154e-12
    69.930         -2.48546075       -2.48546075        8.7419e-12
    69.945         -2.48121339       -2.48121339        8.3684e-12
    69.960         -2.47700935       -2.47700935        7.9945e-12
    69.975         -2.47284858       -2.47284858        7.6206e-12
    69.990         -2.46873099       -2.46873099        7.2471e-12
    70.005         -2.46465647       -2.46465647        6.8741e-12
    70.020         -2.46062487       -2.46062487        6.5019e-12
    70.035         -2.45663602       -2.45663602        6.1298e-12
    70.050         -2.45268970       -2.45268970        5.7585e-12
    70.065         -2.44878568       -2.44878568        5.3886e-12
    70.080         -2.44492370       -2.44492370        5.0200e-12
    70.095         -2.44110344       -2.44110344        4.6523e-12
    70.110         -2.43732459       -2.43732459        4.2863e-12
    70.125         -2.43358677       -2.43358677        3.9222e-12
    70.140         -2.42988962       -2.42988962        3.5594e-12
    70.155         -2.42623270       -2.42623270        3.1983e-12
    70.170         -2.42261557       -2.42261557        2.8395e-12
    70.185         -2.41903776       -2.41903776        2.4829e-12
    70.200         -2.41549877       -2.41549877        2.1285e-12
    70.215         -2.41199807       -2.41199807        1.7768e-12
    70.230         -2.40853509       -2.40853509        1.4273e-12
    70.245         -2.40510926       -2.40510926        1.0809e-12
    70.260         -2.40171996       -2.40171996        7.3674e-13
    70.275         -2.39836657       -2.39836657        3.9568e-13
    70.290         -2.39504841       -2.39504841        5.7732e-14
    70.305         -2.39176479       -2.39176479       -2.7711e-13
    70.320         -2.38851502       -2.38851502       -6.0840e-13
    70.335         -2.38529835       -2.38529835       -9.3658e-13
    70.350         -2.38211402       -2.38211402       -1.2612e-12
    70.365         -2.37896125       -2.37896125       -1.5818e-12
    70.380         -2.37583923       -2.37583923       -1.8989e-12
    70.395         -2.37274713       -2.37274713       -2.2120e-12
    70.410         -2.36968411       -2.36968411       -2.5211e-12
    70.425         -2.36664929       -2.36664929       -2.8257e-12
    70.440         -2.36364178       -2.36364178       -3.1264e-12
    70.455         -2.36066066       -2.36066066       -3.4230e-12
    70.470         -2.35770502       -2.35770502       -3.7153e-12
    70.485         -2.35477389       -2.35477389       -4.0030e-12
    70.500         -2.35186631       -2.35186631       -4.2863e-12
    70.515         -2.34898129       -2.34898129       -4.5648e-12
    70.530         -2.34611783       -2.34611783       -4.8388e-12
    70.545         -2.34327490       -2.34327490       -5.1079e-12
    70.560         -2.34045147       -2.34045147       -5.3721e-12
    70.575         -2.33764649       -2.33764649       -5.6311e-12
    70.590         -2.33485888       -2.33485888       -5.8851e-12
    70.605         -2.33208758       -2.33208758       -6.1342e-12
    70.620         -2.32933148       -2.32933148       -6.3780e-12
    70.635         -2.32658948       -2.32658948       -6.6165e-12
    70.650         -2.32386046       -2.32386046       -6.8496e-12
    70.665         -2.32114328       -2.32114328       -7.0774e-12
    70.680         -2.31843681       -2.31843681       -7.2999e-12
    70.695         -2.31573989       -2.31573989       -7.5171e-12
    70.710         -2.31305136       -2.31305136       -7.7285e-12
    70.725         -2.31037006       -2.31037006       -7.9341e-12
    70.740         -2.30769479       -2.30769479       -8.1344e-12
    70.755         -2.30502438       -2.30502438       -8.3289e-12
    70.770         -2.30235763       -2.30235763       -8.5176e-12
    70.785         -2.29969334       -2.29969334       -8.7006e-12
    70.800         -2.29703032       -2.29703032       -8.8778e-12
    70.815         -2.29436734       -2.29436734       -9.0492e-12
    70.830         -2.29170319       -2.29170319       -9.2149e-12
    70.845         -2.28903667       -2.28903667       -9.3747e-12
    70.860         -2.28636654       -2.28636654       -9.5284e-12
    70.875         -2.28369159       -2.28369159       -9.6763e-12
    70.890         -2.28101059       -2.28101059       -9.8179e-12
    70.905         -2.27832233       -2.27832233       -9.9538e-12
    70.920         -2.27562557       -2.27562557       -1.0083e-11
    70.935         -2.27291909       -2.27291909       -1.0207e-11
    70.950         -2.27020169       -2.27020169       -1.0325e-11
    70.965         -2.26747212       -2.26747212       -1.0437e-11
    70.980         -2.26472919       -2.26472919       -1.0542e-11
    70.995         -2.26197168       -2.26197168       -1.0642e-11
    71.010         -2.25919838       -2.25919838       -1.0735e-11
    71.025         -2.25640808       -2.25640808       -1.0822e-11
    71.040         -2.25359960       -2.25359960       -1.0904e-11
    71.055         -2.25077174       -2.25077174       -1.0979e-11
    71.070         -2.24792332       -2.24792332       -1.1048e-11
    71.085         -2.24505316       -2.24505316       -1.1111e-11
    71.100         -2.24216009       -2.24216009       -1.1168e-11
    71.115         -2.23924297       -2.23924297       -1.1219e-11
    71.130         -2.23630064       -2.23630064       -1.1263e-11
    71.145         -2.23333196       -2.23333196       -1.1302e-11
    71.160         -2.23033581       -2.23033581       -1.1335e-11
    71.175         -2.22731108       -2.22731108       -1.1362e-11
    71.190         -2.22425665       -2.22425665       -1.1382e-11
    71.205         -2.22117145       -2.22117145       -1.1398e-11
    71.220         -2.21805440       -2.21805440       -1.1406e-11
    71.235         -2.21490444       -2.21490444       -1.1410e-11
    71.250         -2.21172053       -2.21172053       -1.1407e-11
    71.265         -2.20850162       -2.20850162       -1.1398e-11
    71.280         -2.20524673       -2.20524673       -1.1384e-11
    71.295         -2.20195483       -2.20195483       -1.1364e-11
    71.310         -2.19862497       -2.19862497       -1.1338e-11
    71.325         -2.19525617       -2.19525617       -1.1306e-11
    71.340         -2.19184749       -2.19184749       -1.1268e-11
    71.355         -2.18839802       -2.18839802       -1.1226e-11
    71.370         -2.18490684       -2.18490684       -1.1178e-11
    71.385         -2.18137309       -2.18137309       -1.1124e-11
    71.400         -2.17779588       -2.17779588       -1.1064e-11
    71.415         -2.17417440       -2.17417440       -1.1000e-11
    71.430         -2.17050780       -2.17050780       -1.0930e-11
    71.445         -2.16679531       -2.16679531       -1.0855e-11
    71.460         -2.16303615       -2.16303615       -1.0774e-11
    71.475         -2.15922957       -2.15922957       -1.0689e-11
    71.490         -2.15537484       -2.15537484       -1.0599e-11
    71.505         -2.15147126       -2.15147126       -1.0503e-11
    71.520         -2.14751815       -2.14751815       -1.0403e-11
    71.535         -2.14351487       -2.14351487       -1.0298e-11
    71.550         -2.13946078       -2.13946078       -1.0187e-11
    71.565         -2.13535530       -2.13535530       -1.0073e-11
    71.580         -2.13119783       -2.13119783       -9.9534e-12
    71.595         -2.12698785       -2.12698785       -9.8295e-12
    71.610         -2.12272482       -2.12272482       -9.7011e-12
    71.625         -2.11840826       -2.11840826       -9.5683e-12
    71.640         -2.11403771       -2.11403771       -9.4316e-12
    71.655         -2.10961271       -2.10961271       -9.2908e-12
    71.670         -2.10513288       -2.10513288       -9.1460e-12
    71.685         -2.10059783       -2.10059783       -8.9968e-12
    71.700         -2.09600720       -2.09600720       -8.8440e-12
    71.715         -2.09136068       -2.09136068       -8.6873e-12
    71.730         -2.08665798       -2.08665798       -8.5265e-12
    71.745         -2.08189884       -2.08189884       -8.3626e-12
    71.760         -2.07708301       -2.07708301       -8.1952e-12
    71.775         -2.07221031       -2.07221031       -8.0242e-12
    71.790         -2.06728055       -2.06728055       -7.8502e-12
    71.805         -2.06229361       -2.06229361       -7.6730e-12
    71.820         -2.05724936       -2.05724936       -7.4927e-12
    71.835         -2.05214772       -2.05214772       -7.3093e-12
    71.850         -2.04698865       -2.04698865       -7.1232e-12
    71.865         -2.04177213       -2.04177213       -6.9340e-12
    71.880         -2.03649816       -2.03649816       -6.7426e-12
    71.895         -2.03116680       -2.03116680       -6.5485e-12
    71.910         -2.02577811       -2.02577811       -6.3523e-12
    71.925         -2.02033219       -2.02033219       -6.1537e-12
    71.940         -2.01482919       -2.01482919       -5.9530e-12
    71.955         -2.00926927       -2.00926927       -5.7505e-12
    71.970         -2.00365263       -2.00365263       -5.5458e-12
    71.985         -1.99797948       -1.99797948       -5.3393e-12
    72.000         -1.99225010       -1.99225010       -5.1312e-12
    72.015         -1.98646477       -1.98646477       -4.9216e-12
    72.030         -1.98062380       -1.98062380       -4.7105e-12
    72.045         -1.97472755       -1.97472755       -4.4980e-12
    72.060         -1.96877640       -1.96877640       -4.2844e-12
    72.075         -1.96277075       -1.96277075       -4.0699e-12
    72.090         -1.95671104       -1.95671104       -3.8543e-12
    72.105         -1.95059774       -1.95059774       -3.6378e-12
    72.120         -1.94443135       -1.94443135       -3.4206e-12
    72.135         -1.93821239       -1.93821239       -3.2028e-12
    72.150         -1.93194142       -1.93194142       -2.9845e-12
    72.165         -1.92561902       -1.92561902       -2.7660e-12
    72.180         -1.91924581       -1.91924581       -2.5473e-12
    72.195         -1.91282241       -1.91282241       -2.3284e-12
    72.210         -1.90634950       -1.90634950       -2.1094e-12
    72.225         -1.89982778       -1.89982778       -1.8907e-12
    72.240         -1.89325795       -1.89325795       -1.6722e-12
    72.255         -1.88664077       -1.88664077       -1.4539e-12
    72.270         -1.87997701       -1.87997701       -1.2363e-12
    72.285         -1.87326746       -1.87326746       -1.0194e-12
    72.300         -1.86651295       -1.86651295       -8.0291e-13
    72.315         -1.85971433       -1.85971433       -5.8731e-13
    72.330         -1.85287247       -1.85287247       -3.7259e-13
    72.345         -1.84598825       -1.84598825       -1.5898e-13
    72.360         -1.83906261       -1.83906261        5.3735e-14
    72.375         -1.83209647       -1.83209647        2.6534e-13
    72.390         -1.82509081       -1.82509081        4.7540e-13
    72.405         -1.81804660       -1.81804660        6.8412e-13
    72.420         -1.81096485       -1.81096485        8.9129e-13
    72.435         -1.80384657       -1.80384657        1.0969e-12
    72.450         -1.79669283       -1.79669283        1.3007e-12
    72.465         -1.78950468       -1.78950468        1.5030e-12
    72.480         -1.78228320       -1.78228320        1.7033e-12
    72.495         -1.77502949       -1.77502949        1.9018e-12
    72.510         -1.76774466       -1.76774466        2.0981e-12
    72.525         -1.76042986       -1.76042986        2.2924e-12
    72.540         -1.75308623       -1.75308623        2.4845e-12
    72.555         -1.74571494       -1.74571494        2.6745e-12
    72.570         -1.73831715       -1.73831715        2.8619e-12
    72.585         -1.73089408       -1.73089408        3.0471e-12
    72.600         -1.72344691       -1.72344691        3.2299e-12
    72.615         -1.71597687       -1.71597687        3.4099e-12
    72.630         -1.70848520       -1.70848520        3.5876e-12
    72.645         -1.70097312       -1.70097312        3.7625e-12
    72.660         -1.69344190       -1.69344190        3.9349e-12
    72.675         -1.68589279       -1.68589279        4.1045e-12
    72.690         -1.67832707       -1.67832707        4.2715e-12
    72.705         -1.67074600       -1.67074600        4.4353e-12
    72.720         -1.66315089       -1.66315089        4.5965e-12
    72.735         -1.65554301       -1.65554301        4.7546e-12
    72.750         -1.64792367       -1.64792367        4.9099e-12
    72.765         -1.64029417       -1.64029417        5.0620e-12
    72.780         -1.63265582       -1.63265582        5.2112e-12
    72.795         -1.62500994       -1.62500994        5.3575e-12
    72.810         -1.61735782       -1.61735782        5.5007e-12
    72.825         -1.60970080       -1.60970080        5.6408e-12
    72.840         -1.60204020       -1.60204020        5.7778e-12
    72.855         -1.59437732       -1.59437732        5.9117e-12
    72.870         -1.58671350       -1.58671350        6.0425e-12
    72.885         -1.57905004       -1.57905004        6.1702e-12
    72.900         -1.57138828       -1.57138828        6.2947e-12
    72.915         -1.56372952       -1.56372952        6.4160e-12
    72.930         -1.55607508       -1.55607508        6.5341e-12
    72.945         -1.54842628       -1.54842628        6.6491e-12
    72.960         -1.54078441       -1.54078441        6.7610e-12
    72.975         -1.53315078       -1.53315078        6.8701e-12
    72.990         -1.52552668       -1.52552668        6.9760e-12
    73.005         -1.51791342       -1.51791342        7.0788e-12
    73.020         -1.51031226       -1.51031226        7.1783e-12
    73.035         -1.50272450       -1.50272450        7.2748e-12
    73.050         -1.49515139       -1.49515139        7.3686e-12
    73.065         -1.48759421       -1.48759421        7.4591e-12
    73.080         -1.48005419       -1.48005419        7.5466e-12
    73.095         -1.47253260       -1.47253260        7.6312e-12
    73.110         -1.46503066       -1.46503066        7.7129e-12
    73.125         -1.45754959       -1.45754959        7.7918e-12
    73.140         -1.45009061       -1.45009061        7.8677e-12
    73.155         -1.44265491       -1.44265491        7.9408e-12
    73.170         -1.43524369       -1.43524369        8.0111e-12
    73.185         -1.42785812       -1.42785812        8.0789e-12
    73.200         -1.42049936       -1.42049936        8.1439e-12
    73.215         -1.41316857       -1.41316857        8.2063e-12
    73.230         -1.40586688       -1.40586688        8.2663e-12
    73.245         -1.39859541       -1.39859541        8.3236e-12
    73.260         -1.39135527       -1.39135527        8.3784e-12
    73.275         -1.38414755       -1.38414755        8.4310e-12
    73.290         -1.37697334       -1.37697334        8.4812e-12
    73.305         -1.36983369       -1.36983369        8.5290e-12
    73.320         -1.36272965       -1.36272965        8.5745e-12
    73.335         -1.35566225       -1.35566225        8.6180e-12
    73.350         -1.34863251       -1.34863251        8.6595e-12
    73.365         -1.34164142       -1.34164142        8.6988e-12
    73.380         -1.33468997       -1.33468997        8.7363e-12
    73.395         -1.32777911       -1.32777911        8.7719e-12
    73.410         -1.32090980       -1.32090980        8.8056e-12
    73.425         -1.31408296       -1.31408296        8.8376e-12
    73.440         -1.30729951       -1.30729951        8.8678e-12
    73.455         -1.30056034       -1.30056034        8.8964e-12
    73.470         -1.29386633       -1.29386633        8.9235e-12
    73.485         -1.28721834       -1.28721834        8.9493e-12
    73.500         -1.28061721       -1.28061721        8.9737e-12
    73.515         -1.27406377       -1.27406377        8.9968e-12
    73.530         -1.26755881       -1.26755881        9.0186e-12
    73.545         -1.26110314       -1.26110314        9.0390e-12
    73.560         -1.25469751       -1.25469751        9.0585e-12
    73.575         -1.24834269       -1.24834269        9.0770e-12
    73.590         -1.24203941       -1.24203941        9.0943e-12
    73.605         -1.23578839       -1.23578839        9.1109e-12
    73.620         -1.22959032       -1.22959032        9.1267e-12
    73.635         -1.22344589       -1.22344589        9.1416e-12
    73.650         -1.21735577       -1.21735577        9.1562e-12
    73.665         -1.21132061       -1.21132061        9.1702e-12
    73.680         -1.20534103       -1.20534103        9.1835e-12
    73.695         -1.19941765       -1.19941765        9.1964e-12
    73.710         -1.19355107       -1.19355107        9.2091e-12
    73.725         -1.18774188       -1.18774188        9.2215e-12
    73.740         -1.18199063       -1.18199063        9.2337e-12
    73.755         -1.17629789       -1.17629789        9.2457e-12
    73.770         -1.17066418       -1.17066418        9.2577e-12
    73.785         -1.16509002       -1.16509002        9.2697e-12
    73.800         -1.15957593       -1.15957593        9.2819e-12
    73.815         -1.15412238       -1.15412238        9.2941e-12
    73.830         -1.14872985       -1.14872985        9.3066e-12
    73.845         -1.14339882       -1.14339882        9.3192e-12
    73.860         -1.13812971       -1.13812971        9.3325e-12
    73.875         -1.13292298       -1.13292298        9.3461e-12
    73.890         -1.12777903       -1.12777903        9.3601e-12
    73.905         -1.12269828       -1.12269828        9.3747e-12
    73.920         -1.11768112       -1.11768112        9.3898e-12
    73.935         -1.11272795       -1.11272795        9.4056e-12
    73.950         -1.10783912       -1.10783912        9.4220e-12
    73.965         -1.10301500       -1.10301500        9.4396e-12
    73.980         -1.09825595       -1.09825595        9.4578e-12
    73.995         -1.09356230       -1.09356230        9.4769e-12
    74.010         -1.08893438       -1.08893438        9.4968e-12
    74.025         -1.08437252       -1.08437252        9.5179e-12
    74.040         -1.07987702       -1.07987702        9.5401e-12
    74.055         -1.07544819       -1.07544819        9.5635e-12
    74.070         -1.07108633       -1.07108633        9.5877e-12
    74.085         -1.06679171       -1.06679171        9.6132e-12
    74.100         -1.06256462       -1.06256462        9.6401e-12
    74.115         -1.05840533       -1.05840533        9.6680e-12
    74.130         -1.05431410       -1.05431410        9.6974e-12
    74.145         -1.05029119       -1.05029119        9.7280e-12
    74.160         -1.04633686       -1.04633686        9.7602e-12
    74.175         -1.04245135       -1.04245135        9.7935e-12
    74.190         -1.03863491       -1.03863491        9.8284e-12
    74.205         -1.03488777       -1.03488777        9.8646e-12
    74.220         -1.03121016       -1.03121016        9.9023e-12
    74.235         -1.02760232       -1.02760232        9.9414e-12
    74.250         -1.02406446       -1.02406446        9.9820e-12
    74.265         -1.02059682       -1.02059682        1.0024e-11
    74.280         -1.01719961       -1.01719961        1.0068e-11
    74.295         -1.01387305       -1.01387305        1.0113e-11
    74.310         -1.01061734       -1.01061734        1.0160e-11
    74.325         -1.00743272       -1.00743272        1.0209e-11
    74.340         -1.00431938       -1.00431938        1.0259e-11
    74.355         -1.00127754       -1.00127754        1.0311e-11
    74.370         -0.99830740       -0.99830740        1.0364e-11
    74.385         -0.99540918       -0.99540918        1.0419e-11
    74.400         -0.99258309       -0.99258309        1.0476e-11
    74.415         -0.98982932       -0.98982932        1.0534e-11
    74.430         -0.98714810       -0.98714810        1.0594e-11
    74.445         -0.98453963       -0.98453963        1.0655e-11
    74.460         -0.98200412       -0.98200412        1.0718e-11
    74.475         -0.97954178       -0.97954178        1.0782e-11
    74.490         -0.97715282       -0.97715282        1.0848e-11
    74.505         -0.97483746       -0.97483746        1.0915e-11
    74.520         -0.97259592       -0.97259592        1.0985e-11
    74.535         -0.97042840       -0.97042840        1.1055e-11
    74.550         -0.96833512       -0.96833512        1.1127e-11
    74.565         -0.96631632       -0.96631632        1.1201e-11
    74.580         -0.96437221       -0.96437221        1.1275e-11
    74.595         -0.96250301       -0.96250301        1.1352e-11
    74.610         -0.96070895       -0.96070895        1.1429e-11
    74.625         -0.95899027       -0.95899027        1.1508e-11
    74.640         -0.95734719       -0.95734719        1.1589e-11
    74.655         -0.95577995       -0.95577995        1.1670e-11
    74.670         -0.95428879       -0.95428879        1.1753e-11
    74.685         -0.95287394       -0.95287394        1.1837e-11
    74.700         -0.95153565       -0.95153565        1.1922e-11
    74.715         -0.95027417       -0.95027417        1.2008e-11
    74.730         -0.94908974       -0.94908974        1.2096e-11
    74.745         -0.94798262       -0.94798262        1.2184e-11
    74.760         -0.94695305       -0.94695305        1.2273e-11
    74.775         -0.94600129       -0.94600129        1.2364e-11
    74.790         -0.94512760       -0.94512760        1.2455e-11
    74.805         -0.94433225       -0.94433225        1.2547e-11
    74.820         -0.94361548       -0.94361548        1.2640e-11
    74.835         -0.94297758       -0.94297758        1.2733e-11
    74.850         -0.94241880       -0.94241880        1.2828e-11
    74.865         -0.94193941       -0.94193941        1.2922e-11
    74.880         -0.94153969       -0.94153969        1.3018e-11
    74.895         -0.94121991       -0.94121991        1.3114e-11
    74.910         -0.94098034       -0.94098034        1.3210e-11
    74.925         -0.94082125       -0.94082125        1.3307e-11
    74.940         -0.94074292       -0.94074292        1.3404e-11
    74.955         -0.94074564       -0.94074564        1.3501e-11
    74.970         -0.94082966       -0.94082966        1.3599e-11
    74.985         -0.94099529       -0.94099529        1.3697e-11
    75.000         -0.94124278       -0.94124278        1.3795e-11
    75.015         -0.94157243       -0.94157243        1.3892e-11
    75.030         -0.94198451       -0.94198451        1.3990e-11
    75.045         -0.94247930       -0.94247930        1.4088e-11
    75.060         -0.94305707       -0.94305707        1.4185e-11
    75.075         -0.94371810       -0.94371810        1.4282e-11
    75.090         -0.94446266       -0.94446266        1.4379e-11
    75.105         -0.94529104       -0.94529104        1.4476e-11
    75.120         -0.94620349       -0.94620349        1.4572e-11
    75.135         -0.94720030       -0.94720030        1.4667e-11
    75.150         -0.94828172       -0.94828172        1.4762e-11
    75.165         -0.94944802       -0.94944802        1.4857e-11
    75.180         -0.95069946       -0.95069946        1.4950e-11
    75.195         -0.95203630       -0.95203630        1.5043e-11
    75.210         -0.95345880       -0.95345880        1.5135e-11
    75.225         -0.95496719       -0.95496719        1.5225e-11
    75.240         -0.95656174       -0.95656174        1.5315e-11
    75.255         -0.95824268       -0.95824268        1.5404e-11
    75.270         -0.96001024       -0.96001024        1.5491e-11
    75.285         -0.96186466       -0.96186466        1.5578e-11
    75.300         -0.96380616       -0.96380616        1.5663e-11
    75.315         -0.96583496       -0.96583496        1.5746e-11
    75.330         -0.96795128       -0.96795128        1.5829e-11
    75.345         -0.97015531       -0.97015531        1.5909e-11
    75.360         -0.97244726       -0.97244726        1.5988e-11
    75.375         -0.97482733       -0.97482733        1.6066e-11
    75.390         -0.97729568       -0.97729568        1.6141e-11
    75.405         -0.97985251       -0.97985251        1.6215e-11
    75.420         -0.98249797       -0.98249797        1.6287e-11
    75.435         -0.98523222       -0.98523222        1.6357e-11
    75.450         -0.98805542       -0.98805542        1.6425e-11
    75.465         -0.99096770       -0.99096770        1.6491e-11
    75.480         -0.99396919       -0.99396919        1.6555e-11
    75.495         -0.99706001       -0.99706001        1.6616e-11
    75.510         -1.00024028       -1.00024028        1.6675e-11
    75.525         -1.00351009       -1.00351009        1.6732e-11
    75.540         -1.00686952       -1.00686952        1.6787e-11
    75.555         -1.01031865       -1.01031865        1.6839e-11
    75.570         -1.01385755       -1.01385755        1.6888e-11
    75.585         -1.01748627       -1.01748627        1.6936e-11
    75.600         -1.02120483       -1.02120483        1.6980e-11
    75.615         -1.02501328       -1.02501328        1.7021e-11
    75.630         -1.02891163       -1.02891163        1.7060e-11
    75.645         -1.03289986       -1.03289986        1.7096e-11
    75.660         -1.03697797       -1.03697797        1.7129e-11
    75.675         -1.04114593       -1.04114593        1.7160e-11
    75.690         -1.04540370       -1.04540370        1.7187e-11
    75.705         -1.04975121       -1.04975121        1.7211e-11
    75.720         -1.05418839       -1.05418839        1.7232e-11
    75.735         -1.05871516       -1.05871516        1.7250e-11
    75.750         -1.06333141       -1.06333141        1.7265e-11
    75.765         -1.06803702       -1.06803702        1.7277e-11
    75.780         -1.07283186       -1.07283186        1.7285e-11
    75.795         -1.07771576       -1.07771576        1.7290e-11
    75.810         -1.08268857       -1.08268857        1.7292e-11
    75.825         -1.08775010       -1.08775010        1.7290e-11
    75.840         -1.09290014       -1.09290015        1.7286e-11
    75.855         -1.09813848       -1.09813848        1.7277e-11
    75.870         -1.10346487       -1.10346487        1.7265e-11
    75.885         -1.10887907       -1.10887907        1.7250e-11
    75.900         -1.11438079       -1.11438079        1.7230e-11
    75.915         -1.11996975       -1.11996975        1.7208e-11
    75.930         -1.12564563       -1.12564563        1.7182e-11
    75.945         -1.13140811       -1.13140811        1.7152e-11
    75.960         -1.13725684       -1.13725684        1.7119e-11
    75.975         -1.14319145       -1.14319145        1.7081e-11
    75.990         -1.14921157       -1.14921157        1.7041e-11
    76.005         -1.15531678       -1.15531678        1.6996e-11
    76.020         -1.16150666       -1.16150666        1.6948e-11
    76.035         -1.16778078       -1.16778078        1.6896e-11
    76.050         -1.17413866       -1.17413866        1.6841e-11
    76.065         -1.18057983       -1.18057983        1.6781e-11
    76.080         -1.18710379       -1.18710379        1.6718e-11
    76.095         -1.19371002       -1.19371002        1.6651e-11
    76.110         -1.20039798       -1.20039798        1.6580e-11
    76.125         -1.20716711       -1.20716711        1.6505e-11
    76.140         -1.21401682       -1.21401682        1.6427e-11
    76.155         -1.22094653       -1.22094653        1.6345e-11
    76.170         -1.22795561       -1.22795561        1.6259e-11
    76.185         -1.23504342       -1.23504342        1.6169e-11
    76.200         -1.24220931       -1.24220931        1.6076e-11
    76.215         -1.24945260       -1.24945260        1.5979e-11
    76.230         -1.25677258       -1.25677258        1.5878e-11
    76.245         -1.26416855       -1.26416855        1.5773e-11
    76.260         -1.27163976       -1.27163976        1.5664e-11
    76.275         -1.27918547       -1.27918547        1.5552e-11
    76.290         -1.28680488       -1.28680488        1.5436e-11
    76.305         -1.29449722       -1.29449722        1.5317e-11
    76.320         -1.30226166       -1.30226166        1.5193e-11
    76.335         -1.31009737       -1.31009737        1.5067e-11
    76.350         -1.31800350       -1.31800350        1.4936e-11
    76.365         -1.32597917       -1.32597917        1.4802e-11
    76.380         -1.33402350       -1.33402350        1.4664e-11
    76.395         -1.34213558       -1.34213558        1.4523e-11
    76.410         -1.35031448       -1.35031448        1.4378e-11
    76.425         -1.35855926       -1.35855926        1.4229e-11
    76.440         -1.36686894       -1.36686894        1.4077e-11
    76.455         -1.37524256       -1.37524256        1.3922e-11
    76.470         -1.38367910       -1.38367910        1.3764e-11
    76.485         -1.39217756       -1.39217756        1.3602e-11
    76.500         -1.40073690       -1.40073690        1.3437e-11
    76.515         -1.40935606       -1.40935606        1.3268e-11
    76.530         -1.41803399       -1.41803399        1.3097e-11
    76.545         -1.42676959       -1.42676959        1.2922e-11
    76.560         -1.43556177       -1.43556177        1.2744e-11
    76.575         -1.44440940       -1.44440940        1.2563e-11
    76.590         -1.45331136       -1.45331136        1.2379e-11
    76.605         -1.46226649       -1.46226649        1.2192e-11
    76.620         -1.47127364       -1.47127364        1.2002e-11
    76.635         -1.48033162       -1.48033162        1.1809e-11
    76.650         -1.48943924       -1.48943924        1.1614e-11
    76.665         -1.49859529       -1.49859529        1.1415e-11
    76.680         -1.50779855       -1.50779855        1.1214e-11
    76.695         -1.51704778       -1.51704778        1.1010e-11
    76.710         -1.52634174       -1.52634174        1.0804e-11
    76.725         -1.53567915       -1.53567915        1.0595e-11
    76.740         -1.54505876       -1.54505876        1.0383e-11
    76.755         -1.55447926       -1.55447926        1.0170e-11
    76.770         -1.56393936       -1.56393936        9.9536e-12
    76.785         -1.57343774       -1.57343774        9.7351e-12
    76.800         -1.58297309       -1.58297309        9.5146e-12
    76.815         -1.59254406       -1.59254406        9.2917e-12
    76.830         -1.60214931       -1.60214931        9.0667e-12
    76.845         -1.61178748       -1.61178748        8.8398e-12
    76.860         -1.62145722       -1.62145722        8.6109e-12
    76.875         -1.63115713       -1.63115713        8.3802e-12
    76.890         -1.64088584       -1.64088584        8.1479e-12
    76.905         -1.65064196       -1.65064196        7.9139e-12
    76.920         -1.66042407       -1.66042407        7.6781e-12
    76.935         -1.67023077       -1.67023077        7.4407e-12
    76.950         -1.68006064       -1.68006064        7.2018e-12
    76.965         -1.68991224       -1.68991224        6.9615e-12
    76.980         -1.69978416       -1.69978416        6.7197e-12
    76.995         -1.70967494       -1.70967494        6.4768e-12
    77.010         -1.71958315       -1.71958315        6.2328e-12
    77.025         -1.72950732       -1.72950732        5.9877e-12
    77.040         -1.73944599       -1.73944599        5.7414e-12
    77.055         -1.74939772       -1.74939772        5.4940e-12
    77.070         -1.75936102       -1.75936102        5.2458e-12
    77.085         -1.76933442       -1.76933442        4.9969e-12
    77.100         -1.77931645       -1.77931645        4.7473e-12
    77.115         -1.78930563       -1.78930563        4.4971e-12
    77.130         -1.79930047       -1.79930047        4.2464e-12
    77.145         -1.80929949       -1.80929949        3.9952e-12
    77.160         -1.81930120       -1.81930120        3.7439e-12
    77.175         -1.82930410       -1.82930410        3.4921e-12
    77.190         -1.83930672       -1.83930672        3.2401e-12
    77.205         -1.84930754       -1.84930754        2.9878e-12
    77.220         -1.85930509       -1.85930509        2.7356e-12
    77.235         -1.86929786       -1.86929786        2.4833e-12
    77.250         -1.87928436       -1.87928436        2.2313e-12
    77.265         -1.88926310       -1.88926310        1.9795e-12
    77.280         -1.89923259       -1.89923259        1.7282e-12
    77.295         -1.90919132       -1.90919132        1.4773e-12
    77.310         -1.91913782       -1.91913782        1.2268e-12
    77.325         -1.92907060       -1.92907060        9.7677e-13
    77.340         -1.93898817       -1.93898817        7.2742e-13
    77.355         -1.94888905       -1.94888905        4.7895e-13
    77.370         -1.95877176       -1.95877176        2.3115e-13
    77.385         -1.96863482       -1.96863482       -1.5765e-14
    77.400         -1.97847676       -1.97847676       -2.6157e-13
    77.415         -1.98829612       -1.98829612       -5.0626e-13
    77.430         -1.99809144       -1.99809144       -7.5007e-13
    77.445         -2.00786126       -2.00786126       -9.9254e-13
    77.460         -2.01760412       -2.01760412       -1.2337e-12
    77.475         -2.02731859       -2.02731859       -1.4730e-12
    77.490         -2.03700322       -2.03700322       -1.7111e-12
    77.505         -2.04665658       -2.04665658       -1.9478e-12
    77.520         -2.05627725       -2.05627725       -2.1827e-12
    77.535         -2.06586382       -2.06586382       -2.4158e-12
    77.550         -2.07541486       -2.07541486       -2.6477e-12
    77.565         -2.08492899       -2.08492899       -2.8773e-12
    77.580         -2.09440481       -2.09440481       -3.1046e-12
    77.595         -2.10384094       -2.10384094       -3.3302e-12
    77.610         -2.11323600       -2.11323600       -3.5536e-12
    77.625         -2.12258864       -2.12258864       -3.7748e-12
    77.640         -2.13189749       -2.13189749       -3.9937e-12
    77.655         -2.14116121       -2.14116121       -4.2100e-12
    77.670         -2.15037848       -2.15037848       -4.4240e-12
    77.685         -2.15954797       -2.15954797       -4.6354e-12
    77.700         -2.16866837       -2.16866837       -4.8446e-12
    77.715         -2.17773839       -2.17773839       -5.0511e-12
    77.730         -2.18675673       -2.18675673       -5.2545e-12
    77.745         -2.19572213       -2.19572213       -5.4552e-12
    77.760         -2.20463332       -2.20463332       -5.6533e-12
    77.775         -2.21348907       -2.21348907       -5.8482e-12
    77.790         -2.22228813       -2.22228813       -6.0401e-12
    77.805         -2.23102928       -2.23102928       -6.2288e-12
    77.820         -2.23971132       -2.23971132       -6.4144e-12
    77.835         -2.24833306       -2.24833306       -6.5969e-12
    77.850         -2.25689332       -2.25689332       -6.7759e-12
    77.865         -2.26539094       -2.26539094       -6.9513e-12
    77.880         -2.27382478       -2.27382478       -7.1236e-12
    77.895         -2.28219369       -2.28219369       -7.2928e-12
    77.910         -2.29049658       -2.29049658       -7.4585e-12
    77.925         -2.29873233       -2.29873233       -7.6201e-12
    77.940         -2.30689986       -2.30689986       -7.7787e-12
    77.955         -2.31499812       -2.31499812       -7.9332e-12
    77.970         -2.32302605       -2.32302605       -8.0842e-12
    77.985         -2.33098261       -2.33098261       -8.2312e-12
    78.000         -2.33886680       -2.33886680       -8.3746e-12
    78.015         -2.34667762       -2.34667762       -8.5141e-12
    78.030         -2.35441408       -2.35441408       -8.6491e-12
    78.045         -2.36207523       -2.36207523       -8.7801e-12
    78.060         -2.36966013       -2.36966013       -8.9075e-12
    78.075         -2.37716784       -2.37716784       -9.0310e-12
    78.090         -2.38459747       -2.38459747       -9.1500e-12
    78.105         -2.39194813       -2.39194813       -9.2650e-12
    78.120         -2.39921895       -2.39921895       -9.3761e-12
    78.135         -2.40640908       -2.40640908       -9.4831e-12
    78.150         -2.41351770       -2.41351770       -9.5857e-12
    78.165         -2.42054400       -2.42054400       -9.6838e-12
    78.180         -2.42748719       -2.42748719       -9.7780e-12
    78.195         -2.43434649       -2.43434649       -9.8677e-12
    78.210         -2.44112117       -2.44112117       -9.9529e-12
    78.225         -2.44781049       -2.44781049       -1.0034e-11
    78.240         -2.45441376       -2.45441376       -1.0111e-11
    78.255         -2.46093027       -2.46093027       -1.0183e-11
    78.270         -2.46735937       -2.46735937       -1.0251e-11
    78.285         -2.47370042       -2.47370042       -1.0314e-11
    78.300         -2.47995278       -2.47995278       -1.0373e-11
    78.315         -2.48611587       -2.48611587       -1.0428e-11
    78.330         -2.49218909       -2.49218909       -1.0477e-11
    78.345         -2.49817189       -2.49817189       -1.0523e-11
    78.360         -2.50406374       -2.50406374       -1.0564e-11
    78.375         -2.50986412       -2.50986412       -1.0600e-11
    78.390         -2.51557253       -2.51557253       -1.0633e-11
    78.405         -2.52118851       -2.52118851       -1.0660e-11
    78.420         -2.52671160       -2.52671160       -1.0683e-11
    78.435         -2.53214138       -2.53214138       -1.0703e-11
    78.450         -2.53747745       -2.53747745       -1.0717e-11
    78.465         -2.54271942       -2.54271942       -1.0727e-11
    78.480         -2.54786693       -2.54786693       -1.0732e-11
    78.495         -2.55291964       -2.55291964       -1.0733e-11
    78.510         -2.55787724       -2.55787724       -1.0729e-11
    78.525         -2.56273944       -2.56273944       -1.0721e-11
    78.540         -2.56750596       -2.56750596       -1.0709e-11
    78.555         -2.57217656       -2.57217656       -1.0693e-11
    78.570         -2.57675101       -2.57675101       -1.0671e-11
    78.585         -2.58122911       -2.58122911       -1.0646e-11
    78.600         -2.58561068       -2.58561068       -1.0616e-11
    78.615         -2.58989555       -2.58989555       -1.0583e-11
    78.630         -2.59408360       -2.59408360       -1.0544e-11
    78.645         -2.59817471       -2.59817471       -1.0502e-11
    78.660         -2.60216879       -2.60216879       -1.0456e-11
    78.675         -2.60606577       -2.60606577       -1.0405e-11
    78.690         -2.60986561       -2.60986561       -1.0350e-11
    78.705         -2.61356827       -2.61356827       -1.0292e-11
    78.720         -2.61717377       -2.61717377       -1.0229e-11
    78.735         -2.62068211       -2.62068211       -1.0163e-11
    78.750         -2.62409334       -2.62409334       -1.0091e-11
    78.765         -2.62740753       -2.62740753       -1.0017e-11
    78.780         -2.63062475       -2.63062475       -9.9387e-12
    78.795         -2.63374513       -2.63374513       -9.8561e-12
    78.810         -2.63676878       -2.63676878       -9.7700e-12
    78.825         -2.63969586       -2.63969586       -9.6803e-12
    78.840         -2.64252654       -2.64252654       -9.5870e-12
    78.855         -2.64526101       -2.64526101       -9.4897e-12
    78.870         -2.64789948       -2.64789948       -9.3894e-12
    78.885         -2.65044220       -2.65044220       -9.2855e-12
    78.900         -2.65288942       -2.65288942       -9.1780e-12
    78.915         -2.65524141       -2.65524141       -9.0674e-12
    78.930         -2.65749848       -2.65749848       -8.9533e-12
    78.945         -2.65966093       -2.65966093       -8.8360e-12
    78.960         -2.66172912       -2.66172912       -8.7157e-12
    78.975         -2.66370339       -2.66370339       -8.5918e-12
    78.990         -2.66558412       -2.66558412       -8.4652e-12
    79.005         -2.66737171       -2.66737171       -8.3356e-12
    79.020         -2.66906658       -2.66906658       -8.2032e-12
    79.035         -2.67066916       -2.67066916       -8.0682e-12
    79.050         -2.67217990       -2.67217990       -7.9301e-12
    79.065         -2.67359929       -2.67359929       -7.7893e-12
    79.080         -2.67492781       -2.67492781       -7.6459e-12
    79.095         -2.67616598       -2.67616598       -7.5002e-12
    79.110         -2.67731431       -2.67731431       -7.3515e-12
    79.125         -2.67837337       -2.67837337       -7.2005e-12
    79.140         -2.67934371       -2.67934371       -7.0473e-12
    79.155         -2.68022591       -2.68022591       -6.8918e-12
    79.170         -2.68102057       -2.68102057       -6.7342e-12
    79.185         -2.68172832       -2.68172832       -6.5743e-12
    79.200         -2.68234977       -2.68234977       -6.4126e-12
    79.215         -2.68288559       -2.68288559       -6.2488e-12
    79.230         -2.68333643       -2.68333643       -6.0831e-12
    79.245         -2.68370298       -2.68370298       -5.9157e-12
    79.260         -2.68398593       -2.68398593       -5.7470e-12
    79.275         -2.68418600       -2.68418600       -5.5764e-12
    79.290         -2.68430391       -2.68430391       -5.4041e-12
    79.305         -2.68434040       -2.68434040       -5.2305e-12
    79.320         -2.68429624       -2.68429624       -5.0555e-12
    79.335         -2.68417218       -2.68417218       -4.8792e-12
    79.350         -2.68396903       -2.68396903       -4.7016e-12
    79.365         -2.68368757       -2.68368757       -4.5226e-12
    79.380         -2.68332863       -2.68332863       -4.3432e-12
    79.395         -2.68289301       -2.68289301       -4.1624e-12
    79.410         -2.68238157       -2.68238157       -3.9808e-12
    79.425         -2.68179515       -2.68179515       -3.7987e-12
    79.440         -2.68113463       -2.68113463       -3.6158e-12
    79.455         -2.68040086       -2.68040086       -3.4319e-12
    79.470         -2.67959474       -2.67959474       -3.2476e-12
    79.485         -2.67871718       -2.67871718       -3.0629e-12
    79.500         -2.67776907       -2.67776907       -2.8781e-12
    79.515         -2.67675134       -2.67675134       -2.6930e-12
    79.530         -2.67566492       -2.67566492       -2.5073e-12
    79.545         -2.67451075       -2.67451075       -2.3217e-12
    79.560         -2.67328978       -2.67328978       -2.1361e-12
    79.575         -2.67200298       -2.67200298       -1.9504e-12
    79.590         -2.67065131       -2.67065131       -1.7648e-12
    79.605         -2.66923576       -2.66923576       -1.5796e-12
    79.620         -2.66775730       -2.66775730       -1.3949e-12
    79.635         -2.66621695       -2.66621695       -1.2101e-12
    79.650         -2.66461570       -2.66461570       -1.0263e-12
    79.665         -2.66295456       -2.66295456       -8.4244e-13
    79.680         -2.66123455       -2.66123455       -6.5947e-13
    79.695         -2.65945671       -2.65945671       -4.7695e-13
    79.710         -2.65762206       -2.65762206       -2.9532e-13
    79.725         -2.65573165       -2.65573165       -1.1458e-13
    79.740         -2.65378652       -2.65378652        6.5281e-14
    79.755         -2.65178772       -2.65178772        2.4425e-13
    79.770         -2.64973632       -2.64973632        4.2188e-13
    79.785         -2.64763337       -2.64763337        5.9863e-13
    79.800         -2.64547994       -2.64547994        7.7405e-13
    79.815         -2.64327711       -2.64327711        9.4813e-13
    79.830         -2.64102596       -2.64102596        1.1209e-12
    79.845         -2.63872755       -2.63872755        1.2919e-12
    79.860         -2.63638299       -2.63638299        1.4615e-12
    79.875         -2.63399335       -2.63399335        1.6294e-12
    79.890         -2.63155972       -2.63155972        1.7959e-12
    79.905         -2.62908321       -2.62908321        1.9607e-12
    79.920         -2.62656490       -2.62656490        2.1236e-12
    79.935         -2.62400589       -2.62400589        2.2848e-12
    79.950         -2.62140729       -2.62140729        2.4438e-12
    79.965         -2.61877019       -2.61877019        2.6010e-12
    79.980         -2.61609570       -2.61609570        2.7560e-12
    79.995         -2.61338492       -2.61338492        2.9088e-12
    80.010         -2.61063894       -2.61063894        3.0593e-12
    80.025         -2.60785888       -2.60785888        3.2077e-12
    80.040         -2.60504584       -2.60504584        3.3538e-12
    80.055         -2.60220091       -2.60220091        3.4972e-12
    80.070         -2.59932520       -2.59932520        3.6384e-12
    80.085         -2.59641980       -2.59641980        3.7774e-12
    80.100         -2.59348583       -2.59348583        3.9138e-12
    80.115         -2.59052436       -2.59052436        4.0479e-12
    80.130         -2.58753650       -2.58753650        4.1793e-12
    80.145         -2.58452334       -2.58452334        4.3077e-12
    80.160         -2.58148596       -2.58148596        4.4333e-12
    80.175         -2.57842545       -2.57842545        4.5564e-12
    80.190         -2.57534289       -2.57534289        4.6763e-12
    80.205         -2.57223935       -2.57223935        4.7935e-12
    80.220         -2.56911592       -2.56911592        4.9081e-12
    80.235         -2.56597365       -2.56597365        5.0195e-12
    80.250         -2.56281361       -2.56281361        5.1279e-12
    80.265         -2.55963686       -2.55963686        5.2331e-12
    80.280         -2.55644445       -2.55644445        5.3353e-12
    80.295         -2.55323743       -2.55323743        5.4343e-12
    80.310         -2.55001684       -2.55001684        5.5302e-12
    80.325         -2.54678371       -2.54678371        5.6231e-12
    80.340         -2.54353906       -2.54353906        5.7128e-12
    80.355         -2.54028392       -2.54028392        5.7994e-12
    80.370         -2.53701930       -2.53701930        5.8824e-12
    80.385         -2.53374620       -2.53374620        5.9623e-12
    80.400         -2.53046562       -2.53046562        6.0387e-12
    80.415         -2.52717854       -2.52717854        6.1120e-12
    80.430         -2.52388595       -2.52388595        6.1817e-12
    80.445         -2.52058881       -2.52058881        6.2479e-12
    80.460         -2.51728809       -2.51728809        6.3110e-12
    80.475         -2.51398472       -2.51398472        6.3700e-12
    80.490         -2.51067966       -2.51067966        6.4260e-12
    80.505         -2.50737383       -2.50737383        6.4784e-12
    80.520         -2.50406815       -2.50406815        6.5272e-12
    80.535         -2.50076353       -2.50076353        6.5725e-12
    80.550         -2.49746087       -2.49746087        6.6143e-12
    80.565         -2.49416105       -2.49416105        6.6520e-12
    80.580         -2.49086494       -2.49086494        6.6867e-12
    80.595         -2.48757341       -2.48757341        6.7177e-12
    80.610         -2.48428731       -2.48428731        6.7453e-12
    80.625         -2.48100746       -2.48100746        6.7688e-12
    80.640         -2.47773471       -2.47773471        6.7888e-12
    80.655         -2.47446985       -2.47446985        6.8057e-12
    80.670         -2.47121368       -2.47121368        6.8185e-12
    80.685         -2.46796699       -2.46796699        6.8279e-12
    80.700         -2.46473054       -2.46473054        6.8336e-12
    80.715         -2.46150510       -2.46150510        6.8359e-12
    80.730         -2.45829140       -2.45829140        6.8345e-12
    80.745         -2.45509016       -2.45509016        6.8296e-12
    80.760         -2.45190211       -2.45190211        6.8212e-12
    80.775         -2.44872793       -2.44872793        6.8092e-12
    80.790         -2.44556831       -2.44556831        6.7937e-12
    80.805         -2.44242391       -2.44242391        6.7746e-12
    80.820         -2.43929539       -2.43929539        6.7524e-12
    80.835         -2.43618337       -2.43618337        6.7262e-12
    80.850         -2.43308848       -2.43308848        6.6969e-12
    80.865         -2.43001132       -2.43001132        6.6640e-12
    80.880         -2.42695246       -2.42695246        6.6276e-12
    80.895         -2.42391249       -2.42391249        6.5881e-12
    80.910         -2.42089196       -2.42089196        6.5450e-12
    80.925         -2.41789139       -2.41789139        6.4984e-12
    80.940         -2.41491130       -2.41491130        6.4482e-12
    80.955         -2.41195221       -2.41195221        6.3949e-12
    80.970         -2.40901459       -2.40901459        6.3380e-12
    80.985         -2.40609891       -2.40609891        6.2781e-12
    81.000         -2.40320561       -2.40320561        6.2150e-12
    81.015         -2.40033514       -2.40033514        6.1489e-12
    81.030         -2.39748790       -2.39748790        6.0796e-12
    81.045         -2.39466429       -2.39466429        6.0072e-12
    81.060         -2.39186469       -2.39186469        5.9317e-12
    81.075         -2.38908945       -2.38908945        5.8531e-12
    81.090         -2.38633893       -2.38633893        5.7714e-12
    81.105         -2.38361345       -2.38361345        5.6870e-12
    81.120         -2.38091331       -2.38091331        5.6000e-12
    81.135         -2.37823881       -2.37823881        5.5098e-12
    81.150         -2.37559020       -2.37559020        5.4166e-12
    81.165         -2.37296776       -2.37296776        5.3206e-12
    81.180         -2.37037171       -2.37037171        5.2220e-12
    81.195         -2.36780227       -2.36780227        5.1208e-12
    81.210         -2.36525964       -2.36525964        5.0169e-12
    81.225         -2.36274400       -2.36274400        4.9103e-12
    81.240         -2.36025551       -2.36025551        4.8010e-12
    81.255         -2.35779432       -2.35779432        4.6896e-12
    81.270         -2.35536057       -2.35536057        4.5755e-12
    81.285         -2.35295435       -2.35295435        4.4591e-12
    81.300         -2.35057577       -2.35057577        4.3401e-12
    81.315         -2.34822490       -2.34822490        4.2193e-12
    81.330         -2.34590179       -2.34590179        4.0963e-12
    81.345         -2.34360649       -2.34360649        3.9710e-12
    81.360         -2.34133903       -2.34133903        3.8436e-12
    81.375         -2.33909941       -2.33909941        3.7144e-12
    81.390         -2.33688762       -2.33688762        3.5829e-12
    81.405         -2.33470364       -2.33470364        3.4497e-12
    81.420         -2.33254743       -2.33254743        3.3147e-12
    81.435         -2.33041892       -2.33041892        3.1779e-12
    81.450         -2.32831804       -2.32831804        3.0393e-12
    81.465         -2.32624471       -2.32624471        2.8995e-12
    81.480         -2.32419882       -2.32419882        2.7578e-12
    81.495         -2.32218024       -2.32218024        2.6144e-12
    81.510         -2.32018884       -2.32018884        2.4696e-12
    81.525         -2.31822448       -2.31822448        2.3235e-12
    81.540         -2.31628698       -2.31628698        2.1760e-12
    81.555         -2.31437616       -2.31437616        2.0273e-12
    81.570         -2.31249183       -2.31249183        1.8776e-12
    81.585         -2.31063379       -2.31063379        1.7266e-12
    81.600         -2.30880181       -2.30880181        1.5743e-12
    81.615         -2.30699566       -2.30699566        1.4215e-12
    81.630         -2.30521508       -2.30521508        1.2679e-12
    81.645         -2.30345982       -2.30345982        1.1133e-12
    81.660         -2.30172961       -2.30172961        9.5834e-13
    81.675         -2.30002416       -2.30002416        8.0203e-13
    81.690         -2.29834318       -2.29834318        6.4526e-13
    81.705         -2.29668635       -2.29668635        4.8805e-13
    81.720         -2.29505335       -2.29505335        3.2996e-13
    81.735         -2.29344387       -2.29344387        1.7186e-13
    81.750         -2.29185755       -2.29185755        1.3323e-14
    81.765         -2.29029406       -2.29029406       -1.4566e-13
    81.780         -2.28875301       -2.28875301       -3.0465e-13
    81.795         -2.28723406       -2.28723406       -4.6363e-13
    81.810         -2.28573682       -2.28573682       -6.2306e-13
    81.825         -2.28426091       -2.28426091       -7.8204e-13
    81.840         -2.28280592       -2.28280592       -9.4103e-13
    81.855         -2.28137146       -2.28137146       -1.0996e-12
    81.870         -2.27995713       -2.27995713       -1.2585e-12
    81.885         -2.27856249       -2.27856249       -1.4166e-12
    81.900         -2.27718713       -2.27718713       -1.5743e-12
    81.915         -2.27583062       -2.27583062       -1.7319e-12
    81.930         -2.27449253       -2.27449253       -1.8892e-12
    81.945         -2.27317241       -2.27317241       -2.0455e-12
    81.960         -2.27186982       -2.27186982       -2.2014e-12
    81.975         -2.27058431       -2.27058431       -2.3568e-12
    81.990         -2.26931543       -2.26931543       -2.5109e-12
    82.005         -2.26806272       -2.26806272       -2.6645e-12
    82.020         -2.26682571       -2.26682571       -2.8169e-12
    82.035         -2.26560395       -2.26560395       -2.9687e-12
    82.050         -2.26439696       -2.26439696       -3.1193e-12
    82.065         -2.26320429       -2.26320429       -3.2689e-12
    82.080         -2.26202546       -2.26202546       -3.4177e-12
    82.095         -2.26086000       -2.26086000       -3.5651e-12
    82.110         -2.25970744       -2.25970744       -3.7113e-12
    82.125         -2.25856731       -2.25856731       -3.8560e-12
    82.140         -2.25743913       -2.25743913       -3.9995e-12
    82.155         -2.25632244       -2.25632244       -4.1416e-12
    82.170         -2.25521676       -2.25521676       -4.2819e-12
    82.185         -2.25412163       -2.25412163       -4.4209e-12
    82.200         -2.25303658       -2.25303658       -4.5581e-12
    82.215         -2.25196114       -2.25196114       -4.6940e-12
    82.230         -2.25089485       -2.25089485       -4.8281e-12
    82.245         -2.24983726       -2.24983726       -4.9600e-12
    82.260         -2.24878790       -2.24878790       -5.0906e-12
    82.275         -2.24774632       -2.24774632       -5.2194e-12
    82.290         -2.24671208       -2.24671208       -5.3459e-12
    82.305         -2.24568472       -2.24568472       -5.4707e-12
    82.320         -2.24466382       -2.24466382       -5.5933e-12
    82.335         -2.24364893       -2.24364893       -5.7141e-12
    82.350         -2.24263963       -2.24263963       -5.8331e-12
    82.365         -2.24163549       -2.24163549       -5.9499e-12
    82.380         -2.24063610       -2.24063610       -6.0640e-12
    82.395         -2.23964104       -2.23964104       -6.1764e-12
    82.410         -2.23864992       -2.23864992       -6.2861e-12
    82.425         -2.23766233       -2.23766233       -6.3940e-12
    82.440         -2.23667789       -2.23667789       -6.4992e-12
    82.455         -2.23569621       -2.23569621       -6.6023e-12
    82.470         -2.23471692       -2.23471692       -6.7031e-12
    82.485         -2.23373965       -2.23373965       -6.8017e-12
    82.500         -2.23276405       -2.23276405       -6.8976e-12
    82.515         -2.23178977       -2.23178977       -6.9913e-12
    82.530         -2.23081646       -2.23081646       -7.0823e-12
    82.545         -2.22984380       -2.22984380       -7.1707e-12
    82.560         -2.22887147       -2.22887147       -7.2564e-12
    82.575         -2.22789915       -2.22789915       -7.3395e-12
    82.590         -2.22692655       -2.22692655       -7.4203e-12
    82.605         -2.22595336       -2.22595336       -7.4984e-12
    82.620         -2.22497931       -2.22497931       -7.5739e-12
    82.635         -2.22400413       -2.22400413       -7.6468e-12
    82.650         -2.22302756       -2.22302756       -7.7169e-12
    82.665         -2.22204933       -2.22204933       -7.7844e-12
    82.680         -2.22106922       -2.22106922       -7.8493e-12
    82.695         -2.22008699       -2.22008699       -7.9114e-12
    82.710         -2.21910243       -2.21910243       -7.9705e-12
    82.725         -2.21811533       -2.21811533       -8.0274e-12
    82.740         -2.21712548       -2.21712548       -8.0811e-12
    82.755         -2.21613271       -2.21613271       -8.1322e-12
    82.770         -2.21513683       -2.21513683       -8.1801e-12
    82.785         -2.21413770       -2.21413770       -8.2254e-12
    82.800         -2.21313514       -2.21313514       -8.2681e-12
    82.815         -2.21212903       -2.21212903       -8.3080e-12
    82.830         -2.21111923       -2.21111923       -8.3449e-12
    82.845         -2.21010562       -2.21010562       -8.3791e-12
    82.860         -2.20908809       -2.20908809       -8.4102e-12
    82.875         -2.20806655       -2.20806655       -8.4386e-12
    82.890         -2.20704091       -2.20704091       -8.4639e-12
    82.905         -2.20601110       -2.20601110       -8.4865e-12
    82.920         -2.20497705       -2.20497705       -8.5065e-12
    82.935         -2.20393871       -2.20393871       -8.5234e-12
    82.950         -2.20289604       -2.20289604       -8.5376e-12
    82.965         -2.20184900       -2.20184900       -8.5487e-12
    82.980         -2.20079758       -2.20079758       -8.5572e-12
    82.995         -2.19974176       -2.19974176       -8.5629e-12
    83.010         -2.19868154       -2.19868154       -8.5656e-12
    83.025         -2.19761694       -2.19761694       -8.5660e-12
    83.040         -2.19654796       -2.19654796       -8.5634e-12
    83.055         -2.19547465       -2.19547465       -8.5580e-12
    83.070         -2.19439705       -2.19439705       -8.5500e-12
    83.085         -2.19331519       -2.19331519       -8.5394e-12
    83.100         -2.19222914       -2.19222914       -8.5261e-12
    83.115         -2.19113897       -2.19113897       -8.5101e-12
    83.130         -2.19004476       -2.19004476       -8.4910e-12
    83.145         -2.18894659       -2.18894659       -8.4697e-12
    83.160         -2.18784455       -2.18784455       -8.4452e-12
    83.175         -2.18673874       -2.18673874       -8.4182e-12
    83.190         -2.18562929       -2.18562929       -8.3884e-12
    83.205         -2.18451630       -2.18451630       -8.3564e-12
    83.220         -2.18339991       -2.18339991       -8.3218e-12
    83.235         -2.18228025       -2.18228025       -8.2845e-12
    83.250         -2.18115745       -2.18115745       -8.2450e-12
    83.265         -2.18003168       -2.18003168       -8.2028e-12
    83.280         -2.17890308       -2.17890308       -8.1579e-12
    83.295         -2.17777182       -2.17777182       -8.1108e-12
    83.310         -2.17663806       -2.17663806       -8.0616e-12
    83.325         -2.17550199       -2.17550199       -8.0096e-12
    83.340         -2.17436377       -2.17436377       -7.9554e-12
    83.355         -2.17322360       -2.17322360       -7.8990e-12
    83.370         -2.17208167       -2.17208167       -7.8404e-12
    83.385         -2.17093817       -2.17093817       -7.7796e-12
    83.400         -2.16979331       -2.16979331       -7.7165e-12
    83.415         -2.16864729       -2.16864729       -7.6512e-12
    83.430         -2.16750032       -2.16750032       -7.5842e-12
    83.445         -2.16635261       -2.16635261       -7.5149e-12
    83.460         -2.16520438       -2.16520438       -7.4438e-12
    83.475         -2.16405585       -2.16405585       -7.3710e-12
    83.490         -2.16290725       -2.16290725       -7.2959e-12
    83.505         -2.16175879       -2.16175879       -7.2191e-12
    83.520         -2.16061072       -2.16061072       -7.1405e-12
    83.535         -2.15946325       -2.15946325       -7.0597e-12
    83.550         -2.15831662       -2.15831662       -6.9775e-12
    83.565         -2.15717106       -2.15717106       -6.8936e-12
    83.580         -2.15602682       -2.15602682       -6.8079e-12
    83.595         -2.15488411       -2.15488411       -6.7204e-12
    83.610         -2.15374319       -2.15374319       -6.6316e-12
    83.625         -2.15260428       -2.15260428       -6.5414e-12
    83.640         -2.15146762       -2.15146762       -6.4495e-12
    83.655         -2.15033345       -2.15033345       -6.3562e-12
    83.670         -2.14920201       -2.14920201       -6.2617e-12
    83.685         -2.14807351       -2.14807351       -6.1662e-12
    83.700         -2.14694821       -2.14694821       -6.0694e-12
    83.715         -2.14582633       -2.14582633       -5.9712e-12
    83.730         -2.14470809       -2.14470809       -5.8717e-12
    83.745         -2.14359372       -2.14359372       -5.7714e-12
    83.760         -2.14248346       -2.14248346       -5.6697e-12
    83.775         -2.14137751       -2.14137751       -5.5671e-12
    83.790         -2.14027609       -2.14027609       -5.4636e-12
    83.805         -2.13917942       -2.13917942       -5.3593e-12
    83.820         -2.13808771       -2.13808771       -5.2545e-12
    83.835         -2.13700116       -2.13700116       -5.1488e-12
    83.850         -2.13591997       -2.13591997       -5.0417e-12
    83.865         -2.13484434       -2.13484434       -4.9343e-12
    83.880         -2.13377446       -2.13377446       -4.8264e-12
    83.895         -2.13271051       -2.13271051       -4.7176e-12
    83.910         -2.13165266       -2.13165266       -4.6083e-12
    83.925         -2.13060110       -2.13060110       -4.4986e-12
    83.940         -2.12955599       -2.12955599       -4.3885e-12
    83.955         -2.12851749       -2.12851749       -4.2784e-12
    83.970         -2.12748574       -2.12748574       -4.1678e-12
    83.985         -2.12646089       -2.12646089       -4.0568e-12
    84.000         -2.12544308       -2.12544308       -3.9453e-12
    84.015         -2.12443244       -2.12443244       -3.8338e-12
    84.030         -2.12342908       -2.12342908       -3.7224e-12
    84.045         -2.12243312       -2.12243312       -3.6104e-12
    84.060         -2.12144465       -2.12144465       -3.4990e-12
    84.075         -2.12046377       -2.12046377       -3.3875e-12
    84.090         -2.11949057       -2.11949057       -3.2760e-12
    84.105         -2.11852511       -2.11852511       -3.1646e-12
    84.120         -2.11756746       -2.11756746       -3.0531e-12
    84.135         -2.11661767       -2.11661767       -2.9421e-12
    84.150         -2.11567578       -2.11567578       -2.8311e-12
    84.165         -2.11474182       -2.11474182       -2.7205e-12
    84.180         -2.11381582       -2.11381582       -2.6104e-12
    84.195         -2.11289777       -2.11289777       -2.5007e-12
    84.210         -2.11198768       -2.11198768       -2.3910e-12
    84.225         -2.11108553       -2.11108553       -2.2822e-12
    84.240         -2.11019129       -2.11019129       -2.1738e-12
    84.255         -2.10930493       -2.10930493       -2.0659e-12
    84.270         -2.10842638       -2.10842638       -1.9589e-12
    84.285         -2.10755559       -2.10755559       -1.8523e-12
    84.300         -2.10669247       -2.10669247       -1.7466e-12
    84.315         -2.10583694       -2.10583694       -1.6418e-12
    84.330         -2.10498888       -2.10498888       -1.5379e-12
    84.345         -2.10414818       -2.10414818       -1.4344e-12
    84.360         -2.10331471       -2.10331471       -1.3323e-12
    84.375         -2.10248832       -2.10248832       -1.2310e-12
    84.390         -2.10166885       -2.10166885       -1.1302e-12
    84.405         -2.10085613       -2.10085613       -1.0303e-12
    84.420         -2.10004996       -2.10004996       -9.3170e-13
    84.435         -2.09925015       -2.09925015       -8.3444e-13
    84.450         -2.09845648       -2.09845648       -7.3808e-13
    84.465         -2.09766871       -2.09766871       -6.4260e-13
    84.480         -2.09688660       -2.09688660       -5.4889e-13
    84.495         -2.09610988       -2.09610988       -4.5564e-13
    84.510         -2.09533829       -2.09533829       -3.6415e-13
    84.525         -2.09457153       -2.09457153       -2.7356e-13
    84.540         -2.09380929       -2.09380929       -1.8430e-13
    84.555         -2.09305125       -2.09305125       -9.6367e-14
    84.570         -2.09229708       -2.09229708       -9.7700e-15
    84.585         -2.09154642       -2.09154642        7.5051e-14
    84.600         -2.09079891       -2.09079891        1.5854e-13
    84.615         -2.09005418       -2.09005418        2.4070e-13
    84.630         -2.08931181       -2.08931181        3.2152e-13
    84.645         -2.08857141       -2.08857141        4.0057e-13
    84.660         -2.08783255       -2.08783255        4.7784e-13
    84.675         -2.08709478       -2.08709478        5.5378e-13
    84.690         -2.08635765       -2.08635765        6.2794e-13
    84.705         -2.08562070       -2.08562070        7.0077e-13
    84.720         -2.08488343       -2.08488343        7.7183e-13
    84.735         -2.08414535       -2.08414535        8.4110e-13
    84.750         -2.08340595       -2.08340595        9.0861e-13
    84.765         -2.08266470       -2.08266470        9.7478e-13
    84.780         -2.08192105       -2.08192105        1.0387e-12
    84.795         -2.08117446       -2.08117446        1.1013e-12
    84.810         -2.08042435       -2.08042435        1.1622e-12
    84.825         -2.07967014       -2.07967014        1.2212e-12
    84.840         -2.07891123       -2.07891123        1.2781e-12
    84.855         -2.07814702       -2.07814702        1.3332e-12
    84.870         -2.07737688       -2.07737688        1.3869e-12
    84.885         -2.07660018       -2.07660018        1.4384e-12
    84.900         -2.07581627       -2.07581627        1.4881e-12
    84.915         -2.07502449       -2.07502449        1.5361e-12
    84.930         -2.07422417       -2.07422417        1.5823e-12
    84.945         -2.07341462       -2.07341462        1.6263e-12
    84.960         -2.07259515       -2.07259515        1.6684e-12
    84.975         -2.07176505       -2.07176505        1.7089e-12
    84.990         -2.07092360       -2.07092360        1.7475e-12
    85.005         -2.07007009       -2.07007009        1.7839e-12
    85.020         -2.06920376       -2.06920376        1.8181e-12
    85.035         -2.06832386       -2.06832386        1.8505e-12
    85.050         -2.06742966       -2.06742966        1.8812e-12
    85.065         -2.06652036       -2.06652036        1.9100e-12
    85.080         -2.06559520       -2.06559520        1.9362e-12
    85.095         -2.06465339       -2.06465339        1.9611e-12
    85.110         -2.06369415       -2.06369415        1.9837e-12
    85.125         -2.06271666       -2.06271666        2.0046e-12
    85.140         -2.06172012       -2.06172012        2.0233e-12
    85.155         -2.06070372       -2.06070372        2.0401e-12
    85.170         -2.05966663       -2.05966663        2.0548e-12
    85.185         -2.05860803       -2.05860803        2.0677e-12
    85.200         -2.05752707       -2.05752707        2.0783e-12
    85.215         -2.05642293       -2.05642293        2.0868e-12
    85.230         -2.05529476       -2.05529476        2.0939e-12
    85.245         -2.05414171       -2.05414171        2.0988e-12
    85.260         -2.05296293       -2.05296293        2.1019e-12
    85.275         -2.05175756       -2.05175756        2.1032e-12
    85.290         -2.05052475       -2.05052475        2.1023e-12
    85.305         -2.04926364       -2.04926364        2.0997e-12
    85.320         -2.04797336       -2.04797336        2.0948e-12
    85.335         -2.04665304       -2.04665304        2.0881e-12
    85.350         -2.04530183       -2.04530183        2.0792e-12
    85.365         -2.04391887       -2.04391887        2.0686e-12
    85.380         -2.04250327       -2.04250327        2.0561e-12
    85.395         -2.04105419       -2.04105419        2.0419e-12
    85.410         -2.03957075       -2.03957075        2.0255e-12
    85.425         -2.03805210       -2.03805210        2.0077e-12
    85.440         -2.03649737       -2.03649737        1.9882e-12
    85.455         -2.03490572       -2.03490572        1.9669e-12
    85.470         -2.03327629       -2.03327629        1.9433e-12
    85.485         -2.03160823       -2.03160823        1.9185e-12
    85.500         -2.02990069       -2.02990069        1.8914e-12
    85.515         -2.02815284       -2.02815284        1.8630e-12
    85.530         -2.02636385       -2.02636385        1.8328e-12
    85.545         -2.02453288       -2.02453288        1.8008e-12
    85.560         -2.02265912       -2.02265912        1.7670e-12
    85.575         -2.02074176       -2.02074176        1.7319e-12
    85.590         -2.01877998       -2.01877998        1.6951e-12
    85.605         -2.01677300       -2.01677300        1.6565e-12
    85.620         -2.01472002       -2.01472002        1.6160e-12
    85.635         -2.01262027       -2.01262027        1.5743e-12
    85.650         -2.01047299       -2.01047299        1.5317e-12
    85.665         -2.00827741       -2.00827741        1.4873e-12
    85.680         -2.00603279       -2.00603279        1.4415e-12
    85.695         -2.00373840       -2.00373840        1.3940e-12
    85.710         -2.00139352       -2.00139352        1.3456e-12
    85.725         -1.99899744       -1.99899744        1.2954e-12
    85.740         -1.99654946       -1.99654946        1.2441e-12
    85.755         -1.99404891       -1.99404891        1.1915e-12
    85.770         -1.99149513       -1.99149513        1.1375e-12
    85.785         -1.98888746       -1.98888746        1.0822e-12
    85.800         -1.98622527       -1.98622527        1.0258e-12
    85.815         -1.98350795       -1.98350795        9.6834e-13
    85.830         -1.98073489       -1.98073489        9.0972e-13
    85.845         -1.97790552       -1.97790552        8.4999e-13
    85.860         -1.97501927       -1.97501927        7.8915e-13
    85.875         -1.97207559       -1.97207559        7.2742e-13
    85.890         -1.96907397       -1.96907397        6.6480e-13
    85.905         -1.96601388       -1.96601388        6.0107e-13
    85.920         -1.96289485       -1.96289485        5.3646e-13
    85.935         -1.95971642       -1.95971642        4.7096e-13
    85.950         -1.95647813       -1.95647813        4.0479e-13
    85.965         -1.95317957       -1.95317957        3.3795e-13
    85.980         -1.94982034       -1.94982034        2.7023e-13
    85.995         -1.94640005       -1.94640005        2.0184e-13
    86.010         -1.94291836       -1.94291836        1.3256e-13
    86.025         -1.93937493       -1.93937493        6.2839e-14
    86.040         -1.93576946       -1.93576946       -7.3275e-15
    86.055         -1.93210167       -1.93210167       -7.8160e-14
    86.070         -1.92837129       -1.92837129       -1.4944e-13
    86.085         -1.92457810       -1.92457810       -2.2116e-13
    86.100         -1.92072189       -1.92072189       -2.9332e-13
    86.115         -1.91680248       -1.91680248       -3.6593e-13
    86.130         -1.91281973       -1.91281973       -4.3876e-13
    86.145         -1.90877349       -1.90877349       -5.1181e-13
    86.160         -1.90466367       -1.90466367       -5.8531e-13
    86.175         -1.90049021       -1.90049021       -6.5881e-13
    86.190         -1.89625306       -1.89625306       -7.3253e-13
    86.205         -1.89195220       -1.89195220       -8.0624e-13
    86.220         -1.88758765       -1.88758765       -8.7996e-13
    86.235         -1.88315945       -1.88315945       -9.5390e-13
    86.250         -1.87866768       -1.87866768       -1.0276e-12
    86.265         -1.87411243       -1.87411243       -1.1013e-12
    86.280         -1.86949384       -1.86949384       -1.1751e-12
    86.295         -1.86481208       -1.86481208       -1.2486e-12
    86.310         -1.86006732       -1.86006732       -1.3218e-12
    86.325         -1.85525980       -1.85525980       -1.3949e-12
    86.340         -1.85038977       -1.85038977       -1.4679e-12
    86.355         -1.84545751       -1.84545751       -1.5405e-12
    86.370         -1.84046335       -1.84046335       -1.6127e-12
    86.385         -1.83540762       -1.83540762       -1.6844e-12
    86.400         -1.83029071       -1.83029071       -1.7557e-12
    86.415         -1.82511304       -1.82511304       -1.8265e-12
    86.430         -1.81987503       -1.81987503       -1.8969e-12
    86.445         -1.81457716       -1.81457716       -1.9666e-12
    86.460         -1.80921995       -1.80921995       -2.0359e-12
    86.475         -1.80380394       -1.80380394       -2.1045e-12
    86.490         -1.79832968       -1.79832968       -2.1725e-12
    86.505         -1.79279779       -1.79279779       -2.2398e-12
    86.520         -1.78720890       -1.78720890       -2.3064e-12
    86.535         -1.78156368       -1.78156368       -2.3721e-12
    86.550         -1.77586283       -1.77586283       -2.4372e-12
    86.565         -1.77010709       -1.77010709       -2.5013e-12
    86.580         -1.76429720       -1.76429720       -2.5646e-12
    86.595         -1.75843398       -1.75843398       -2.6270e-12
    86.610         -1.75251826       -1.75251826       -2.6885e-12
    86.625         -1.74655088       -1.74655088       -2.7491e-12
    86.640         -1.74053275       -1.74053275       -2.8086e-12
    86.655         -1.73446479       -1.73446479       -2.8670e-12
    86.670         -1.72834796       -1.72834796       -2.9245e-12
    86.685         -1.72218324       -1.72218324       -2.9809e-12
    86.700         -1.71597165       -1.71597165       -3.0360e-12
    86.715         -1.70971425       -1.70971425       -3.0902e-12
    86.730         -1.70341211       -1.70341211       -3.1433e-12
    86.745         -1.69706634       -1.69706634       -3.1950e-12
    86.760         -1.69067809       -1.69067809       -3.2456e-12
    86.775         -1.68424853       -1.68424853       -3.2951e-12
    86.790         -1.67777887       -1.67777887       -3.3431e-12
    86.805         -1.67127032       -1.67127032       -3.3900e-12
    86.820         -1.66472417       -1.66472417       -3.4355e-12
    86.835         -1.65814168       -1.65814168       -3.4797e-12
    86.850         -1.65152419       -1.65152419       -3.5225e-12
    86.865         -1.64487304       -1.64487304       -3.5640e-12
    86.880         -1.63818960       -1.63818960       -3.6042e-12
    86.895         -1.63147528       -1.63147528       -3.6431e-12
    86.910         -1.62473150       -1.62473150       -3.6804e-12
    86.925         -1.61795973       -1.61795973       -3.7164e-12
    86.940         -1.61116144       -1.61116144       -3.7510e-12
    86.955         -1.60433814       -1.60433814       -3.7841e-12
    86.970         -1.59749136       -1.59749136       -3.8158e-12
    86.985         -1.59062267       -1.59062267       -3.8460e-12
    87.000         -1.58373364       -1.58373364       -3.8749e-12
    87.015         -1.57682588       -1.57682588       -3.9022e-12
    87.030         -1.56990102       -1.56990102       -3.9280e-12
    87.045         -1.56296071       -1.56296071       -3.9524e-12
    87.060         -1.55600662       -1.55600662       -3.9753e-12
    87.075         -1.54904045       -1.54904045       -3.9966e-12
    87.090         -1.54206392       -1.54206392       -4.0166e-12
    87.105         -1.53507876       -1.53507876       -4.0350e-12
    87.120         -1.52808673       -1.52808673       -4.0521e-12
    87.135         -1.52108960       -1.52108960       -4.0676e-12
    87.150         -1.51408917       -1.51408917       -4.0816e-12
    87.165         -1.50708726       -1.50708726       -4.0941e-12
    87.180         -1.50008569       -1.50008569       -4.1052e-12
    87.195         -1.49308630       -1.49308630       -4.1147e-12
    87.210         -1.48609097       -1.48609097       -4.1229e-12
    87.225         -1.47910156       -1.47910156       -4.1296e-12
    87.240         -1.47211998       -1.47211998       -4.1347e-12
    87.255         -1.46514812       -1.46514812       -4.1385e-12
    87.270         -1.45818790       -1.45818790       -4.1407e-12
    87.285         -1.45124127       -1.45124127       -4.1416e-12
    87.300         -1.44431015       -1.44431015       -4.1409e-12
    87.315         -1.43739652       -1.43739652       -4.1387e-12
    87.330         -1.43050233       -1.43050233       -4.1354e-12
    87.345         -1.42362955       -1.42362955       -4.1305e-12
    87.360         -1.41678018       -1.41678018       -4.1240e-12
    87.375         -1.40995621       -1.40995621       -4.1165e-12
    87.390         -1.40315963       -1.40315963       -4.1074e-12
    87.405         -1.39639246       -1.39639246       -4.0969e-12
    87.420         -1.38965670       -1.38965670       -4.0852e-12
    87.435         -1.38295438       -1.38295438       -4.0723e-12
    87.450         -1.37628752       -1.37628752       -4.0581e-12
    87.465         -1.36965815       -1.36965815       -4.0425e-12
    87.480         -1.36306829       -1.36306829       -4.0257e-12
    87.495         -1.35651998       -1.35651998       -4.0075e-12
    87.510         -1.35001526       -1.35001526       -3.9881e-12
    87.525         -1.34355615       -1.34355615       -3.9675e-12
    87.540         -1.33714470       -1.33714470       -3.9457e-12
    87.555         -1.33078294       -1.33078294       -3.9229e-12
    87.570         -1.32447291       -1.32447291       -3.8987e-12
    87.585         -1.31821662       -1.31821662       -3.8736e-12
    87.600         -1.31201612       -1.31201612       -3.8471e-12
    87.615         -1.30587343       -1.30587343       -3.8198e-12
    87.630         -1.29979056       -1.29979056       -3.7914e-12
    87.645         -1.29376954       -1.29376954       -3.7621e-12
    87.660         -1.28781238       -1.28781238       -3.7315e-12
    87.675         -1.28192107       -1.28192107       -3.6999e-12
    87.690         -1.27609761       -1.27609761       -3.6675e-12
    87.705         -1.27034400       -1.27034400       -3.6342e-12
    87.720         -1.26466220       -1.26466220       -3.5998e-12
    87.735         -1.25905420       -1.25905420       -3.5645e-12
    87.750         -1.25352195       -1.25352195       -3.5285e-12
    87.765         -1.24806739       -1.24806739       -3.4917e-12
    87.780         -1.24269247       -1.24269247       -3.4541e-12
    87.795         -1.23739911       -1.23739911       -3.4155e-12
    87.810         -1.23218923       -1.23218923       -3.3764e-12
    87.825         -1.22706472       -1.22706472       -3.3364e-12
    87.840         -1.22202746       -1.22202746       -3.2958e-12
    87.855         -1.21707932       -1.21707932       -3.2545e-12
    87.870         -1.21222217       -1.21222217       -3.2125e-12
    87.885         -1.20745782       -1.20745782       -3.1699e-12
    87.900         -1.20278811       -1.20278811       -3.1268e-12
    87.915         -1.19821483       -1.19821483       -3.0831e-12
    87.930         -1.19373977       -1.19373977       -3.0389e-12
    87.945         -1.18936470       -1.18936470       -2.9943e-12
    87.960         -1.18509134       -1.18509134       -2.9492e-12
    87.975         -1.18092144       -1.18092144       -2.9037e-12
    87.990         -1.17685670       -1.17685670       -2.8577e-12
    88.005         -1.17289878       -1.17289878       -2.8113e-12
    88.020         -1.16904936       -1.16904936       -2.7645e-12
    88.035         -1.16531007       -1.16531007       -2.7174e-12
    88.050         -1.16168252       -1.16168252       -2.6701e-12
    88.065         -1.15816831       -1.15816831       -2.6226e-12
    88.080         -1.15476899       -1.15476899       -2.5751e-12
    88.095         -1.15148610       -1.15148610       -2.5273e-12
    88.110         -1.14832115       -1.14832115       -2.4794e-12
    88.125         -1.14527564       -1.14527564       -2.4312e-12
    88.140         -1.14235102       -1.14235102       -2.3830e-12
    88.155         -1.13954873       -1.13954873       -2.3348e-12
    88.170         -1.13687015       -1.13687015       -2.2866e-12
    88.185         -1.13431669       -1.13431669       -2.2384e-12
    88.200         -1.13188966       -1.13188966       -2.1902e-12
    88.215         -1.12959040       -1.12959040       -2.1421e-12
    88.230         -1.12742019       -1.12742019       -2.0941e-12
    88.245         -1.12538028       -1.12538028       -2.0464e-12
    88.260         -1.12347190       -1.12347190       -1.9986e-12
    88.275         -1.12169624       -1.12169624       -1.9511e-12
    88.290         -1.12005445       -1.12005445       -1.9040e-12
    88.305         -1.11854767       -1.11854767       -1.8572e-12
    88.320         -1.11717700       -1.11717700       -1.8108e-12
    88.335         -1.11594348       -1.11594348       -1.7644e-12
    88.350         -1.11484814       -1.11484814       -1.7184e-12
    88.365         -1.11389199       -1.11389199       -1.6731e-12
    88.380         -1.11307597       -1.11307597       -1.6280e-12
    88.395         -1.11240100       -1.11240100       -1.5834e-12
    88.410         -1.11186798       -1.11186798       -1.5392e-12
    88.425         -1.11147775       -1.11147775       -1.4957e-12
    88.440         -1.11123112       -1.11123112       -1.4528e-12
    88.455         -1.11112887       -1.11112887       -1.4102e-12
    88.470         -1.11117175       -1.11117175       -1.3685e-12
    88.485         -1.11136044       -1.11136044       -1.3272e-12
    88.500         -1.11169563       -1.11169563       -1.2865e-12
    88.515         -1.11217792       -1.11217792       -1.2466e-12
    88.530         -1.11280791       -1.11280791       -1.2073e-12
    88.545         -1.11358614       -1.11358614       -1.1686e-12
    88.560         -1.11451313       -1.11451313       -1.1309e-12
    88.575         -1.11558934       -1.11558934       -1.0938e-12
    88.590         -1.11681521       -1.11681521       -1.0576e-12
    88.605         -1.11819112       -1.11819112       -1.0221e-12
    88.620         -1.11971742       -1.11971742       -9.8765e-13
    88.635         -1.12139443       -1.12139443       -9.5390e-13
    88.650         -1.12322240       -1.12322240       -9.2126e-13
    88.665         -1.12520157       -1.12520157       -8.8951e-13
    88.680         -1.12733212       -1.12733212       -8.5865e-13
    88.695         -1.12961421       -1.12961421       -8.2867e-13
    88.710         -1.13204792       -1.13204792       -7.9980e-13
    88.725         -1.13463334       -1.13463334       -7.7183e-13
    88.740         -1.13737046       -1.13737046       -7.4496e-13
    88.755         -1.14025929       -1.14025929       -7.1898e-13
    88.770         -1.14329974       -1.14329974       -6.9411e-13
    88.785         -1.14649172       -1.14649172       -6.7035e-13
    88.800         -1.14983508       -1.14983508       -6.4770e-13
    88.815         -1.15332963       -1.15332963       -6.2617e-13
    88.830         -1.15697513       -1.15697513       -6.0552e-13
    88.845         -1.16077132       -1.16077132       -5.8598e-13
    88.860         -1.16471788       -1.16471788       -5.6777e-13
    88.875         -1.16881444       -1.16881444       -5.5067e-13
    88.890         -1.17306062       -1.17306062       -5.3446e-13
    88.905         -1.17745595       -1.17745595       -5.1958e-13
    88.920         -1.18199997       -1.18199997       -5.0582e-13
    88.935         -1.18669213       -1.18669213       -4.9338e-13
    88.950         -1.19153187       -1.19153187       -4.8206e-13
    88.965         -1.19651859       -1.19651859       -4.7184e-13
    88.980         -1.20165161       -1.20165161       -4.6296e-13
    88.995         -1.20693025       -1.20693025       -4.5519e-13
    89.010         -1.21235377       -1.21235377       -4.4853e-13
    89.025         -1.21792139       -1.21792139       -4.4298e-13
    89.040         -1.22363229       -1.22363229       -4.3876e-13
    89.055         -1.22948561       -1.22948561       -4.3587e-13
    89.070         -1.23548043       -1.23548043       -4.3410e-13
    89.085         -1.24161582       -1.24161582       -4.3343e-13
    89.100         -1.24789080       -1.24789080       -4.3410e-13
    89.115         -1.25430432       -1.25430432       -4.3610e-13
    89.130         -1.26085534       -1.26085534       -4.3898e-13
    89.145         -1.26754274       -1.26754274       -4.4320e-13
    89.160         -1.27436537       -1.27436537       -4.4853e-13
    89.175         -1.28132206       -1.28132206       -4.5519e-13
    89.190         -1.28841156       -1.28841156       -4.6296e-13
    89.205         -1.29563263       -1.29563263       -4.7184e-13
    89.220         -1.30298396       -1.30298396       -4.8206e-13
    89.235         -1.31046420       -1.31046420       -4.9316e-13
    89.250         -1.31807198       -1.31807198       -5.0560e-13
    89.265         -1.32580588       -1.32580588       -5.1914e-13
    89.280         -1.33366445       -1.33366445       -5.3380e-13
    89.295         -1.34164619       -1.34164619       -5.4934e-13
    89.310         -1.34974959       -1.34974959       -5.6621e-13
    89.325         -1.35797307       -1.35797307       -5.8420e-13
    89.340         -1.36631505       -1.36631505       -6.0330e-13
    89.355         -1.37477388       -1.37477388       -6.2328e-13
    89.370         -1.38334790       -1.38334790       -6.4437e-13
    89.385         -1.39203541       -1.39203541       -6.6658e-13
    89.400         -1.40083467       -1.40083467       -6.8967e-13
    89.415         -1.40974392       -1.40974392       -7.1365e-13
    89.430         -1.41876134       -1.41876134       -7.3874e-13
    89.445         -1.42788512       -1.42788512       -7.6472e-13
    89.460         -1.43711338       -1.43711338       -7.9159e-13
    89.475         -1.44644423       -1.44644423       -8.1957e-13
    89.490         -1.45587574       -1.45587574       -8.4843e-13
    89.505         -1.46540595       -1.46540595       -8.7796e-13
    89.520         -1.47503289       -1.47503289       -9.0838e-13
    89.535         -1.48475453       -1.48475453       -9.3969e-13
    89.550         -1.49456884       -1.49456884       -9.7189e-13
    89.565         -1.50447375       -1.50447375       -1.0048e-12
    89.580         -1.51446715       -1.51446715       -1.0385e-12
    89.595         -1.52454693       -1.52454693       -1.0729e-12
    89.610         -1.53471093       -1.53471093       -1.1082e-12
    89.625         -1.54495699       -1.54495699       -1.1442e-12
    89.640         -1.55528291       -1.55528291       -1.1806e-12
    89.655         -1.56568647       -1.56568647       -1.2177e-12
    89.670         -1.57616541       -1.57616541       -1.2554e-12
    89.685         -1.58671749       -1.58671749       -1.2936e-12
    89.700         -1.59734040       -1.59734040       -1.3323e-12
    89.715         -1.60803184       -1.60803184       -1.3716e-12
    89.730         -1.61878948       -1.61878948       -1.4115e-12
    89.745         -1.62961098       -1.62961098       -1.4519e-12
    89.760         -1.64049397       -1.64049397       -1.4928e-12
    89.775         -1.65143606       -1.65143606       -1.5341e-12
    89.790         -1.66243485       -1.66243485       -1.5756e-12
    89.805         -1.67348792       -1.67348792       -1.6176e-12
    89.820         -1.68459285       -1.68459285       -1.6598e-12
    89.835         -1.69574718       -1.69574718       -1.7022e-12
    89.850         -1.70694844       -1.70694844       -1.7448e-12
    89.865         -1.71819417       -1.71819417       -1.7877e-12
    89.880         -1.72948188       -1.72948188       -1.8308e-12
    89.895         -1.74080907       -1.74080907       -1.8738e-12
    89.910         -1.75217321       -1.75217321       -1.9171e-12
    89.925         -1.76357181       -1.76357181       -1.9604e-12
    89.940         -1.77500231       -1.77500231       -2.0037e-12
    89.955         -1.78646219       -1.78646219       -2.0473e-12
    89.970         -1.79794890       -1.79794890       -2.0908e-12
    89.985         -1.80945988       -1.80945988       -2.1343e-12
    90.000         -1.82099258       -1.82099258       -2.1776e-12
    90.015         -1.83254443       -1.83254443       -2.2207e-12
    90.030         -1.84411286       -1.84411286       -2.2637e-12
    90.045         -1.85569530       -1.85569530       -2.3066e-12
    90.060         -1.86728917       -1.86728917       -2.3492e-12
    90.075         -1.87889190       -1.87889190       -2.3916e-12
    90.090         -1.89050091       -1.89050091       -2.4338e-12
    90.105         -1.90211362       -1.90211362       -2.4758e-12
    90.120         -1.91372745       -1.91372745       -2.5175e-12
    90.135         -1.92533983       -1.92533983       -2.5588e-12
    90.150         -1.93694819       -1.93694819       -2.5997e-12
    90.165         -1.94854995       -1.94854995       -2.6403e-12
    90.180         -1.96014255       -1.96014255       -2.6803e-12
    90.195         -1.97172342       -1.97172342       -2.7198e-12
    90.210         -1.98329002       -1.98329002       -2.7589e-12
    90.225         -1.99483980       -1.99483980       -2.7973e-12
    90.240         -2.00637021       -2.00637021       -2.8351e-12
    90.255         -2.01787872       -2.01787872       -2.8724e-12
    90.270         -2.02936282       -2.02936282       -2.9088e-12
    90.285         -2.04081998       -2.04081998       -2.9452e-12
    90.300         -2.05224772       -2.05224772       -2.9807e-12
    90.315         -2.06364353       -2.06364353       -3.0154e-12
    90.330         -2.07500495       -2.07500495       -3.0491e-12
    90.345         -2.08632951       -2.08632951       -3.0824e-12
    90.360         -2.09761476       -2.09761476       -3.1148e-12
    90.375         -2.10885828       -2.10885828       -3.1468e-12
    90.390         -2.12005765       -2.12005765       -3.1779e-12
    90.405         -2.13121046       -2.13121046       -3.2077e-12
    90.420         -2.14231435       -2.14231435       -3.2365e-12
    90.435         -2.15336694       -2.15336694       -3.2645e-12
    90.450         -2.16436590       -2.16436590       -3.2920e-12
    90.465         -2.17530891       -2.17530891       -3.3182e-12
    90.480         -2.18619366       -2.18619366       -3.3435e-12
    90.495         -2.19701789       -2.19701789       -3.3675e-12
    90.510         -2.20777933       -2.20777933       -3.3906e-12
    90.525         -2.21847575       -2.21847575       -3.4133e-12
    90.540         -2.22910496       -2.22910496       -3.4346e-12
    90.555         -2.23966477       -2.23966477       -3.4550e-12
    90.570         -2.25015302       -2.25015302       -3.4746e-12
    90.585         -2.26056760       -2.26056760       -3.4923e-12
    90.600         -2.27090640       -2.27090640       -3.5096e-12
    90.615         -2.28116736       -2.28116736       -3.5256e-12
    90.630         -2.29134843       -2.29134843       -3.5403e-12
    90.645         -2.30144760       -2.30144760       -3.5540e-12
    90.660         -2.31146289       -2.31146289       -3.5665e-12
    90.675         -2.32139236       -2.32139236       -3.5776e-12
    90.690         -2.33123409       -2.33123409       -3.5878e-12
    90.705         -2.34098620       -2.34098620       -3.5967e-12
    90.720         -2.35064683       -2.35064683       -3.6042e-12
    90.735         -2.36021419       -2.36021419       -3.6104e-12
    90.750         -2.36968647       -2.36968647       -3.6158e-12
    90.765         -2.37906195       -2.37906195       -3.6198e-12
    90.780         -2.38833891       -2.38833891       -3.6220e-12
    90.795         -2.39751569       -2.39751569       -3.6233e-12
    90.810         -2.40659064       -2.40659064       -3.6238e-12
    90.825         -2.41556218       -2.41556218       -3.6229e-12
    90.840         -2.42442875       -2.42442875       -3.6207e-12
    90.855         -2.43318882       -2.43318882       -3.6167e-12
    90.870         -2.44184093       -2.44184093       -3.6118e-12
    90.885         -2.45038363       -2.45038363       -3.6056e-12
    90.900         -2.45881554       -2.45881554       -3.5980e-12
    90.915         -2.46713528       -2.46713528       -3.5891e-12
    90.930         -2.47534155       -2.47534155       -3.5789e-12
    90.945         -2.48343307       -2.48343307       -3.5674e-12
    90.960         -2.49140862       -2.49140862       -3.5545e-12
    90.975         -2.49926700       -2.49926700       -3.5403e-12
    90.990         -2.50700708       -2.50700708       -3.5252e-12
    91.005         -2.51462775       -2.51462775       -3.5087e-12
    91.020         -2.52212796       -2.52212796       -3.4905e-12
    91.035         -2.52950669       -2.52950669       -3.4714e-12
    91.050         -2.53676298       -2.53676298       -3.4506e-12
    91.065         -2.54389590       -2.54389590       -3.4288e-12
    91.080         -2.55090457       -2.55090457       -3.4057e-12
    91.095         -2.55778817       -2.55778817       -3.3813e-12
    91.110         -2.56454589       -2.56454589       -3.3555e-12
    91.125         -2.57117701       -2.57117701       -3.3284e-12
    91.140         -2.57768082       -2.57768082       -3.3000e-12
    91.155         -2.58405667       -2.58405667       -3.2707e-12
    91.170         -2.59030397       -2.59030397       -3.2401e-12
    91.185         -2.59642214       -2.59642214       -3.2081e-12
    91.200         -2.60241068       -2.60241068       -3.1748e-12
    91.215         -2.60826912       -2.60826912       -3.1402e-12
    91.230         -2.61399704       -2.61399704       -3.1046e-12
    91.245         -2.61959407       -2.61959407       -3.0678e-12
    91.260         -2.62505988       -2.62505988       -3.0300e-12
    91.275         -2.63039419       -2.63039419       -2.9909e-12
    91.290         -2.63559676       -2.63559676       -2.9510e-12
    91.305         -2.64066741       -2.64066741       -2.9097e-12
    91.320         -2.64560598       -2.64560598       -2.8670e-12
    91.335         -2.65041238       -2.65041238       -2.8240e-12
    91.350         -2.65508657       -2.65508657       -2.7796e-12
    91.365         -2.65962852       -2.65962852       -2.7343e-12
    91.380         -2.66403829       -2.66403829       -2.6876e-12
    91.395         -2.66831595       -2.66831595       -2.6401e-12
    91.410         -2.67246164       -2.67246164       -2.5917e-12
    91.425         -2.67647552       -2.67647552       -2.5420e-12
    91.440         -2.68035781       -2.68035781       -2.4913e-12
    91.455         -2.68410877       -2.68410877       -2.4398e-12
    91.470         -2.68772871       -2.68772871       -2.3874e-12
    91.485         -2.69121797       -2.69121797       -2.3346e-12
    91.500         -2.69457695       -2.69457695       -2.2804e-12
    91.515         -2.69780607       -2.69780607       -2.2253e-12
    91.530         -2.70090582       -2.70090582       -2.1694e-12
    91.545         -2.70387670       -2.70387670       -2.1130e-12
    91.560         -2.70671928       -2.70671928       -2.0557e-12
    91.575         -2.70943415       -2.70943415       -1.9980e-12
    91.590         -2.71202196       -2.71202196       -1.9393e-12
    91.605         -2.71448338       -2.71448338       -1.8798e-12
    91.620         -2.71681912       -2.71681912       -1.8199e-12
    91.635         -2.71902995       -2.71902995       -1.7590e-12
    91.650         -2.72111666       -2.72111666       -1.6978e-12
    91.665         -2.72308007       -2.72308007       -1.6360e-12
    91.680         -2.72492106       -2.72492106       -1.5739e-12
    91.695         -2.72664054       -2.72664054       -1.5108e-12
    91.710         -2.72823944       -2.72823944       -1.4473e-12
    91.725         -2.72971873       -2.72971873       -1.3833e-12
    91.740         -2.73107944       -2.73107944       -1.3189e-12
    91.755         -2.73232259       -2.73232259       -1.2541e-12
    91.770         -2.73344927       -2.73344927       -1.1888e-12
    91.785         -2.73446059       -2.73446059       -1.1231e-12
    91.800         -2.73535767       -2.73535767       -1.0574e-12
    91.815         -2.73614171       -2.73614171       -9.9121e-13
    91.830         -2.73681389       -2.73681389       -9.2459e-13
    91.845         -2.73737544       -2.73737544       -8.5754e-13
    91.860         -2.73782763       -2.73782763       -7.9092e-13
    91.875         -2.73817174       -2.73817174       -7.2387e-13
    91.890         -2.73840908       -2.73840908       -6.5636e-13
    91.905         -2.73854099       -2.73854099       -5.8931e-13
    91.920         -2.73856884       -2.73856884       -5.2180e-13
    91.935         -2.73849401       -2.73849401       -4.5430e-13
    91.950         -2.73831792       -2.73831792       -3.8680e-13
    91.965         -2.73804199       -2.73804199       -3.1930e-13
    91.980         -2.73766769       -2.73766769       -2.5135e-13
    91.995         -2.73719650       -2.73719650       -1.8385e-13
    92.010         -2.73662991       -2.73662991       -1.1635e-13
    92.025         -2.73596943       -2.73596943       -4.8850e-14
    92.040         -2.73521661       -2.73521661        1.8208e-14
    92.055         -2.73437299       -2.73437299        8.5265e-14
    92.070         -2.73344015       -2.73344015        1.5188e-13
    92.085         -2.73241966       -2.73241966        2.1849e-13
    92.100         -2.73131313       -2.73131313        2.8466e-13
    92.115         -2.73012217       -2.73012217        3.5083e-13
    92.130         -2.72884840       -2.72884840        4.1656e-13
    92.145         -2.72749347       -2.72749347        4.8184e-13
    92.160         -2.72605901       -2.72605901        5.4667e-13
    92.175         -2.72454670       -2.72454670        6.1107e-13
    92.190         -2.72295819       -2.72295819        6.7502e-13
    92.205         -2.72129515       -2.72129515        7.3852e-13
    92.220         -2.71955929       -2.71955929        8.0203e-13
    92.235         -2.71775227       -2.71775227        8.6464e-13
    92.250         -2.71587580       -2.71587580        9.2681e-13
    92.265         -2.71393158       -2.71393158        9.8810e-13
    92.280         -2.71192130       -2.71192130        1.0489e-12
    92.295         -2.70984668       -2.70984668        1.1089e-12
    92.310         -2.70770941       -2.70770941        1.1684e-12
    92.325         -2.70551120       -2.70551120        1.2275e-12
    92.340         -2.70325377       -2.70325377        1.2856e-12
    92.355         -2.70093881       -2.70093881        1.3434e-12
    92.370         -2.69856803       -2.69856803        1.4002e-12
    92.385         -2.69614313       -2.69614313        1.4562e-12
    92.400         -2.69366581       -2.69366581        1.5117e-12
    92.415         -2.69113775       -2.69113775        1.5659e-12
    92.430         -2.68856065       -2.68856065        1.6196e-12
    92.445         -2.68593618       -2.68593618        1.6724e-12
    92.460         -2.68326602       -2.68326602        1.7240e-12
    92.475         -2.68055183       -2.68055183        1.7750e-12
    92.490         -2.67779526       -2.67779526        1.8248e-12
    92.505         -2.67499796       -2.67499796        1.8741e-12
    92.520         -2.67216157       -2.67216157        1.9220e-12
    92.535         -2.66928770       -2.66928770        1.9691e-12
    92.550         -2.66637797       -2.66637797        2.0153e-12
    92.565         -2.66343397       -2.66343397        2.0606e-12
    92.580         -2.66045729       -2.66045729        2.1050e-12
    92.595         -2.65744949       -2.65744949        2.1481e-12
    92.610         -2.65441213       -2.65441213        2.1902e-12
    92.625         -2.65134673       -2.65134673        2.2311e-12
    92.640         -2.64825483       -2.64825483        2.2711e-12
    92.655         -2.64513793       -2.64513793        2.3102e-12
    92.670         -2.64199750       -2.64199750        2.3479e-12
    92.685         -2.63883500       -2.63883500        2.3843e-12
    92.700         -2.63565189       -2.63565189        2.4194e-12
    92.715         -2.63244958       -2.63244958        2.4536e-12
    92.730         -2.62922948       -2.62922948        2.4869e-12
    92.745         -2.62599297       -2.62599297        2.5189e-12
    92.760         -2.62274139       -2.62274139        2.5495e-12
    92.775         -2.61947610       -2.61947610        2.5788e-12
    92.790         -2.61619839       -2.61619839        2.6072e-12
    92.805         -2.61290956       -2.61290956        2.6343e-12
    92.820         -2.60961085       -2.60961085        2.6605e-12
    92.835         -2.60630352       -2.60630352        2.6850e-12
    92.850         -2.60298876       -2.60298876        2.7081e-12
    92.865         -2.59966777       -2.59966777        2.7303e-12
    92.880         -2.59634169       -2.59634169        2.7511e-12
    92.895         -2.59301165       -2.59301165        2.7707e-12
    92.910         -2.58967876       -2.58967876        2.7889e-12
    92.925         -2.58634408       -2.58634408        2.8058e-12
    92.940         -2.58300866       -2.58300866        2.8213e-12
    92.955         -2.57967351       -2.57967351        2.8360e-12
    92.970         -2.57633961       -2.57633961        2.8488e-12
    92.985         -2.57300792       -2.57300792        2.8608e-12
    93.000         -2.56967936       -2.56967936        2.8715e-12
    93.015         -2.56635482       -2.56635482        2.8808e-12
    93.030         -2.56303517       -2.56303517        2.8888e-12
    93.045         -2.55972122       -2.55972122        2.8955e-12
    93.060         -2.55641378       -2.55641378        2.9008e-12
    93.075         -2.55311362       -2.55311362        2.9048e-12
    93.090         -2.54982146       -2.54982146        2.9075e-12
    93.105         -2.54653800       -2.54653800        2.9088e-12
    93.120         -2.54326393       -2.54326393        2.9088e-12
    93.135         -2.53999985       -2.53999985        2.9079e-12
    93.150         -2.53674639       -2.53674639        2.9057e-12
    93.165         -2.53350411       -2.53350411        2.9021e-12
    93.180         -2.53027353       -2.53027353        2.8972e-12
    93.195         -2.52705517       -2.52705517        2.8910e-12
    93.210         -2.52384949       -2.52384949        2.8835e-12
    93.225         -2.52065692       -2.52065692        2.8750e-12
    93.240         -2.51747787       -2.51747787        2.8653e-12
    93.255         -2.51431269       -2.51431269        2.8537e-12
    93.270         -2.51116173       -2.51116173        2.8408e-12
    93.285         -2.50802527       -2.50802527        2.8271e-12
    93.300         -2.50490358       -2.50490358        2.8120e-12
    93.315         -2.50179690       -2.50179690        2.7960e-12
    93.330         -2.49870541       -2.49870541        2.7787e-12
    93.345         -2.49562929       -2.49562929        2.7600e-12
    93.360         -2.49256865       -2.49256865        2.7405e-12
    93.375         -2.48952360       -2.48952360        2.7196e-12
    93.390         -2.48649420       -2.48649420        2.6974e-12
    93.405         -2.48348047       -2.48348047        2.6743e-12
    93.420         -2.48048241       -2.48048241        2.6503e-12
    93.435         -2.47749998       -2.47749998        2.6246e-12
    93.450         -2.47453312       -2.47453312        2.5984e-12
    93.465         -2.47158171       -2.47158171        2.5708e-12
    93.480         -2.46864563       -2.46864563        2.5420e-12
    93.495         -2.46572471       -2.46572471        2.5122e-12
    93.510         -2.46281874       -2.46281874        2.4816e-12
    93.525         -2.45992750       -2.45992750        2.4500e-12
    93.540         -2.45705072       -2.45705072        2.4172e-12
    93.555         -2.45418812       -2.45418812        2.3834e-12
    93.570         -2.45133937       -2.45133937        2.3488e-12
    93.585         -2.44850411       -2.44850411        2.3128e-12
    93.600         -2.44568196       -2.44568196        2.2760e-12
    93.615         -2.44287252       -2.44287252        2.2382e-12
    93.630         -2.44007533       -2.44007533        2.2000e-12
    93.645         -2.43728993       -2.43728993        2.1609e-12
    93.660         -2.43451581       -2.43451581        2.1210e-12
    93.675         -2.43175246       -2.43175246        2.0797e-12
    93.690         -2.42899932       -2.42899932        2.0379e-12
    93.705         -2.42625580       -2.42625580        1.9953e-12
    93.720         -2.42352131       -2.42352131        1.9518e-12
    93.735         -2.42079520       -2.42079520        1.9078e-12
    93.750         -2.41807682       -2.41807682        1.8630e-12
    93.765         -2.41536549       -2.41536549        1.8172e-12
    93.780         -2.41266050       -2.41266050        1.7710e-12
    93.795         -2.40996112       -2.40996112        1.7244e-12
    93.810         -2.40726660       -2.40726660        1.6773e-12
    93.825         -2.40457615       -2.40457615        1.6294e-12
    93.840         -2.40188898       -2.40188898        1.5810e-12
    93.855         -2.39920427       -2.39920427        1.5321e-12
    93.870         -2.39652118       -2.39652118        1.4828e-12
    93.885         -2.39383884       -2.39383884        1.4331e-12
    93.900         -2.39115638       -2.39115638        1.3829e-12
    93.915         -2.38847290       -2.38847290        1.3323e-12
    93.930         -2.38578749       -2.38578749        1.2812e-12
    93.945         -2.38309919       -2.38309919        1.2301e-12
    93.960         -2.38040707       -2.38040707        1.1791e-12
    93.975         -2.37771016       -2.37771016        1.1271e-12
    93.990         -2.37500746       -2.37500746        1.0751e-12
    94.005         -2.37229799       -2.37229799        1.0232e-12
    94.020         -2.36958073       -2.36958073        9.7078e-13
    94.035         -2.36685466       -2.36685466        9.1838e-13
    94.050         -2.36411873       -2.36411873        8.6597e-13
    94.065         -2.36137189       -2.36137189        8.1357e-13
    94.080         -2.35861309       -2.35861309        7.6117e-13
    94.095         -2.35584125       -2.35584125        7.0832e-13
    94.110         -2.35305530       -2.35305530        6.5548e-13
    94.125         -2.35025413       -2.35025413        6.0307e-13
    94.140         -2.34743666       -2.34743666        5.5067e-13
    94.155         -2.34460177       -2.34460177        4.9827e-13
    94.170         -2.34174835       -2.34174835        4.4587e-13
    94.185         -2.33887529       -2.33887529        3.9391e-13
    94.200         -2.33598146       -2.33598146        3.4195e-13
    94.215         -2.33306574       -2.33306574        2.9043e-13
    94.230         -2.33012699       -2.33012699        2.3936e-13
    94.245         -2.32716409       -2.32716409        1.8829e-13
    94.260         -2.32417589       -2.32417589        1.3767e-13
    94.275         -2.32116126       -2.32116126        8.7486e-14
    94.290         -2.31811906       -2.31811906        3.7748e-14
    94.305         -2.31504817       -2.31504817       -1.1546e-14
    94.320         -2.31194744       -2.31194744       -6.0396e-14
    94.335         -2.30881575       -2.30881575       -1.0880e-13
    94.350         -2.30565197       -2.30565197       -1.5632e-13
    94.365         -2.30245498       -2.30245498       -2.0339e-13
    94.380         -2.29922365       -2.29922365       -2.5002e-13
    94.395         -2.29595688       -2.29595688       -2.9576e-13
    94.410         -2.29265356       -2.29265356       -3.4106e-13
    94.425         -2.28931259       -2.28931259       -3.8591e-13
    94.440         -2.28593288       -2.28593288       -4.2988e-13
    94.455         -2.28251335       -2.28251335       -4.7296e-13
    94.470         -2.27905293       -2.27905293       -5.1559e-13
    94.485         -2.27555056       -2.27555056       -5.5733e-13
    94.500         -2.27200520       -2.27200520       -5.9863e-13
    94.515         -2.26841580       -2.26841580       -6.3904e-13
    94.530         -2.26478135       -2.26478135       -6.7857e-13
    94.545         -2.26110084       -2.26110084       -7.1720e-13
    94.560         -2.25737328       -2.25737328       -7.5451e-13
    94.575         -2.25359769       -2.25359769       -7.9137e-13
    94.590         -2.24977311       -2.24977311       -8.2689e-13
    94.605         -2.24589860       -2.24589860       -8.6153e-13
    94.620         -2.24197325       -2.24197325       -8.9528e-13
    94.635         -2.23799614       -2.23799614       -9.2815e-13
    94.650         -2.23396639       -2.23396639       -9.5968e-13
    94.665         -2.22988314       -2.22988314       -9.9032e-13
    94.680         -2.22574556       -2.22574556       -1.0201e-12
    94.695         -2.22155282       -2.22155282       -1.0485e-12
    94.710         -2.21730413       -2.21730413       -1.0765e-12
    94.725         -2.21299872       -2.21299872       -1.1031e-12
    94.740         -2.20863584       -2.20863584       -1.1289e-12
    94.755         -2.20421478       -2.20421478       -1.1533e-12
    94.770         -2.19973485       -2.19973485       -1.1768e-12
    94.785         -2.19519538       -2.19519538       -1.1990e-12
    94.800         -2.19059573       -2.19059573       -1.2199e-12
    94.815         -2.18593529       -2.18593529       -1.2399e-12
    94.830         -2.18121349       -2.18121349       -1.2585e-12
    94.845         -2.17642978       -2.17642978       -1.2763e-12
    94.860         -2.17158364       -2.17158364       -1.2927e-12
    94.875         -2.16667459       -2.16667459       -1.3083e-12
    94.890         -2.16170217       -2.16170217       -1.3229e-12
    94.905         -2.15666596       -2.15666596       -1.3363e-12
    94.920         -2.15156558       -2.15156558       -1.3483e-12
    94.935         -2.14640067       -2.14640067       -1.3594e-12
    94.950         -2.14117092       -2.14117092       -1.3691e-12
    94.965         -2.13587604       -2.13587604       -1.3780e-12
    94.980         -2.13051580       -2.13051580       -1.3860e-12
    94.995         -2.12508997       -2.12508997       -1.3927e-12
    95.010         -2.11959839       -2.11959839       -1.3984e-12
    95.025         -2.11404092       -2.11404092       -1.4029e-12
    95.040         -2.10841746       -2.10841746       -1.4060e-12
    95.055         -2.10272797       -2.10272797       -1.4082e-12
    95.070         -2.09697242       -2.09697242       -1.4095e-12
    95.085         -2.09115084       -2.09115084       -1.4095e-12
    95.100         -2.08526327       -2.08526327       -1.4087e-12
    95.115         -2.07930984       -2.07930984       -1.4064e-12
    95.130         -2.07329067       -2.07329067       -1.4038e-12
    95.145         -2.06720596       -2.06720596       -1.3998e-12
    95.160         -2.06105593       -2.06105593       -1.3949e-12
    95.175         -2.05484085       -2.05484085       -1.3891e-12
    95.190         -2.04856102       -2.04856102       -1.3824e-12
    95.205         -2.04221681       -2.04221681       -1.3749e-12
    95.220         -2.03580861       -2.03580861       -1.3665e-12
    95.235         -2.02933685       -2.02933685       -1.3571e-12
    95.250         -2.02280202       -2.02280202       -1.3469e-12
    95.265         -2.01620464       -2.01620464       -1.3358e-12
    95.280         -2.00954528       -2.00954528       -1.3238e-12
    95.295         -2.00282457       -2.00282457       -1.3114e-12
    95.310         -1.99604314       -1.99604314       -1.2981e-12
    95.325         -1.98920171       -1.98920171       -1.2841e-12
    95.340         -1.98230102       -1.98230102       -1.2692e-12
    95.355         -1.97534185       -1.97534185       -1.2539e-12
    95.370         -1.96832505       -1.96832505       -1.2379e-12
    95.385         -1.96125149       -1.96125149       -1.2212e-12
    95.400         -1.95412209       -1.95412209       -1.2039e-12
    95.415         -1.94693781       -1.94693781       -1.1862e-12
    95.430         -1.93969968       -1.93969968       -1.1680e-12
    95.445         -1.93240873       -1.93240873       -1.1491e-12
    95.460         -1.92506607       -1.92506607       -1.1300e-12
    95.475         -1.91767284       -1.91767284       -1.1102e-12
    95.490         -1.91023022       -1.91023022       -1.0902e-12
    95.505         -1.90273945       -1.90273945       -1.0698e-12
    95.520         -1.89520179       -1.89520179       -1.0492e-12
    95.535         -1.88761855       -1.88761855       -1.0281e-12
    95.550         -1.87999109       -1.87999109       -1.0070e-12
    95.565         -1.87232082       -1.87232082       -9.8543e-13
    95.580         -1.86460916       -1.86460916       -9.6390e-13
    95.595         -1.85685761       -1.85685761       -9.4214e-13
    95.610         -1.84906768       -1.84906768       -9.2015e-13
    95.625         -1.84124094       -1.84124094       -8.9817e-13
    95.640         -1.83337898       -1.83337898       -8.7619e-13
    95.655         -1.82548346       -1.82548346       -8.5421e-13
    95.670         -1.81755606       -1.81755606       -8.3222e-13
    95.685         -1.80959849       -1.80959849       -8.1046e-13
    95.700         -1.80161252       -1.80161252       -7.8870e-13
    95.715         -1.79359994       -1.79359994       -7.6694e-13
    95.730         -1.78556259       -1.78556259       -7.4540e-13
    95.745         -1.77750233       -1.77750233       -7.2409e-13
    95.760         -1.76942108       -1.76942108       -7.0322e-13
    95.775         -1.76132078       -1.76132078       -6.8257e-13
    95.790         -1.75320339       -1.75320339       -6.6214e-13
    95.805         -1.74507094       -1.74507094       -6.4215e-13
    95.820         -1.73692546       -1.73692546       -6.2261e-13
    95.835         -1.72876903       -1.72876903       -6.0352e-13
    95.850         -1.72060375       -1.72060375       -5.8464e-13
    95.865         -1.71243177       -1.71243177       -5.6644e-13
    95.880         -1.70425524       -1.70425524       -5.4867e-13
    95.895         -1.69607637       -1.69607637       -5.3157e-13
    95.910         -1.68789739       -1.68789739       -5.1514e-13
    95.925         -1.67972053       -1.67972053       -4.9916e-13
    95.940         -1.67154809       -1.67154809       -4.8384e-13
    95.955         -1.66338237       -1.66338237       -4.6940e-13
    95.970         -1.65522568       -1.65522568       -4.5564e-13
    95.985         -1.64708040       -1.64708040       -4.4253e-13
    96.000         -1.63894889       -1.63894889       -4.3032e-13
    96.015         -1.63083354       -1.63083354       -4.1900e-13
    96.030         -1.62273678       -1.62273678       -4.0834e-13
    96.045         -1.61466105       -1.61466105       -3.9857e-13
    96.060         -1.60660879       -1.60660879       -3.8969e-13
    96.075         -1.59858249       -1.59858249       -3.8169e-13
    96.090         -1.59058463       -1.59058463       -3.7481e-13
    96.105         -1.58261771       -1.58261771       -3.6882e-13
    96.120         -1.57468427       -1.57468427       -3.6371e-13
    96.135         -1.56678682       -1.56678682       -3.5971e-13
    96.150         -1.55892792       -1.55892792       -3.5660e-13
    96.165         -1.55111012       -1.55111012       -3.5461e-13
    96.180         -1.54333599       -1.54333599       -3.5350e-13
    96.195         -1.53560810       -1.53560810       -3.5372e-13
    96.210         -1.52792903       -1.52792903       -3.5483e-13
    96.225         -1.52030137       -1.52030137       -3.5705e-13
    96.240         -1.51272772       -1.51272772       -3.6038e-13
    96.255         -1.50521067       -1.50521067       -3.6504e-13
    96.270         -1.49775282       -1.49775282       -3.7081e-13
    96.285         -1.49035678       -1.49035678       -3.7770e-13
    96.300         -1.48302514       -1.48302514       -3.8591e-13
    96.315         -1.47576050       -1.47576050       -3.9524e-13
    96.330         -1.46856547       -1.46856547       -4.0590e-13
    96.345         -1.46144263       -1.46144263       -4.1767e-13
    96.360         -1.45439458       -1.45439458       -4.3054e-13
    96.375         -1.44742391       -1.44742391       -4.4476e-13
    96.390         -1.44053318       -1.44053318       -4.6030e-13
    96.405         -1.43372497       -1.43372497       -4.7695e-13
    96.420         -1.42700184       -1.42700184       -4.9494e-13
    96.435         -1.42036632       -1.42036632       -5.1403e-13
    96.450         -1.41382097       -1.41382097       -5.3424e-13
    96.465         -1.40736830       -1.40736830       -5.5578e-13
    96.480         -1.40101081       -1.40101081       -5.7865e-13
    96.495         -1.39475100       -1.39475100       -6.0263e-13
    96.510         -1.38859134       -1.38859134       -6.2794e-13
    96.525         -1.38253429       -1.38253429       -6.5437e-13
    96.540         -1.37658228       -1.37658228       -6.8212e-13
    96.555         -1.37073773       -1.37073773       -7.1121e-13
    96.570         -1.36500302       -1.36500302       -7.4118e-13
    96.585         -1.35938053       -1.35938053       -7.7249e-13
    96.600         -1.35387259       -1.35387259       -8.0513e-13
    96.615         -1.34848154       -1.34848154       -8.3888e-13
    96.630         -1.34320965       -1.34320965       -8.7375e-13
    96.645         -1.33805919       -1.33805919       -9.0972e-13
    96.660         -1.33303238       -1.33303238       -9.4680e-13
    96.675         -1.32813145       -1.32813145       -9.8521e-13
    96.690         -1.32335854       -1.32335854       -1.0245e-12
    96.705         -1.31871580       -1.31871580       -1.0649e-12
    96.720         -1.31420533       -1.31420533       -1.1064e-12
    96.735         -1.30982920       -1.30982920       -1.1491e-12
    96.750         -1.30558943       -1.30558943       -1.1928e-12
    96.765         -1.30148803       -1.30148803       -1.2372e-12
    96.780         -1.29752693       -1.29752693       -1.2828e-12
    96.795         -1.29370806       -1.29370806       -1.3294e-12
    96.810         -1.29003329       -1.29003329       -1.3769e-12
    96.825         -1.28650445       -1.28650445       -1.4253e-12
    96.840         -1.28312333       -1.28312333       -1.4748e-12
    96.855         -1.27989167       -1.27989167       -1.5250e-12
    96.870         -1.27681117       -1.27681117       -1.5761e-12
    96.885         -1.27388348       -1.27388348       -1.6280e-12
    96.900         -1.27111021       -1.27111021       -1.6807e-12
    96.915         -1.26849291       -1.26849291       -1.7342e-12
    96.930         -1.26603310       -1.26603310       -1.7886e-12
    96.945         -1.26373223       -1.26373223       -1.8436e-12
    96.960         -1.26159171       -1.26159171       -1.8996e-12
    96.975         -1.25961290       -1.25961290       -1.9560e-12
    96.990         -1.25779711       -1.25779711       -2.0131e-12
    97.005         -1.25614557       -1.25614557       -2.0708e-12
    97.020         -1.25465950       -1.25465950       -2.1290e-12
    97.035         -1.25334004       -1.25334004       -2.1878e-12
    97.050         -1.25218826       -1.25218826       -2.2471e-12
    97.065         -1.25120520       -1.25120520       -2.3070e-12
    97.080         -1.25039184       -1.25039184       -2.3672e-12
    97.095         -1.24974909       -1.24974909       -2.4278e-12
    97.110         -1.24927781       -1.24927781       -2.4889e-12
    97.125         -1.24897880       -1.24897880       -2.5504e-12
    97.140         -1.24885280       -1.24885280       -2.6124e-12
    97.155         -1.24890049       -1.24890049       -2.6745e-12
    97.170         -1.24912248       -1.24912248       -2.7369e-12
    97.185         -1.24951934       -1.24951934       -2.7995e-12
    97.200         -1.25009156       -1.25009156       -2.8624e-12
    97.215         -1.25083958       -1.25083958       -2.9254e-12
    97.230         -1.25176377       -1.25176377       -2.9885e-12
    97.245         -1.25286444       -1.25286444       -3.0516e-12
    97.260         -1.25414183       -1.25414183       -3.1148e-12
    97.275         -1.25559613       -1.25559613       -3.1781e-12
    97.290         -1.25722746       -1.25722746       -3.2414e-12
    97.305         -1.25903587       -1.25903587       -3.3047e-12
    97.320         -1.26102136       -1.26102136       -3.3678e-12
    97.335         -1.26318384       -1.26318384       -3.4306e-12
    97.350         -1.26552318       -1.26552318       -3.4934e-12
    97.365         -1.26803917       -1.26803917       -3.5560e-12
    97.380         -1.27073156       -1.27073156       -3.6184e-12
    97.395         -1.27360000       -1.27360000       -3.6806e-12
    97.410         -1.27664409       -1.27664409       -3.7423e-12
    97.425         -1.27986337       -1.27986337       -3.8038e-12
    97.440         -1.28325731       -1.28325731       -3.8651e-12
    97.455         -1.28682532       -1.28682532       -3.9260e-12
    97.470         -1.29056673       -1.29056673       -3.9864e-12
    97.485         -1.29448082       -1.29448082       -4.0461e-12
    97.500         -1.29856681       -1.29856681       -4.1056e-12
    97.515         -1.30282383       -1.30282383       -4.1644e-12
    97.530         -1.30725096       -1.30725096       -4.2226e-12
    97.545         -1.31184723       -1.31184723       -4.2804e-12
    97.560         -1.31661158       -1.31661158       -4.3372e-12
    97.575         -1.32154291       -1.32154291       -4.3936e-12
    97.590         -1.32664003       -1.32664003       -4.4491e-12
    97.605         -1.33190171       -1.33190171       -4.5040e-12
    97.620         -1.33732665       -1.33732665       -4.5581e-12
    97.635         -1.34291348       -1.34291348       -4.6112e-12
    97.650         -1.34866077       -1.34866077       -4.6636e-12
    97.665         -1.35456705       -1.35456705       -4.7151e-12
    97.680         -1.36063075       -1.36063075       -4.7657e-12
    97.695         -1.36685026       -1.36685026       -4.8153e-12
    97.710         -1.37322393       -1.37322393       -4.8639e-12
    97.725         -1.37975002       -1.37975002       -4.9116e-12
    97.740         -1.38642673       -1.38642673       -4.9583e-12
    97.755         -1.39325223       -1.39325223       -5.0038e-12
    97.770         -1.40022461       -1.40022461       -5.0482e-12
    97.785         -1.40734190       -1.40734190       -5.0917e-12
    97.800         -1.41460209       -1.41460209       -5.1339e-12
    97.815         -1.42200310       -1.42200310       -5.1747e-12
    97.830         -1.42954281       -1.42954281       -5.2145e-12
    97.845         -1.43721903       -1.43721903       -5.2531e-12
    97.860         -1.44502953       -1.44502953       -5.2904e-12
    97.875         -1.45297201       -1.45297201       -5.3266e-12
    97.890         -1.46104414       -1.46104414       -5.3613e-12
    97.905         -1.46924352       -1.46924352       -5.3946e-12
    97.920         -1.47756772       -1.47756772       -5.4265e-12
    97.935         -1.48601424       -1.48601424       -5.4572e-12
    97.950         -1.49458055       -1.49458055       -5.4863e-12
    97.965         -1.50326406       -1.50326406       -5.5140e-12
    97.980         -1.51206214       -1.51206214       -5.5405e-12
    97.995         -1.52097211       -1.52097211       -5.5651e-12
    98.010         -1.52999126       -1.52999126       -5.5884e-12
    98.025         -1.53911681       -1.53911681       -5.6102e-12
    98.040         -1.54834598       -1.54834598       -5.6304e-12
    98.055         -1.55767590       -1.55767590       -5.6490e-12
    98.070         -1.56710370       -1.56710370       -5.6661e-12
    98.085         -1.57662645       -1.57662645       -5.6815e-12
    98.100         -1.58624118       -1.58624118       -5.6952e-12
    98.115         -1.59594491       -1.59594491       -5.7074e-12
    98.130         -1.60573460       -1.60573460       -5.7179e-12
    98.145         -1.61560718       -1.61560718       -5.7265e-12
    98.160         -1.62555956       -1.62555956       -5.7336e-12
    98.175         -1.63558860       -1.63558860       -5.7390e-12
    98.190         -1.64569114       -1.64569114       -5.7425e-12
    98.205         -1.65586399       -1.65586399       -5.7443e-12
    98.220         -1.66610394       -1.66610394       -5.7445e-12
    98.235         -1.67640774       -1.67640774       -5.7427e-12
    98.250         -1.68677213       -1.68677213       -5.7394e-12
    98.265         -1.69719381       -1.69719381       -5.7341e-12
    98.280         -1.70766947       -1.70766947       -5.7272e-12
    98.295         -1.71819576       -1.71819576       -5.7185e-12
    98.310         -1.72876935       -1.72876935       -5.7081e-12
    98.325         -1.73938685       -1.73938685       -5.6959e-12
    98.340         -1.75004488       -1.75004488       -5.6817e-12
    98.355         -1.76074002       -1.76074002       -5.6657e-12
    98.370         -1.77146887       -1.77146887       -5.6479e-12
    98.385         -1.78222797       -1.78222797       -5.6284e-12
    98.400         -1.79301390       -1.79301390       -5.6071e-12
    98.415         -1.80382320       -1.80382320       -5.5838e-12
    98.430         -1.81465240       -1.81465240       -5.5589e-12
    98.445         -1.82549804       -1.82549804       -5.5320e-12
    98.460         -1.83635664       -1.83635664       -5.5034e-12
    98.475         -1.84722472       -1.84722472       -5.4727e-12
    98.490         -1.85809880       -1.85809880       -5.4405e-12
    98.505         -1.86897540       -1.86897540       -5.4063e-12
    98.520         -1.87985102       -1.87985102       -5.3706e-12
    98.535         -1.89072220       -1.89072220       -5.3328e-12
    98.550         -1.90158545       -1.90158545       -5.2935e-12
    98.565         -1.91243730       -1.91243730       -5.2525e-12
    98.580         -1.92327427       -1.92327427       -5.2096e-12
    98.595         -1.93409291       -1.93409291       -5.1650e-12
    98.610         -1.94488977       -1.94488977       -5.1186e-12
    98.625         -1.95566140       -1.95566140       -5.0704e-12
    98.640         -1.96640438       -1.96640438       -5.0204e-12
    98.655         -1.97711528       -1.97711528       -4.9689e-12
    98.670         -1.98779070       -1.98779070       -4.9156e-12
    98.685         -1.99842726       -1.99842726       -4.8608e-12
    98.700         -2.00902158       -2.00902158       -4.8042e-12
    98.715         -2.01957032       -2.01957032       -4.7460e-12
    98.730         -2.03007015       -2.03007015       -4.6860e-12
    98.745         -2.04051775       -2.04051775       -4.6247e-12
    98.760         -2.05090984       -2.05090984       -4.5621e-12
    98.775         -2.06124317       -2.06124317       -4.4977e-12
    98.790         -2.07151448       -2.07151448       -4.4316e-12
    98.805         -2.08172058       -2.08172058       -4.3641e-12
    98.820         -2.09185829       -2.09185829       -4.2948e-12
    98.835         -2.10192445       -2.10192445       -4.2242e-12
    98.850         -2.11191595       -2.11191595       -4.1522e-12
    98.865         -2.12182970       -2.12182970       -4.0790e-12
    98.880         -2.13166265       -2.13166265       -4.0039e-12
    98.895         -2.14141177       -2.14141177       -3.9280e-12
    98.910         -2.15107409       -2.15107409       -3.8507e-12
    98.925         -2.16064666       -2.16064666       -3.7721e-12
    98.940         -2.17012659       -2.17012659       -3.6922e-12
    98.955         -2.17951099       -2.17951099       -3.6109e-12
    98.970         -2.18879705       -2.18879705       -3.5287e-12
    98.985         -2.19798199       -2.19798199       -3.4452e-12
    99.000         -2.20706307       -2.20706307       -3.3604e-12
    99.015         -2.21603760       -2.21603760       -3.2747e-12
    99.030         -2.22490292       -2.22490292       -3.1881e-12
    99.045         -2.23365644       -2.23365644       -3.1002e-12
    99.060         -2.24229560       -2.24229560       -3.0118e-12
    99.075         -2.25081790       -2.25081790       -2.9221e-12
    99.090         -2.25922089       -2.25922089       -2.8311e-12
    99.105         -2.26750216       -2.26750216       -2.7396e-12
    99.120         -2.27565937       -2.27565937       -2.6472e-12
    99.135         -2.28369021       -2.28369021       -2.5540e-12
    99.150         -2.29159244       -2.29159244       -2.4603e-12
    99.165         -2.29936387       -2.29936387       -2.3657e-12
    99.180         -2.30700238       -2.30700238       -2.2702e-12
    99.195         -2.31450587       -2.31450587       -2.1743e-12
    99.210         -2.32187234       -2.32187234       -2.0774e-12
    99.225         -2.32909982       -2.32909982       -1.9802e-12
    99.240         -2.33618641       -2.33618641       -1.8825e-12
    99.255         -2.34313027       -2.34313027       -1.7844e-12
    99.270         -2.34992961       -2.34992961       -1.6858e-12
    99.285         -2.35658272       -2.35658272       -1.5867e-12
    99.300         -2.36308793       -2.36308793       -1.4873e-12
    99.315         -2.36944364       -2.36944364       -1.3873e-12
    99.330         -2.37564833       -2.37564833       -1.2874e-12
    99.345         -2.38170051       -2.38170051       -1.1871e-12
    99.360         -2.38759880       -2.38759880       -1.0862e-12
    99.375         -2.39334183       -2.39334183       -9.8543e-13
    99.390         -2.39892834       -2.39892834       -8.8463e-13
    99.405         -2.40435710       -2.40435710       -7.8382e-13
    99.420         -2.40962699       -2.40962699       -6.8301e-13
    99.435         -2.41473691       -2.41473691       -5.8220e-13
    99.450         -2.41968584       -2.41968584       -4.8139e-13
    99.465         -2.42447285       -2.42447285       -3.8058e-13
    99.480         -2.42909706       -2.42909706       -2.7978e-13
    99.495         -2.43355764       -2.43355764       -1.7897e-13
    99.510         -2.43785385       -2.43785385       -7.8604e-14
    99.525         -2.44198502       -2.44198502        2.1316e-14
    99.540         -2.44595053       -2.44595053        1.2124e-13
    99.555         -2.44974984       -2.44974984        2.2071e-13
    99.570         -2.45338248       -2.45338248        3.1974e-13
    99.585         -2.45684803       -2.45684803        4.1833e-13
    99.600         -2.46014616       -2.46014616        5.1648e-13
    99.615         -2.46327660       -2.46327660        6.1373e-13
    99.630         -2.46623913       -2.46623913        7.1054e-13
    99.645         -2.46903363       -2.46903363        8.0691e-13
    99.660         -2.47166002       -2.47166002        9.0283e-13
    99.675         -2.47411831       -2.47411831        9.9787e-13
    99.690         -2.47640854       -2.47640854        1.0920e-12
    99.705         -2.47853087       -2.47853087        1.1853e-12
    99.720         -2.48048547       -2.48048547        1.2781e-12
    99.735         -2.48227262       -2.48227262        1.3705e-12
    99.750         -2.48389265       -2.48389265        1.4619e-12
    99.765         -2.48534595       -2.48534595        1.5521e-12
    99.780         -2.48663297       -2.48663297        1.6414e-12
    99.795         -2.48775425       -2.48775425        1.7293e-12
    99.810         -2.48871037       -2.48871037        1.8168e-12
    99.825         -2.48950197       -2.48950197        1.9029e-12
    99.840         -2.49012978       -2.49012978        1.9882e-12
    99.855         -2.49059457       -2.49059457        2.0721e-12
    99.870         -2.49089717       -2.49089717        2.1552e-12
    99.885         -2.49103849       -2.49103849        2.2369e-12
    99.900         -2.49101949       -2.49101949        2.3173e-12
    99.915         -2.49084117       -2.49084117        2.3963e-12
    99.930         -2.49050462       -2.49050462        2.4745e-12
    99.945         -2.49001098       -2.49001098        2.5513e-12
    99.960         -2.48936143       -2.48936143        2.6268e-12
    99.975         -2.48855722       -2.48855722        2.7010e-12
    99.990         -2.48759966       -2.48759966        2.7738e-12
   100.005         -2.48649011       -2.48649011        2.8448e-12
   100.020         -2.48522998       -2.48522998        2.9146e-12
   100.035         -2.48382073       -2.48382073        2.9829e-12
   100.050         -2.48226389       -2.48226389        3.0496e-12
   100.065         -2.48056101       -2.48056101        3.1148e-12
   100.080         -2.47871372       -2.47871372        3.1788e-12
   100.095         -2.47672369       -2.47672369        3.2410e-12
   100.110         -2.47459263       -2.47459263        3.3014e-12
   100.125         -2.47232231       -2.47232231        3.3604e-12
   100.140         -2.46991452       -2.46991452        3.4177e-12
   100.155         -2.46737112       -2.46737112        3.4732e-12
   100.170         -2.46469401       -2.46469401        3.5274e-12
   100.185         -2.46188512       -2.46188512        3.5798e-12
   100.200         -2.45894643       -2.45894643        3.6304e-12
   100.215         -2.45587996       -2.45587996        3.6797e-12
   100.230         -2.45268777       -2.45268777        3.7268e-12
   100.245         -2.44937196       -2.44937196        3.7721e-12
   100.260         -2.44593464       -2.44593464        3.8161e-12
   100.275         -2.44237799       -2.44237799        3.8582e-12
   100.290         -2.43870421       -2.43870421        3.8982e-12
   100.305         -2.43491552       -2.43491552        3.9364e-12
   100.320         -2.43101420       -2.43101420        3.9733e-12
   100.335         -2.42700253       -2.42700253        4.0083e-12
   100.350         -2.42288284       -2.42288284        4.0412e-12
   100.365         -2.41865747       -2.41865747        4.0723e-12
   100.380         -2.41432879       -2.41432879        4.1016e-12
   100.395         -2.40989921       -2.40989921        4.1287e-12
   100.410         -2.40537115       -2.40537115        4.1545e-12
   100.425         -2.40074705       -2.40074705        4.1784e-12
   100.440         -2.39602937       -2.39602937        4.2006e-12
   100.455         -2.39122061       -2.39122061        4.2206e-12
   100.470         -2.38632325       -2.38632325        4.2388e-12
   100.485         -2.38133981       -2.38133981        4.2553e-12
   100.500         -2.37627283       -2.37627283        4.2695e-12
   100.515         -2.37112486       -2.37112486        4.2819e-12
   100.530         -2.36589845       -2.36589845        4.2926e-12
   100.545         -2.36059616       -2.36059616        4.3014e-12
   100.560         -2.35522059       -2.35522059        4.3086e-12
   100.575         -2.34977431       -2.34977431        4.3139e-12
   100.590         -2.34425991       -2.34425991        4.3174e-12
   100.605         -2.33868000       -2.33868000        4.3192e-12
   100.620         -2.33303718       -2.33303718        4.3188e-12
   100.635         -2.32733405       -2.32733405        4.3165e-12
   100.650         -2.32157322       -2.32157322        4.3126e-12
   100.665         -2.31575729       -2.31575729        4.3068e-12
   100.680         -2.30988888       -2.30988888        4.2992e-12
   100.695         -2.30397057       -2.30397057        4.2899e-12
   100.710         -2.29800498       -2.29800498        4.2784e-12
   100.725         -2.29199469       -2.29199469        4.2655e-12
   100.740         -2.28594228       -2.28594228        4.2504e-12
   100.755         -2.27985035       -2.27985035        4.2339e-12
   100.770         -2.27372145       -2.27372145        4.2157e-12
   100.785         -2.26755814       -2.26755814        4.1958e-12
   100.800         -2.26136297       -2.26136297        4.1740e-12
   100.815         -2.25513848       -2.25513848        4.1505e-12
   100.830         -2.24888718       -2.24888718        4.1251e-12
   100.845         -2.24261158       -2.24261158        4.0985e-12
   100.860         -2.23631417       -2.23631417        4.0701e-12
   100.875         -2.22999741       -2.22999741        4.0403e-12
   100.890         -2.22366376       -2.22366376        4.0088e-12
   100.905         -2.21731564       -2.21731564        3.9759e-12
   100.920         -2.21095548       -2.21095548        3.9413e-12
   100.935         -2.20458564       -2.20458564        3.9049e-12
   100.950         -2.19820851       -2.19820851        3.8671e-12
   100.965         -2.19182641       -2.19182641        3.8276e-12
   100.980         -2.18544167       -2.18544167        3.7867e-12
   100.995         -2.17905657       -2.17905657        3.7446e-12
   101.010         -2.17267337       -2.17267337        3.7010e-12
   101.025         -2.16629430       -2.16629430        3.6557e-12
   101.040         -2.15992156       -2.15992156        3.6091e-12
   101.055         -2.15355734       -2.15355734        3.5612e-12
   101.070         -2.14720376       -2.14720376        3.5119e-12
   101.085         -2.14086294       -2.14086294        3.4617e-12
   101.100         -2.13453695       -2.13453695        3.4102e-12
   101.115         -2.12822784       -2.12822784        3.3573e-12
   101.130         -2.12193761       -2.12193761        3.3031e-12
   101.145         -2.11566824       -2.11566824        3.2476e-12
   101.160         -2.10942166       -2.10942166        3.1912e-12
   101.175         -2.10319977       -2.10319977        3.1335e-12
   101.190         -2.09700443       -2.09700443        3.0744e-12
   101.205         -2.09083748       -2.09083748        3.0145e-12
   101.220         -2.08470069       -2.08470069        2.9532e-12
   101.235         -2.07859581       -2.07859581        2.8910e-12
   101.250         -2.07252454       -2.07252454        2.8280e-12
   101.265         -2.06648856       -2.06648856        2.7640e-12
   101.280         -2.06048949       -2.06048949        2.6992e-12
   101.295         -2.05452890       -2.05452890        2.6334e-12
   101.310         -2.04860835       -2.04860835        2.5668e-12
   101.325         -2.04272933       -2.04272933        2.4993e-12
   101.340         -2.03689330       -2.03689330        2.4314e-12
   101.355         -2.03110166       -2.03110166        2.3626e-12
   101.370         -2.02535581       -2.02535581        2.2928e-12
   101.385         -2.01965705       -2.01965705        2.2227e-12
   101.400         -2.01400667       -2.01400667        2.1516e-12
   101.415         -2.00840591       -2.00840591        2.0797e-12
   101.430         -2.00285597       -2.00285597        2.0077e-12
   101.445         -1.99735799       -1.99735799        1.9351e-12
   101.460         -1.99191309       -1.99191309        1.8618e-12
   101.475         -1.98652232       -1.98652232        1.7881e-12
   101.490         -1.98118669       -1.98118669        1.7140e-12
   101.505         -1.97590719       -1.97590719        1.6394e-12
   101.520         -1.97068473       -1.97068473        1.5643e-12
   101.535         -1.96552020       -1.96552020        1.4890e-12
   101.550         -1.96041444       -1.96041444        1.4135e-12
   101.565         -1.95536823       -1.95536823        1.3378e-12
   101.580         -1.95038234       -1.95038234        1.2619e-12
   101.595         -1.94545745       -1.94545745        1.1857e-12
   101.610         -1.94059423       -1.94059423        1.1093e-12
   101.625         -1.93579331       -1.93579331        1.0330e-12
   101.640         -1.93105524       -1.93105524        9.5635e-13
   101.655         -1.92638056       -1.92638056        8.7996e-13
   101.670         -1.92176976       -1.92176976        8.0336e-13
   101.685         -1.91722328       -1.91722328        7.2675e-13
   101.700         -1.91274152       -1.91274152        6.5037e-13
   101.715         -1.90832483       -1.90832483        5.7421e-13
   101.730         -1.90397355       -1.90397355        4.9805e-13
   101.745         -1.89968794       -1.89968794        4.2211e-13
   101.760         -1.89546825       -1.89546825        3.4661e-13
   101.775         -1.89131466       -1.89131466        2.7134e-13
   101.790         -1.88722733       -1.88722733        1.9607e-13
   101.805         -1.88320639       -1.88320639        1.2124e-13
   101.820         -1.87925191       -1.87925191        4.6851e-14
   101.835         -1.87536393       -1.87536393       -2.7089e-14
   101.850         -1.87154247       -1.87154247       -1.0059e-13
   101.865         -1.86778748       -1.86778748       -1.7364e-13
   101.880         -1.86409889       -1.86409889       -2.4625e-13
   101.895         -1.86047662       -1.86047662       -3.1819e-13
   101.910         -1.85692051       -1.85692051       -3.8969e-13
   101.925         -1.85343040       -1.85343040       -4.6052e-13
   101.940         -1.85000608       -1.85000608       -5.3069e-13
   101.955         -1.84664732       -1.84664732       -5.9996e-13
   101.970         -1.84335385       -1.84335385       -6.6858e-13
   101.985         -1.84012537       -1.84012537       -7.3652e-13
   102.000         -1.83696156       -1.83696156       -8.0380e-13
   102.015         -1.83386205       -1.83386205       -8.6997e-13
   102.030         -1.83082647       -1.83082647       -9.3547e-13
   102.045         -1.82785439       -1.82785439       -1.0001e-12
   102.060         -1.82494539       -1.82494539       -1.0638e-12
   102.075         -1.82209899       -1.82209899       -1.1264e-12
   102.090         -1.81931472       -1.81931472       -1.1882e-12
   102.105         -1.81659205       -1.81659205       -1.2488e-12
   102.120         -1.81393045       -1.81393045       -1.3083e-12
   102.135         -1.81132937       -1.81132937       -1.3667e-12
   102.150         -1.80878823       -1.80878823       -1.4242e-12
   102.165         -1.80630642       -1.80630642       -1.4806e-12
   102.180         -1.80388334       -1.80388334       -1.5357e-12
   102.195         -1.80151835       -1.80151835       -1.5896e-12
   102.210         -1.79921079       -1.79921079       -1.6422e-12
   102.225         -1.79696000       -1.79696000       -1.6935e-12
   102.240         -1.79476529       -1.79476529       -1.7435e-12
   102.255         -1.79262598       -1.79262598       -1.7923e-12
   102.270         -1.79054133       -1.79054133       -1.8396e-12
   102.285         -1.78851064       -1.78851064       -1.8858e-12
   102.300         -1.78653317       -1.78653317       -1.9305e-12
   102.315         -1.78460817       -1.78460817       -1.9735e-12
   102.330         -1.78273489       -1.78273489       -2.0153e-12
   102.345         -1.78091256       -1.78091256       -2.0557e-12
   102.360         -1.77914041       -1.77914041       -2.0945e-12
   102.375         -1.77741767       -1.77741767       -2.1319e-12
   102.390         -1.77574356       -1.77574356       -2.1676e-12
   102.405         -1.77411727       -1.77411727       -2.2018e-12
   102.420         -1.77253803       -1.77253803       -2.2344e-12
   102.435         -1.77100503       -1.77100503       -2.2655e-12
   102.450         -1.76951749       -1.76951749       -2.2948e-12
   102.465         -1.76807459       -1.76807459       -2.3228e-12
   102.480         -1.76667555       -1.76667555       -2.3490e-12
   102.495         -1.76531956       -1.76531956       -2.3734e-12
   102.510         -1.76400582       -1.76400582       -2.3963e-12
   102.525         -1.76273355       -1.76273355       -2.4172e-12
   102.540         -1.76150195       -1.76150195       -2.4365e-12
   102.555         -1.76031023       -1.76031023       -2.4543e-12
   102.570         -1.75915762       -1.75915762       -2.4700e-12
   102.585         -1.75804332       -1.75804332       -2.4840e-12
   102.600         -1.75696658       -1.75696658       -2.4964e-12
   102.615         -1.75592663       -1.75592663       -2.5069e-12
   102.630         -1.75492271       -1.75492271       -2.5155e-12
   102.645         -1.75395408       -1.75395408       -2.5224e-12
   102.660         -1.75301999       -1.75301999       -2.5273e-12
   102.675         -1.75211972       -1.75211972       -2.5304e-12
   102.690         -1.75125256       -1.75125256       -2.5318e-12
   102.705         -1.75041779       -1.75041779       -2.5313e-12
   102.720         -1.74961472       -1.74961472       -2.5291e-12
   102.735         -1.74884267       -1.74884267       -2.5249e-12
   102.750         -1.74810098       -1.74810098       -2.5189e-12
   102.765         -1.74738898       -1.74738898       -2.5109e-12
   102.780         -1.74670604       -1.74670604       -2.5011e-12
   102.795         -1.74605154       -1.74605154       -2.4896e-12
   102.810         -1.74542485       -1.74542485       -2.4760e-12
   102.825         -1.74482540       -1.74482540       -2.4607e-12
   102.840         -1.74425261       -1.74425261       -2.4434e-12
   102.855         -1.74370591       -1.74370591       -2.4243e-12
   102.870         -1.74318476       -1.74318476       -2.4034e-12
   102.885         -1.74268864       -1.74268864       -2.3808e-12
   102.900         -1.74221704       -1.74221704       -2.3561e-12
   102.915         -1.74176947       -1.74176947       -2.3297e-12
   102.930         -1.74134547       -1.74134547       -2.3013e-12
   102.945         -1.74094458       -1.74094458       -2.2711e-12
   102.960         -1.74056639       -1.74056639       -2.2389e-12
   102.975         -1.74021047       -1.74021047       -2.2051e-12
   102.990         -1.73987643       -1.73987643       -2.1696e-12
   103.005         -1.73956392       -1.73956392       -2.1321e-12
   103.020         -1.73927258       -1.73927258       -2.0928e-12
   103.035         -1.73900208       -1.73900208       -2.0517e-12
   103.050         -1.73875212       -1.73875212       -2.0091e-12
   103.065         -1.73852242       -1.73852242       -1.9644e-12
   103.080         -1.73831270       -1.73831270       -1.9182e-12
   103.095         -1.73812273       -1.73812273       -1.8705e-12
   103.110         -1.73795229       -1.73795229       -1.8210e-12
   103.125         -1.73780118       -1.73780118       -1.7699e-12
   103.140         -1.73766923       -1.73766923       -1.7171e-12
   103.155         -1.73755627       -1.73755627       -1.6624e-12
   103.170         -1.73746218       -1.73746218       -1.6063e-12
   103.185         -1.73738683       -1.73738683       -1.5485e-12
   103.200         -1.73733016       -1.73733016       -1.4895e-12
   103.215         -1.73729207       -1.73729207       -1.4289e-12
   103.230         -1.73727253       -1.73727253       -1.3665e-12
   103.245         -1.73727152       -1.73727152       -1.3027e-12
   103.260         -1.73728902       -1.73728902       -1.2377e-12
   103.275         -1.73732506       -1.73732506       -1.1711e-12
   103.290         -1.73737967       -1.73737967       -1.1031e-12
   103.305         -1.73745291       -1.73745291       -1.0338e-12
   103.320         -1.73754485       -1.73754485       -9.6323e-13
   103.335         -1.73765561       -1.73765561       -8.9129e-13
   103.350         -1.73778529       -1.73778529       -8.1801e-13
   103.365         -1.73793404       -1.73793404       -7.4363e-13
   103.380         -1.73810201       -1.73810201       -6.6791e-13
   103.395         -1.73828939       -1.73828939       -5.9108e-13
   103.410         -1.73849636       -1.73849636       -5.1315e-13
   103.425         -1.73872314       -1.73872314       -4.3410e-13
   103.440         -1.73896997       -1.73896997       -3.5416e-13
   103.455         -1.73923709       -1.73923709       -2.7311e-13
   103.470         -1.73952478       -1.73952478       -1.9096e-13
   103.485         -1.73983331       -1.73983331       -1.0791e-13
   103.500         -1.74016298       -1.74016298       -2.4203e-14
   103.515         -1.74051411       -1.74051411        6.0396e-14
   103.530         -1.74088704       -1.74088704        1.4611e-13
   103.545         -1.74128211       -1.74128211        2.3248e-13
   103.560         -1.74169968       -1.74169968        3.1952e-13
   103.575         -1.74214013       -1.74214013        4.0723e-13
   103.590         -1.74260384       -1.74260384        4.9560e-13
   103.605         -1.74309121       -1.74309121        5.8464e-13
   103.620         -1.74360267       -1.74360267        6.7413e-13
   103.635         -1.74413862       -1.74413862        7.6428e-13
   103.650         -1.74469952       -1.74469952        8.5487e-13
   103.665         -1.74528581       -1.74528581        9.4569e-13
   103.680         -1.74589794       -1.74589794        1.0372e-12
   103.695         -1.74653638       -1.74653638        1.1289e-12
   103.710         -1.74720161       -1.74720161        1.2210e-12
   103.725         -1.74789410       -1.74789410        1.3132e-12
   103.740         -1.74861436       -1.74861436        1.4055e-12
   103.755         -1.74936288       -1.74936288        1.4981e-12
   103.770         -1.75014016       -1.75014016        1.5907e-12
   103.785         -1.75094671       -1.75094671        1.6835e-12
   103.800         -1.75178305       -1.75178305        1.7761e-12
   103.815         -1.75264970       -1.75264970        1.8687e-12
   103.830         -1.75354718       -1.75354718        1.9613e-12
   103.845         -1.75447602       -1.75447602        2.0537e-12
   103.860         -1.75543674       -1.75543674        2.1458e-12
   103.875         -1.75642989       -1.75642989        2.2378e-12
   103.890         -1.75745598       -1.75745598        2.3297e-12
   103.905         -1.75851555       -1.75851555        2.4212e-12
   103.920         -1.75960914       -1.75960914        2.5124e-12
   103.935         -1.76073728       -1.76073728        2.6033e-12
   103.950         -1.76190049       -1.76190049        2.6934e-12
   103.965         -1.76309931       -1.76309931        2.7831e-12
   103.980         -1.76433426       -1.76433426        2.8721e-12
   103.995         -1.76560587       -1.76560587        2.9607e-12
   104.010         -1.76691465       -1.76691465        3.0485e-12
   104.025         -1.76826112       -1.76826112        3.1355e-12
   104.040         -1.76964579       -1.76964579        3.2216e-12
   104.055         -1.77106915       -1.77106915        3.3071e-12
   104.070         -1.77253172       -1.77253172        3.3917e-12
   104.085         -1.77403398       -1.77403398        3.4754e-12
   104.100         -1.77557642       -1.77557642        3.5583e-12
   104.115         -1.77715950       -1.77715950        3.6400e-12
   104.130         -1.77878370       -1.77878370        3.7206e-12
   104.145         -1.78044947       -1.78044947        3.8001e-12
   104.160         -1.78215727       -1.78215727        3.8785e-12
   104.175         -1.78390753       -1.78390753        3.9557e-12
   104.190         -1.78570067       -1.78570067        4.0319e-12
   104.205         -1.78753713       -1.78753713        4.1067e-12
   104.220         -1.78941729       -1.78941729        4.1800e-12
   104.235         -1.79134156       -1.79134156        4.2519e-12
   104.250         -1.79331032       -1.79331032        4.3225e-12
   104.265         -1.79532392       -1.79532392        4.3916e-12
   104.280         -1.79738274       -1.79738274        4.4591e-12
   104.295         -1.79948710       -1.79948710        4.5250e-12
   104.310         -1.80163733       -1.80163733        4.5894e-12
   104.325         -1.80383374       -1.80383374        4.6521e-12
   104.340         -1.80607664       -1.80607664        4.7129e-12
   104.355         -1.80836630       -1.80836630        4.7722e-12
   104.370         -1.81070298       -1.81070298        4.8297e-12
   104.385         -1.81308694       -1.81308694        4.8854e-12
   104.400         -1.81551841       -1.81551841        4.9394e-12
   104.415         -1.81799761       -1.81799761        4.9913e-12
   104.430         -1.82052472       -1.82052472        5.0413e-12
   104.445         -1.82309994       -1.82309994        5.0893e-12
   104.460         -1.82572343       -1.82572343        5.1352e-12
   104.475         -1.82839534       -1.82839534        5.1792e-12
   104.490         -1.83111578       -1.83111578        5.2209e-12
   104.505         -1.83388488       -1.83388488        5.2607e-12
   104.520         -1.83670271       -1.83670271        5.2982e-12
   104.535         -1.83956936       -1.83956936        5.3337e-12
   104.550         -1.84248488       -1.84248488        5.3668e-12
   104.565         -1.84544930       -1.84544930        5.3977e-12
   104.580         -1.84846263       -1.84846263        5.4263e-12
   104.595         -1.85152487       -1.85152487        5.4525e-12
   104.610         -1.85463600       -1.85463600        5.4765e-12
   104.625         -1.85779596       -1.85779596        5.4980e-12
   104.640         -1.86100470       -1.86100470        5.5171e-12
   104.655         -1.86426213       -1.86426213        5.5338e-12
   104.670         -1.86756815       -1.86756815        5.5480e-12
   104.685         -1.87092262       -1.87092262        5.5598e-12
   104.700         -1.87432541       -1.87432541        5.5691e-12
   104.715         -1.87777634       -1.87777634        5.5758e-12
   104.730         -1.88127524       -1.88127524        5.5798e-12
   104.745         -1.88482188       -1.88482188        5.5813e-12
   104.760         -1.88841606       -1.88841606        5.5802e-12
   104.775         -1.89205751       -1.89205751        5.5767e-12
   104.790         -1.89574598       -1.89574598        5.5702e-12
   104.805         -1.89948116       -1.89948116        5.5613e-12
   104.820         -1.90326275       -1.90326275        5.5498e-12
   104.835         -1.90709042       -1.90709042        5.5356e-12
   104.850         -1.91096381       -1.91096381        5.5187e-12
   104.865         -1.91488256       -1.91488256        5.4992e-12
   104.880         -1.91884627       -1.91884627        5.4765e-12
   104.895         -1.92285453       -1.92285453        5.4512e-12
   104.910         -1.92690691       -1.92690691        5.4234e-12
   104.925         -1.93100295       -1.93100295        5.3926e-12
   104.940         -1.93514217       -1.93514217        5.3590e-12
   104.955         -1.93932408       -1.93932408        5.3229e-12
   104.970         -1.94354817       -1.94354817        5.2840e-12
   104.985         -1.94781390       -1.94781390        5.2423e-12
   105.000         -1.95212071       -1.95212071        5.1976e-12
   105.015         -1.95646804       -1.95646804        5.1503e-12
   105.030         -1.96085528       -1.96085528        5.1004e-12
   105.045         -1.96528181       -1.96528181        5.0475e-12
   105.060         -1.96974701       -1.96974701        4.9918e-12
   105.075         -1.97425022       -1.97425022        4.9334e-12
   105.090         -1.97879077       -1.97879077        4.8721e-12
   105.105         -1.98336796       -1.98336796        4.8082e-12
   105.120         -1.98798107       -1.98798107        4.7415e-12
   105.135         -1.99262939       -1.99262939        4.6720e-12
   105.150         -1.99731215       -1.99731215        4.5999e-12
   105.165         -2.00202859       -2.00202859        4.5248e-12
   105.180         -2.00677792       -2.00677792        4.4476e-12
   105.195         -2.01155934       -2.01155934        4.3672e-12
   105.210         -2.01637201       -2.01637201        4.2846e-12
   105.225         -2.02121510       -2.02121510        4.1989e-12
   105.240         -2.02608775       -2.02608775        4.1105e-12
   105.255         -2.03098907       -2.03098907        4.0199e-12
   105.270         -2.03591818       -2.03591818        3.9266e-12
   105.285         -2.04087415       -2.04087415        3.8307e-12
   105.300         -2.04585606       -2.04585606        3.7321e-12
   105.315         -2.05086296       -2.05086296        3.6313e-12
   105.330         -2.05589388       -2.05589388        3.5274e-12
   105.345         -2.06094785       -2.06094785        3.4213e-12
   105.360         -2.06602386       -2.06602386        3.3129e-12
   105.375         -2.07112091       -2.07112091        3.2019e-12
   105.390         -2.07623797       -2.07623797        3.0886e-12
   105.405         -2.08137398       -2.08137398        2.9732e-12
   105.420         -2.08652789       -2.08652789        2.8555e-12
   105.435         -2.09169863       -2.09169863        2.7351e-12
   105.450         -2.09688511       -2.09688511        2.6130e-12
   105.465         -2.10208621       -2.10208621        2.4882e-12
   105.480         -2.10730083       -2.10730083        2.3617e-12
   105.495         -2.11252783       -2.11252783        2.2329e-12
   105.510         -2.11776606       -2.11776606        2.1019e-12
   105.525         -2.12301436       -2.12301436        1.9691e-12
   105.540         -2.12827156       -2.12827156        1.8341e-12
   105.555         -2.13353648       -2.13353648        1.6973e-12
   105.570         -2.13880792       -2.13880792        1.5588e-12
   105.585         -2.14408466       -2.14408466        1.4184e-12
   105.600         -2.14936549       -2.14936549        1.2763e-12
   105.615         -2.15464917       -2.15464917        1.1324e-12
   105.630         -2.15993445       -2.15993445        9.8677e-13
   105.645         -2.16522009       -2.16522009        8.3977e-13
   105.660         -2.17050482       -2.17050482        6.9100e-13
   105.675         -2.17578736       -2.17578736        5.4090e-13
   105.690         -2.18106642       -2.18106642        3.8947e-13
   105.705         -2.18634072       -2.18634072        2.3670e-13
   105.720         -2.19160895       -2.19160895        8.2601e-14
   105.735         -2.19686979       -2.19686979       -7.2831e-14
   105.750         -2.20212194       -2.20212194       -2.2959e-13
   105.765         -2.20736406       -2.20736406       -3.8725e-13
   105.780         -2.21259482       -2.21259482       -5.4623e-13
   105.795         -2.21781288       -2.21781288       -7.0610e-13
   105.810         -2.22301689       -2.22301689       -8.6686e-13
   105.825         -2.22820551       -2.22820551       -1.0285e-12
   105.840         -2.23337737       -2.23337737       -1.1910e-12
   105.855         -2.23853110       -2.23853110       -1.3540e-12
   105.870         -2.24366536       -2.24366536       -1.5179e-12
   105.885         -2.24877876       -2.24877876       -1.6822e-12
   105.900         -2.25386993       -2.25386993       -1.8474e-12
   105.915         -2.25893750       -2.25893750       -2.0131e-12
   105.930         -2.26398008       -2.26398008       -2.1787e-12
   105.945         -2.26899630       -2.26899630       -2.3448e-12
   105.960         -2.27398478       -2.27398478       -2.5109e-12
   105.975         -2.27894412       -2.27894412       -2.6774e-12
   105.990         -2.28387296       -2.28387296       -2.8439e-12
   106.005         -2.28876991       -2.28876991       -3.0109e-12
   106.020         -2.29363358       -2.29363358       -3.1775e-12
   106.035         -2.29846260       -2.29846260       -3.3440e-12
   106.050         -2.30325558       -2.30325558       -3.5101e-12
   106.065         -2.30801117       -2.30801117       -3.6762e-12
   106.080         -2.31272797       -2.31272797       -3.8418e-12
   106.095         -2.31740463       -2.31740463       -4.0070e-12
   106.110         -2.32203978       -2.32203978       -4.1718e-12
   106.125         -2.32663206       -2.32663206       -4.3361e-12
   106.140         -2.33118012       -2.33118012       -4.4995e-12
   106.155         -2.33568261       -2.33568261       -4.6625e-12
   106.170         -2.34013819       -2.34013819       -4.8241e-12
   106.185         -2.34454553       -2.34454553       -4.9849e-12
   106.200         -2.34890330       -2.34890330       -5.1452e-12
   106.215         -2.35321018       -2.35321018       -5.3046e-12
   106.230         -2.35746487       -2.35746487       -5.4627e-12
   106.245         -2.36166607       -2.36166607       -5.6195e-12
   106.260         -2.36581250       -2.36581250       -5.7754e-12
   106.275         -2.36990287       -2.36990287       -5.9299e-12
   106.290         -2.37393591       -2.37393591       -6.0827e-12
   106.305         -2.37791038       -2.37791038       -6.2346e-12
   106.320         -2.38182504       -2.38182504       -6.3847e-12
   106.335         -2.38567866       -2.38567866       -6.5334e-12
   106.350         -2.38947002       -2.38947002       -6.6804e-12
   106.365         -2.39319793       -2.39319793       -6.8257e-12
   106.380         -2.39686120       -2.39686120       -6.9686e-12
   106.395         -2.40045867       -2.40045867       -7.1099e-12
   106.410         -2.40398918       -2.40398918       -7.2493e-12
   106.425         -2.40745159       -2.40745159       -7.3865e-12
   106.440         -2.41084480       -2.41084480       -7.5224e-12
   106.455         -2.41416770       -2.41416770       -7.6557e-12
   106.470         -2.41741921       -2.41741921       -7.7871e-12
   106.485         -2.42059827       -2.42059827       -7.9163e-12
   106.500         -2.42370384       -2.42370384       -8.0429e-12
   106.515         -2.42673490       -2.42673490       -8.1677e-12
   106.530         -2.42969043       -2.42969043       -8.2894e-12
   106.545         -2.43256948       -2.43256948       -8.4088e-12
   106.560         -2.43537107       -2.43537107       -8.5261e-12
   106.575         -2.43809427       -2.43809427       -8.6406e-12
   106.590         -2.44073817       -2.44073817       -8.7526e-12
   106.605         -2.44330188       -2.44330188       -8.8618e-12
   106.620         -2.44578453       -2.44578453       -8.9684e-12
   106.635         -2.44818528       -2.44818528       -9.0719e-12
   106.650         -2.45050332       -2.45050332       -9.1731e-12
   106.665         -2.45273785       -2.45273785       -9.2713e-12
   106.680         -2.45488811       -2.45488811       -9.3663e-12
   106.695         -2.45695335       -2.45695335       -9.4587e-12
   106.710         -2.45893287       -2.45893287       -9.5479e-12
   106.725         -2.46082597       -2.46082597       -9.6341e-12
   106.740         -2.46263200       -2.46263200       -9.7171e-12
   106.755         -2.46435032       -2.46435032       -9.7971e-12
   106.770         -2.46598033       -2.46598033       -9.8739e-12
   106.785         -2.46752145       -2.46752145       -9.9476e-12
   106.800         -2.46897313       -2.46897313       -1.0018e-11
   106.815         -2.47033486       -2.47033486       -1.0085e-11
   106.830         -2.47160613       -2.47160613       -1.0149e-11
   106.845         -2.47278650       -2.47278650       -1.0209e-11
   106.860         -2.47387553       -2.47387553       -1.0266e-11
   106.875         -2.47487282       -2.47487282       -1.0320e-11
   106.890         -2.47577799       -2.47577799       -1.0371e-11
   106.905         -2.47659071       -2.47659071       -1.0418e-11
   106.920         -2.47731065       -2.47731065       -1.0462e-11
   106.935         -2.47793755       -2.47793755       -1.0502e-11
   106.950         -2.47847115       -2.47847115       -1.0539e-11
   106.965         -2.47891123       -2.47891123       -1.0572e-11
   106.980         -2.47925760       -2.47925760       -1.0602e-11
   106.995         -2.47951010       -2.47951010       -1.0628e-11
   107.010         -2.47966861       -2.47966861       -1.0651e-11
   107.025         -2.47973303       -2.47973303       -1.0670e-11
   107.040         -2.47970330       -2.47970330       -1.0686e-11
   107.055         -2.47957937       -2.47957937       -1.0698e-11
   107.070         -2.47936126       -2.47936126       -1.0706e-11
   107.085         -2.47904899       -2.47904899       -1.0711e-11
   107.100         -2.47864261       -2.47864261       -1.0712e-11
   107.115         -2.47814222       -2.47814222       -1.0710e-11
   107.130         -2.47754794       -2.47754794       -1.0703e-11
   107.145         -2.47685992       -2.47685992       -1.0694e-11
   107.160         -2.47607835       -2.47607835       -1.0681e-11
   107.175         -2.47520343       -2.47520343       -1.0664e-11
   107.190         -2.47423542       -2.47423542       -1.0644e-11
   107.205         -2.47317459       -2.47317459       -1.0620e-11
   107.220         -2.47202125       -2.47202125       -1.0593e-11
   107.235         -2.47077572       -2.47077572       -1.0562e-11
   107.250         -2.46943837       -2.46943837       -1.0528e-11
   107.265         -2.46800961       -2.46800961       -1.0490e-11
   107.280         -2.46648984       -2.46648984       -1.0448e-11
   107.295         -2.46487954       -2.46487954       -1.0403e-11
   107.310         -2.46317917       -2.46317917       -1.0354e-11
   107.325         -2.46138926       -2.46138926       -1.0302e-11
   107.340         -2.45951033       -2.45951033       -1.0246e-11
   107.355         -2.45754297       -2.45754297       -1.0187e-11
   107.370         -2.45548776       -2.45548776       -1.0125e-11
   107.385         -2.45334533       -2.45334533       -1.0060e-11
   107.400         -2.45111632       -2.45111632       -9.9902e-12
   107.415         -2.44880143       -2.44880143       -9.9178e-12
   107.430         -2.44640135       -2.44640135       -9.8423e-12
   107.445         -2.44391681       -2.44391681       -9.7633e-12
   107.460         -2.44134858       -2.44134858       -9.6807e-12
   107.475         -2.43869743       -2.43869743       -9.5954e-12
   107.490         -2.43596418       -2.43596418       -9.5066e-12
   107.505         -2.43314965       -2.43314965       -9.4151e-12
   107.520         -2.43025470       -2.43025470       -9.3201e-12
   107.535         -2.42728022       -2.42728022       -9.2224e-12
   107.550         -2.42422712       -2.42422712       -9.1216e-12
   107.565         -2.42109632       -2.42109632       -9.0177e-12
   107.580         -2.41788877       -2.41788877       -8.9106e-12
   107.595         -2.41460545       -2.41460545       -8.8010e-12
   107.610         -2.41124736       -2.41124736       -8.6886e-12
   107.625         -2.40781551       -2.40781551       -8.5731e-12
   107.640         -2.40431095       -2.40431095       -8.4550e-12
   107.655         -2.40073474       -2.40073474       -8.3338e-12
   107.670         -2.39708796       -2.39708796       -8.2103e-12
   107.685         -2.39337171       -2.39337171       -8.0838e-12
   107.700         -2.38958712       -2.38958712       -7.9550e-12
   107.715         -2.38573532       -2.38573532       -7.8235e-12
   107.730         -2.38181748       -2.38181748       -7.6894e-12
   107.745         -2.37783477       -2.37783477       -7.5531e-12
   107.760         -2.37378838       -2.37378838       -7.4145e-12
   107.775         -2.36967954       -2.36967954       -7.2737e-12
   107.790         -2.36550947       -2.36550947       -7.1307e-12
   107.805         -2.36127943       -2.36127943       -6.9851e-12
   107.820         -2.35699066       -2.35699066       -6.8376e-12
   107.835         -2.35264445       -2.35264445       -6.6880e-12
   107.850         -2.34824210       -2.34824210       -6.5365e-12
   107.865         -2.34378491       -2.34378491       -6.3829e-12
   107.880         -2.33927420       -2.33927420       -6.2275e-12
   107.895         -2.33471131       -2.33471131       -6.0703e-12
   107.910         -2.33009759       -2.33009759       -5.9113e-12
   107.925         -2.32543440       -2.32543440       -5.7505e-12
   107.940         -2.32072312       -2.32072312       -5.5884e-12
   107.955         -2.31596512       -2.31596512       -5.4245e-12
   107.970         -2.31116182       -2.31116182       -5.2589e-12
   107.985         -2.30631460       -2.30631460       -5.0919e-12
   108.000         -2.30142490       -2.30142490       -4.9236e-12
   108.015         -2.29649414       -2.29649414       -4.7540e-12
   108.030         -2.29152376       -2.29152376       -4.5830e-12
   108.045         -2.28651520       -2.28651520       -4.4111e-12
   108.060         -2.28146992       -2.28146992       -4.2379e-12
   108.075         -2.27638937       -2.27638937       -4.0634e-12
   108.090         -2.27127504       -2.27127504       -3.8880e-12
   108.105         -2.26612838       -2.26612838       -3.7121e-12
   108.120         -2.26095089       -2.26095089       -3.5350e-12
   108.135         -2.25574406       -2.25574406       -3.3573e-12
   108.150         -2.25050937       -2.25050937       -3.1788e-12
   108.165         -2.24524832       -2.24524832       -2.9994e-12
   108.180         -2.23996242       -2.23996242       -2.8200e-12
   108.195         -2.23465316       -2.23465316       -2.6397e-12
   108.210         -2.22932207       -2.22932207       -2.4589e-12
   108.225         -2.22397064       -2.22397064       -2.2777e-12
   108.240         -2.21860040       -2.21860040       -2.0965e-12
   108.255         -2.21321286       -2.21321286       -1.9149e-12
   108.270         -2.20780952       -2.20780952       -1.7333e-12
   108.285         -2.20239192       -2.20239192       -1.5516e-12
   108.300         -2.19696156       -2.19696156       -1.3700e-12
   108.315         -2.19151996       -2.19151996       -1.1888e-12
   108.330         -2.18606864       -2.18606864       -1.0072e-12
   108.345         -2.18060911       -2.18060911       -8.2556e-13
   108.360         -2.17514287       -2.17514287       -6.4482e-13
   108.375         -2.16967144       -2.16967144       -4.6407e-13
   108.390         -2.16419632       -2.16419632       -2.8422e-13
   108.405         -2.15871901       -2.15871901       -1.0436e-13
   108.420         -2.15324101       -2.15324101        7.5051e-14
   108.435         -2.14776382       -2.14776382        2.5357e-13
   108.450         -2.14228890       -2.14228890        4.3165e-13
   108.465         -2.13681776       -2.13681776        6.0885e-13
   108.480         -2.13135185       -2.13135185        7.8559e-13
   108.495         -2.12589265       -2.12589265        9.6101e-13
   108.510         -2.12044162       -2.12044162        1.1355e-12
   108.525         -2.11500021       -2.11500021        1.3092e-12
   108.540         -2.10956986       -2.10956986        1.4815e-12
   108.555         -2.10415200       -2.10415200        1.6525e-12
   108.570         -2.09874805       -2.09874805        1.8225e-12
   108.585         -2.09335944       -2.09335944        1.9913e-12
   108.600         -2.08798757       -2.08798757        2.1587e-12
   108.615         -2.08263382       -2.08263382        2.3248e-12
   108.630         -2.07729958       -2.07729958        2.4891e-12
   108.645         -2.07198621       -2.07198621        2.6525e-12
   108.660         -2.06669506       -2.06669506        2.8137e-12
   108.675         -2.06142749       -2.06142749        2.9741e-12
   108.690         -2.05618482       -2.05618482        3.1322e-12
   108.705         -2.05096836       -2.05096836        3.2889e-12
   108.720         -2.04577941       -2.04577941        3.4439e-12
   108.735         -2.04061925       -2.04061925        3.5967e-12
   108.750         -2.03548915       -2.03548915        3.7477e-12
   108.765         -2.03039037       -2.03039037        3.8969e-12
   108.780         -2.02532414       -2.02532414        4.0439e-12
   108.795         -2.02029167       -2.02029167        4.1891e-12
   108.810         -2.01529416       -2.01529416        4.3321e-12
   108.825         -2.01033280       -2.01033280        4.4729e-12
   108.840         -2.00540875       -2.00540875        4.6114e-12
   108.855         -2.00052316       -2.00052316        4.7478e-12
   108.870         -1.99567714       -1.99567714        4.8817e-12
   108.885         -1.99087181       -1.99087181        5.0133e-12
   108.900         -1.98610824       -1.98610824        5.1426e-12
   108.915         -1.98138751       -1.98138751        5.2693e-12
   108.930         -1.97671065       -1.97671065        5.3937e-12
   108.945         -1.97207868       -1.97207868        5.5154e-12
   108.960         -1.96749261       -1.96749261        5.6344e-12
   108.975         -1.96295341       -1.96295341        5.7510e-12
   108.990         -1.95846203       -1.95846203        5.8649e-12
   109.005         -1.95401941       -1.95401941        5.9761e-12
   109.020         -1.94962646       -1.94962646        6.0847e-12
   109.035         -1.94528405       -1.94528405        6.1904e-12
   109.050         -1.94099304       -1.94099304        6.2934e-12
   109.065         -1.93675428       -1.93675428        6.3936e-12
   109.080         -1.93256857       -1.93256857        6.4910e-12
   109.095         -1.92843670       -1.92843670        6.5854e-12
   109.110         -1.92435943       -1.92435943        6.6771e-12
   109.125         -1.92033749       -1.92033749        6.7659e-12
   109.140         -1.91637159       -1.91637159        6.8519e-12
   109.155         -1.91246241       -1.91246241        6.9347e-12
   109.170         -1.90861061       -1.90861061        7.0146e-12
   109.185         -1.90481682       -1.90481682        7.0914e-12
   109.200         -1.90108164       -1.90108164        7.1654e-12
   109.215         -1.89740565       -1.89740565        7.2362e-12
   109.230         -1.89378939       -1.89378939        7.3039e-12
   109.245         -1.89023339       -1.89023339        7.3686e-12
   109.260         -1.88673813       -1.88673813        7.4301e-12
   109.275         -1.88330408       -1.88330408        7.4885e-12
   109.290         -1.87993169       -1.87993169        7.5437e-12
   109.305         -1.87662135       -1.87662135        7.5959e-12
   109.320         -1.87337345       -1.87337345        7.6450e-12
   109.335         -1.87018834       -1.87018834        7.6907e-12
   109.350         -1.86706635       -1.86706635        7.7336e-12
   109.365         -1.86400776       -1.86400776        7.7731e-12
   109.380         -1.86101285       -1.86101285        7.8093e-12
   109.395         -1.85808186       -1.85808186        7.8424e-12
   109.410         -1.85521499       -1.85521499        7.8724e-12
   109.425         -1.85241243       -1.85241243        7.8992e-12
   109.440         -1.84967432       -1.84967432        7.9228e-12
   109.455         -1.84700079       -1.84700079        7.9434e-12
   109.470         -1.84439194       -1.84439194        7.9607e-12
   109.485         -1.84184783       -1.84184783        7.9750e-12
   109.500         -1.83936849       -1.83936849        7.9861e-12
   109.515         -1.83695395       -1.83695395        7.9940e-12
   109.530         -1.83460417       -1.83460417        7.9989e-12
   109.545         -1.83231910       -1.83231910        8.0007e-12
   109.560         -1.83009869       -1.83009869        7.9994e-12
   109.575         -1.82794281       -1.82794281        7.9949e-12
   109.590         -1.82585134       -1.82585134        7.9874e-12
   109.605         -1.82382411       -1.82382411        7.9767e-12
   109.620         -1.82186094       -1.82186094        7.9630e-12
   109.635         -1.81996162       -1.81996162        7.9463e-12
   109.650         -1.81812590       -1.81812590        7.9265e-12
   109.665         -1.81635351       -1.81635351        7.9039e-12
   109.680         -1.81464416       -1.81464416        7.8781e-12
   109.695         -1.81299752       -1.81299752        7.8495e-12
   109.710         -1.81141325       -1.81141325        7.8182e-12
   109.725         -1.80989096       -1.80989096        7.7838e-12
   109.740         -1.80843026       -1.80843026        7.7465e-12
   109.755         -1.80703073       -1.80703073        7.7065e-12
   109.770         -1.80569191       -1.80569191        7.6636e-12
   109.785         -1.80441333       -1.80441333        7.6181e-12
   109.800         -1.80319448       -1.80319448        7.5697e-12
   109.815         -1.80203484       -1.80203484        7.5187e-12
   109.830         -1.80093387       -1.80093387        7.4649e-12
   109.845         -1.79989099       -1.79989099        7.4085e-12
   109.860         -1.79890561       -1.79890561        7.3495e-12
   109.875         -1.79797712       -1.79797712        7.2879e-12
   109.890         -1.79710487       -1.79710487        7.2240e-12
   109.905         -1.79628821       -1.79628821        7.1574e-12
   109.920         -1.79552645       -1.79552645        7.0883e-12
   109.935         -1.79481889       -1.79481889        7.0168e-12
   109.950         -1.79416482       -1.79416482        6.9429e-12
   109.965         -1.79356349       -1.79356349        6.8667e-12
   109.980         -1.79301414       -1.79301414        6.7881e-12
   109.995         -1.79251600       -1.79251600        6.7075e-12
   110.010         -1.79206825       -1.79206825        6.6247e-12
   110.025         -1.79167010       -1.79167010        6.5397e-12
   110.040         -1.79132071       -1.79132071        6.4524e-12
   110.055         -1.79101923       -1.79101923        6.3631e-12
   110.070         -1.79076480       -1.79076480        6.2719e-12
   110.085         -1.79055653       -1.79055653        6.1786e-12
   110.100         -1.79039354       -1.79039354        6.0834e-12
   110.115         -1.79027492       -1.79027492        5.9863e-12
   110.130         -1.79019974       -1.79019974        5.8873e-12
   110.145         -1.79016708       -1.79016708        5.7867e-12
   110.160         -1.79017597       -1.79017597        5.6843e-12
   110.175         -1.79022547       -1.79022547        5.5802e-12
   110.190         -1.79031461       -1.79031461        5.4745e-12
   110.205         -1.79044239       -1.79044239        5.3673e-12
   110.220         -1.79060785       -1.79060785        5.2585e-12
   110.235         -1.79080997       -1.79080997        5.1483e-12
   110.250         -1.79104774       -1.79104774        5.0366e-12
   110.265         -1.79132016       -1.79132016        4.9238e-12
   110.280         -1.79162619       -1.79162619        4.8095e-12
   110.295         -1.79196481       -1.79196481        4.6940e-12
   110.310         -1.79233498       -1.79233498        4.5772e-12
   110.325         -1.79273566       -1.79273566        4.4595e-12
   110.340         -1.79316581       -1.79316581        4.3405e-12
   110.355         -1.79362437       -1.79362437        4.2206e-12
   110.370         -1.79411029       -1.79411029        4.0998e-12
   110.385         -1.79462252       -1.79462252        3.9782e-12
   110.400         -1.79515999       -1.79515999        3.8556e-12
   110.415         -1.79572166       -1.79572166        3.7321e-12
   110.430         -1.79630645       -1.79630645        3.6080e-12
   110.445         -1.79691330       -1.79691330        3.4832e-12
   110.460         -1.79754117       -1.79754117        3.3580e-12
   110.475         -1.79818898       -1.79818898        3.2321e-12
   110.490         -1.79885569       -1.79885569        3.1057e-12
   110.505         -1.79954024       -1.79954024        2.9790e-12
   110.520         -1.80024157       -1.80024157        2.8517e-12
   110.535         -1.80095865       -1.80095865        2.7243e-12
   110.550         -1.80169042       -1.80169042        2.5966e-12
   110.565         -1.80243586       -1.80243586        2.4687e-12
   110.580         -1.80319393       -1.80319393        2.3408e-12
   110.595         -1.80396360       -1.80396360        2.2127e-12
   110.610         -1.80474386       -1.80474386        2.0846e-12
   110.625         -1.80553370       -1.80553370        1.9564e-12
   110.640         -1.80633211       -1.80633211        1.8285e-12
   110.655         -1.80713811       -1.80713811        1.7006e-12
   110.670         -1.80795070       -1.80795070        1.5730e-12
   110.685         -1.80876891       -1.80876891        1.4455e-12
   110.700         -1.80959178       -1.80959178        1.3183e-12
   110.715         -1.81041836       -1.81041836        1.1915e-12
   110.730         -1.81124771       -1.81124771        1.0651e-12
   110.745         -1.81207890       -1.81207890        9.3925e-13
   110.760         -1.81291100       -1.81291100        8.1379e-13
   110.775         -1.81374313       -1.81374313        6.8900e-13
   110.790         -1.81457439       -1.81457439        5.6488e-13
   110.805         -1.81540391       -1.81540391        4.4142e-13
   110.820         -1.81623083       -1.81623083        3.1863e-13
   110.835         -1.81705430       -1.81705430        1.9673e-13
   110.850         -1.81787349       -1.81787349        7.5495e-14
   110.865         -1.81868760       -1.81868760       -4.4631e-14
   110.880         -1.81949583       -1.81949583       -1.6365e-13
   110.895         -1.82029740       -1.82029740       -2.8177e-13
   110.910         -1.82109155       -1.82109155       -3.9901e-13
   110.925         -1.82187754       -1.82187754       -5.1492e-13
   110.940         -1.82265464       -1.82265464       -6.2972e-13
   110.955         -1.82342215       -1.82342215       -7.4341e-13
   110.970         -1.82417937       -1.82417937       -8.5576e-13
   110.985         -1.82492565       -1.82492565       -9.6700e-13
   111.000         -1.82566034       -1.82566034       -1.0769e-12
   111.015         -1.82638280       -1.82638280       -1.1855e-12
   111.030         -1.82709244       -1.82709244       -1.2925e-12
   111.045         -1.82778866       -1.82778866       -1.3982e-12
   111.060         -1.82847090       -1.82847090       -1.5024e-12
   111.075         -1.82913861       -1.82913861       -1.6047e-12
   111.090         -1.82979127       -1.82979127       -1.7057e-12
   111.105         -1.83042838       -1.83042838       -1.8052e-12
   111.120         -1.83104946       -1.83104946       -1.9029e-12
   111.135         -1.83165405       -1.83165405       -1.9988e-12
   111.150         -1.83224172       -1.83224172       -2.0930e-12
   111.165         -1.83281205       -1.83281205       -2.1854e-12
   111.180         -1.83336464       -1.83336464       -2.2762e-12
   111.195         -1.83389914       -1.83389914       -2.3652e-12
   111.210         -1.83441519       -1.83441519       -2.4523e-12
   111.225         -1.83491247       -1.83491247       -2.5375e-12
   111.240         -1.83539067       -1.83539067       -2.6208e-12
   111.255         -1.83584953       -1.83584953       -2.7023e-12
   111.270         -1.83628877       -1.83628877       -2.7818e-12
   111.285         -1.83670818       -1.83670818       -2.8590e-12
   111.300         -1.83710753       -1.83710753       -2.9345e-12
   111.315         -1.83748664       -1.83748664       -3.0078e-12
   111.330         -1.83784535       -1.83784535       -3.0791e-12
   111.345         -1.83818350       -1.83818350       -3.1481e-12
   111.360         -1.83850097       -1.83850097       -3.2152e-12
   111.375         -1.83879768       -1.83879768       -3.2800e-12
   111.390         -1.83907353       -1.83907353       -3.3429e-12
   111.405         -1.83932848       -1.83932848       -3.4035e-12
   111.420         -1.83956248       -1.83956248       -3.4619e-12
   111.435         -1.83977554       -1.83977554       -3.5181e-12
   111.450         -1.83996764       -1.83996764       -3.5720e-12
   111.465         -1.84013883       -1.84013883       -3.6238e-12
   111.480         -1.84028915       -1.84028915       -3.6733e-12
   111.495         -1.84041868       -1.84041868       -3.7206e-12
   111.510         -1.84052749       -1.84052749       -3.7657e-12
   111.525         -1.84061572       -1.84061572       -3.8085e-12
   111.540         -1.84068347       -1.84068347       -3.8491e-12
   111.555         -1.84073091       -1.84073091       -3.8876e-12
   111.570         -1.84075820       -1.84075820       -3.9238e-12
   111.585         -1.84076553       -1.84076553       -3.9575e-12
   111.600         -1.84075310       -1.84075310       -3.9893e-12
   111.615         -1.84072113       -1.84072113       -4.0186e-12
   111.630         -1.84066986       -1.84066986       -4.0457e-12
   111.645         -1.84059955       -1.84059955       -4.0705e-12
   111.660         -1.84051047       -1.84051047       -4.0929e-12
   111.675         -1.84040291       -1.84040291       -4.1132e-12
   111.690         -1.84027718       -1.84027718       -4.1311e-12
   111.705         -1.84013359       -1.84013359       -4.1469e-12
   111.720         -1.83997247       -1.83997247       -4.1604e-12
   111.735         -1.83979418       -1.83979418       -4.1718e-12
   111.750         -1.83959908       -1.83959908       -4.1809e-12
   111.765         -1.83938754       -1.83938754       -4.1878e-12
   111.780         -1.83915994       -1.83915994       -4.1924e-12
   111.795         -1.83891669       -1.83891669       -4.1949e-12
   111.810         -1.83865820       -1.83865820       -4.1951e-12
   111.825         -1.83838490       -1.83838490       -4.1931e-12
   111.840         -1.83809720       -1.83809720       -4.1891e-12
   111.855         -1.83779556       -1.83779556       -4.1829e-12
   111.870         -1.83748043       -1.83748043       -4.1747e-12
   111.885         -1.83715226       -1.83715226       -4.1642e-12
   111.900         -1.83681153       -1.83681153       -4.1518e-12
   111.915         -1.83645871       -1.83645871       -4.1374e-12
   111.930         -1.83609429       -1.83609429       -4.1209e-12
   111.945         -1.83571876       -1.83571876       -4.1023e-12
   111.960         -1.83533261       -1.83533261       -4.0816e-12
   111.975         -1.83493634       -1.83493634       -4.0590e-12
   111.990         -1.83453046       -1.83453046       -4.0346e-12
   112.005         -1.83411549       -1.83411549       -4.0081e-12
   112.020         -1.83369193       -1.83369193       -3.9797e-12
   112.035         -1.83326030       -1.83326030       -3.9495e-12
   112.050         -1.83282113       -1.83282113       -3.9175e-12
   112.065         -1.83237493       -1.83237493       -3.8836e-12
   112.080         -1.83192223       -1.83192223       -3.8478e-12
   112.095         -1.83146355       -1.83146355       -3.8103e-12
   112.110         -1.83099942       -1.83099942       -3.7710e-12
   112.125         -1.83053036       -1.83053036       -3.7299e-12
   112.140         -1.83005690       -1.83005690       -3.6873e-12
   112.155         -1.82957956       -1.82957956       -3.6429e-12
   112.170         -1.82909885       -1.82909885       -3.5969e-12
   112.185         -1.82861529       -1.82861529       -3.5494e-12
   112.200         -1.82812941       -1.82812941       -3.5003e-12
   112.215         -1.82764171       -1.82764171       -3.4497e-12
   112.230         -1.82715269       -1.82715269       -3.3975e-12
   112.245         -1.82666287       -1.82666287       -3.3440e-12
   112.260         -1.82617273       -1.82617273       -3.2889e-12
   112.275         -1.82568278       -1.82568278       -3.2325e-12
   112.290         -1.82519349       -1.82519349       -3.1746e-12
   112.305         -1.82470535       -1.82470535       -3.1155e-12
   112.320         -1.82421882       -1.82421882       -3.0551e-12
   112.335         -1.82373438       -1.82373438       -2.9934e-12
   112.350         -1.82325248       -1.82325248       -2.9303e-12
   112.365         -1.82277357       -1.82277357       -2.8662e-12
   112.380         -1.82229809       -1.82229809       -2.8009e-12
   112.395         -1.82182648       -1.82182648       -2.7345e-12
   112.410         -1.82135915       -1.82135915       -2.6668e-12
   112.425         -1.82089651       -1.82089651       -2.5981e-12
   112.440         -1.82043897       -1.82043897       -2.5284e-12
   112.455         -1.81998692       -1.81998692       -2.4578e-12
   112.470         -1.81954074       -1.81954074       -2.3863e-12
   112.485         -1.81910080       -1.81910080       -2.3139e-12
   112.500         -1.81866745       -1.81866745       -2.2407e-12
   112.515         -1.81824104       -1.81824104       -2.1665e-12
   112.530         -1.81782191       -1.81782191       -2.0914e-12
   112.545         -1.81741037       -1.81741037       -2.0157e-12
   112.560         -1.81700674       -1.81700674       -1.9391e-12
   112.575         -1.81661130       -1.81661130       -1.8618e-12
   112.590         -1.81622434       -1.81622434       -1.7839e-12
   112.605         -1.81584613       -1.81584613       -1.7055e-12
   112.620         -1.81547692       -1.81547692       -1.6265e-12
   112.635         -1.81511696       -1.81511696       -1.5470e-12
   112.650         -1.81476647       -1.81476647       -1.4668e-12
   112.665         -1.81442566       -1.81442566       -1.3862e-12
   112.680         -1.81409474       -1.81409474       -1.3054e-12
   112.695         -1.81377389       -1.81377389       -1.2241e-12
   112.710         -1.81346327       -1.81346327       -1.1424e-12
   112.725         -1.81316305       -1.81316305       -1.0605e-12
   112.740         -1.81287337       -1.81287337       -9.7811e-13
   112.755         -1.81259435       -1.81259435       -8.9551e-13
   112.770         -1.81232610       -1.81232610       -8.1291e-13
   112.785         -1.81206873       -1.81206873       -7.3008e-13
   112.800         -1.81182231       -1.81182231       -6.4704e-13
   112.815         -1.81158691       -1.81158691       -5.6377e-13
   112.830         -1.81136259       -1.81136259       -4.8050e-13
   112.845         -1.81114939       -1.81114939       -3.9724e-13
   112.860         -1.81094733       -1.81094733       -3.1397e-13
   112.875         -1.81075641       -1.81075641       -2.3070e-13
   112.890         -1.81057665       -1.81057665       -1.4744e-13
   112.905         -1.81040801       -1.81040801       -6.4393e-14
   112.920         -1.81025047       -1.81025047        1.8652e-14
   112.935         -1.81010398       -1.81010398        1.0125e-13
   112.950         -1.80996848       -1.80996848        1.8385e-13
   112.965         -1.80984389       -1.80984389        2.6601e-13
   112.980         -1.80973014       -1.80973014        3.4817e-13
   112.995         -1.80962712       -1.80962712        4.3010e-13
   113.010         -1.80953472       -1.80953472        5.1137e-13
   113.025         -1.80945281       -1.80945281        5.9264e-13
   113.040         -1.80938126       -1.80938126        6.7346e-13
   113.055         -1.80931992       -1.80931992        7.5362e-13
   113.070         -1.80926862       -1.80926862        8.3333e-13
   113.085         -1.80922720       -1.80922720        9.1260e-13
   113.100         -1.80919546       -1.80919546        9.9143e-13
   113.115         -1.80917323       -1.80917323        1.0696e-12
   113.130         -1.80916028       -1.80916028        1.1473e-12
   113.145         -1.80915640       -1.80915640        1.2241e-12
   113.160         -1.80916138       -1.80916138        1.3005e-12
   113.175         -1.80917497       -1.80917497        1.3762e-12
   113.190         -1.80919692       -1.80919692        1.4513e-12
   113.205         -1.80922700       -1.80922700        1.5257e-12
   113.220         -1.80926493       -1.80926493        1.5992e-12
   113.235         -1.80931046       -1.80931046        1.6720e-12
   113.250         -1.80936329       -1.80936329        1.7439e-12
   113.265         -1.80942315       -1.80942315        1.8150e-12
   113.280         -1.80948976       -1.80948976        1.8854e-12
   113.295         -1.80956280       -1.80956280        1.9549e-12
   113.310         -1.80964199       -1.80964199        2.0233e-12
   113.325         -1.80972701       -1.80972701        2.0908e-12
   113.340         -1.80981756       -1.80981756        2.1574e-12
   113.355         -1.80991331       -1.80991331        2.2231e-12
   113.370         -1.81001395       -1.81001395        2.2877e-12
   113.385         -1.81011915       -1.81011916        2.3515e-12
   113.400         -1.81022860       -1.81022860        2.4141e-12
   113.415         -1.81034195       -1.81034195        2.4756e-12
   113.430         -1.81045888       -1.81045888        2.5360e-12
   113.445         -1.81057905       -1.81057905        2.5953e-12
   113.460         -1.81070214       -1.81070214        2.6534e-12
   113.475         -1.81082780       -1.81082780        2.7105e-12
   113.490         -1.81095572       -1.81095572        2.7662e-12
   113.505         -1.81108554       -1.81108554        2.8209e-12
   113.520         -1.81121695       -1.81121695        2.8744e-12
   113.535         -1.81134960       -1.81134960        2.9265e-12
   113.550         -1.81148318       -1.81148318        2.9776e-12
   113.565         -1.81161734       -1.81161734        3.0274e-12
   113.580         -1.81175178       -1.81175178        3.0758e-12
   113.595         -1.81188617       -1.81188617        3.1228e-12
   113.610         -1.81202019       -1.81202019        3.1688e-12
   113.625         -1.81215354       -1.81215354        3.2132e-12
   113.640         -1.81228590       -1.81228590        3.2563e-12
   113.655         -1.81241697       -1.81241697        3.2983e-12
   113.670         -1.81254645       -1.81254645        3.3387e-12
   113.685         -1.81267406       -1.81267406        3.3777e-12
   113.700         -1.81279952       -1.81279952        3.4155e-12
   113.715         -1.81292253       -1.81292253        3.4519e-12
   113.730         -1.81304285       -1.81304285        3.4870e-12
   113.745         -1.81316019       -1.81316019        3.5205e-12
   113.760         -1.81327432       -1.81327432        3.5527e-12
   113.775         -1.81338499       -1.81338499        3.5834e-12
   113.790         -1.81349195       -1.81349195        3.6127e-12
   113.805         -1.81359499       -1.81359499        3.6406e-12
   113.820         -1.81369390       -1.81369390        3.6671e-12
   113.835         -1.81378845       -1.81378845        3.6919e-12
   113.850         -1.81387847       -1.81387847        3.7155e-12
   113.865         -1.81396376       -1.81396376        3.7375e-12
   113.880         -1.81404415       -1.81404415        3.7581e-12
   113.895         -1.81411948       -1.81411948        3.7774e-12
   113.910         -1.81418960       -1.81418960        3.7950e-12
   113.925         -1.81425438       -1.81425438        3.8112e-12
   113.940         -1.81431369       -1.81431369        3.8261e-12
   113.955         -1.81436742       -1.81436742        3.8394e-12
   113.970         -1.81441547       -1.81441547        3.8511e-12
   113.985         -1.81445776       -1.81445776        3.8616e-12
   114.000         -1.81449421       -1.81449421        3.8707e-12
   114.015         -1.81452476       -1.81452476        3.8782e-12
   114.030         -1.81454938       -1.81454938        3.8842e-12
   114.045         -1.81456804       -1.81456804        3.8887e-12
   114.060         -1.81458072       -1.81458072        3.8918e-12
   114.075         -1.81458742       -1.81458742        3.8936e-12
   114.090         -1.81458815       -1.81458815        3.8940e-12
   114.105         -1.81458296       -1.81458296        3.8929e-12
   114.120         -1.81457188       -1.81457188        3.8904e-12
   114.135         -1.81455497       -1.81455497        3.8867e-12
   114.150         -1.81453231       -1.81453231        3.8813e-12
   114.165         -1.81450400       -1.81450400        3.8747e-12
   114.180         -1.81447014       -1.81447014        3.8667e-12
   114.195         -1.81443085       -1.81443085        3.8574e-12
   114.210         -1.81438628       -1.81438628        3.8465e-12
   114.225         -1.81433658       -1.81433658        3.8345e-12
   114.240         -1.81428193       -1.81428193        3.8212e-12
   114.255         -1.81422250       -1.81422250        3.8063e-12
   114.270         -1.81415851       -1.81415851        3.7903e-12
   114.285         -1.81409018       -1.81409018        3.7732e-12
   114.300         -1.81401773       -1.81401773        3.7546e-12
   114.315         -1.81394143       -1.81394143        3.7348e-12
   114.330         -1.81386154       -1.81386154        3.7137e-12
   114.345         -1.81377834       -1.81377834        3.6913e-12
   114.360         -1.81369214       -1.81369214        3.6677e-12
   114.375         -1.81360324       -1.81360324        3.6431e-12
   114.390         -1.81351199       -1.81351199        3.6171e-12
   114.405         -1.81341873       -1.81341873        3.5902e-12
   114.420         -1.81332383       -1.81332383        3.5623e-12
   114.435         -1.81322765       -1.81322765        3.5332e-12
   114.450         -1.81313060       -1.81313060        3.5030e-12
   114.465         -1.81303308       -1.81303308        3.4717e-12
   114.480         -1.81293551       -1.81293551        3.4392e-12
   114.495         -1.81283834       -1.81283834        3.4057e-12
   114.510         -1.81274202       -1.81274202        3.3713e-12
   114.525         -1.81264702       -1.81264702        3.3358e-12
   114.540         -1.81255381       -1.81255381        3.2994e-12
   114.555         -1.81246290       -1.81246290        3.2621e-12
   114.570         -1.81237480       -1.81237480        3.2236e-12
   114.585         -1.81229002       -1.81229002        3.1843e-12
   114.600         -1.81220911       -1.81220911        3.1442e-12
   114.615         -1.81213261       -1.81213261        3.1033e-12
   114.630         -1.81206110       -1.81206110        3.0616e-12
   114.645         -1.81199513       -1.81199513        3.0189e-12
   114.660         -1.81193531       -1.81193531        2.9754e-12
   114.675         -1.81188224       -1.81188224        2.9312e-12
   114.690         -1.81183651       -1.81183651        2.8864e-12
   114.705         -1.81179877       -1.81179877        2.8406e-12
   114.720         -1.81176964       -1.81176964        2.7944e-12
   114.735         -1.81174976       -1.81174976        2.7474e-12
   114.750         -1.81173980       -1.81173980        2.6996e-12
   114.765         -1.81174042       -1.81174042        2.6514e-12
   114.780         -1.81175230       -1.81175230        2.6026e-12
   114.795         -1.81177611       -1.81177611        2.5533e-12
   114.810         -1.81181256       -1.81181256        2.5036e-12
   114.825         -1.81186235       -1.81186235        2.4531e-12
   114.840         -1.81192619       -1.81192619        2.4023e-12
   114.855         -1.81200479       -1.81200479        2.3510e-12
   114.870         -1.81209890       -1.81209890        2.2993e-12
   114.885         -1.81220923       -1.81220923        2.2471e-12
   114.900         -1.81233654       -1.81233654        2.1947e-12
   114.915         -1.81248156       -1.81248156        2.1418e-12
   114.930         -1.81264506       -1.81264506        2.0886e-12
   114.945         -1.81282779       -1.81282779        2.0350e-12
   114.960         -1.81303052       -1.81303052        1.9813e-12
   114.975         -1.81325402       -1.81325402        1.9273e-12
   114.990         -1.81349906       -1.81349906        1.8732e-12
   115.005         -1.81376641       -1.81376641        1.8188e-12
   115.020         -1.81405687       -1.81405687        1.7641e-12
   115.035         -1.81437121       -1.81437121        1.7093e-12
   115.050         -1.81471023       -1.81471023        1.6545e-12
   115.065         -1.81507470       -1.81507470        1.5994e-12
   115.080         -1.81546543       -1.81546543        1.5443e-12
   115.095         -1.81588321       -1.81588321        1.4890e-12
   115.110         -1.81632882       -1.81632882        1.4340e-12
   115.125         -1.81680307       -1.81680307        1.3789e-12
   115.140         -1.81730675       -1.81730675        1.3238e-12
   115.155         -1.81784065       -1.81784065        1.2688e-12
   115.170         -1.81840557       -1.81840557        1.2137e-12
   115.185         -1.81900229       -1.81900229        1.1589e-12
   115.200         -1.81963161       -1.81963161        1.1042e-12
   115.215         -1.82029431       -1.82029431        1.0496e-12
   115.230         -1.82099118       -1.82099118        9.9520e-13
   115.245         -1.82172301       -1.82172301        9.4103e-13
   115.260         -1.82249056       -1.82249056        8.8729e-13
   115.275         -1.82329462       -1.82329462        8.3378e-13
   115.290         -1.82413595       -1.82413595        7.8049e-13
   115.305         -1.82501532       -1.82501532        7.2742e-13
   115.320         -1.82593348       -1.82593348        6.7479e-13
   115.335         -1.82689120       -1.82689120        6.2239e-13
   115.350         -1.82788921       -1.82788921        5.7043e-13
   115.365         -1.82892826       -1.82892826        5.1870e-13
   115.380         -1.83000909       -1.83000909        4.6740e-13
   115.395         -1.83113240       -1.83113240        4.1678e-13
   115.410         -1.83229893       -1.83229893        3.6637e-13
   115.425         -1.83350938       -1.83350938        3.1664e-13
   115.440         -1.83476445       -1.83476445        2.6734e-13
   115.455         -1.83606482       -1.83606482        2.1871e-13
   115.470         -1.83741119       -1.83741119        1.7031e-13
   115.485         -1.83880421       -1.83880421        1.2257e-13
   115.500         -1.84024454       -1.84024454        7.5273e-14
   115.515         -1.84173284       -1.84173284        2.8866e-14
   115.530         -1.84326973       -1.84326973       -1.7097e-14
   115.545         -1.84485583       -1.84485583       -6.2395e-14
   115.560         -1.84649176       -1.84649176       -1.0703e-13
   115.575         -1.84817812       -1.84817812       -1.5099e-13
   115.590         -1.84991548       -1.84991548       -1.9429e-13
   115.605         -1.85170441       -1.85170441       -2.3692e-13
   115.620         -1.85354546       -1.85354546       -2.7889e-13
   115.635         -1.85543918       -1.85543918       -3.1997e-13
   115.650         -1.85738609       -1.85738609       -3.6038e-13
   115.665         -1.85938669       -1.85938669       -3.9990e-13
   115.680         -1.86144148       -1.86144148       -4.3876e-13
   115.695         -1.86355093       -1.86355093       -4.7673e-13
   115.710         -1.86571550       -1.86571550       -5.1403e-13
   115.725         -1.86793563       -1.86793563       -5.5045e-13
   115.740         -1.87021173       -1.87021173       -5.8598e-13
   115.755         -1.87254422       -1.87254422       -6.2084e-13
   115.770         -1.87493348       -1.87493348       -6.5459e-13
   115.785         -1.87737987       -1.87737987       -6.8767e-13
   115.800         -1.87988374       -1.87988374       -7.1987e-13
   115.815         -1.88244542       -1.88244542       -7.5118e-13
   115.830         -1.88506520       -1.88506520       -7.8160e-13
   115.845         -1.88774339       -1.88774339       -8.1113e-13
   115.860         -1.89048023       -1.89048023       -8.3977e-13
   115.875         -1.89327598       -1.89327598       -8.6731e-13
   115.890         -1.89613086       -1.89613086       -8.9395e-13
   115.905         -1.89904506       -1.89904506       -9.1971e-13
   115.920         -1.90201877       -1.90201877       -9.4458e-13
   115.935         -1.90505213       -1.90505213       -9.6856e-13
   115.950         -1.90814528       -1.90814528       -9.9165e-13
   115.965         -1.91129833       -1.91129833       -1.0136e-12
   115.980         -1.91451135       -1.91451135       -1.0347e-12
   115.995         -1.91778442       -1.91778442       -1.0549e-12
   116.010         -1.92111756       -1.92111756       -1.0740e-12
   116.025         -1.92451080       -1.92451080       -1.0925e-12
   116.040         -1.92796411       -1.92796411       -1.1098e-12
   116.055         -1.93147745       -1.93147745       -1.1262e-12
   116.070         -1.93505078       -1.93505078       -1.1418e-12
   116.085         -1.93868399       -1.93868399       -1.1564e-12
   116.100         -1.94237697       -1.94237697       -1.1700e-12
   116.115         -1.94612958       -1.94612958       -1.1826e-12
   116.130         -1.94994166       -1.94994166       -1.1942e-12
   116.145         -1.95381301       -1.95381301       -1.2048e-12
   116.160         -1.95774342       -1.95774342       -1.2146e-12
   116.175         -1.96173264       -1.96173264       -1.2235e-12
   116.190         -1.96578039       -1.96578039       -1.2315e-12
   116.205         -1.96988638       -1.96988638       -1.2383e-12
   116.220         -1.97405028       -1.97405028       -1.2443e-12
   116.235         -1.97827174       -1.97827174       -1.2492e-12
   116.250         -1.98255037       -1.98255037       -1.2532e-12
   116.265         -1.98688577       -1.98688577       -1.2563e-12
   116.280         -1.99127750       -1.99127750       -1.2585e-12
   116.295         -1.99572510       -1.99572510       -1.2599e-12
   116.310         -2.00022808       -2.00022808       -1.2603e-12
   116.325         -2.00478591       -2.00478591       -1.2594e-12
   116.340         -2.00939806       -2.00939806       -1.2581e-12
   116.355         -2.01406394       -2.01406394       -1.2559e-12
   116.370         -2.01878296       -2.01878296       -1.2523e-12
   116.385         -2.02355448       -2.02355448       -1.2483e-12
   116.400         -2.02837785       -2.02837785       -1.2434e-12
   116.415         -2.03325238       -2.03325238       -1.2377e-12
   116.430         -2.03817736       -2.03817736       -1.2310e-12
   116.445         -2.04315205       -2.04315205       -1.2235e-12
   116.460         -2.04817568       -2.04817568       -1.2150e-12
   116.475         -2.05324746       -2.05324746       -1.2057e-12
   116.490         -2.05836656       -2.05836656       -1.1955e-12
   116.505         -2.06353213       -2.06353213       -1.1848e-12
   116.520         -2.06874330       -2.06874330       -1.1733e-12
   116.535         -2.07399915       -2.07399915       -1.1608e-12
   116.550         -2.07929877       -2.07929877       -1.1475e-12
   116.565         -2.08464120       -2.08464120       -1.1333e-12
   116.580         -2.09002544       -2.09002544       -1.1182e-12
   116.595         -2.09545049       -2.09545049       -1.1027e-12
   116.610         -2.10091531       -2.10091531       -1.0862e-12
   116.625         -2.10641885       -2.10641885       -1.0689e-12
   116.640         -2.11196001       -2.11196001       -1.0512e-12
   116.655         -2.11753768       -2.11753768       -1.0325e-12
   116.670         -2.12315072       -2.12315072       -1.0134e-12
   116.685         -2.12879798       -2.12879798       -9.9343e-13
   116.700         -2.13447825       -2.13447825       -9.7300e-13
   116.715         -2.14019035       -2.14019035       -9.5168e-13
   116.730         -2.14593302       -2.14593302       -9.2992e-13
   116.745         -2.15170501       -2.15170501       -9.0727e-13
   116.760         -2.15750504       -2.15750504       -8.8374e-13
   116.775         -2.16333180       -2.16333180       -8.5976e-13
   116.790         -2.16918397       -2.16918397       -8.3489e-13
   116.805         -2.17506020       -2.17506020       -8.0957e-13
   116.820         -2.18095912       -2.18095912       -7.8337e-13
   116.835         -2.18687934       -2.18687934       -7.5673e-13
   116.850         -2.19281944       -2.19281944       -7.2964e-13
   116.865         -2.19877800       -2.19877800       -7.0211e-13
   116.880         -2.20475356       -2.20475356       -6.7413e-13
   116.895         -2.21074465       -2.21074465       -6.4571e-13
   116.910         -2.21674978       -2.21674978       -6.1684e-13
   116.925         -2.22276745       -2.22276745       -5.8709e-13
   116.940         -2.22879612       -2.22879612       -5.5689e-13
   116.955         -2.23483425       -2.23483425       -5.2625e-13
   116.970         -2.24088028       -2.24088028       -4.9516e-13
   116.985         -2.24693264       -2.24693264       -4.6363e-13
   117.000         -2.25298973       -2.25298973       -4.3165e-13
   117.015         -2.25904994       -2.25904994       -3.9924e-13
   117.030         -2.26511165       -2.26511165       -3.6593e-13
   117.045         -2.27117323       -2.27117323       -3.3262e-13
   117.060         -2.27723302       -2.27723302       -2.9887e-13
   117.075         -2.28328937       -2.28328937       -2.6512e-13
   117.090         -2.28934059       -2.28934059       -2.3048e-13
   117.105         -2.29538500       -2.29538500       -1.9584e-13
   117.120         -2.30142090       -2.30142090       -1.6076e-13
   117.135         -2.30744658       -2.30744658       -1.2523e-13
   117.150         -2.31346034       -2.31346034       -8.9262e-14
   117.165         -2.31946043       -2.31946043       -5.2847e-14
   117.180         -2.32544512       -2.32544512       -1.5987e-14
   117.195         -2.33141267       -2.33141267        2.0872e-14
   117.210         -2.33736133       -2.33736133        5.8176e-14
   117.225         -2.34328934       -2.34328934        9.5479e-14
   117.240         -2.34919494       -2.34919494        1.3278e-13
   117.255         -2.35507637       -2.35507637        1.7053e-13
   117.270         -2.36093184       -2.36093184        2.0872e-13
   117.285         -2.36675958       -2.36675958        2.4691e-13
   117.300         -2.37255782       -2.37255782        2.8555e-13
   117.315         -2.37832477       -2.37832477        3.2419e-13
   117.330         -2.38405864       -2.38405864        3.6326e-13
   117.345         -2.38975767       -2.38975767        4.0234e-13
   117.360         -2.39542005       -2.39542005        4.4142e-13
   117.375         -2.40104401       -2.40104401        4.8050e-13
   117.390         -2.40662776       -2.40662776        5.2003e-13
   117.405         -2.41216953       -2.41216953        5.5955e-13
   117.420         -2.41766753       -2.41766753        5.9908e-13
   117.435         -2.42311999       -2.42311999        6.3860e-13
   117.450         -2.42852514       -2.42852514        6.7812e-13
   117.465         -2.43388121       -2.43388121        7.1809e-13
   117.480         -2.43918644       -2.43918644        7.5762e-13
   117.495         -2.44443909       -2.44443909        7.9758e-13
   117.510         -2.44963739       -2.44963739        8.3755e-13
   117.525         -2.45477962       -2.45477962        8.7752e-13
   117.540         -2.45986404       -2.45986404        9.1749e-13
   117.555         -2.46488893       -2.46488893        9.5746e-13
   117.570         -2.46985257       -2.46985257        9.9698e-13
   117.585         -2.47475327       -2.47475327        1.0365e-12
   117.600         -2.47958933       -2.47958933        1.0760e-12
   117.615         -2.48435907       -2.48435907        1.1156e-12
   117.630         -2.48906083       -2.48906083        1.1551e-12
   117.645         -2.49369296       -2.49369296        1.1942e-12
   117.660         -2.49825382       -2.49825382        1.2332e-12
   117.675         -2.50274177       -2.50274177        1.2723e-12
   117.690         -2.50715522       -2.50715522        1.3114e-12
   117.705         -2.51149258       -2.51149258        1.3500e-12
   117.720         -2.51575225       -2.51575225        1.3882e-12
   117.735         -2.51993269       -2.51993269        1.4264e-12
   117.750         -2.52403236       -2.52403236        1.4646e-12
   117.765         -2.52804973       -2.52804973        1.5028e-12
   117.780         -2.53198331       -2.53198331        1.5405e-12
   117.795         -2.53583160       -2.53583160        1.5778e-12
   117.810         -2.53959315       -2.53959315        1.6152e-12
   117.825         -2.54326652       -2.54326652        1.6525e-12
   117.840         -2.54685028       -2.54685028        1.6889e-12
   117.855         -2.55034305       -2.55034305        1.7253e-12
   117.870         -2.55374345       -2.55374345        1.7613e-12
   117.885         -2.55705013       -2.55705013        1.7972e-12
   117.900         -2.56026176       -2.56026176        1.8328e-12
   117.915         -2.56337706       -2.56337706        1.8678e-12
   117.930         -2.56639473       -2.56639473        1.9029e-12
   117.945         -2.56931354       -2.56931354        1.9376e-12
   117.960         -2.57213227       -2.57213227        1.9718e-12
   117.975         -2.57484971       -2.57484971        2.0055e-12
   117.990         -2.57746471       -2.57746471        2.0388e-12
   118.005         -2.57997613       -2.57997613        2.0717e-12
   118.020         -2.58238285       -2.58238285        2.1045e-12
   118.035         -2.58468380       -2.58468380        2.1365e-12
   118.050         -2.58687793       -2.58687793        2.1680e-12
   118.065         -2.58896423       -2.58896423        2.1991e-12
   118.080         -2.59094169       -2.59094169        2.2298e-12
   118.095         -2.59280937       -2.59280937        2.2604e-12
   118.110         -2.59456634       -2.59456634        2.2906e-12
   118.125         -2.59621171       -2.59621171        2.3199e-12
   118.140         -2.59774462       -2.59774462        2.3488e-12
   118.155         -2.59916424       -2.59916424        2.3772e-12
   118.170         -2.60046978       -2.60046978        2.4052e-12
   118.185         -2.60166048       -2.60166048        2.4327e-12
   118.200         -2.60273563       -2.60273563        2.4598e-12
   118.215         -2.60369452       -2.60369452        2.4860e-12
   118.230         -2.60453651       -2.60453651        2.5118e-12
   118.245         -2.60526098       -2.60526098        2.5371e-12
   118.260         -2.60586735       -2.60586735        2.5620e-12
   118.275         -2.60635507       -2.60635507        2.5864e-12
   118.290         -2.60672363       -2.60672363        2.6104e-12
   118.305         -2.60697257       -2.60697257        2.6339e-12
   118.320         -2.60710144       -2.60710144        2.6565e-12
   118.335         -2.60710987       -2.60710987        2.6787e-12
   118.350         -2.60699747       -2.60699747        2.7005e-12
   118.365         -2.60676395       -2.60676395        2.7218e-12
   118.380         -2.60640901       -2.60640901        2.7427e-12
   118.395         -2.60593242       -2.60593242        2.7627e-12
   118.410         -2.60533397       -2.60533397        2.7822e-12
   118.425         -2.60461350       -2.60461350        2.8013e-12
   118.440         -2.60377089       -2.60377089        2.8195e-12
   118.455         -2.60280605       -2.60280605        2.8373e-12
   118.470         -2.60171894       -2.60171894        2.8546e-12
   118.485         -2.60050955       -2.60050955        2.8710e-12
   118.500         -2.59917793       -2.59917793        2.8870e-12
   118.515         -2.59772416       -2.59772416        2.9030e-12
   118.530         -2.59614834       -2.59614834        2.9181e-12
   118.545         -2.59445064       -2.59445064        2.9328e-12
   118.560         -2.59263127       -2.59263127        2.9470e-12
   118.575         -2.59069045       -2.59069045        2.9607e-12
   118.590         -2.58862848       -2.58862848        2.9736e-12
   118.605         -2.58644568       -2.58644568        2.9861e-12
   118.620         -2.58414241       -2.58414241        2.9980e-12
   118.635         -2.58171909       -2.58171909        3.0096e-12
   118.650         -2.57917615       -2.57917615        3.0203e-12
   118.665         -2.57651409       -2.57651409        3.0305e-12
   118.680         -2.57373344       -2.57373344        3.0402e-12
   118.695         -2.57083477       -2.57083477        3.0496e-12
   118.710         -2.56781869       -2.56781869        3.0584e-12
   118.725         -2.56468587       -2.56468587        3.0664e-12
   118.740         -2.56143699       -2.56143699        3.0740e-12
   118.755         -2.55807280       -2.55807280        3.0815e-12
   118.770         -2.55459406       -2.55459406        3.0886e-12
   118.785         -2.55100161       -2.55100161        3.0949e-12
   118.800         -2.54729630       -2.54729630        3.1006e-12
   118.815         -2.54347903       -2.54347903        3.1060e-12
   118.830         -2.53955075       -2.53955075        3.1108e-12
   118.845         -2.53551243       -2.53551243        3.1153e-12
   118.860         -2.53136510       -2.53136510        3.1193e-12
   118.875         -2.52710982       -2.52710982        3.1228e-12
   118.890         -2.52274769       -2.52274769        3.1259e-12
   118.905         -2.51827986       -2.51827986        3.1286e-12
   118.920         -2.51370750       -2.51370750        3.1313e-12
   118.935         -2.50903184       -2.50903184        3.1335e-12
   118.950         -2.50425412       -2.50425412        3.1353e-12
   118.965         -2.49937566       -2.49937566        3.1366e-12
   118.980         -2.49439778       -2.49439778        3.1379e-12
   118.995         -2.48932185       -2.48932185        3.1388e-12
   119.010         -2.48414930       -2.48414930        3.1393e-12
   119.025         -2.47888155       -2.47888155        3.1397e-12
   119.040         -2.47352011       -2.47352011        3.1397e-12
   119.055         -2.46806648       -2.46806648        3.1393e-12
   119.070         -2.46252222       -2.46252222        3.1384e-12
   119.085         -2.45688893       -2.45688893        3.1375e-12
   119.100         -2.45116822       -2.45116822        3.1362e-12
   119.115         -2.44536176       -2.44536176        3.1344e-12
   119.130         -2.43947125       -2.43947125        3.1326e-12
   119.145         -2.43349841       -2.43349841        3.1304e-12
   119.160         -2.42744499       -2.42744499        3.1286e-12
   119.175         -2.42131280       -2.42131280        3.1264e-12
   119.190         -2.41510365       -2.41510365        3.1237e-12
   119.205         -2.40881941       -2.40881941        3.1211e-12
   119.220         -2.40246195       -2.40246195        3.1184e-12
   119.235         -2.39603320       -2.39603320        3.1153e-12
   119.250         -2.38953509       -2.38953509        3.1122e-12
   119.265         -2.38296961       -2.38296961        3.1086e-12
   119.280         -2.37633875       -2.37633875        3.1051e-12
   119.295         -2.36964453       -2.36964453        3.1015e-12
   119.310         -2.36288903       -2.36288903        3.0980e-12
   119.325         -2.35607431       -2.35607431        3.0940e-12
   119.340         -2.34920248       -2.34920248        3.0900e-12
   119.355         -2.34227567       -2.34227567        3.0860e-12
   119.370         -2.33529604       -2.33529604        3.0820e-12
   119.385         -2.32826577       -2.32826577        3.0780e-12
   119.400         -2.32118704       -2.32118704        3.0740e-12
   119.415         -2.31406208       -2.31406208        3.0700e-12
   119.430         -2.30689314       -2.30689314        3.0660e-12
   119.445         -2.29968246       -2.29968246        3.0616e-12
   119.460         -2.29243233       -2.29243233        3.0571e-12
   119.475         -2.28514504       -2.28514504        3.0531e-12
   119.490         -2.27782290       -2.27782290        3.0491e-12
   119.505         -2.27046824       -2.27046824        3.0451e-12
   119.520         -2.26308341       -2.26308341        3.0411e-12
   119.535         -2.25567076       -2.25567076        3.0367e-12
   119.550         -2.24823266       -2.24823266        3.0327e-12
   119.565         -2.24077150       -2.24077150        3.0287e-12
   119.580         -2.23328966       -2.23328966        3.0247e-12
   119.595         -2.22578954       -2.22578954        3.0203e-12
   119.610         -2.21827357       -2.21827357        3.0163e-12
   119.625         -2.21074416       -2.21074416        3.0123e-12
   119.640         -2.20320374       -2.20320374        3.0083e-12
   119.655         -2.19565473       -2.19565473        3.0043e-12
   119.670         -2.18809959       -2.18809959        3.0003e-12
   119.685         -2.18054075       -2.18054075        2.9967e-12
   119.700         -2.17298066       -2.17298066        2.9927e-12
   119.715         -2.16542176       -2.16542176        2.9892e-12
   119.730         -2.15786650       -2.15786650        2.9856e-12
   119.745         -2.15031733       -2.15031733        2.9821e-12
   119.760         -2.14277669       -2.14277669        2.9785e-12
   119.775         -2.13524703       -2.13524703        2.9750e-12
   119.790         -2.12773079       -2.12773079        2.9718e-12
   119.805         -2.12023040       -2.12023040        2.9687e-12
   119.820         -2.11274829       -2.11274829        2.9656e-12
   119.835         -2.10528689       -2.10528689        2.9625e-12
   119.850         -2.09784860       -2.09784860        2.9594e-12
   119.865         -2.09043583       -2.09043583        2.9563e-12
   119.880         -2.08305098       -2.08305098        2.9536e-12
   119.895         -2.07569643       -2.07569643        2.9505e-12
   119.910         -2.06837455       -2.06837455        2.9479e-12
   119.925         -2.06108770       -2.06108770        2.9448e-12
   119.940         -2.05383822       -2.05383822        2.9421e-12
   119.955         -2.04662843       -2.04662843        2.9394e-12
   119.970         -2.03946065       -2.03946065        2.9368e-12
   119.985         -2.03233716       -2.03233716        2.9341e-12
