   Wave #: 	5
Wave amplitude (m): 	0.706
Wave omega (rad/s): 	1.047197551
Time (s)     Heave (m)
----------  ----------
0.015        -1.999849
0.030        -1.999550
0.045        -1.999104
0.060        -1.998516
0.075        -1.997788
0.090        -1.996922
0.105        -1.995922
0.120        -1.994790
0.135        -1.993530
0.150        -1.992145
0.165        -1.990638
0.180        -1.989013
0.195        -1.987272
0.210        -1.985419
0.225        -1.983458
0.240        -1.981391
0.255        -1.979223
0.270        -1.976956
0.285        -1.974595
0.300        -1.972144
0.315        -1.969605
0.330        -1.966982
0.345        -1.964280
0.360        -1.961501
0.375        -1.958650
0.390        -1.955731
0.405        -1.952747
0.420        -1.949701
0.435        -1.946599
0.450        -1.943443
0.465        -1.940238
0.480        -1.936987
0.495        -1.933694
0.510        -1.930363
0.525        -1.926998
0.540        -1.923602
0.555        -1.920180
0.570        -1.916735
0.585        -1.913272
0.600        -1.909793
0.615        -1.906302
0.630        -1.902805
0.645        -1.899303
0.660        -1.895801
0.675        -1.892303
0.690        -1.888811
0.705        -1.885331
0.720        -1.881865
0.735        -1.878416
0.750        -1.874990
0.765        -1.871588
0.780        -1.868214
0.795        -1.864872
0.810        -1.861566
0.825        -1.858298
0.840        -1.855071
0.855        -1.851890
0.870        -1.848756
0.885        -1.845674
0.900        -1.842647
0.915        -1.839676
0.930        -1.836766
0.945        -1.833919
0.960        -1.831138
0.975        -1.828426
0.990        -1.825786
1.005        -1.823220
1.020        -1.820731
1.035        -1.818321
1.050        -1.815993
1.065        -1.813750
1.080        -1.811593
1.095        -1.809525
1.110        -1.807548
1.125        -1.805664
1.140        -1.803876
1.155        -1.802185
1.170        -1.800593
1.185        -1.799103
1.200        -1.797716
1.215        -1.796433
1.230        -1.795256
1.245        -1.794188
1.260        -1.793228
1.275        -1.792380
1.290        -1.791644
1.305        -1.791021
1.320        -1.790512
1.335        -1.790120
1.350        -1.789844
1.365        -1.789686
1.380        -1.789647
1.395        -1.789727
1.410        -1.789927
1.425        -1.790248
1.440        -1.790691
1.455        -1.791255
1.470        -1.791942
1.485        -1.792752
1.500        -1.793685
1.515        -1.794741
1.530        -1.795921
1.545        -1.797224
1.560        -1.798651
1.575        -1.800202
1.590        -1.801876
1.605        -1.803673
1.620        -1.805592
1.635        -1.807635
1.650        -1.809799
1.665        -1.812085
1.680        -1.814493
1.695        -1.817020
1.710        -1.819668
1.725        -1.822434
1.740        -1.825319
1.755        -1.828321
1.770        -1.831439
1.785        -1.834673
1.800        -1.838021
1.815        -1.841482
1.830        -1.845055
1.845        -1.848739
1.860        -1.852533
1.875        -1.856434
1.890        -1.860442
1.905        -1.864556
1.920        -1.868773
1.935        -1.873092
1.950        -1.877511
1.965        -1.882030
1.980        -1.886645
1.995        -1.891356
2.010        -1.896161
2.025        -1.901057
2.040        -1.906043
2.055        -1.911116
2.070        -1.916276
2.085        -1.921519
2.100        -1.926844
2.115        -1.932248
2.130        -1.937730
2.145        -1.943287
2.160        -1.948917
2.175        -1.954618
2.190        -1.960388
2.205        -1.966224
2.220        -1.972123
2.235        -1.978085
2.250        -1.984105
2.265        -1.990182
2.280        -1.996313
2.295        -2.002496
2.310        -2.008729
2.325        -2.015008
2.340        -2.021331
2.355        -2.027696
2.370        -2.034101
2.385        -2.040542
2.400        -2.047017
2.415        -2.053523
2.430        -2.060058
2.445        -2.066619
2.460        -2.073204
2.475        -2.079810
2.490        -2.086433
2.505        -2.093073
2.520        -2.099725
2.535        -2.106388
2.550        -2.113058
2.565        -2.119733
2.580        -2.126410
2.595        -2.133087
2.610        -2.139761
2.625        -2.146429
2.640        -2.153089
2.655        -2.159738
2.670        -2.166373
2.685        -2.172992
2.700        -2.179592
2.715        -2.186171
2.730        -2.192725
2.745        -2.199253
2.760        -2.205751
2.775        -2.212218
2.790        -2.218650
2.805        -2.225045
2.820        -2.231401
2.835        -2.237715
2.850        -2.243985
2.865        -2.250208
2.880        -2.256382
2.895        -2.262504
2.910        -2.268573
2.925        -2.274584
2.940        -2.280538
2.955        -2.286430
2.970        -2.292259
2.985        -2.298022
3.000        -2.303718
3.015        -2.309343
3.030        -2.314897
3.045        -2.320376
3.060        -2.325779
3.075        -2.331104
3.090        -2.336348
3.105        -2.341510
3.120        -2.346587
3.135        -2.351577
3.150        -2.356480
3.165        -2.361292
3.180        -2.366012
3.195        -2.370639
3.210        -2.375170
3.225        -2.379603
3.240        -2.383938
3.255        -2.388172
3.270        -2.392303
3.285        -2.396331
3.300        -2.400254
3.315        -2.404069
3.330        -2.407776
3.345        -2.411374
3.360        -2.414861
3.375        -2.418235
3.390        -2.421495
3.405        -2.424641
3.420        -2.427670
3.435        -2.430582
3.450        -2.433376
3.465        -2.436050
3.480        -2.438603
3.495        -2.441035
3.510        -2.443345
3.525        -2.445531
3.540        -2.447593
3.555        -2.449530
3.570        -2.451341
3.585        -2.453026
3.600        -2.454584
3.615        -2.456013
3.630        -2.457314
3.645        -2.458487
3.660        -2.459529
3.675        -2.460442
3.690        -2.461225
3.705        -2.461877
3.720        -2.462397
3.735        -2.462787
3.750        -2.463044
3.765        -2.463171
3.780        -2.463165
3.795        -2.463027
3.810        -2.462757
3.825        -2.462355
3.840        -2.461821
3.855        -2.461155
3.870        -2.460357
3.885        -2.459427
3.900        -2.458365
3.915        -2.457173
3.930        -2.455849
3.945        -2.454395
3.960        -2.452810
3.975        -2.451096
3.990        -2.449251
4.005        -2.447278
4.020        -2.445177
4.035        -2.442947
4.050        -2.440590
4.065        -2.438107
4.080        -2.435497
4.095        -2.432763
4.110        -2.429903
4.125        -2.426920
4.140        -2.423815
4.155        -2.420587
4.170        -2.417238
4.185        -2.413769
4.200        -2.410181
4.215        -2.406474
4.230        -2.402651
4.245        -2.398712
4.260        -2.394658
4.275        -2.390490
4.290        -2.386209
4.305        -2.381817
4.320        -2.377316
4.335        -2.372705
4.350        -2.367987
4.365        -2.363163
4.380        -2.358234
4.395        -2.353202
4.410        -2.348068
4.425        -2.342833
4.440        -2.337500
4.455        -2.332069
4.470        -2.326542
4.485        -2.320921
4.500        -2.315207
4.515        -2.309402
4.530        -2.303508
4.545        -2.297526
4.560        -2.291458
4.575        -2.285305
4.590        -2.279070
4.605        -2.272755
4.620        -2.266360
4.635        -2.259887
4.650        -2.253340
4.665        -2.246719
4.680        -2.240026
4.695        -2.233263
4.710        -2.226432
4.725        -2.219535
4.740        -2.212575
4.755        -2.205552
4.770        -2.198468
4.785        -2.191327
4.800        -2.184130
4.815        -2.176878
4.830        -2.169574
4.845        -2.162220
4.860        -2.154818
4.875        -2.147369
4.890        -2.139877
4.905        -2.132343
4.920        -2.124769
4.935        -2.117157
4.950        -2.109510
4.965        -2.101829
4.980        -2.094116
4.995        -2.086375
5.010        -2.078606
5.025        -2.070812
5.040        -2.062995
5.055        -2.055157
5.070        -2.047301
5.085        -2.039428
5.100        -2.031541
5.115        -2.023642
5.130        -2.015733
5.145        -2.007815
5.160        -1.999892
5.175        -1.991966
5.190        -1.984038
5.205        -1.976110
5.220        -1.968186
5.235        -1.960266
5.250        -1.952353
5.265        -1.944450
5.280        -1.936558
5.295        -1.928680
5.310        -1.920817
5.325        -1.912971
5.340        -1.905146
5.355        -1.897342
5.370        -1.889563
5.385        -1.881809
5.400        -1.874083
5.415        -1.866388
5.430        -1.858725
5.445        -1.851096
5.460        -1.843503
5.475        -1.835948
5.490        -1.828434
5.505        -1.820962
5.520        -1.813534
5.535        -1.806152
5.550        -1.798819
5.565        -1.791535
5.580        -1.784304
5.595        -1.777126
5.610        -1.770004
5.625        -1.762939
5.640        -1.755934
5.655        -1.748990
5.670        -1.742110
5.685        -1.735294
5.700        -1.728545
5.715        -1.721864
5.730        -1.715253
5.745        -1.708714
5.760        -1.702249
5.775        -1.695858
5.790        -1.689545
5.805        -1.683310
5.820        -1.677156
5.835        -1.671083
5.850        -1.665093
5.865        -1.659188
5.880        -1.653369
5.895        -1.647638
5.910        -1.641996
5.925        -1.636445
5.940        -1.630986
5.955        -1.625621
5.970        -1.620350
5.985        -1.615176
6.000        -1.610099
6.015        -1.605121
6.030        -1.600244
6.045        -1.595467
6.060        -1.590793
6.075        -1.586223
6.090        -1.581757
6.105        -1.577398
6.120        -1.573145
6.135        -1.569001
6.150        -1.564966
6.165        -1.561041
6.180        -1.557228
6.195        -1.553526
6.210        -1.549938
6.225        -1.546463
6.240        -1.543103
6.255        -1.539859
6.270        -1.536732
6.285        -1.533721
6.300        -1.530829
6.315        -1.528055
6.330        -1.525401
6.345        -1.522866
6.360        -1.520452
6.375        -1.518160
6.390        -1.515989
6.405        -1.513940
6.420        -1.512015
6.435        -1.510212
6.450        -1.508533
6.465        -1.506979
6.480        -1.505548
6.495        -1.504243
6.510        -1.503063
6.525        -1.502007
6.540        -1.501078
6.555        -1.500274
6.570        -1.499597
6.585        -1.499045
6.600        -1.498620
6.615        -1.498321
6.630        -1.498148
6.645        -1.498102
6.660        -1.498182
6.675        -1.498388
6.690        -1.498721
6.705        -1.499179
6.720        -1.499764
6.735        -1.500475
6.750        -1.501311
6.765        -1.502272
6.780        -1.503359
6.795        -1.504570
6.810        -1.505906
6.825        -1.507366
6.840        -1.508949
6.855        -1.510656
6.870        -1.512486
6.885        -1.514438
6.900        -1.516512
6.915        -1.518707
6.930        -1.521022
6.945        -1.523458
6.960        -1.526014
6.975        -1.528688
6.990        -1.531480
7.005        -1.534390
7.020        -1.537416
7.035        -1.540558
7.050        -1.543815
7.065        -1.547187
7.080        -1.550672
7.095        -1.554269
7.110        -1.557977
7.125        -1.561796
7.140        -1.565725
7.155        -1.569763
7.170        -1.573908
7.185        -1.578159
7.200        -1.582516
7.215        -1.586977
7.230        -1.591541
7.245        -1.596208
7.260        -1.600975
7.275        -1.605842
7.290        -1.610807
7.305        -1.615869
7.320        -1.621028
7.335        -1.626281
7.350        -1.631627
7.365        -1.637064
7.380        -1.642593
7.395        -1.648210
7.410        -1.653916
7.425        -1.659707
7.440        -1.665584
7.455        -1.671543
7.470        -1.677585
7.485        -1.683707
7.500        -1.689907
7.515        -1.696185
7.530        -1.702539
7.545        -1.708966
7.560        -1.715466
7.575        -1.722037
7.590        -1.728677
7.605        -1.735385
7.620        -1.742158
7.635        -1.748996
7.650        -1.755896
7.665        -1.762856
7.680        -1.769876
7.695        -1.776953
7.710        -1.784086
7.725        -1.791272
7.740        -1.798510
7.755        -1.805798
7.770        -1.813134
7.785        -1.820517
7.800        -1.827944
7.815        -1.835415
7.830        -1.842926
7.845        -1.850476
7.860        -1.858063
7.875        -1.865686
7.890        -1.873342
7.905        -1.881029
7.920        -1.888746
7.935        -1.896491
7.950        -1.904261
7.965        -1.912055
7.980        -1.919871
7.995        -1.927707
8.010        -1.935561
8.025        -1.943431
8.040        -1.951315
8.055        -1.959212
8.070        -1.967118
8.085        -1.975032
8.100        -1.982953
8.115        -1.990879
8.130        -1.998806
8.145        -2.006734
8.160        -2.014660
8.175        -2.022583
8.190        -2.030500
8.205        -2.038410
8.220        -2.046310
8.235        -2.054199
8.250        -2.062074
8.265        -2.069935
8.280        -2.077778
8.295        -2.085602
8.310        -2.093405
8.325        -2.101184
8.340        -2.108939
8.355        -2.116667
8.370        -2.124367
8.385        -2.132035
8.400        -2.139671
8.415        -2.147273
8.430        -2.154838
8.445        -2.162365
8.460        -2.169852
8.475        -2.177297
8.490        -2.184699
8.505        -2.192054
8.520        -2.199363
8.535        -2.206622
8.550        -2.213831
8.565        -2.220986
8.580        -2.228087
8.595        -2.235132
8.610        -2.242119
8.625        -2.249046
8.640        -2.255912
8.655        -2.262715
8.670        -2.269453
8.685        -2.276124
8.700        -2.282728
8.715        -2.289261
8.730        -2.295724
8.745        -2.302113
8.760        -2.308428
8.775        -2.314667
8.790        -2.320828
8.805        -2.326911
8.820        -2.332912
8.835        -2.338832
8.850        -2.344668
8.865        -2.350419
8.880        -2.356084
8.895        -2.361661
8.910        -2.367149
8.925        -2.372547
8.940        -2.377852
8.955        -2.383065
8.970        -2.388183
8.985        -2.393205
9.000        -2.398131
9.015        -2.402958
9.030        -2.407686
9.045        -2.412314
9.060        -2.416840
9.075        -2.421264
9.090        -2.425583
9.105        -2.429798
9.120        -2.433907
9.135        -2.437909
9.150        -2.441803
9.165        -2.445589
9.180        -2.449264
9.195        -2.452829
9.210        -2.456283
9.225        -2.459624
9.240        -2.462851
9.255        -2.465965
9.270        -2.468964
9.285        -2.471848
9.300        -2.474615
9.315        -2.477266
9.330        -2.479798
9.345        -2.482213
9.360        -2.484509
9.375        -2.486686
9.390        -2.488743
9.405        -2.490679
9.420        -2.492495
9.435        -2.494190
9.450        -2.495762
9.465        -2.497213
9.480        -2.498541
9.495        -2.499747
9.510        -2.500829
9.525        -2.501789
9.540        -2.502624
9.555        -2.503336
9.570        -2.503924
9.585        -2.504388
9.600        -2.504728
9.615        -2.504944
9.630        -2.505035
9.645        -2.505002
9.660        -2.504845
9.675        -2.504563
9.690        -2.504157
9.705        -2.503627
9.720        -2.502973
9.735        -2.502196
9.750        -2.501295
9.765        -2.500270
9.780        -2.499122
9.795        -2.497852
9.810        -2.496459
9.825        -2.494943
9.840        -2.493306
9.855        -2.491548
9.870        -2.489668
9.885        -2.487669
9.900        -2.485549
9.915        -2.483309
9.930        -2.480951
9.945        -2.478474
9.960        -2.475880
9.975        -2.473168
9.990        -2.470341
10.005       -2.467397
10.020       -2.464338
10.035       -2.461166
10.050       -2.457879
10.065       -2.454480
10.080       -2.450970
10.095       -2.447348
10.110       -2.443616
10.125       -2.439775
10.140       -2.435826
10.155       -2.431770
10.170       -2.427608
10.185       -2.423340
10.200       -2.418969
10.215       -2.414494
10.230       -2.409917
10.245       -2.405240
10.260       -2.400462
10.275       -2.395587
10.290       -2.390614
10.305       -2.385545
10.320       -2.380381
10.335       -2.375124
10.350       -2.369774
10.365       -2.364334
10.380       -2.358804
10.395       -2.353186
10.410       -2.347481
10.425       -2.341690
10.440       -2.335816
10.455       -2.329859
10.470       -2.323821
10.485       -2.317703
10.500       -2.311507
10.515       -2.305235
10.530       -2.298888
10.545       -2.292467
10.560       -2.285975
10.575       -2.279412
10.590       -2.272780
10.605       -2.266082
10.620       -2.259318
10.635       -2.252491
10.650       -2.245601
10.665       -2.238651
10.680       -2.231643
10.695       -2.224578
10.710       -2.217458
10.725       -2.210284
10.740       -2.203059
10.755       -2.195783
10.770       -2.188460
10.785       -2.181091
10.800       -2.173677
10.815       -2.166221
10.830       -2.158724
10.845       -2.151188
10.860       -2.143615
10.875       -2.136007
10.890       -2.128365
10.905       -2.120693
10.920       -2.112990
10.935       -2.105260
10.950       -2.097505
10.965       -2.089725
10.980       -2.081924
10.995       -2.074103
11.010       -2.066263
11.025       -2.058408
11.040       -2.050539
11.055       -2.042657
11.070       -2.034765
11.085       -2.026864
11.100       -2.018958
11.115       -2.011047
11.130       -2.003133
11.145       -1.995219
11.160       -1.987306
11.175       -1.979397
11.190       -1.971493
11.205       -1.963596
11.220       -1.955708
11.235       -1.947832
11.250       -1.939969
11.265       -1.932121
11.280       -1.924289
11.295       -1.916477
11.310       -1.908685
11.325       -1.900917
11.340       -1.893173
11.355       -1.885455
11.370       -1.877766
11.385       -1.870108
11.400       -1.862481
11.415       -1.854889
11.430       -1.847333
11.445       -1.839815
11.460       -1.832336
11.475       -1.824899
11.490       -1.817506
11.505       -1.810157
11.520       -1.802856
11.535       -1.795604
11.550       -1.788402
11.565       -1.781253
11.580       -1.774158
11.595       -1.767119
11.610       -1.760137
11.625       -1.753215
11.640       -1.746354
11.655       -1.739556
11.670       -1.732822
11.685       -1.726154
11.700       -1.719554
11.715       -1.713024
11.730       -1.706564
11.745       -1.700178
11.760       -1.693865
11.775       -1.687628
11.790       -1.681468
11.805       -1.675387
11.820       -1.669387
11.835       -1.663468
11.850       -1.657632
11.865       -1.651881
11.880       -1.646217
11.895       -1.640639
11.910       -1.635151
11.925       -1.629753
11.940       -1.624446
11.955       -1.619232
11.970       -1.614112
11.985       -1.609088
12.000       -1.604161
12.015       -1.599331
12.030       -1.594600
12.045       -1.589970
12.060       -1.585440
12.075       -1.581014
12.090       -1.576691
12.105       -1.572472
12.120       -1.568360
12.135       -1.564354
12.150       -1.560455
12.165       -1.556666
12.180       -1.552985
12.195       -1.549416
12.210       -1.545958
12.225       -1.542612
12.240       -1.539379
12.255       -1.536260
12.270       -1.533255
12.285       -1.530366
12.300       -1.527593
12.315       -1.524936
12.330       -1.522398
12.345       -1.519977
12.360       -1.517675
12.375       -1.515492
12.390       -1.513428
12.405       -1.511485
12.420       -1.509663
12.435       -1.507962
12.450       -1.506382
12.465       -1.504925
12.480       -1.503590
12.495       -1.502377
12.510       -1.501288
12.525       -1.500322
12.540       -1.499479
12.555       -1.498760
12.570       -1.498165
12.585       -1.497694
12.600       -1.497347
12.615       -1.497124
12.630       -1.497026
12.645       -1.497051
12.660       -1.497202
12.675       -1.497476
12.690       -1.497875
12.705       -1.498397
12.720       -1.499044
12.735       -1.499815
12.750       -1.500709
12.765       -1.501726
12.780       -1.502867
12.795       -1.504131
12.810       -1.505517
12.825       -1.507025
12.840       -1.508655
12.855       -1.510407
12.870       -1.512280
12.885       -1.514273
12.900       -1.516386
12.915       -1.518619
12.930       -1.520971
12.945       -1.523441
12.960       -1.526029
12.975       -1.528735
12.990       -1.531556
13.005       -1.534494
13.020       -1.537546
13.035       -1.540713
13.050       -1.543994
13.065       -1.547387
13.080       -1.550892
13.095       -1.554508
13.110       -1.558235
13.125       -1.562070
13.140       -1.566014
13.155       -1.570065
13.170       -1.574222
13.185       -1.578485
13.200       -1.582852
13.215       -1.587322
13.230       -1.591894
13.245       -1.596567
13.260       -1.601340
13.275       -1.606212
13.290       -1.611180
13.305       -1.616245
13.320       -1.621405
13.335       -1.626659
13.350       -1.632005
13.365       -1.637442
13.380       -1.642968
13.395       -1.648583
13.410       -1.654285
13.425       -1.660073
13.440       -1.665944
13.455       -1.671898
13.470       -1.677934
13.485       -1.684049
13.500       -1.690242
13.515       -1.696512
13.530       -1.702857
13.545       -1.709276
13.560       -1.715766
13.575       -1.722327
13.590       -1.728957
13.605       -1.735654
13.620       -1.742416
13.635       -1.749242
13.650       -1.756130
13.665       -1.763079
13.680       -1.770086
13.695       -1.777151
13.710       -1.784270
13.725       -1.791443
13.740       -1.798668
13.755       -1.805943
13.770       -1.813265
13.785       -1.820634
13.800       -1.828048
13.815       -1.835504
13.830       -1.843001
13.845       -1.850537
13.860       -1.858110
13.875       -1.865719
13.890       -1.873361
13.905       -1.881034
13.920       -1.888737
13.935       -1.896467
13.950       -1.904224
13.965       -1.912004
13.980       -1.919806
13.995       -1.927629
14.010       -1.935469
14.025       -1.943326
14.040       -1.951196
14.055       -1.959079
14.070       -1.966973
14.085       -1.974875
14.100       -1.982783
14.115       -1.990695
14.130       -1.998611
14.145       -2.006527
14.160       -2.014441
14.175       -2.022352
14.190       -2.030258
14.205       -2.038157
14.220       -2.046047
14.235       -2.053925
14.250       -2.061790
14.265       -2.069641
14.280       -2.077474
14.295       -2.085289
14.310       -2.093083
14.325       -2.100854
14.340       -2.108600
14.355       -2.116320
14.370       -2.124011
14.385       -2.131672
14.400       -2.139301
14.415       -2.146896
14.430       -2.154455
14.445       -2.161976
14.460       -2.169457
14.475       -2.176896
14.490       -2.184293
14.505       -2.191644
14.520       -2.198947
14.535       -2.206203
14.550       -2.213407
14.565       -2.220559
14.580       -2.227657
14.595       -2.234699
14.610       -2.241683
14.625       -2.248608
14.640       -2.255472
14.655       -2.262273
14.670       -2.269010
14.685       -2.275680
14.700       -2.282283
14.715       -2.288816
14.730       -2.295278
14.745       -2.301668
14.760       -2.307983
14.775       -2.314223
14.790       -2.320386
14.805       -2.326469
14.820       -2.332473
14.835       -2.338394
14.850       -2.344232
14.865       -2.349986
14.880       -2.355654
14.895       -2.361234
14.910       -2.366725
14.925       -2.372126
14.940       -2.377435
14.955       -2.382651
14.970       -2.387774
14.985       -2.392800
15.000       -2.397731
15.015       -2.402563
15.030       -2.407296
15.045       -2.411929
15.060       -2.416461
15.075       -2.420890
15.090       -2.425215
15.105       -2.429436
15.120       -2.433551
15.135       -2.437559
15.150       -2.441460
15.165       -2.445252
15.180       -2.448934
15.195       -2.452506
15.210       -2.455966
15.225       -2.459314
15.240       -2.462550
15.255       -2.465671
15.270       -2.468677
15.285       -2.471568
15.300       -2.474343
15.315       -2.477002
15.330       -2.479542
15.345       -2.481965
15.360       -2.484269
15.375       -2.486454
15.390       -2.488519
15.405       -2.490463
15.420       -2.492287
15.435       -2.493990
15.450       -2.495571
15.465       -2.497030
15.480       -2.498367
15.495       -2.499581
15.510       -2.500672
15.525       -2.501639
15.540       -2.502483
15.555       -2.503203
15.570       -2.503800
15.585       -2.504272
15.600       -2.504620
15.615       -2.504844
15.630       -2.504944
15.645       -2.504919
15.660       -2.504770
15.675       -2.504496
15.690       -2.504099
15.705       -2.503577
15.720       -2.502931
15.735       -2.502161
15.750       -2.501268
15.765       -2.500251
15.780       -2.499111
15.795       -2.497849
15.810       -2.496463
15.825       -2.494955
15.840       -2.493326
15.855       -2.491575
15.870       -2.489702
15.885       -2.487710
15.900       -2.485597
15.915       -2.483364
15.930       -2.481013
15.945       -2.478543
15.960       -2.475955
15.975       -2.473251
15.990       -2.470429
16.005       -2.467492
16.020       -2.464439
16.035       -2.461273
16.050       -2.457992
16.065       -2.454599
16.080       -2.451094
16.095       -2.447478
16.110       -2.443752
16.125       -2.439916
16.140       -2.435973
16.155       -2.431922
16.170       -2.427764
16.185       -2.423501
16.200       -2.419134
16.215       -2.414664
16.230       -2.410092
16.245       -2.405419
16.260       -2.400646
16.275       -2.395774
16.290       -2.390805
16.305       -2.385740
16.320       -2.380579
16.335       -2.375326
16.350       -2.369979
16.365       -2.364542
16.380       -2.359015
16.395       -2.353400
16.410       -2.347697
16.425       -2.341910
16.440       -2.336038
16.455       -2.330083
16.470       -2.324047
16.485       -2.317932
16.500       -2.311738
16.515       -2.305467
16.530       -2.299122
16.545       -2.292703
16.560       -2.286212
16.575       -2.279650
16.590       -2.273020
16.605       -2.266323
16.620       -2.259560
16.635       -2.252733
16.650       -2.245844
16.665       -2.238895
16.680       -2.231887
16.695       -2.224822
16.710       -2.217702
16.725       -2.210528
16.740       -2.203303
16.755       -2.196028
16.770       -2.188705
16.785       -2.181335
16.800       -2.173921
16.815       -2.166464
16.830       -2.158966
16.845       -2.151429
16.860       -2.143856
16.875       -2.136247
16.890       -2.128604
16.905       -2.120930
16.920       -2.113227
16.935       -2.105495
16.950       -2.097738
16.965       -2.089957
16.980       -2.082155
16.995       -2.074332
17.010       -2.066491
17.025       -2.058634
17.040       -2.050762
17.055       -2.042879
17.070       -2.034985
17.085       -2.027082
17.100       -2.019173
17.115       -2.011260
17.130       -2.003344
17.145       -1.995428
17.160       -1.987513
17.175       -1.979601
17.190       -1.971694
17.205       -1.963795
17.220       -1.955905
17.235       -1.948026
17.250       -1.940160
17.265       -1.932309
17.280       -1.924475
17.295       -1.916660
17.310       -1.908866
17.325       -1.901094
17.340       -1.893347
17.355       -1.885627
17.370       -1.877935
17.385       -1.870273
17.400       -1.862644
17.415       -1.855049
17.430       -1.847490
17.445       -1.839968
17.460       -1.832487
17.475       -1.825047
17.490       -1.817650
17.505       -1.810299
17.520       -1.802995
17.535       -1.795739
17.550       -1.788534
17.565       -1.781382
17.580       -1.774284
17.595       -1.767241
17.610       -1.760257
17.625       -1.753331
17.640       -1.746467
17.655       -1.739666
17.670       -1.732929
17.685       -1.726258
17.700       -1.719655
17.715       -1.713122
17.730       -1.706659
17.745       -1.700270
17.760       -1.693954
17.775       -1.687714
17.790       -1.681551
17.805       -1.675468
17.820       -1.669464
17.835       -1.663542
17.850       -1.657704
17.865       -1.651950
17.880       -1.646282
17.895       -1.640702
17.910       -1.635211
17.925       -1.629810
17.940       -1.624501
17.955       -1.619284
17.970       -1.614162
17.985       -1.609135
18.000       -1.604205
18.015       -1.599372
18.030       -1.594639
18.045       -1.590006
18.060       -1.585475
18.075       -1.581046
18.090       -1.576720
18.105       -1.572499
18.120       -1.568384
18.135       -1.564376
18.150       -1.560475
18.165       -1.556684
18.180       -1.553001
18.195       -1.549430
18.210       -1.545969
18.225       -1.542621
18.240       -1.539386
18.255       -1.536265
18.270       -1.533259
18.285       -1.530368
18.300       -1.527593
18.315       -1.524935
18.330       -1.522394
18.345       -1.519972
18.360       -1.517668
18.375       -1.515483
18.390       -1.513418
18.405       -1.511474
18.420       -1.509650
18.435       -1.507947
18.450       -1.506367
18.465       -1.504908
18.480       -1.503571
18.495       -1.502357
18.510       -1.501267
18.525       -1.500299
18.540       -1.499456
18.555       -1.498735
18.570       -1.498139
18.585       -1.497667
18.600       -1.497319
18.615       -1.497095
18.630       -1.496996
18.645       -1.497021
18.660       -1.497170
18.675       -1.497444
18.690       -1.497842
18.705       -1.498364
18.720       -1.499010
18.735       -1.499780
18.750       -1.500673
18.765       -1.501690
18.780       -1.502830
18.795       -1.504094
18.810       -1.505479
18.825       -1.506987
18.840       -1.508617
18.855       -1.510368
18.870       -1.512241
18.885       -1.514234
18.900       -1.516347
18.915       -1.518579
18.930       -1.520931
18.945       -1.523401
18.960       -1.525989
18.975       -1.528694
18.990       -1.531516
19.005       -1.534453
19.020       -1.537506
19.035       -1.540672
19.050       -1.543953
19.065       -1.547346
19.080       -1.550851
19.095       -1.554468
19.110       -1.558194
19.125       -1.562030
19.140       -1.565974
19.155       -1.570025
19.170       -1.574182
19.185       -1.578445
19.200       -1.582812
19.215       -1.587283
19.230       -1.591855
19.245       -1.596529
19.260       -1.601302
19.275       -1.606173
19.290       -1.611143
19.305       -1.616208
19.320       -1.621368
19.335       -1.626622
19.350       -1.631968
19.365       -1.637406
19.380       -1.642933
19.395       -1.648548
19.410       -1.654250
19.425       -1.660038
19.440       -1.665910
19.455       -1.671865
19.470       -1.677901
19.485       -1.684016
19.500       -1.690210
19.515       -1.696481
19.530       -1.702826
19.545       -1.709245
19.560       -1.715736
19.575       -1.722298
19.590       -1.728928
19.605       -1.735626
19.620       -1.742388
19.635       -1.749215
19.650       -1.756104
19.665       -1.763053
19.680       -1.770061
19.695       -1.777126
19.710       -1.784246
19.725       -1.791419
19.740       -1.798644
19.755       -1.805920
19.770       -1.813243
19.785       -1.820613
19.800       -1.828027
19.815       -1.835483
19.830       -1.842981
19.845       -1.850518
19.860       -1.858091
19.875       -1.865700
19.890       -1.873343
19.905       -1.881016
19.920       -1.888720
19.935       -1.896451
19.950       -1.904208
19.965       -1.911988
19.980       -1.919791
19.995       -1.927614
20.010       -1.935455
20.025       -1.943312
20.040       -1.951183
20.055       -1.959067
20.070       -1.966960
20.085       -1.974863
20.100       -1.982771
20.115       -1.990684
20.130       -1.998600
20.145       -2.006516
20.160       -2.014431
20.175       -2.022343
20.190       -2.030249
20.205       -2.038148
20.220       -2.046038
20.235       -2.053917
20.250       -2.061783
20.265       -2.069633
20.280       -2.077467
20.295       -2.085282
20.310       -2.093076
20.325       -2.100848
20.340       -2.108594
20.355       -2.116314
20.370       -2.124006
20.385       -2.131667
20.400       -2.139297
20.415       -2.146891
20.430       -2.154450
20.445       -2.161972
20.460       -2.169453
20.475       -2.176893
20.490       -2.184289
20.505       -2.191640
20.520       -2.198944
20.535       -2.206199
20.550       -2.213404
20.565       -2.220556
20.580       -2.227654
20.595       -2.234696
20.610       -2.241681
20.625       -2.248606
20.640       -2.255470
20.655       -2.262271
20.670       -2.269007
20.685       -2.275678
20.700       -2.282281
20.715       -2.288814
20.730       -2.295276
20.745       -2.301666
20.760       -2.307981
20.775       -2.314221
20.790       -2.320384
20.805       -2.326467
20.820       -2.332471
20.835       -2.338392
20.850       -2.344230
20.865       -2.349984
20.880       -2.355651
20.895       -2.361231
20.910       -2.366722
20.925       -2.372123
20.940       -2.377432
20.955       -2.382649
20.970       -2.387771
20.985       -2.392798
21.000       -2.397728
21.015       -2.402560
21.030       -2.407293
21.045       -2.411926
21.060       -2.416457
21.075       -2.420886
21.090       -2.425211
21.105       -2.429432
21.120       -2.433547
21.135       -2.437555
21.150       -2.441455
21.165       -2.445247
21.180       -2.448929
21.195       -2.452501
21.210       -2.455961
21.225       -2.459309
21.240       -2.462544
21.255       -2.465665
21.270       -2.468671
21.285       -2.471562
21.300       -2.474337
21.315       -2.476995
21.330       -2.479535
21.345       -2.481958
21.360       -2.484261
21.375       -2.486446
21.390       -2.488511
21.405       -2.490455
21.420       -2.492279
21.435       -2.493981
21.450       -2.495562
21.465       -2.497021
21.480       -2.498357
21.495       -2.499571
21.510       -2.500661
21.525       -2.501629
21.540       -2.502473
21.555       -2.503193
21.570       -2.503789
21.585       -2.504261
21.600       -2.504609
21.615       -2.504832
21.630       -2.504932
21.645       -2.504907
21.660       -2.504757
21.675       -2.504484
21.690       -2.504086
21.705       -2.503564
21.720       -2.502918
21.735       -2.502148
21.750       -2.501254
21.765       -2.500237
21.780       -2.499097
21.795       -2.497834
21.810       -2.496448
21.825       -2.494941
21.840       -2.493311
21.855       -2.491559
21.870       -2.489687
21.885       -2.487694
21.900       -2.485581
21.915       -2.483349
21.930       -2.480997
21.945       -2.478527
21.960       -2.475939
21.975       -2.473234
21.990       -2.470413
22.005       -2.467475
22.020       -2.464423
22.035       -2.461256
22.050       -2.457975
22.065       -2.454582
22.080       -2.451077
22.095       -2.447461
22.110       -2.443734
22.125       -2.439899
22.140       -2.435955
22.155       -2.431904
22.170       -2.427746
22.185       -2.423483
22.200       -2.419116
22.215       -2.414646
22.230       -2.410074
22.245       -2.405401
22.260       -2.400627
22.275       -2.395756
22.290       -2.390787
22.305       -2.385721
22.320       -2.380561
22.335       -2.375307
22.350       -2.369961
22.365       -2.364524
22.380       -2.358997
22.395       -2.353382
22.410       -2.347680
22.425       -2.341892
22.440       -2.336020
22.455       -2.330065
22.470       -2.324030
22.485       -2.317914
22.500       -2.311720
22.515       -2.305450
22.530       -2.299105
22.545       -2.292686
22.560       -2.286194
22.575       -2.279633
22.590       -2.273003
22.605       -2.266306
22.620       -2.259543
22.635       -2.252716
22.650       -2.245828
22.665       -2.238879
22.680       -2.231871
22.695       -2.224806
22.710       -2.217686
22.725       -2.210513
22.740       -2.203288
22.755       -2.196013
22.770       -2.188689
22.785       -2.181320
22.800       -2.173906
22.815       -2.166449
22.830       -2.158952
22.845       -2.151415
22.860       -2.143842
22.875       -2.136233
22.890       -2.128591
22.905       -2.120917
22.920       -2.113214
22.935       -2.105483
22.950       -2.097726
22.965       -2.089945
22.980       -2.082143
22.995       -2.074320
23.010       -2.066479
23.025       -2.058622
23.040       -2.050751
23.055       -2.042868
23.070       -2.034974
23.085       -2.027072
23.100       -2.019163
23.115       -2.011250
23.130       -2.003335
23.145       -1.995418
23.160       -1.987504
23.175       -1.979592
23.190       -1.971686
23.205       -1.963787
23.220       -1.955897
23.235       -1.948018
23.250       -1.940153
23.265       -1.932302
23.280       -1.924468
23.295       -1.916653
23.310       -1.908859
23.325       -1.901088
23.340       -1.893342
23.355       -1.885621
23.370       -1.877930
23.385       -1.870269
23.400       -1.862640
23.415       -1.855045
23.430       -1.847486
23.445       -1.839965
23.460       -1.832483
23.475       -1.825044
23.490       -1.817647
23.505       -1.810296
23.520       -1.802992
23.535       -1.795737
23.550       -1.788533
23.565       -1.781380
23.580       -1.774282
23.595       -1.767240
23.610       -1.760256
23.625       -1.753331
23.640       -1.746467
23.655       -1.739666
23.670       -1.732930
23.685       -1.726259
23.700       -1.719656
23.715       -1.713123
23.730       -1.706661
23.745       -1.700271
23.760       -1.693956
23.775       -1.687716
23.790       -1.681554
23.805       -1.675470
23.820       -1.669467
23.835       -1.663545
23.850       -1.657707
23.865       -1.651954
23.880       -1.646286
23.895       -1.640706
23.910       -1.635215
23.925       -1.629814
23.940       -1.624505
23.955       -1.619289
23.970       -1.614167
23.985       -1.609140
24.000       -1.604210
24.015       -1.599378
24.030       -1.594645
24.045       -1.590012
24.060       -1.585481
24.075       -1.581052
24.090       -1.576727
24.105       -1.572506
24.120       -1.568391
24.135       -1.564383
24.150       -1.560483
24.165       -1.556691
24.180       -1.553009
24.195       -1.549437
24.210       -1.545977
24.225       -1.542629
24.240       -1.539394
24.255       -1.536273
24.270       -1.533267
24.285       -1.530376
24.300       -1.527601
24.315       -1.524943
24.330       -1.522403
24.345       -1.519980
24.360       -1.517676
24.375       -1.515492
24.390       -1.513427
24.405       -1.511483
24.420       -1.509659
24.435       -1.507956
24.450       -1.506376
24.465       -1.504917
24.480       -1.503580
24.495       -1.502367
24.510       -1.501276
24.525       -1.500309
24.540       -1.499465
24.555       -1.498745
24.570       -1.498149
24.585       -1.497677
24.600       -1.497329
24.615       -1.497105
24.630       -1.497006
24.645       -1.497031
24.660       -1.497180
24.675       -1.497454
24.690       -1.497851
24.705       -1.498373
24.720       -1.499019
24.735       -1.499789
24.750       -1.500683
24.765       -1.501700
24.780       -1.502840
24.795       -1.504103
24.810       -1.505489
24.825       -1.506997
24.840       -1.508626
24.855       -1.510378
24.870       -1.512250
24.885       -1.514243
24.900       -1.516356
24.915       -1.518588
24.930       -1.520940
24.945       -1.523410
24.960       -1.525998
24.975       -1.528703
24.990       -1.531524
25.005       -1.534462
25.020       -1.537514
25.035       -1.540681
25.050       -1.543961
25.065       -1.547355
25.080       -1.550860
25.095       -1.554476
25.110       -1.558202
25.125       -1.562038
25.140       -1.565982
25.155       -1.570033
25.170       -1.574190
25.185       -1.578453
25.200       -1.582820
25.215       -1.587290
25.230       -1.591863
25.245       -1.596536
25.260       -1.601309
25.275       -1.606181
25.290       -1.611150
25.305       -1.616215
25.320       -1.621375
25.335       -1.626629
25.350       -1.631975
25.365       -1.637412
25.380       -1.642939
25.395       -1.648554
25.410       -1.654257
25.425       -1.660044
25.440       -1.665916
25.455       -1.671871
25.470       -1.677906
25.485       -1.684022
25.500       -1.690216
25.515       -1.696486
25.530       -1.702831
25.545       -1.709250
25.560       -1.715741
25.575       -1.722303
25.590       -1.728933
25.605       -1.735630
25.620       -1.742393
25.635       -1.749219
25.650       -1.756108
25.665       -1.763057
25.680       -1.770065
25.695       -1.777130
25.710       -1.784249
25.725       -1.791423
25.740       -1.798648
25.755       -1.805923
25.770       -1.813246
25.785       -1.820616
25.800       -1.828030
25.815       -1.835486
25.830       -1.842984
25.845       -1.850520
25.860       -1.858094
25.875       -1.865703
25.890       -1.873345
25.905       -1.881019
25.920       -1.888722
25.935       -1.896453
25.950       -1.904210
25.965       -1.911990
25.980       -1.919793
25.995       -1.927616
26.010       -1.935456
26.025       -1.943313
26.040       -1.951184
26.055       -1.959068
26.070       -1.966961
26.085       -1.974864
26.100       -1.982772
26.115       -1.990685
26.130       -1.998601
26.145       -2.006517
26.160       -2.014432
26.175       -2.022343
26.190       -2.030250
26.205       -2.038149
26.220       -2.046038
26.235       -2.053917
26.250       -2.061783
26.265       -2.069633
26.280       -2.077467
26.295       -2.085282
26.310       -2.093076
26.325       -2.100847
26.340       -2.108594
26.355       -2.116314
26.370       -2.124005
26.385       -2.131667
26.400       -2.139296
26.415       -2.146891
26.430       -2.154449
26.445       -2.161971
26.460       -2.169452
26.475       -2.176892
26.490       -2.184288
26.505       -2.191639
26.520       -2.198943
26.535       -2.206198
26.550       -2.213403
26.565       -2.220555
26.580       -2.227653
26.595       -2.234695
26.610       -2.241679
26.625       -2.248604
26.640       -2.255468
26.655       -2.262269
26.670       -2.269006
26.685       -2.275676
26.700       -2.282279
26.715       -2.288812
26.730       -2.295274
26.745       -2.301664
26.760       -2.307979
26.775       -2.314219
26.790       -2.320381
26.805       -2.326465
26.820       -2.332468
26.835       -2.338390
26.850       -2.344228
26.865       -2.349982
26.880       -2.355649
26.895       -2.361229
26.910       -2.366720
26.925       -2.372121
26.940       -2.377430
26.955       -2.382646
26.970       -2.387768
26.985       -2.392795
27.000       -2.397725
27.015       -2.402557
27.030       -2.407290
27.045       -2.411923
27.060       -2.416455
27.075       -2.420883
27.090       -2.425209
27.105       -2.429429
27.120       -2.433544
27.135       -2.437552
27.150       -2.441453
27.165       -2.445245
27.180       -2.448927
27.195       -2.452498
27.210       -2.455958
27.225       -2.459306
27.240       -2.462541
27.255       -2.465662
27.270       -2.468668
27.285       -2.471559
27.300       -2.474334
27.315       -2.476992
27.330       -2.479533
27.345       -2.481955
27.360       -2.484259
27.375       -2.486444
27.390       -2.488508
27.405       -2.490453
27.420       -2.492276
27.435       -2.493979
27.450       -2.495560
27.465       -2.497019
27.480       -2.498355
27.495       -2.499569
27.510       -2.500659
27.525       -2.501627
27.540       -2.502470
27.555       -2.503191
27.570       -2.503787
27.585       -2.504259
27.600       -2.504607
27.615       -2.504830
27.630       -2.504930
27.645       -2.504905
27.660       -2.504755
27.675       -2.504482
27.690       -2.504084
27.705       -2.503562
27.720       -2.502916
27.735       -2.502146
27.750       -2.501253
27.765       -2.500236
27.780       -2.499095
27.795       -2.497832
27.810       -2.496447
27.825       -2.494939
27.840       -2.493309
27.855       -2.491558
27.870       -2.489686
27.885       -2.487693
27.900       -2.485580
27.915       -2.483347
27.930       -2.480996
27.945       -2.478526
27.960       -2.475938
27.975       -2.473233
27.990       -2.470411
28.005       -2.467474
28.020       -2.464421
28.035       -2.461254
28.050       -2.457974
28.065       -2.454581
28.080       -2.451076
28.095       -2.447460
28.110       -2.443733
28.125       -2.439898
28.140       -2.435954
28.155       -2.431903
28.170       -2.427745
28.185       -2.423482
28.200       -2.419115
28.215       -2.414645
28.230       -2.410073
28.245       -2.405400
28.260       -2.400627
28.275       -2.395755
28.290       -2.390786
28.305       -2.385721
28.320       -2.380561
28.335       -2.375307
28.350       -2.369961
28.365       -2.364523
28.380       -2.358996
28.395       -2.353381
28.410       -2.347679
28.425       -2.341891
28.440       -2.336019
28.455       -2.330065
28.470       -2.324029
28.485       -2.317914
28.500       -2.311720
28.515       -2.305450
28.530       -2.299104
28.545       -2.292685
28.560       -2.286194
28.575       -2.279633
28.590       -2.273003
28.605       -2.266305
28.620       -2.259543
28.635       -2.252716
28.650       -2.245828
28.665       -2.238879
28.680       -2.231871
28.695       -2.224806
28.710       -2.217686
28.725       -2.210513
28.740       -2.203288
28.755       -2.196013
28.770       -2.188689
28.785       -2.181320
28.800       -2.173906
28.815       -2.166449
28.830       -2.158952
28.845       -2.151415
28.860       -2.143842
28.875       -2.136233
28.890       -2.128591
28.905       -2.120917
28.920       -2.113214
28.935       -2.105483
28.950       -2.097726
28.965       -2.089945
28.980       -2.082143
28.995       -2.074320
29.010       -2.066479
29.025       -2.058622
29.040       -2.050751
29.055       -2.042868
29.070       -2.034974
29.085       -2.027072
29.100       -2.019163
29.115       -2.011250
29.130       -2.003335
29.145       -1.995419
29.160       -1.987504
29.175       -1.979592
29.190       -1.971686
29.205       -1.963787
29.220       -1.955897
29.235       -1.948019
29.250       -1.940153
29.265       -1.932302
29.280       -1.924469
29.295       -1.916654
29.310       -1.908860
29.325       -1.901088
29.340       -1.893342
29.355       -1.885622
29.370       -1.877930
29.385       -1.870269
29.400       -1.862640
29.415       -1.855045
29.430       -1.847486
29.445       -1.839965
29.460       -1.832484
29.475       -1.825044
29.490       -1.817648
29.505       -1.810297
29.520       -1.802993
29.535       -1.795737
29.550       -1.788533
29.565       -1.781381
29.580       -1.774283
29.595       -1.767241
29.610       -1.760256
29.625       -1.753331
29.640       -1.746468
29.655       -1.739667
29.670       -1.732930
29.685       -1.726259
29.700       -1.719657
29.715       -1.713123
29.730       -1.706661
29.745       -1.700272
29.760       -1.693956
29.775       -1.687716
29.790       -1.681554
29.805       -1.675470
29.820       -1.669467
29.835       -1.663546
29.850       -1.657707
29.865       -1.651954
29.880       -1.646286
29.895       -1.640707
29.910       -1.635216
29.925       -1.629815
29.940       -1.624506
29.955       -1.619289
29.970       -1.614167
29.985       -1.609140
30.000       -1.604210
30.015       -1.599378
30.030       -1.594645
30.045       -1.590012
30.060       -1.585481
30.075       -1.581052
30.090       -1.576727
30.105       -1.572506
30.120       -1.568391
30.135       -1.564383
30.150       -1.560483
30.165       -1.556691
30.180       -1.553009
30.195       -1.549437
30.210       -1.545977
30.225       -1.542629
30.240       -1.539394
30.255       -1.536273
30.270       -1.533267
30.285       -1.530376
30.300       -1.527601
30.315       -1.524943
30.330       -1.522403
30.345       -1.519980
30.360       -1.517677
30.375       -1.515492
30.390       -1.513427
30.405       -1.511483
30.420       -1.509659
30.435       -1.507957
30.450       -1.506376
30.465       -1.504917
30.480       -1.503581
30.495       -1.502367
30.510       -1.501276
30.525       -1.500309
30.540       -1.499465
30.555       -1.498745
30.570       -1.498149
30.585       -1.497677
30.600       -1.497329
30.615       -1.497105
30.630       -1.497006
30.645       -1.497031
30.660       -1.497180
30.675       -1.497454
30.690       -1.497852
30.705       -1.498374
30.720       -1.499020
30.735       -1.499789
30.750       -1.500683
30.765       -1.501700
30.780       -1.502840
30.795       -1.504103
30.810       -1.505489
30.825       -1.506997
30.840       -1.508626
30.855       -1.510378
30.870       -1.512250
30.885       -1.514243
30.900       -1.516356
30.915       -1.518588
30.930       -1.520940
30.945       -1.523410
30.960       -1.525998
30.975       -1.528703
30.990       -1.531524
31.005       -1.534462
31.020       -1.537514
31.035       -1.540681
31.050       -1.543961
31.065       -1.547355
31.080       -1.550860
31.095       -1.554476
31.110       -1.558202
31.125       -1.562038
31.140       -1.565982
31.155       -1.570033
31.170       -1.574190
31.185       -1.578453
31.200       -1.582820
31.215       -1.587290
31.230       -1.591863
31.245       -1.596536
31.260       -1.601309
31.275       -1.606181
31.290       -1.611150
31.305       -1.616215
31.320       -1.621375
31.335       -1.626629
31.350       -1.631975
31.365       -1.637412
31.380       -1.642939
31.395       -1.648554
31.410       -1.654257
31.425       -1.660044
31.440       -1.665916
31.455       -1.671871
31.470       -1.677906
31.485       -1.684022
31.500       -1.690216
31.515       -1.696486
31.530       -1.702831
31.545       -1.709250
31.560       -1.715741
31.575       -1.722303
31.590       -1.728933
31.605       -1.735630
31.620       -1.742393
31.635       -1.749219
31.650       -1.756108
31.665       -1.763057
31.680       -1.770065
31.695       -1.777130
31.710       -1.784249
31.725       -1.791423
31.740       -1.798648
31.755       -1.805923
31.770       -1.813246
31.785       -1.820616
31.800       -1.828030
31.815       -1.835486
31.830       -1.842984
31.845       -1.850520
31.860       -1.858094
31.875       -1.865703
31.890       -1.873345
31.905       -1.881019
31.920       -1.888722
31.935       -1.896453
31.950       -1.904210
31.965       -1.911990
31.980       -1.919793
31.995       -1.927616
32.010       -1.935456
32.025       -1.943313
32.040       -1.951184
32.055       -1.959068
32.070       -1.966961
32.085       -1.974864
32.100       -1.982772
32.115       -1.990685
32.130       -1.998601
32.145       -2.006517
32.160       -2.014432
32.175       -2.022343
32.190       -2.030250
32.205       -2.038149
32.220       -2.046038
32.235       -2.053917
32.250       -2.061783
32.265       -2.069633
32.280       -2.077467
32.295       -2.085282
32.310       -2.093076
32.325       -2.100847
32.340       -2.108594
32.355       -2.116314
32.370       -2.124005
32.385       -2.131667
32.400       -2.139296
32.415       -2.146891
32.430       -2.154449
32.445       -2.161971
32.460       -2.169452
32.475       -2.176892
32.490       -2.184288
32.505       -2.191639
32.520       -2.198943
32.535       -2.206198
32.550       -2.213403
32.565       -2.220555
32.580       -2.227653
32.595       -2.234695
32.610       -2.241679
32.625       -2.248604
32.640       -2.255468
32.655       -2.262269
32.670       -2.269006
32.685       -2.275676
32.700       -2.282279
32.715       -2.288812
32.730       -2.295274
32.745       -2.301664
32.760       -2.307979
32.775       -2.314219
32.790       -2.320381
32.805       -2.326465
32.820       -2.332468
32.835       -2.338390
32.850       -2.344228
32.865       -2.349982
32.880       -2.355649
32.895       -2.361229
32.910       -2.366720
32.925       -2.372121
32.940       -2.377430
32.955       -2.382646
32.970       -2.387768
32.985       -2.392795
33.000       -2.397725
33.015       -2.402557
33.030       -2.407290
33.045       -2.411923
33.060       -2.416455
33.075       -2.420883
33.090       -2.425209
33.105       -2.429429
33.120       -2.433544
33.135       -2.437552
33.150       -2.441453
33.165       -2.445245
33.180       -2.448927
33.195       -2.452498
33.210       -2.455958
33.225       -2.459306
33.240       -2.462541
33.255       -2.465662
33.270       -2.468669
33.285       -2.471559
33.300       -2.474334
33.315       -2.476992
33.330       -2.479533
33.345       -2.481955
33.360       -2.484259
33.375       -2.486444
33.390       -2.488508
33.405       -2.490453
33.420       -2.492276
33.435       -2.493979
33.450       -2.495560
33.465       -2.497019
33.480       -2.498355
33.495       -2.499569
33.510       -2.500659
33.525       -2.501627
33.540       -2.502470
33.555       -2.503191
33.570       -2.503787
33.585       -2.504259
33.600       -2.504607
33.615       -2.504830
33.630       -2.504930
33.645       -2.504905
33.660       -2.504756
33.675       -2.504482
33.690       -2.504084
33.705       -2.503562
33.720       -2.502916
33.735       -2.502146
33.750       -2.501253
33.765       -2.500236
33.780       -2.499095
33.795       -2.497832
33.810       -2.496447
33.825       -2.494939
33.840       -2.493309
33.855       -2.491558
33.870       -2.489686
33.885       -2.487693
33.900       -2.485580
33.915       -2.483347
33.930       -2.480996
33.945       -2.478526
33.960       -2.475938
33.975       -2.473233
33.990       -2.470411
34.005       -2.467474
34.020       -2.464421
34.035       -2.461254
34.050       -2.457974
34.065       -2.454581
34.080       -2.451076
34.095       -2.447460
34.110       -2.443733
34.125       -2.439898
34.140       -2.435954
34.155       -2.431903
34.170       -2.427745
34.185       -2.423482
34.200       -2.419115
34.215       -2.414645
34.230       -2.410073
34.245       -2.405400
34.260       -2.400627
34.275       -2.395755
34.290       -2.390786
34.305       -2.385721
34.320       -2.380561
34.335       -2.375307
34.350       -2.369961
34.365       -2.364523
34.380       -2.358996
34.395       -2.353381
34.410       -2.347679
34.425       -2.341891
34.440       -2.336019
34.455       -2.330065
34.470       -2.324029
34.485       -2.317914
34.500       -2.311720
34.515       -2.305450
34.530       -2.299104
34.545       -2.292685
34.560       -2.286194
34.575       -2.279633
34.590       -2.273003
34.605       -2.266305
34.620       -2.259543
34.635       -2.252716
34.650       -2.245828
34.665       -2.238878
34.680       -2.231871
34.695       -2.224806
34.710       -2.217686
34.725       -2.210513
34.740       -2.203288
34.755       -2.196013
34.770       -2.188689
34.785       -2.181320
34.800       -2.173906
34.815       -2.166449
34.830       -2.158952
34.845       -2.151415
34.860       -2.143842
34.875       -2.136233
34.890       -2.128591
34.905       -2.120917
34.920       -2.113214
34.935       -2.105483
34.950       -2.097726
34.965       -2.089945
34.980       -2.082143
34.995       -2.074320
35.010       -2.066479
35.025       -2.058622
35.040       -2.050751
35.055       -2.042868
35.070       -2.034974
35.085       -2.027072
35.100       -2.019163
35.115       -2.011250
35.130       -2.003335
35.145       -1.995419
35.160       -1.987504
35.175       -1.979592
35.190       -1.971686
35.205       -1.963787
35.220       -1.955897
35.235       -1.948019
35.250       -1.940153
35.265       -1.932302
35.280       -1.924469
35.295       -1.916654
35.310       -1.908860
35.325       -1.901088
35.340       -1.893342
35.355       -1.885622
35.370       -1.877930
35.385       -1.870269
35.400       -1.862640
35.415       -1.855045
35.430       -1.847486
35.445       -1.839965
35.460       -1.832484
35.475       -1.825044
35.490       -1.817648
35.505       -1.810297
35.520       -1.802993
35.535       -1.795737
35.550       -1.788533
35.565       -1.781381
35.580       -1.774283
35.595       -1.767241
35.610       -1.760256
35.625       -1.753331
35.640       -1.746468
35.655       -1.739666
35.670       -1.732930
35.685       -1.726259
35.700       -1.719657
35.715       -1.713123
35.730       -1.706661
35.745       -1.700272
35.760       -1.693956
35.775       -1.687716
35.790       -1.681554
35.805       -1.675470
35.820       -1.669467
35.835       -1.663546
35.850       -1.657707
35.865       -1.651954
35.880       -1.646286
35.895       -1.640707
35.910       -1.635216
35.925       -1.629815
35.940       -1.624506
35.955       -1.619289
35.970       -1.614167
35.985       -1.609140
36.000       -1.604210
36.015       -1.599378
36.030       -1.594645
36.045       -1.590012
36.060       -1.585481
36.075       -1.581052
36.090       -1.576727
36.105       -1.572506
36.120       -1.568391
36.135       -1.564383
36.150       -1.560483
36.165       -1.556691
36.180       -1.553009
36.195       -1.549437
36.210       -1.545977
36.225       -1.542629
36.240       -1.539394
36.255       -1.536273
36.270       -1.533267
36.285       -1.530376
36.300       -1.527601
36.315       -1.524943
36.330       -1.522403
36.345       -1.519980
36.360       -1.517677
36.375       -1.515492
36.390       -1.513427
36.405       -1.511483
36.420       -1.509659
36.435       -1.507957
36.450       -1.506376
36.465       -1.504917
36.480       -1.503581
36.495       -1.502367
36.510       -1.501276
36.525       -1.500309
36.540       -1.499465
36.555       -1.498745
36.570       -1.498149
36.585       -1.497677
36.600       -1.497329
36.615       -1.497105
36.630       -1.497006
36.645       -1.497031
36.660       -1.497180
36.675       -1.497454
36.690       -1.497852
36.705       -1.498374
36.720       -1.499020
36.735       -1.499789
36.750       -1.500683
36.765       -1.501700
36.780       -1.502840
36.795       -1.504103
36.810       -1.505489
36.825       -1.506997
36.840       -1.508626
36.855       -1.510378
36.870       -1.512250
36.885       -1.514243
36.900       -1.516356
36.915       -1.518588
36.930       -1.520940
36.945       -1.523410
36.960       -1.525998
36.975       -1.528703
36.990       -1.531524
37.005       -1.534462
37.020       -1.537514
37.035       -1.540681
37.050       -1.543961
37.065       -1.547355
37.080       -1.550860
37.095       -1.554476
37.110       -1.558202
37.125       -1.562038
37.140       -1.565982
37.155       -1.570033
37.170       -1.574190
37.185       -1.578453
37.200       -1.582820
37.215       -1.587290
37.230       -1.591863
37.245       -1.596536
37.260       -1.601309
37.275       -1.606181
37.290       -1.611150
37.305       -1.616215
37.320       -1.621375
37.335       -1.626629
37.350       -1.631975
37.365       -1.637412
37.380       -1.642939
37.395       -1.648554
37.410       -1.654257
37.425       -1.660044
37.440       -1.665916
37.455       -1.671871
37.470       -1.677906
37.485       -1.684022
37.500       -1.690216
37.515       -1.696486
37.530       -1.702831
37.545       -1.709250
37.560       -1.715741
37.575       -1.722303
37.590       -1.728933
37.605       -1.735630
37.620       -1.742393
37.635       -1.749219
37.650       -1.756108
37.665       -1.763057
37.680       -1.770065
37.695       -1.777130
37.710       -1.784249
37.725       -1.791423
37.740       -1.798648
37.755       -1.805923
37.770       -1.813246
37.785       -1.820616
37.800       -1.828030
37.815       -1.835486
37.830       -1.842984
37.845       -1.850520
37.860       -1.858094
37.875       -1.865703
37.890       -1.873345
37.905       -1.881019
37.920       -1.888722
37.935       -1.896453
37.950       -1.904210
37.965       -1.911990
37.980       -1.919793
37.995       -1.927616
38.010       -1.935456
38.025       -1.943313
38.040       -1.951184
38.055       -1.959068
38.070       -1.966961
38.085       -1.974864
38.100       -1.982772
38.115       -1.990685
38.130       -1.998601
38.145       -2.006517
38.160       -2.014432
38.175       -2.022343
38.190       -2.030250
38.205       -2.038149
38.220       -2.046038
38.235       -2.053917
38.250       -2.061783
38.265       -2.069633
38.280       -2.077467
38.295       -2.085282
38.310       -2.093076
38.325       -2.100847
38.340       -2.108594
38.355       -2.116314
38.370       -2.124005
38.385       -2.131667
38.400       -2.139296
38.415       -2.146891
38.430       -2.154449
38.445       -2.161971
38.460       -2.169452
38.475       -2.176892
38.490       -2.184288
38.505       -2.191639
38.520       -2.198943
38.535       -2.206198
38.550       -2.213403
38.565       -2.220555
38.580       -2.227653
38.595       -2.234695
38.610       -2.241679
38.625       -2.248604
38.640       -2.255468
38.655       -2.262269
38.670       -2.269006
38.685       -2.275676
38.700       -2.282279
38.715       -2.288812
38.730       -2.295274
38.745       -2.301664
38.760       -2.307979
38.775       -2.314219
38.790       -2.320381
38.805       -2.326465
38.820       -2.332468
38.835       -2.338390
38.850       -2.344228
38.865       -2.349982
38.880       -2.355649
38.895       -2.361229
38.910       -2.366720
38.925       -2.372121
38.940       -2.377430
38.955       -2.382646
38.970       -2.387768
38.985       -2.392795
39.000       -2.397725
39.015       -2.402557
39.030       -2.407290
39.045       -2.411923
39.060       -2.416455
39.075       -2.420883
39.090       -2.425209
39.105       -2.429429
39.120       -2.433544
39.135       -2.437552
39.150       -2.441453
39.165       -2.445245
39.180       -2.448927
39.195       -2.452498
39.210       -2.455958
39.225       -2.459306
39.240       -2.462541
39.255       -2.465662
39.270       -2.468669
39.285       -2.471559
39.300       -2.474334
39.315       -2.476992
39.330       -2.479533
39.345       -2.481955
39.360       -2.484259
39.375       -2.486444
39.390       -2.488508
39.405       -2.490453
39.420       -2.492276
39.435       -2.493979
39.450       -2.495560
39.465       -2.497019
39.480       -2.498355
39.495       -2.499569
39.510       -2.500659
39.525       -2.501627
39.540       -2.502470
39.555       -2.503191
39.570       -2.503787
39.585       -2.504259
39.600       -2.504607
39.615       -2.504830
39.630       -2.504930
39.645       -2.504905
39.660       -2.504756
39.675       -2.504482
39.690       -2.504084
39.705       -2.503562
39.720       -2.502916
39.735       -2.502146
39.750       -2.501253
39.765       -2.500236
39.780       -2.499095
39.795       -2.497832
39.810       -2.496447
39.825       -2.494939
39.840       -2.493309
39.855       -2.491558
39.870       -2.489686
39.885       -2.487693
39.900       -2.485580
39.915       -2.483347
39.930       -2.480996
39.945       -2.478526
39.960       -2.475938
39.975       -2.473233
39.990       -2.470411
40.005       -2.467474
40.020       -2.464421
40.035       -2.461254
40.050       -2.457974
40.065       -2.454581
40.080       -2.451076
40.095       -2.447460
40.110       -2.443733
40.125       -2.439898
40.140       -2.435954
40.155       -2.431903
40.170       -2.427745
40.185       -2.423482
40.200       -2.419115
40.215       -2.414645
40.230       -2.410073
40.245       -2.405400
40.260       -2.400627
40.275       -2.395755
40.290       -2.390786
40.305       -2.385721
40.320       -2.380561
40.335       -2.375307
40.350       -2.369961
40.365       -2.364523
40.380       -2.358996
40.395       -2.353381
40.410       -2.347679
40.425       -2.341891
40.440       -2.336019
40.455       -2.330065
40.470       -2.324029
40.485       -2.317914
40.500       -2.311720
40.515       -2.305450
40.530       -2.299104
40.545       -2.292685
40.560       -2.286194
40.575       -2.279633
40.590       -2.273003
40.605       -2.266305
40.620       -2.259543
40.635       -2.252716
40.650       -2.245828
40.665       -2.238878
40.680       -2.231871
40.695       -2.224806
40.710       -2.217686
40.725       -2.210513
40.740       -2.203288
40.755       -2.196013
40.770       -2.188689
40.785       -2.181320
40.800       -2.173906
40.815       -2.166449
40.830       -2.158952
40.845       -2.151415
40.860       -2.143842
40.875       -2.136233
40.890       -2.128591
40.905       -2.120917
40.920       -2.113214
40.935       -2.105483
40.950       -2.097726
40.965       -2.089945
40.980       -2.082143
40.995       -2.074320
41.010       -2.066479
41.025       -2.058622
41.040       -2.050751
41.055       -2.042868
41.070       -2.034974
41.085       -2.027072
41.100       -2.019163
41.115       -2.011250
41.130       -2.003335
41.145       -1.995419
41.160       -1.987504
41.175       -1.979592
41.190       -1.971686
41.205       -1.963787
41.220       -1.955897
41.235       -1.948019
41.250       -1.940153
41.265       -1.932302
41.280       -1.924469
41.295       -1.916654
41.310       -1.908860
41.325       -1.901088
41.340       -1.893342
41.355       -1.885622
41.370       -1.877930
41.385       -1.870269
41.400       -1.862640
41.415       -1.855045
41.430       -1.847486
41.445       -1.839965
41.460       -1.832484
41.475       -1.825044
41.490       -1.817648
41.505       -1.810297
41.520       -1.802993
41.535       -1.795737
41.550       -1.788533
41.565       -1.781381
41.580       -1.774283
41.595       -1.767241
41.610       -1.760256
41.625       -1.753331
41.640       -1.746468
41.655       -1.739666
41.670       -1.732930
41.685       -1.726259
41.700       -1.719657
41.715       -1.713123
41.730       -1.706661
41.745       -1.700272
41.760       -1.693956
41.775       -1.687716
41.790       -1.681554
41.805       -1.675470
41.820       -1.669467
41.835       -1.663546
41.850       -1.657707
41.865       -1.651954
41.880       -1.646286
41.895       -1.640707
41.910       -1.635216
41.925       -1.629815
41.940       -1.624506
41.955       -1.619289
41.970       -1.614167
41.985       -1.609140
42.000       -1.604210
42.015       -1.599378
42.030       -1.594645
42.045       -1.590012
42.060       -1.585481
42.075       -1.581052
42.090       -1.576727
42.105       -1.572506
42.120       -1.568391
42.135       -1.564383
42.150       -1.560483
42.165       -1.556691
42.180       -1.553009
42.195       -1.549437
42.210       -1.545977
42.225       -1.542629
42.240       -1.539394
42.255       -1.536273
42.270       -1.533267
42.285       -1.530376
42.300       -1.527601
42.315       -1.524943
42.330       -1.522403
42.345       -1.519980
42.360       -1.517677
42.375       -1.515492
42.390       -1.513427
42.405       -1.511483
42.420       -1.509659
42.435       -1.507957
42.450       -1.506376
42.465       -1.504917
42.480       -1.503581
42.495       -1.502367
42.510       -1.501276
42.525       -1.500309
42.540       -1.499465
42.555       -1.498745
42.570       -1.498149
42.585       -1.497677
42.600       -1.497329
42.615       -1.497105
42.630       -1.497006
42.645       -1.497031
42.660       -1.497180
42.675       -1.497454
42.690       -1.497852
42.705       -1.498374
42.720       -1.499020
42.735       -1.499789
42.750       -1.500683
42.765       -1.501700
42.780       -1.502840
42.795       -1.504103
42.810       -1.505489
42.825       -1.506997
42.840       -1.508626
42.855       -1.510378
42.870       -1.512250
42.885       -1.514243
42.900       -1.516356
42.915       -1.518588
42.930       -1.520940
42.945       -1.523410
42.960       -1.525998
42.975       -1.528703
42.990       -1.531524
43.005       -1.534462
43.020       -1.537514
43.035       -1.540681
43.050       -1.543961
43.065       -1.547355
43.080       -1.550860
43.095       -1.554476
43.110       -1.558202
43.125       -1.562038
43.140       -1.565982
43.155       -1.570033
43.170       -1.574190
43.185       -1.578453
43.200       -1.582820
43.215       -1.587290
43.230       -1.591863
43.245       -1.596536
43.260       -1.601309
43.275       -1.606181
43.290       -1.611150
43.305       -1.616215
43.320       -1.621375
43.335       -1.626629
43.350       -1.631975
43.365       -1.637412
43.380       -1.642939
43.395       -1.648554
43.410       -1.654257
43.425       -1.660044
43.440       -1.665916
43.455       -1.671871
43.470       -1.677906
43.485       -1.684022
43.500       -1.690216
43.515       -1.696486
43.530       -1.702831
43.545       -1.709250
43.560       -1.715741
43.575       -1.722303
43.590       -1.728933
43.605       -1.735630
43.620       -1.742393
43.635       -1.749219
43.650       -1.756108
43.665       -1.763057
43.680       -1.770065
43.695       -1.777130
43.710       -1.784249
43.725       -1.791423
43.740       -1.798648
43.755       -1.805923
43.770       -1.813246
43.785       -1.820616
43.800       -1.828030
43.815       -1.835486
43.830       -1.842984
43.845       -1.850520
43.860       -1.858094
43.875       -1.865703
43.890       -1.873345
43.905       -1.881019
43.920       -1.888722
43.935       -1.896453
43.950       -1.904210
43.965       -1.911990
43.980       -1.919793
43.995       -1.927616
44.010       -1.935456
44.025       -1.943313
44.040       -1.951184
44.055       -1.959068
44.070       -1.966961
44.085       -1.974864
44.100       -1.982772
44.115       -1.990685
44.130       -1.998601
44.145       -2.006517
44.160       -2.014432
44.175       -2.022343
44.190       -2.030250
44.205       -2.038149
44.220       -2.046038
44.235       -2.053917
44.250       -2.061783
44.265       -2.069633
44.280       -2.077467
44.295       -2.085282
44.310       -2.093076
44.325       -2.100847
44.340       -2.108594
44.355       -2.116314
44.370       -2.124005
44.385       -2.131667
44.400       -2.139296
44.415       -2.146891
44.430       -2.154449
44.445       -2.161971
44.460       -2.169452
44.475       -2.176892
44.490       -2.184288
44.505       -2.191639
44.520       -2.198943
44.535       -2.206198
44.550       -2.213403
44.565       -2.220555
44.580       -2.227653
44.595       -2.234695
44.610       -2.241679
44.625       -2.248604
44.640       -2.255468
44.655       -2.262269
44.670       -2.269006
44.685       -2.275676
44.700       -2.282279
44.715       -2.288812
44.730       -2.295274
44.745       -2.301664
44.760       -2.307979
44.775       -2.314219
44.790       -2.320381
44.805       -2.326465
44.820       -2.332468
44.835       -2.338390
44.850       -2.344228
44.865       -2.349982
44.880       -2.355649
44.895       -2.361229
44.910       -2.366720
44.925       -2.372121
44.940       -2.377430
44.955       -2.382646
44.970       -2.387768
44.985       -2.392795
45.000       -2.397725
45.015       -2.402557
45.030       -2.407290
45.045       -2.411923
45.060       -2.416455
45.075       -2.420883
45.090       -2.425209
45.105       -2.429429
45.120       -2.433544
45.135       -2.437552
45.150       -2.441453
45.165       -2.445245
45.180       -2.448927
45.195       -2.452498
45.210       -2.455958
45.225       -2.459306
45.240       -2.462541
45.255       -2.465662
45.270       -2.468669
45.285       -2.471559
45.300       -2.474334
45.315       -2.476992
45.330       -2.479533
45.345       -2.481955
45.360       -2.484259
45.375       -2.486444
45.390       -2.488508
45.405       -2.490453
45.420       -2.492276
45.435       -2.493979
45.450       -2.495560
45.465       -2.497019
45.480       -2.498355
45.495       -2.499569
45.510       -2.500659
45.525       -2.501627
45.540       -2.502470
45.555       -2.503191
45.570       -2.503787
45.585       -2.504259
45.600       -2.504607
45.615       -2.504830
45.630       -2.504930
45.645       -2.504905
45.660       -2.504756
45.675       -2.504482
45.690       -2.504084
45.705       -2.503562
45.720       -2.502916
45.735       -2.502146
45.750       -2.501253
45.765       -2.500236
45.780       -2.499095
45.795       -2.497832
45.810       -2.496447
45.825       -2.494939
45.840       -2.493309
45.855       -2.491558
45.870       -2.489686
45.885       -2.487693
45.900       -2.485580
45.915       -2.483347
45.930       -2.480996
45.945       -2.478526
45.960       -2.475938
45.975       -2.473233
45.990       -2.470411
46.005       -2.467474
46.020       -2.464421
46.035       -2.461254
46.050       -2.457974
46.065       -2.454581
46.080       -2.451076
46.095       -2.447460
46.110       -2.443733
46.125       -2.439898
46.140       -2.435954
46.155       -2.431903
46.170       -2.427745
46.185       -2.423482
46.200       -2.419115
46.215       -2.414645
46.230       -2.410073
46.245       -2.405400
46.260       -2.400627
46.275       -2.395755
46.290       -2.390786
46.305       -2.385721
46.320       -2.380561
46.335       -2.375307
46.350       -2.369961
46.365       -2.364523
46.380       -2.358996
46.395       -2.353381
46.410       -2.347679
46.425       -2.341891
46.440       -2.336019
46.455       -2.330065
46.470       -2.324029
46.485       -2.317914
46.500       -2.311720
46.515       -2.305450
46.530       -2.299104
46.545       -2.292685
46.560       -2.286194
46.575       -2.279633
46.590       -2.273003
46.605       -2.266305
46.620       -2.259543
46.635       -2.252716
46.650       -2.245828
46.665       -2.238878
46.680       -2.231871
46.695       -2.224806
46.710       -2.217686
46.725       -2.210513
46.740       -2.203288
46.755       -2.196013
46.770       -2.188689
46.785       -2.181320
46.800       -2.173906
46.815       -2.166449
46.830       -2.158952
46.845       -2.151415
46.860       -2.143842
46.875       -2.136233
46.890       -2.128591
46.905       -2.120917
46.920       -2.113214
46.935       -2.105483
46.950       -2.097726
46.965       -2.089945
46.980       -2.082143
46.995       -2.074320
47.010       -2.066479
47.025       -2.058622
47.040       -2.050751
47.055       -2.042868
47.070       -2.034974
47.085       -2.027072
47.100       -2.019163
47.115       -2.011250
47.130       -2.003335
47.145       -1.995419
47.160       -1.987504
47.175       -1.979592
47.190       -1.971686
47.205       -1.963787
47.220       -1.955897
47.235       -1.948019
47.250       -1.940153
47.265       -1.932302
47.280       -1.924469
47.295       -1.916654
47.310       -1.908860
47.325       -1.901088
47.340       -1.893342
47.355       -1.885622
47.370       -1.877930
47.385       -1.870269
47.400       -1.862640
47.415       -1.855045
47.430       -1.847486
47.445       -1.839965
47.460       -1.832484
47.475       -1.825044
47.490       -1.817648
47.505       -1.810297
47.520       -1.802993
47.535       -1.795737
47.550       -1.788533
47.565       -1.781381
47.580       -1.774283
47.595       -1.767241
47.610       -1.760256
47.625       -1.753331
47.640       -1.746468
47.655       -1.739666
47.670       -1.732930
47.685       -1.726259
47.700       -1.719657
47.715       -1.713123
47.730       -1.706661
47.745       -1.700272
47.760       -1.693956
47.775       -1.687716
47.790       -1.681554
47.805       -1.675470
47.820       -1.669467
47.835       -1.663546
47.850       -1.657707
47.865       -1.651954
47.880       -1.646286
47.895       -1.640707
47.910       -1.635216
47.925       -1.629815
47.940       -1.624506
47.955       -1.619289
47.970       -1.614167
47.985       -1.609140
48.000       -1.604210
48.015       -1.599378
48.030       -1.594645
48.045       -1.590012
48.060       -1.585481
48.075       -1.581052
48.090       -1.576727
48.105       -1.572506
48.120       -1.568391
48.135       -1.564383
48.150       -1.560483
48.165       -1.556691
48.180       -1.553009
48.195       -1.549437
48.210       -1.545977
48.225       -1.542629
48.240       -1.539394
48.255       -1.536273
48.270       -1.533267
48.285       -1.530376
48.300       -1.527601
48.315       -1.524943
48.330       -1.522403
48.345       -1.519980
48.360       -1.517677
48.375       -1.515492
48.390       -1.513427
48.405       -1.511483
48.420       -1.509659
48.435       -1.507957
48.450       -1.506376
48.465       -1.504917
48.480       -1.503581
48.495       -1.502367
48.510       -1.501276
48.525       -1.500309
48.540       -1.499465
48.555       -1.498745
48.570       -1.498149
48.585       -1.497677
48.600       -1.497329
48.615       -1.497105
48.630       -1.497006
48.645       -1.497031
48.660       -1.497180
48.675       -1.497454
48.690       -1.497852
48.705       -1.498374
48.720       -1.499020
48.735       -1.499789
48.750       -1.500683
48.765       -1.501700
48.780       -1.502840
48.795       -1.504103
48.810       -1.505489
48.825       -1.506997
48.840       -1.508626
48.855       -1.510378
48.870       -1.512250
48.885       -1.514243
48.900       -1.516356
48.915       -1.518588
48.930       -1.520940
48.945       -1.523410
48.960       -1.525998
48.975       -1.528703
48.990       -1.531524
49.005       -1.534462
49.020       -1.537514
49.035       -1.540681
49.050       -1.543961
49.065       -1.547355
49.080       -1.550860
49.095       -1.554476
49.110       -1.558202
49.125       -1.562038
49.140       -1.565982
49.155       -1.570033
49.170       -1.574190
49.185       -1.578453
49.200       -1.582820
49.215       -1.587290
49.230       -1.591863
49.245       -1.596536
49.260       -1.601309
49.275       -1.606181
49.290       -1.611150
49.305       -1.616215
49.320       -1.621375
49.335       -1.626629
49.350       -1.631975
49.365       -1.637412
49.380       -1.642939
49.395       -1.648554
49.410       -1.654257
49.425       -1.660044
49.440       -1.665916
49.455       -1.671871
49.470       -1.677906
49.485       -1.684022
49.500       -1.690216
49.515       -1.696486
49.530       -1.702831
49.545       -1.709250
49.560       -1.715741
49.575       -1.722303
49.590       -1.728933
49.605       -1.735630
49.620       -1.742393
49.635       -1.749219
49.650       -1.756108
49.665       -1.763057
49.680       -1.770065
49.695       -1.777130
49.710       -1.784249
49.725       -1.791423
49.740       -1.798648
49.755       -1.805923
49.770       -1.813246
49.785       -1.820616
49.800       -1.828030
49.815       -1.835486
49.830       -1.842984
49.845       -1.850520
49.860       -1.858094
49.875       -1.865703
49.890       -1.873345
49.905       -1.881019
49.920       -1.888722
49.935       -1.896453
49.950       -1.904210
49.965       -1.911990
49.980       -1.919793
49.995       -1.927616
50.010       -1.935456
50.025       -1.943313
50.040       -1.951184
50.055       -1.959068
50.070       -1.966961
50.085       -1.974864
50.100       -1.982772
50.115       -1.990685
50.130       -1.998601
50.145       -2.006517
50.160       -2.014432
50.175       -2.022343
50.190       -2.030250
50.205       -2.038149
50.220       -2.046038
50.235       -2.053917
50.250       -2.061783
50.265       -2.069633
50.280       -2.077467
50.295       -2.085282
50.310       -2.093076
50.325       -2.100847
50.340       -2.108594
50.355       -2.116314
50.370       -2.124005
50.385       -2.131667
50.400       -2.139296
50.415       -2.146891
50.430       -2.154449
50.445       -2.161971
50.460       -2.169452
50.475       -2.176892
50.490       -2.184288
50.505       -2.191639
50.520       -2.198943
50.535       -2.206198
50.550       -2.213403
50.565       -2.220555
50.580       -2.227653
50.595       -2.234695
50.610       -2.241679
50.625       -2.248604
50.640       -2.255468
50.655       -2.262269
50.670       -2.269006
50.685       -2.275676
50.700       -2.282279
50.715       -2.288812
50.730       -2.295274
50.745       -2.301664
50.760       -2.307979
50.775       -2.314219
50.790       -2.320381
50.805       -2.326465
50.820       -2.332468
50.835       -2.338390
50.850       -2.344228
50.865       -2.349982
50.880       -2.355649
50.895       -2.361229
50.910       -2.366720
50.925       -2.372121
50.940       -2.377430
50.955       -2.382646
50.970       -2.387768
50.985       -2.392795
51.000       -2.397725
51.015       -2.402557
51.030       -2.407290
51.045       -2.411923
51.060       -2.416455
51.075       -2.420883
51.090       -2.425209
51.105       -2.429429
51.120       -2.433544
51.135       -2.437552
51.150       -2.441453
51.165       -2.445245
51.180       -2.448927
51.195       -2.452498
51.210       -2.455958
51.225       -2.459306
51.240       -2.462541
51.255       -2.465662
51.270       -2.468669
51.285       -2.471559
51.300       -2.474334
51.315       -2.476992
51.330       -2.479533
51.345       -2.481955
51.360       -2.484259
51.375       -2.486444
51.390       -2.488508
51.405       -2.490453
51.420       -2.492276
51.435       -2.493979
51.450       -2.495560
51.465       -2.497019
51.480       -2.498355
51.495       -2.499569
51.510       -2.500659
51.525       -2.501627
51.540       -2.502470
51.555       -2.503191
51.570       -2.503787
51.585       -2.504259
51.600       -2.504607
51.615       -2.504830
51.630       -2.504930
51.645       -2.504905
51.660       -2.504756
51.675       -2.504482
51.690       -2.504084
51.705       -2.503562
51.720       -2.502916
51.735       -2.502146
51.750       -2.501253
51.765       -2.500236
51.780       -2.499095
51.795       -2.497832
51.810       -2.496447
51.825       -2.494939
51.840       -2.493309
51.855       -2.491558
51.870       -2.489686
51.885       -2.487693
51.900       -2.485580
51.915       -2.483347
51.930       -2.480996
51.945       -2.478526
51.960       -2.475938
51.975       -2.473233
51.990       -2.470411
52.005       -2.467474
52.020       -2.464421
52.035       -2.461254
52.050       -2.457974
52.065       -2.454581
52.080       -2.451076
52.095       -2.447460
52.110       -2.443733
52.125       -2.439898
52.140       -2.435954
52.155       -2.431903
52.170       -2.427745
52.185       -2.423482
52.200       -2.419115
52.215       -2.414645
52.230       -2.410073
52.245       -2.405400
52.260       -2.400627
52.275       -2.395755
52.290       -2.390786
52.305       -2.385721
52.320       -2.380561
52.335       -2.375307
52.350       -2.369961
52.365       -2.364523
52.380       -2.358996
52.395       -2.353381
52.410       -2.347679
52.425       -2.341891
52.440       -2.336019
52.455       -2.330065
52.470       -2.324029
52.485       -2.317914
52.500       -2.311720
52.515       -2.305450
52.530       -2.299104
52.545       -2.292685
52.560       -2.286194
52.575       -2.279633
52.590       -2.273003
52.605       -2.266305
52.620       -2.259543
52.635       -2.252716
52.650       -2.245828
52.665       -2.238878
52.680       -2.231871
52.695       -2.224806
52.710       -2.217686
52.725       -2.210513
52.740       -2.203288
52.755       -2.196013
52.770       -2.188689
52.785       -2.181320
52.800       -2.173906
52.815       -2.166449
52.830       -2.158952
52.845       -2.151415
52.860       -2.143842
52.875       -2.136233
52.890       -2.128591
52.905       -2.120917
52.920       -2.113214
52.935       -2.105483
52.950       -2.097726
52.965       -2.089945
52.980       -2.082143
52.995       -2.074320
53.010       -2.066479
53.025       -2.058622
53.040       -2.050751
53.055       -2.042868
53.070       -2.034974
53.085       -2.027072
53.100       -2.019163
53.115       -2.011250
53.130       -2.003335
53.145       -1.995419
53.160       -1.987504
53.175       -1.979592
53.190       -1.971686
53.205       -1.963787
53.220       -1.955897
53.235       -1.948019
53.250       -1.940153
53.265       -1.932302
53.280       -1.924469
53.295       -1.916654
53.310       -1.908860
53.325       -1.901088
53.340       -1.893342
53.355       -1.885622
53.370       -1.877930
53.385       -1.870269
53.400       -1.862640
53.415       -1.855045
53.430       -1.847486
53.445       -1.839965
53.460       -1.832484
53.475       -1.825044
53.490       -1.817648
53.505       -1.810297
53.520       -1.802993
53.535       -1.795737
53.550       -1.788533
53.565       -1.781381
53.580       -1.774283
53.595       -1.767241
53.610       -1.760256
53.625       -1.753331
53.640       -1.746468
53.655       -1.739666
53.670       -1.732930
53.685       -1.726259
53.700       -1.719657
53.715       -1.713123
53.730       -1.706661
53.745       -1.700272
53.760       -1.693956
53.775       -1.687716
53.790       -1.681554
53.805       -1.675470
53.820       -1.669467
53.835       -1.663546
53.850       -1.657707
53.865       -1.651954
53.880       -1.646286
53.895       -1.640707
53.910       -1.635216
53.925       -1.629815
53.940       -1.624506
53.955       -1.619289
53.970       -1.614167
53.985       -1.609140
54.000       -1.604210
54.015       -1.599378
54.030       -1.594645
54.045       -1.590012
54.060       -1.585481
54.075       -1.581052
54.090       -1.576727
54.105       -1.572506
54.120       -1.568391
54.135       -1.564383
54.150       -1.560483
54.165       -1.556691
54.180       -1.553009
54.195       -1.549437
54.210       -1.545977
54.225       -1.542629
54.240       -1.539394
54.255       -1.536273
54.270       -1.533267
54.285       -1.530376
54.300       -1.527601
54.315       -1.524943
54.330       -1.522403
54.345       -1.519980
54.360       -1.517677
54.375       -1.515492
54.390       -1.513427
54.405       -1.511483
54.420       -1.509659
54.435       -1.507957
54.450       -1.506376
54.465       -1.504917
54.480       -1.503581
54.495       -1.502367
54.510       -1.501276
54.525       -1.500309
54.540       -1.499465
54.555       -1.498745
54.570       -1.498149
54.585       -1.497677
54.600       -1.497329
54.615       -1.497105
54.630       -1.497006
54.645       -1.497031
54.660       -1.497180
54.675       -1.497454
54.690       -1.497852
54.705       -1.498374
54.720       -1.499020
54.735       -1.499789
54.750       -1.500683
54.765       -1.501700
54.780       -1.502840
54.795       -1.504103
54.810       -1.505489
54.825       -1.506997
54.840       -1.508626
54.855       -1.510378
54.870       -1.512250
54.885       -1.514243
54.900       -1.516356
54.915       -1.518588
54.930       -1.520940
54.945       -1.523410
54.960       -1.525998
54.975       -1.528703
54.990       -1.531524
55.005       -1.534462
55.020       -1.537514
55.035       -1.540681
55.050       -1.543961
55.065       -1.547355
55.080       -1.550860
55.095       -1.554476
55.110       -1.558202
55.125       -1.562038
55.140       -1.565982
55.155       -1.570033
55.170       -1.574190
55.185       -1.578453
55.200       -1.582820
55.215       -1.587290
55.230       -1.591863
55.245       -1.596536
55.260       -1.601309
55.275       -1.606181
55.290       -1.611150
55.305       -1.616215
55.320       -1.621375
55.335       -1.626629
55.350       -1.631975
55.365       -1.637412
55.380       -1.642939
55.395       -1.648554
55.410       -1.654257
55.425       -1.660044
55.440       -1.665916
55.455       -1.671871
55.470       -1.677906
55.485       -1.684022
55.500       -1.690216
55.515       -1.696486
55.530       -1.702831
55.545       -1.709250
55.560       -1.715741
55.575       -1.722303
55.590       -1.728933
55.605       -1.735630
55.620       -1.742393
55.635       -1.749219
55.650       -1.756108
55.665       -1.763057
55.680       -1.770065
55.695       -1.777130
55.710       -1.784249
55.725       -1.791423
55.740       -1.798648
55.755       -1.805923
55.770       -1.813246
55.785       -1.820616
55.800       -1.828030
55.815       -1.835486
55.830       -1.842984
55.845       -1.850520
55.860       -1.858094
55.875       -1.865703
55.890       -1.873345
55.905       -1.881019
55.920       -1.888722
55.935       -1.896453
55.950       -1.904210
55.965       -1.911990
55.980       -1.919793
55.995       -1.927616
56.010       -1.935456
56.025       -1.943313
56.040       -1.951184
56.055       -1.959068
56.070       -1.966961
56.085       -1.974864
56.100       -1.982772
56.115       -1.990685
56.130       -1.998601
56.145       -2.006517
56.160       -2.014432
56.175       -2.022343
56.190       -2.030250
56.205       -2.038148
56.220       -2.046038
56.235       -2.053917
56.250       -2.061783
56.265       -2.069633
56.280       -2.077467
56.295       -2.085282
56.310       -2.093076
56.325       -2.100847
56.340       -2.108594
56.355       -2.116314
56.370       -2.124005
56.385       -2.131667
56.400       -2.139296
56.415       -2.146891
56.430       -2.154449
56.445       -2.161970
56.460       -2.169452
56.475       -2.176892
56.490       -2.184288
56.505       -2.191639
56.520       -2.198943
56.535       -2.206198
56.550       -2.213403
56.565       -2.220555
56.580       -2.227653
56.595       -2.234695
56.610       -2.241679
56.625       -2.248604
56.640       -2.255468
56.655       -2.262269
56.670       -2.269006
56.685       -2.275676
56.700       -2.282279
56.715       -2.288812
56.730       -2.295274
56.745       -2.301664
56.760       -2.307979
56.775       -2.314219
56.790       -2.320381
56.805       -2.326465
56.820       -2.332468
56.835       -2.338390
56.850       -2.344228
56.865       -2.349982
56.880       -2.355649
56.895       -2.361229
56.910       -2.366720
56.925       -2.372121
56.940       -2.377430
56.955       -2.382646
56.970       -2.387768
56.985       -2.392795
57.000       -2.397725
57.015       -2.402557
57.030       -2.407290
57.045       -2.411923
57.060       -2.416455
57.075       -2.420883
57.090       -2.425209
57.105       -2.429429
57.120       -2.433544
57.135       -2.437552
57.150       -2.441453
57.165       -2.445245
57.180       -2.448927
57.195       -2.452498
57.210       -2.455958
57.225       -2.459306
57.240       -2.462541
57.255       -2.465662
57.270       -2.468669
57.285       -2.471559
57.300       -2.474334
57.315       -2.476992
57.330       -2.479533
57.345       -2.481955
57.360       -2.484259
57.375       -2.486444
57.390       -2.488508
57.405       -2.490453
57.420       -2.492276
57.435       -2.493979
57.450       -2.495560
57.465       -2.497019
57.480       -2.498355
57.495       -2.499569
57.510       -2.500659
57.525       -2.501627
57.540       -2.502470
57.555       -2.503191
57.570       -2.503787
57.585       -2.504259
57.600       -2.504607
57.615       -2.504830
57.630       -2.504930
57.645       -2.504905
57.660       -2.504756
57.675       -2.504482
57.690       -2.504084
57.705       -2.503562
57.720       -2.502916
57.735       -2.502146
57.750       -2.501253
57.765       -2.500236
57.780       -2.499095
57.795       -2.497832
57.810       -2.496447
57.825       -2.494939
57.840       -2.493309
57.855       -2.491558
57.870       -2.489686
57.885       -2.487693
57.900       -2.485580
57.915       -2.483347
57.930       -2.480996
57.945       -2.478526
57.960       -2.475938
57.975       -2.473233
57.990       -2.470411
58.005       -2.467474
58.020       -2.464421
58.035       -2.461254
58.050       -2.457974
58.065       -2.454581
58.080       -2.451076
58.095       -2.447460
58.110       -2.443733
58.125       -2.439898
58.140       -2.435954
58.155       -2.431903
58.170       -2.427745
58.185       -2.423482
58.200       -2.419115
58.215       -2.414645
58.230       -2.410073
58.245       -2.405400
58.260       -2.400627
58.275       -2.395755
58.290       -2.390786
58.305       -2.385721
58.320       -2.380561
58.335       -2.375307
58.350       -2.369961
58.365       -2.364523
58.380       -2.358996
58.395       -2.353381
58.410       -2.347679
58.425       -2.341891
58.440       -2.336019
58.455       -2.330065
58.470       -2.324029
58.485       -2.317914
58.500       -2.311720
58.515       -2.305450
58.530       -2.299104
58.545       -2.292685
58.560       -2.286194
58.575       -2.279633
58.590       -2.273003
58.605       -2.266305
58.620       -2.259543
58.635       -2.252716
58.650       -2.245828
58.665       -2.238878
58.680       -2.231871
58.695       -2.224806
58.710       -2.217686
58.725       -2.210513
58.740       -2.203288
58.755       -2.196013
58.770       -2.188689
58.785       -2.181320
58.800       -2.173906
58.815       -2.166449
58.830       -2.158952
58.845       -2.151415
58.860       -2.143842
58.875       -2.136233
58.890       -2.128591
58.905       -2.120917
58.920       -2.113214
58.935       -2.105483
58.950       -2.097726
58.965       -2.089945
58.980       -2.082143
58.995       -2.074320
59.010       -2.066479
59.025       -2.058622
59.040       -2.050751
59.055       -2.042868
59.070       -2.034974
59.085       -2.027072
59.100       -2.019163
59.115       -2.011250
59.130       -2.003335
59.145       -1.995419
59.160       -1.987504
59.175       -1.979592
59.190       -1.971686
59.205       -1.963787
59.220       -1.955897
59.235       -1.948019
59.250       -1.940153
59.265       -1.932302
59.280       -1.924469
59.295       -1.916654
59.310       -1.908860
59.325       -1.901088
59.340       -1.893342
59.355       -1.885622
59.370       -1.877930
59.385       -1.870269
59.400       -1.862640
59.415       -1.855045
59.430       -1.847486
59.445       -1.839965
59.460       -1.832484
59.475       -1.825044
59.490       -1.817648
59.505       -1.810297
59.520       -1.802993
59.535       -1.795737
59.550       -1.788533
59.565       -1.781381
59.580       -1.774283
59.595       -1.767241
59.610       -1.760256
59.625       -1.753331
59.640       -1.746468
59.655       -1.739666
59.670       -1.732930
59.685       -1.726259
59.700       -1.719657
59.715       -1.713123
59.730       -1.706661
59.745       -1.700272
59.760       -1.693956
59.775       -1.687716
59.790       -1.681554
59.805       -1.675470
59.820       -1.669467
59.835       -1.663546
59.850       -1.657707
59.865       -1.651954
59.880       -1.646286
59.895       -1.640707
59.910       -1.635216
59.925       -1.629815
59.940       -1.624506
59.955       -1.619289
59.970       -1.614167
59.985       -1.609140
60.000       -1.604210
60.015       -1.599378
60.030       -1.594645
60.045       -1.590012
60.060       -1.585481
60.075       -1.581052
60.090       -1.576727
60.105       -1.572506
60.120       -1.568391
60.135       -1.564383
60.150       -1.560483
60.165       -1.556691
60.180       -1.553009
60.195       -1.549437
60.210       -1.545977
60.225       -1.542629
60.240       -1.539394
60.255       -1.536273
60.270       -1.533267
60.285       -1.530376
60.300       -1.527601
60.315       -1.524943
60.330       -1.522403
60.345       -1.519980
60.360       -1.517677
60.375       -1.515492
60.390       -1.513427
60.405       -1.511483
60.420       -1.509659
60.435       -1.507957
60.450       -1.506376
60.465       -1.504917
60.480       -1.503581
60.495       -1.502367
60.510       -1.501276
60.525       -1.500309
60.540       -1.499465
60.555       -1.498745
60.570       -1.498149
60.585       -1.497677
60.600       -1.497329
60.615       -1.497105
60.630       -1.497006
60.645       -1.497031
60.660       -1.497180
60.675       -1.497454
60.690       -1.497852
60.705       -1.498374
60.720       -1.499020
60.735       -1.499789
60.750       -1.500683
60.765       -1.501700
60.780       -1.502840
60.795       -1.504103
60.810       -1.505489
60.825       -1.506997
60.840       -1.508626
60.855       -1.510378
60.870       -1.512250
60.885       -1.514243
60.900       -1.516356
60.915       -1.518588
60.930       -1.520940
60.945       -1.523410
60.960       -1.525998
60.975       -1.528703
60.990       -1.531524
61.005       -1.534462
61.020       -1.537514
61.035       -1.540681
61.050       -1.543961
61.065       -1.547355
61.080       -1.550860
61.095       -1.554476
61.110       -1.558202
61.125       -1.562038
61.140       -1.565982
61.155       -1.570033
61.170       -1.574190
61.185       -1.578453
61.200       -1.582820
61.215       -1.587290
61.230       -1.591863
61.245       -1.596536
61.260       -1.601309
61.275       -1.606181
61.290       -1.611150
61.305       -1.616215
61.320       -1.621375
61.335       -1.626629
61.350       -1.631975
61.365       -1.637412
61.380       -1.642939
61.395       -1.648554
61.410       -1.654257
61.425       -1.660044
61.440       -1.665916
61.455       -1.671871
61.470       -1.677906
61.485       -1.684022
61.500       -1.690216
61.515       -1.696486
61.530       -1.702831
61.545       -1.709250
61.560       -1.715741
61.575       -1.722303
61.590       -1.728933
61.605       -1.735630
61.620       -1.742393
61.635       -1.749219
61.650       -1.756108
61.665       -1.763057
61.680       -1.770065
61.695       -1.777130
61.710       -1.784249
61.725       -1.791423
61.740       -1.798648
61.755       -1.805923
61.770       -1.813246
61.785       -1.820616
61.800       -1.828030
61.815       -1.835486
61.830       -1.842984
61.845       -1.850520
61.860       -1.858094
61.875       -1.865703
61.890       -1.873345
61.905       -1.881019
61.920       -1.888722
61.935       -1.896453
61.950       -1.904210
61.965       -1.911990
61.980       -1.919793
61.995       -1.927616
62.010       -1.935456
62.025       -1.943313
62.040       -1.951184
62.055       -1.959068
62.070       -1.966961
62.085       -1.974864
62.100       -1.982772
62.115       -1.990685
62.130       -1.998601
62.145       -2.006517
62.160       -2.014432
62.175       -2.022343
62.190       -2.030250
62.205       -2.038148
62.220       -2.046038
62.235       -2.053917
62.250       -2.061783
62.265       -2.069633
62.280       -2.077467
62.295       -2.085282
62.310       -2.093076
62.325       -2.100847
62.340       -2.108594
62.355       -2.116314
62.370       -2.124005
62.385       -2.131667
62.400       -2.139296
62.415       -2.146891
62.430       -2.154449
62.445       -2.161970
62.460       -2.169452
62.475       -2.176892
62.490       -2.184288
62.505       -2.191639
62.520       -2.198943
62.535       -2.206198
62.550       -2.213403
62.565       -2.220555
62.580       -2.227653
62.595       -2.234695
62.610       -2.241679
62.625       -2.248604
62.640       -2.255468
62.655       -2.262269
62.670       -2.269006
62.685       -2.275676
62.700       -2.282279
62.715       -2.288812
62.730       -2.295274
62.745       -2.301664
62.760       -2.307979
62.775       -2.314219
62.790       -2.320381
62.805       -2.326465
62.820       -2.332468
62.835       -2.338390
62.850       -2.344228
62.865       -2.349982
62.880       -2.355649
62.895       -2.361229
62.910       -2.366720
62.925       -2.372121
62.940       -2.377430
62.955       -2.382646
62.970       -2.387768
62.985       -2.392795
63.000       -2.397725
63.015       -2.402557
63.030       -2.407290
63.045       -2.411923
63.060       -2.416455
63.075       -2.420883
63.090       -2.425209
63.105       -2.429429
63.120       -2.433544
63.135       -2.437552
63.150       -2.441453
63.165       -2.445245
63.180       -2.448927
63.195       -2.452498
63.210       -2.455958
63.225       -2.459306
63.240       -2.462541
63.255       -2.465662
63.270       -2.468669
63.285       -2.471559
63.300       -2.474334
63.315       -2.476992
63.330       -2.479533
63.345       -2.481955
63.360       -2.484259
63.375       -2.486444
63.390       -2.488508
63.405       -2.490453
63.420       -2.492276
63.435       -2.493979
63.450       -2.495560
63.465       -2.497019
63.480       -2.498355
63.495       -2.499569
63.510       -2.500659
63.525       -2.501627
63.540       -2.502470
63.555       -2.503191
63.570       -2.503787
63.585       -2.504259
63.600       -2.504607
63.615       -2.504830
63.630       -2.504930
63.645       -2.504905
63.660       -2.504756
63.675       -2.504482
63.690       -2.504084
63.705       -2.503562
63.720       -2.502916
63.735       -2.502146
63.750       -2.501253
63.765       -2.500236
63.780       -2.499096
63.795       -2.497832
63.810       -2.496447
63.825       -2.494939
63.840       -2.493309
63.855       -2.491558
63.870       -2.489686
63.885       -2.487693
63.900       -2.485580
63.915       -2.483347
63.930       -2.480996
63.945       -2.478526
63.960       -2.475938
63.975       -2.473233
63.990       -2.470411
64.005       -2.467474
64.020       -2.464421
64.035       -2.461254
64.050       -2.457974
64.065       -2.454581
64.080       -2.451076
64.095       -2.447460
64.110       -2.443733
64.125       -2.439898
64.140       -2.435954
64.155       -2.431903
64.170       -2.427745
64.185       -2.423482
64.200       -2.419115
64.215       -2.414645
64.230       -2.410073
64.245       -2.405400
64.260       -2.400627
64.275       -2.395755
64.290       -2.390786
64.305       -2.385721
64.320       -2.380561
64.335       -2.375307
64.350       -2.369961
64.365       -2.364523
64.380       -2.358996
64.395       -2.353381
64.410       -2.347679
64.425       -2.341891
64.440       -2.336019
64.455       -2.330065
64.470       -2.324029
64.485       -2.317914
64.500       -2.311720
64.515       -2.305450
64.530       -2.299104
64.545       -2.292685
64.560       -2.286194
64.575       -2.279633
64.590       -2.273003
64.605       -2.266305
64.620       -2.259543
64.635       -2.252716
64.650       -2.245828
64.665       -2.238878
64.680       -2.231871
64.695       -2.224806
64.710       -2.217686
64.725       -2.210513
64.740       -2.203288
64.755       -2.196013
64.770       -2.188689
64.785       -2.181320
64.800       -2.173906
64.815       -2.166449
64.830       -2.158952
64.845       -2.151415
64.860       -2.143842
64.875       -2.136233
64.890       -2.128591
64.905       -2.120917
64.920       -2.113214
64.935       -2.105483
64.950       -2.097726
64.965       -2.089945
64.980       -2.082143
64.995       -2.074320
65.010       -2.066479
65.025       -2.058622
65.040       -2.050751
65.055       -2.042868
65.070       -2.034974
65.085       -2.027072
65.100       -2.019163
65.115       -2.011250
65.130       -2.003335
65.145       -1.995419
65.160       -1.987504
65.175       -1.979592
65.190       -1.971686
65.205       -1.963787
65.220       -1.955897
65.235       -1.948019
65.250       -1.940153
65.265       -1.932302
65.280       -1.924469
65.295       -1.916654
65.310       -1.908860
65.325       -1.901088
65.340       -1.893342
65.355       -1.885622
65.370       -1.877930
65.385       -1.870269
65.400       -1.862640
65.415       -1.855045
65.430       -1.847486
65.445       -1.839965
65.460       -1.832484
65.475       -1.825044
65.490       -1.817648
65.505       -1.810297
65.520       -1.802993
65.535       -1.795737
65.550       -1.788533
65.565       -1.781381
65.580       -1.774283
65.595       -1.767241
65.610       -1.760256
65.625       -1.753331
65.640       -1.746468
65.655       -1.739666
65.670       -1.732930
65.685       -1.726259
65.700       -1.719657
65.715       -1.713123
65.730       -1.706661
65.745       -1.700272
65.760       -1.693956
65.775       -1.687716
65.790       -1.681554
65.805       -1.675470
65.820       -1.669467
65.835       -1.663546
65.850       -1.657707
65.865       -1.651954
65.880       -1.646286
65.895       -1.640707
65.910       -1.635216
65.925       -1.629815
65.940       -1.624506
65.955       -1.619289
65.970       -1.614167
65.985       -1.609140
66.000       -1.604210
66.015       -1.599378
66.030       -1.594645
66.045       -1.590012
66.060       -1.585481
66.075       -1.581052
66.090       -1.576727
66.105       -1.572506
66.120       -1.568391
66.135       -1.564383
66.150       -1.560483
66.165       -1.556691
66.180       -1.553009
66.195       -1.549437
66.210       -1.545977
66.225       -1.542629
66.240       -1.539394
66.255       -1.536273
66.270       -1.533267
66.285       -1.530376
66.300       -1.527601
66.315       -1.524943
66.330       -1.522403
66.345       -1.519980
66.360       -1.517677
66.375       -1.515492
66.390       -1.513427
66.405       -1.511483
66.420       -1.509659
66.435       -1.507957
66.450       -1.506376
66.465       -1.504917
66.480       -1.503581
66.495       -1.502367
66.510       -1.501276
66.525       -1.500309
66.540       -1.499465
66.555       -1.498745
66.570       -1.498149
66.585       -1.497677
66.600       -1.497329
66.615       -1.497105
66.630       -1.497006
66.645       -1.497031
66.660       -1.497180
66.675       -1.497454
66.690       -1.497852
66.705       -1.498374
66.720       -1.499020
66.735       -1.499789
66.750       -1.500683
66.765       -1.501700
66.780       -1.502840
66.795       -1.504103
66.810       -1.505489
66.825       -1.506997
66.840       -1.508626
66.855       -1.510378
66.870       -1.512250
66.885       -1.514243
66.900       -1.516356
66.915       -1.518588
66.930       -1.520940
66.945       -1.523410
66.960       -1.525998
66.975       -1.528703
66.990       -1.531524
67.005       -1.534462
67.020       -1.537514
67.035       -1.540681
67.050       -1.543961
67.065       -1.547355
67.080       -1.550860
67.095       -1.554476
67.110       -1.558202
67.125       -1.562038
67.140       -1.565982
67.155       -1.570033
67.170       -1.574190
67.185       -1.578453
67.200       -1.582820
67.215       -1.587290
67.230       -1.591863
67.245       -1.596536
67.260       -1.601309
67.275       -1.606181
67.290       -1.611150
67.305       -1.616215
67.320       -1.621375
67.335       -1.626629
67.350       -1.631975
67.365       -1.637412
67.380       -1.642939
67.395       -1.648554
67.410       -1.654257
67.425       -1.660044
67.440       -1.665916
67.455       -1.671871
67.470       -1.677906
67.485       -1.684022
67.500       -1.690216
67.515       -1.696486
67.530       -1.702831
67.545       -1.709250
67.560       -1.715741
67.575       -1.722303
67.590       -1.728933
67.605       -1.735630
67.620       -1.742393
67.635       -1.749219
67.650       -1.756108
67.665       -1.763057
67.680       -1.770065
67.695       -1.777130
67.710       -1.784249
67.725       -1.791423
67.740       -1.798648
67.755       -1.805923
67.770       -1.813246
67.785       -1.820616
67.800       -1.828030
67.815       -1.835486
67.830       -1.842984
67.845       -1.850520
67.860       -1.858094
67.875       -1.865703
67.890       -1.873345
67.905       -1.881019
67.920       -1.888722
67.935       -1.896453
67.950       -1.904210
67.965       -1.911990
67.980       -1.919793
67.995       -1.927616
68.010       -1.935456
68.025       -1.943313
68.040       -1.951184
68.055       -1.959068
68.070       -1.966961
68.085       -1.974864
68.100       -1.982772
68.115       -1.990685
68.130       -1.998601
68.145       -2.006517
68.160       -2.014432
68.175       -2.022343
68.190       -2.030250
68.205       -2.038148
68.220       -2.046038
68.235       -2.053917
68.250       -2.061783
68.265       -2.069633
68.280       -2.077467
68.295       -2.085282
68.310       -2.093076
68.325       -2.100847
68.340       -2.108594
68.355       -2.116314
68.370       -2.124005
68.385       -2.131667
68.400       -2.139296
68.415       -2.146891
68.430       -2.154449
68.445       -2.161970
68.460       -2.169452
68.475       -2.176892
68.490       -2.184288
68.505       -2.191639
68.520       -2.198943
68.535       -2.206198
68.550       -2.213403
68.565       -2.220555
68.580       -2.227653
68.595       -2.234695
68.610       -2.241679
68.625       -2.248604
68.640       -2.255468
68.655       -2.262269
68.670       -2.269006
68.685       -2.275676
68.700       -2.282279
68.715       -2.288812
68.730       -2.295274
68.745       -2.301664
68.760       -2.307979
68.775       -2.314219
68.790       -2.320381
68.805       -2.326465
68.820       -2.332468
68.835       -2.338390
68.850       -2.344228
68.865       -2.349982
68.880       -2.355649
68.895       -2.361229
68.910       -2.366720
68.925       -2.372121
68.940       -2.377430
68.955       -2.382646
68.970       -2.387768
68.985       -2.392795
69.000       -2.397725
69.015       -2.402557
69.030       -2.407290
69.045       -2.411923
69.060       -2.416455
69.075       -2.420883
69.090       -2.425209
69.105       -2.429429
69.120       -2.433544
69.135       -2.437552
69.150       -2.441453
69.165       -2.445245
69.180       -2.448927
69.195       -2.452498
69.210       -2.455958
69.225       -2.459306
69.240       -2.462541
69.255       -2.465662
69.270       -2.468669
69.285       -2.471559
69.300       -2.474334
69.315       -2.476992
69.330       -2.479533
69.345       -2.481955
69.360       -2.484259
69.375       -2.486444
69.390       -2.488508
69.405       -2.490453
69.420       -2.492276
69.435       -2.493979
69.450       -2.495560
69.465       -2.497019
69.480       -2.498355
69.495       -2.499569
69.510       -2.500659
69.525       -2.501627
69.540       -2.502470
69.555       -2.503191
69.570       -2.503787
69.585       -2.504259
69.600       -2.504607
69.615       -2.504830
69.630       -2.504930
69.645       -2.504905
69.660       -2.504756
69.675       -2.504482
69.690       -2.504084
69.705       -2.503562
69.720       -2.502916
69.735       -2.502146
69.750       -2.501253
69.765       -2.500236
69.780       -2.499096
69.795       -2.497832
69.810       -2.496447
69.825       -2.494939
69.840       -2.493309
69.855       -2.491558
69.870       -2.489686
69.885       -2.487693
69.900       -2.485580
69.915       -2.483347
69.930       -2.480996
69.945       -2.478526
69.960       -2.475938
69.975       -2.473233
69.990       -2.470411
70.005       -2.467474
70.020       -2.464421
70.035       -2.461254
70.050       -2.457974
70.065       -2.454581
70.080       -2.451076
70.095       -2.447460
70.110       -2.443733
70.125       -2.439898
70.140       -2.435954
70.155       -2.431903
70.170       -2.427745
70.185       -2.423482
70.200       -2.419115
70.215       -2.414645
70.230       -2.410073
70.245       -2.405400
70.260       -2.400627
70.275       -2.395755
70.290       -2.390786
70.305       -2.385721
70.320       -2.380561
70.335       -2.375307
70.350       -2.369961
70.365       -2.364523
70.380       -2.358996
70.395       -2.353381
70.410       -2.347679
70.425       -2.341891
70.440       -2.336019
70.455       -2.330065
70.470       -2.324029
70.485       -2.317914
70.500       -2.311720
70.515       -2.305450
70.530       -2.299104
70.545       -2.292685
70.560       -2.286194
70.575       -2.279633
70.590       -2.273003
70.605       -2.266305
70.620       -2.259543
70.635       -2.252716
70.650       -2.245828
70.665       -2.238878
70.680       -2.231871
70.695       -2.224806
70.710       -2.217686
70.725       -2.210513
70.740       -2.203288
70.755       -2.196013
70.770       -2.188689
70.785       -2.181320
70.800       -2.173906
70.815       -2.166449
70.830       -2.158952
70.845       -2.151415
70.860       -2.143842
70.875       -2.136233
70.890       -2.128591
70.905       -2.120917
70.920       -2.113214
70.935       -2.105483
70.950       -2.097726
70.965       -2.089945
70.980       -2.082143
70.995       -2.074320
71.010       -2.066479
71.025       -2.058622
71.040       -2.050751
71.055       -2.042868
71.070       -2.034974
71.085       -2.027072
71.100       -2.019163
71.115       -2.011250
71.130       -2.003335
71.145       -1.995419
71.160       -1.987504
71.175       -1.979592
71.190       -1.971686
71.205       -1.963787
71.220       -1.955897
71.235       -1.948019
71.250       -1.940153
71.265       -1.932302
71.280       -1.924469
71.295       -1.916654
71.310       -1.908860
71.325       -1.901088
71.340       -1.893342
71.355       -1.885622
71.370       -1.877930
71.385       -1.870269
71.400       -1.862640
71.415       -1.855045
71.430       -1.847486
71.445       -1.839965
71.460       -1.832484
71.475       -1.825044
71.490       -1.817648
71.505       -1.810297
71.520       -1.802993
71.535       -1.795737
71.550       -1.788533
71.565       -1.781381
71.580       -1.774283
71.595       -1.767241
71.610       -1.760256
71.625       -1.753331
71.640       -1.746468
71.655       -1.739666
71.670       -1.732930
71.685       -1.726259
71.700       -1.719657
71.715       -1.713123
71.730       -1.706661
71.745       -1.700272
71.760       -1.693956
71.775       -1.687716
71.790       -1.681554
71.805       -1.675470
71.820       -1.669467
71.835       -1.663546
71.850       -1.657707
71.865       -1.651954
71.880       -1.646286
71.895       -1.640707
71.910       -1.635216
71.925       -1.629815
71.940       -1.624506
71.955       -1.619289
71.970       -1.614167
71.985       -1.609140
72.000       -1.604210
72.015       -1.599378
72.030       -1.594645
72.045       -1.590012
72.060       -1.585481
72.075       -1.581052
72.090       -1.576727
72.105       -1.572506
72.120       -1.568391
72.135       -1.564383
72.150       -1.560483
72.165       -1.556691
72.180       -1.553009
72.195       -1.549437
72.210       -1.545977
72.225       -1.542629
72.240       -1.539394
72.255       -1.536273
72.270       -1.533267
72.285       -1.530376
72.300       -1.527601
72.315       -1.524943
72.330       -1.522403
72.345       -1.519980
72.360       -1.517677
72.375       -1.515492
72.390       -1.513427
72.405       -1.511483
72.420       -1.509659
72.435       -1.507957
72.450       -1.506376
72.465       -1.504917
72.480       -1.503581
72.495       -1.502367
72.510       -1.501276
72.525       -1.500309
72.540       -1.499465
72.555       -1.498745
72.570       -1.498149
72.585       -1.497677
72.600       -1.497329
72.615       -1.497105
72.630       -1.497006
72.645       -1.497031
72.660       -1.497180
72.675       -1.497454
72.690       -1.497852
72.705       -1.498374
72.720       -1.499020
72.735       -1.499789
72.750       -1.500683
72.765       -1.501700
72.780       -1.502840
72.795       -1.504103
72.810       -1.505489
72.825       -1.506997
72.840       -1.508626
72.855       -1.510378
72.870       -1.512250
72.885       -1.514243
72.900       -1.516356
72.915       -1.518588
72.930       -1.520940
72.945       -1.523410
72.960       -1.525998
72.975       -1.528703
72.990       -1.531524
73.005       -1.534462
73.020       -1.537514
73.035       -1.540681
73.050       -1.543961
73.065       -1.547355
73.080       -1.550860
73.095       -1.554476
73.110       -1.558202
73.125       -1.562038
73.140       -1.565982
73.155       -1.570033
73.170       -1.574190
73.185       -1.578453
73.200       -1.582820
73.215       -1.587290
73.230       -1.591863
73.245       -1.596536
73.260       -1.601309
73.275       -1.606181
73.290       -1.611150
73.305       -1.616215
73.320       -1.621375
73.335       -1.626629
73.350       -1.631975
73.365       -1.637412
73.380       -1.642939
73.395       -1.648554
73.410       -1.654257
73.425       -1.660044
73.440       -1.665916
73.455       -1.671871
73.470       -1.677906
73.485       -1.684022
73.500       -1.690216
73.515       -1.696486
73.530       -1.702831
73.545       -1.709250
73.560       -1.715741
73.575       -1.722303
73.590       -1.728933
73.605       -1.735630
73.620       -1.742393
73.635       -1.749219
73.650       -1.756108
73.665       -1.763057
73.680       -1.770065
73.695       -1.777130
73.710       -1.784249
73.725       -1.791423
73.740       -1.798648
73.755       -1.805923
73.770       -1.813246
73.785       -1.820616
73.800       -1.828030
73.815       -1.835486
73.830       -1.842984
73.845       -1.850520
73.860       -1.858094
73.875       -1.865703
73.890       -1.873345
73.905       -1.881019
73.920       -1.888722
73.935       -1.896453
73.950       -1.904210
73.965       -1.911990
73.980       -1.919793
73.995       -1.927616
74.010       -1.935456
74.025       -1.943313
74.040       -1.951184
74.055       -1.959068
74.070       -1.966961
74.085       -1.974864
74.100       -1.982772
74.115       -1.990685
74.130       -1.998601
74.145       -2.006517
74.160       -2.014432
74.175       -2.022343
74.190       -2.030250
74.205       -2.038148
74.220       -2.046038
74.235       -2.053917
74.250       -2.061783
74.265       -2.069633
74.280       -2.077467
74.295       -2.085282
74.310       -2.093076
74.325       -2.100847
74.340       -2.108594
74.355       -2.116314
74.370       -2.124005
74.385       -2.131667
74.400       -2.139296
74.415       -2.146891
74.430       -2.154449
74.445       -2.161970
74.460       -2.169452
74.475       -2.176892
74.490       -2.184288
74.505       -2.191639
74.520       -2.198943
74.535       -2.206198
74.550       -2.213403
74.565       -2.220555
74.580       -2.227653
74.595       -2.234695
74.610       -2.241679
74.625       -2.248604
74.640       -2.255468
74.655       -2.262269
74.670       -2.269006
74.685       -2.275676
74.700       -2.282279
74.715       -2.288812
74.730       -2.295274
74.745       -2.301664
74.760       -2.307979
74.775       -2.314219
74.790       -2.320381
74.805       -2.326465
74.820       -2.332468
74.835       -2.338390
74.850       -2.344228
74.865       -2.349982
74.880       -2.355649
74.895       -2.361229
74.910       -2.366720
74.925       -2.372121
74.940       -2.377430
74.955       -2.382646
74.970       -2.387768
74.985       -2.392795
75.000       -2.397725
75.015       -2.402557
75.030       -2.407290
75.045       -2.411923
75.060       -2.416455
75.075       -2.420883
75.090       -2.425209
75.105       -2.429429
75.120       -2.433544
75.135       -2.437552
75.150       -2.441453
75.165       -2.445245
75.180       -2.448927
75.195       -2.452498
75.210       -2.455958
75.225       -2.459306
75.240       -2.462541
75.255       -2.465662
75.270       -2.468669
75.285       -2.471559
75.300       -2.474334
75.315       -2.476992
75.330       -2.479533
75.345       -2.481955
75.360       -2.484259
75.375       -2.486444
75.390       -2.488508
75.405       -2.490453
75.420       -2.492276
75.435       -2.493979
75.450       -2.495560
75.465       -2.497019
75.480       -2.498355
75.495       -2.499569
75.510       -2.500659
75.525       -2.501627
75.540       -2.502470
75.555       -2.503191
75.570       -2.503787
75.585       -2.504259
75.600       -2.504607
75.615       -2.504830
75.630       -2.504930
75.645       -2.504905
75.660       -2.504756
75.675       -2.504482
75.690       -2.504084
75.705       -2.503562
75.720       -2.502916
75.735       -2.502146
75.750       -2.501253
75.765       -2.500236
75.780       -2.499096
75.795       -2.497832
75.810       -2.496447
75.825       -2.494939
75.840       -2.493309
75.855       -2.491558
75.870       -2.489686
75.885       -2.487693
75.900       -2.485580
75.915       -2.483347
75.930       -2.480996
75.945       -2.478526
75.960       -2.475938
75.975       -2.473233
75.990       -2.470411
76.005       -2.467474
76.020       -2.464421
76.035       -2.461254
76.050       -2.457974
76.065       -2.454581
76.080       -2.451076
76.095       -2.447460
76.110       -2.443733
76.125       -2.439898
76.140       -2.435954
76.155       -2.431903
76.170       -2.427745
76.185       -2.423482
76.200       -2.419115
76.215       -2.414645
76.230       -2.410073
76.245       -2.405400
76.260       -2.400627
76.275       -2.395755
76.290       -2.390786
76.305       -2.385721
76.320       -2.380561
76.335       -2.375307
76.350       -2.369961
76.365       -2.364523
76.380       -2.358996
76.395       -2.353381
76.410       -2.347679
76.425       -2.341891
76.440       -2.336019
76.455       -2.330065
76.470       -2.324029
76.485       -2.317914
76.500       -2.311720
76.515       -2.305450
76.530       -2.299104
76.545       -2.292685
76.560       -2.286194
76.575       -2.279633
76.590       -2.273003
76.605       -2.266305
76.620       -2.259543
76.635       -2.252716
76.650       -2.245828
76.665       -2.238878
76.680       -2.231871
76.695       -2.224806
76.710       -2.217686
76.725       -2.210513
76.740       -2.203288
76.755       -2.196013
76.770       -2.188689
76.785       -2.181320
76.800       -2.173906
76.815       -2.166449
76.830       -2.158952
76.845       -2.151415
76.860       -2.143842
76.875       -2.136233
76.890       -2.128591
76.905       -2.120917
76.920       -2.113214
76.935       -2.105483
76.950       -2.097726
76.965       -2.089945
76.980       -2.082143
76.995       -2.074320
77.010       -2.066479
77.025       -2.058622
77.040       -2.050751
77.055       -2.042868
77.070       -2.034974
77.085       -2.027072
77.100       -2.019163
77.115       -2.011250
77.130       -2.003335
77.145       -1.995419
77.160       -1.987504
77.175       -1.979592
77.190       -1.971686
77.205       -1.963787
77.220       -1.955897
77.235       -1.948019
77.250       -1.940153
77.265       -1.932302
77.280       -1.924469
77.295       -1.916654
77.310       -1.908860
77.325       -1.901088
77.340       -1.893342
77.355       -1.885622
77.370       -1.877930
77.385       -1.870269
77.400       -1.862640
77.415       -1.855045
77.430       -1.847486
77.445       -1.839965
77.460       -1.832484
77.475       -1.825044
77.490       -1.817648
77.505       -1.810297
77.520       -1.802993
77.535       -1.795737
77.550       -1.788533
77.565       -1.781381
77.580       -1.774283
77.595       -1.767241
77.610       -1.760256
77.625       -1.753331
77.640       -1.746468
77.655       -1.739666
77.670       -1.732930
77.685       -1.726259
77.700       -1.719657
77.715       -1.713123
77.730       -1.706661
77.745       -1.700272
77.760       -1.693956
77.775       -1.687716
77.790       -1.681554
77.805       -1.675470
77.820       -1.669467
77.835       -1.663546
77.850       -1.657707
77.865       -1.651954
77.880       -1.646286
77.895       -1.640707
77.910       -1.635216
77.925       -1.629815
77.940       -1.624506
77.955       -1.619289
77.970       -1.614167
77.985       -1.609140
78.000       -1.604210
78.015       -1.599378
78.030       -1.594645
78.045       -1.590012
78.060       -1.585481
78.075       -1.581052
78.090       -1.576727
78.105       -1.572506
78.120       -1.568391
78.135       -1.564383
78.150       -1.560483
78.165       -1.556691
78.180       -1.553009
78.195       -1.549437
78.210       -1.545977
78.225       -1.542629
78.240       -1.539394
78.255       -1.536273
78.270       -1.533267
78.285       -1.530376
78.300       -1.527601
78.315       -1.524943
78.330       -1.522403
78.345       -1.519980
78.360       -1.517677
78.375       -1.515492
78.390       -1.513427
78.405       -1.511483
78.420       -1.509659
78.435       -1.507957
78.450       -1.506376
78.465       -1.504917
78.480       -1.503581
78.495       -1.502367
78.510       -1.501276
78.525       -1.500309
78.540       -1.499465
78.555       -1.498745
78.570       -1.498149
78.585       -1.497677
78.600       -1.497329
78.615       -1.497105
78.630       -1.497006
78.645       -1.497031
78.660       -1.497180
78.675       -1.497454
78.690       -1.497852
78.705       -1.498374
78.720       -1.499020
78.735       -1.499789
78.750       -1.500683
78.765       -1.501700
78.780       -1.502840
78.795       -1.504103
78.810       -1.505489
78.825       -1.506997
78.840       -1.508626
78.855       -1.510378
78.870       -1.512250
78.885       -1.514243
78.900       -1.516356
78.915       -1.518588
78.930       -1.520940
78.945       -1.523410
78.960       -1.525998
78.975       -1.528703
78.990       -1.531524
79.005       -1.534462
79.020       -1.537514
79.035       -1.540681
79.050       -1.543961
79.065       -1.547355
79.080       -1.550860
79.095       -1.554476
79.110       -1.558202
79.125       -1.562038
79.140       -1.565982
79.155       -1.570033
79.170       -1.574190
79.185       -1.578453
79.200       -1.582820
79.215       -1.587290
79.230       -1.591863
79.245       -1.596536
79.260       -1.601309
79.275       -1.606181
79.290       -1.611150
79.305       -1.616215
79.320       -1.621375
79.335       -1.626629
79.350       -1.631975
79.365       -1.637412
79.380       -1.642939
79.395       -1.648554
79.410       -1.654257
79.425       -1.660044
79.440       -1.665916
79.455       -1.671871
79.470       -1.677906
79.485       -1.684022
79.500       -1.690216
79.515       -1.696486
79.530       -1.702831
79.545       -1.709250
79.560       -1.715741
79.575       -1.722303
79.590       -1.728933
79.605       -1.735630
79.620       -1.742393
79.635       -1.749219
79.650       -1.756108
79.665       -1.763057
79.680       -1.770065
79.695       -1.777130
79.710       -1.784249
79.725       -1.791423
79.740       -1.798648
79.755       -1.805923
79.770       -1.813246
79.785       -1.820616
79.800       -1.828030
79.815       -1.835486
79.830       -1.842984
79.845       -1.850520
79.860       -1.858094
79.875       -1.865703
79.890       -1.873345
79.905       -1.881019
79.920       -1.888722
79.935       -1.896453
79.950       -1.904210
79.965       -1.911990
79.980       -1.919793
79.995       -1.927616
80.010       -1.935456
80.025       -1.943313
80.040       -1.951184
80.055       -1.959068
80.070       -1.966961
80.085       -1.974864
80.100       -1.982772
80.115       -1.990685
80.130       -1.998601
80.145       -2.006517
80.160       -2.014432
80.175       -2.022343
80.190       -2.030250
80.205       -2.038148
80.220       -2.046038
80.235       -2.053917
80.250       -2.061783
80.265       -2.069633
80.280       -2.077467
80.295       -2.085282
80.310       -2.093076
80.325       -2.100847
80.340       -2.108594
80.355       -2.116314
80.370       -2.124005
80.385       -2.131667
80.400       -2.139296
80.415       -2.146891
80.430       -2.154449
80.445       -2.161970
80.460       -2.169452
80.475       -2.176892
80.490       -2.184288
80.505       -2.191639
80.520       -2.198943
80.535       -2.206198
80.550       -2.213403
80.565       -2.220555
80.580       -2.227653
80.595       -2.234695
80.610       -2.241679
80.625       -2.248604
80.640       -2.255468
80.655       -2.262269
80.670       -2.269006
80.685       -2.275676
80.700       -2.282279
80.715       -2.288812
80.730       -2.295274
80.745       -2.301664
80.760       -2.307979
80.775       -2.314219
80.790       -2.320381
80.805       -2.326465
80.820       -2.332468
80.835       -2.338390
80.850       -2.344228
80.865       -2.349982
80.880       -2.355649
80.895       -2.361229
80.910       -2.366720
80.925       -2.372121
80.940       -2.377430
80.955       -2.382646
80.970       -2.387768
80.985       -2.392795
81.000       -2.397725
81.015       -2.402557
81.030       -2.407290
81.045       -2.411923
81.060       -2.416455
81.075       -2.420883
81.090       -2.425209
81.105       -2.429429
81.120       -2.433544
81.135       -2.437552
81.150       -2.441453
81.165       -2.445245
81.180       -2.448927
81.195       -2.452498
81.210       -2.455958
81.225       -2.459306
81.240       -2.462541
81.255       -2.465662
81.270       -2.468669
81.285       -2.471559
81.300       -2.474334
81.315       -2.476992
81.330       -2.479533
81.345       -2.481955
81.360       -2.484259
81.375       -2.486444
81.390       -2.488508
81.405       -2.490453
81.420       -2.492276
81.435       -2.493979
81.450       -2.495560
81.465       -2.497019
81.480       -2.498355
81.495       -2.499569
81.510       -2.500659
81.525       -2.501627
81.540       -2.502470
81.555       -2.503191
81.570       -2.503787
81.585       -2.504259
81.600       -2.504607
81.615       -2.504830
81.630       -2.504930
81.645       -2.504905
81.660       -2.504756
81.675       -2.504482
81.690       -2.504084
81.705       -2.503562
81.720       -2.502916
81.735       -2.502146
81.750       -2.501253
81.765       -2.500236
81.780       -2.499096
81.795       -2.497832
81.810       -2.496447
81.825       -2.494939
81.840       -2.493309
81.855       -2.491558
81.870       -2.489686
81.885       -2.487693
81.900       -2.485580
81.915       -2.483347
81.930       -2.480996
81.945       -2.478526
81.960       -2.475938
81.975       -2.473233
81.990       -2.470411
82.005       -2.467474
82.020       -2.464421
82.035       -2.461254
82.050       -2.457974
82.065       -2.454581
82.080       -2.451076
82.095       -2.447460
82.110       -2.443733
82.125       -2.439898
82.140       -2.435954
82.155       -2.431903
82.170       -2.427745
82.185       -2.423482
82.200       -2.419115
82.215       -2.414645
82.230       -2.410073
82.245       -2.405400
82.260       -2.400627
82.275       -2.395755
82.290       -2.390786
82.305       -2.385721
82.320       -2.380561
82.335       -2.375307
82.350       -2.369961
82.365       -2.364523
82.380       -2.358996
82.395       -2.353381
82.410       -2.347679
82.425       -2.341891
82.440       -2.336019
82.455       -2.330065
82.470       -2.324029
82.485       -2.317914
82.500       -2.311720
82.515       -2.305450
82.530       -2.299104
82.545       -2.292685
82.560       -2.286194
82.575       -2.279633
82.590       -2.273003
82.605       -2.266305
82.620       -2.259543
82.635       -2.252716
82.650       -2.245828
82.665       -2.238878
82.680       -2.231871
82.695       -2.224806
82.710       -2.217686
82.725       -2.210513
82.740       -2.203288
82.755       -2.196013
82.770       -2.188689
82.785       -2.181320
82.800       -2.173906
82.815       -2.166449
82.830       -2.158952
82.845       -2.151415
82.860       -2.143842
82.875       -2.136233
82.890       -2.128591
82.905       -2.120917
82.920       -2.113214
82.935       -2.105483
82.950       -2.097726
82.965       -2.089945
82.980       -2.082143
82.995       -2.074320
83.010       -2.066479
83.025       -2.058622
83.040       -2.050751
83.055       -2.042868
83.070       -2.034974
83.085       -2.027072
83.100       -2.019163
83.115       -2.011250
83.130       -2.003335
83.145       -1.995419
83.160       -1.987504
83.175       -1.979592
83.190       -1.971686
83.205       -1.963787
83.220       -1.955897
83.235       -1.948019
83.250       -1.940153
83.265       -1.932302
83.280       -1.924469
83.295       -1.916654
83.310       -1.908860
83.325       -1.901088
83.340       -1.893342
83.355       -1.885622
83.370       -1.877930
83.385       -1.870269
83.400       -1.862640
83.415       -1.855045
83.430       -1.847486
83.445       -1.839965
83.460       -1.832484
83.475       -1.825044
83.490       -1.817648
83.505       -1.810297
83.520       -1.802993
83.535       -1.795737
83.550       -1.788533
83.565       -1.781381
83.580       -1.774283
83.595       -1.767241
83.610       -1.760256
83.625       -1.753331
83.640       -1.746468
83.655       -1.739666
83.670       -1.732930
83.685       -1.726259
83.700       -1.719657
83.715       -1.713123
83.730       -1.706661
83.745       -1.700272
83.760       -1.693956
83.775       -1.687716
83.790       -1.681554
83.805       -1.675470
83.820       -1.669467
83.835       -1.663546
83.850       -1.657707
83.865       -1.651954
83.880       -1.646286
83.895       -1.640707
83.910       -1.635216
83.925       -1.629815
83.940       -1.624506
83.955       -1.619289
83.970       -1.614167
83.985       -1.609140
84.000       -1.604210
84.015       -1.599378
84.030       -1.594645
84.045       -1.590012
84.060       -1.585481
84.075       -1.581052
84.090       -1.576727
84.105       -1.572506
84.120       -1.568391
84.135       -1.564383
84.150       -1.560483
84.165       -1.556691
84.180       -1.553009
84.195       -1.549437
84.210       -1.545977
84.225       -1.542629
84.240       -1.539394
84.255       -1.536273
84.270       -1.533267
84.285       -1.530376
84.300       -1.527601
84.315       -1.524943
84.330       -1.522403
84.345       -1.519980
84.360       -1.517677
84.375       -1.515492
84.390       -1.513427
84.405       -1.511483
84.420       -1.509659
84.435       -1.507957
84.450       -1.506376
84.465       -1.504917
84.480       -1.503581
84.495       -1.502367
84.510       -1.501276
84.525       -1.500309
84.540       -1.499465
84.555       -1.498745
84.570       -1.498149
84.585       -1.497677
84.600       -1.497329
84.615       -1.497105
84.630       -1.497006
84.645       -1.497031
84.660       -1.497180
84.675       -1.497454
84.690       -1.497852
84.705       -1.498374
84.720       -1.499020
84.735       -1.499789
84.750       -1.500683
84.765       -1.501700
84.780       -1.502840
84.795       -1.504103
84.810       -1.505489
84.825       -1.506997
84.840       -1.508626
84.855       -1.510378
84.870       -1.512250
84.885       -1.514243
84.900       -1.516356
84.915       -1.518588
84.930       -1.520940
84.945       -1.523410
84.960       -1.525998
84.975       -1.528703
84.990       -1.531524
85.005       -1.534462
85.020       -1.537514
85.035       -1.540681
85.050       -1.543961
85.065       -1.547355
85.080       -1.550860
85.095       -1.554476
85.110       -1.558202
85.125       -1.562038
85.140       -1.565982
85.155       -1.570033
85.170       -1.574190
85.185       -1.578453
85.200       -1.582820
85.215       -1.587290
85.230       -1.591863
85.245       -1.596536
85.260       -1.601309
85.275       -1.606181
85.290       -1.611150
85.305       -1.616215
85.320       -1.621375
85.335       -1.626629
85.350       -1.631975
85.365       -1.637412
85.380       -1.642939
85.395       -1.648554
85.410       -1.654257
85.425       -1.660044
85.440       -1.665916
85.455       -1.671871
85.470       -1.677906
85.485       -1.684022
85.500       -1.690216
85.515       -1.696486
85.530       -1.702831
85.545       -1.709250
85.560       -1.715741
85.575       -1.722303
85.590       -1.728933
85.605       -1.735630
85.620       -1.742393
85.635       -1.749219
85.650       -1.756108
85.665       -1.763057
85.680       -1.770065
85.695       -1.777130
85.710       -1.784249
85.725       -1.791423
85.740       -1.798648
85.755       -1.805923
85.770       -1.813246
85.785       -1.820616
85.800       -1.828030
85.815       -1.835486
85.830       -1.842984
85.845       -1.850520
85.860       -1.858094
85.875       -1.865703
85.890       -1.873345
85.905       -1.881019
85.920       -1.888722
85.935       -1.896453
85.950       -1.904210
85.965       -1.911990
85.980       -1.919793
85.995       -1.927616
86.010       -1.935456
86.025       -1.943313
86.040       -1.951184
86.055       -1.959068
86.070       -1.966961
86.085       -1.974864
86.100       -1.982772
86.115       -1.990685
86.130       -1.998601
86.145       -2.006517
86.160       -2.014432
86.175       -2.022343
86.190       -2.030250
86.205       -2.038148
86.220       -2.046038
86.235       -2.053917
86.250       -2.061783
86.265       -2.069633
86.280       -2.077467
86.295       -2.085282
86.310       -2.093076
86.325       -2.100847
86.340       -2.108594
86.355       -2.116314
86.370       -2.124005
86.385       -2.131667
86.400       -2.139296
86.415       -2.146891
86.430       -2.154449
86.445       -2.161970
86.460       -2.169452
86.475       -2.176892
86.490       -2.184288
86.505       -2.191639
86.520       -2.198943
86.535       -2.206198
86.550       -2.213403
86.565       -2.220555
86.580       -2.227653
86.595       -2.234695
86.610       -2.241679
86.625       -2.248604
86.640       -2.255468
86.655       -2.262269
86.670       -2.269006
86.685       -2.275676
86.700       -2.282279
86.715       -2.288812
86.730       -2.295274
86.745       -2.301664
86.760       -2.307979
86.775       -2.314219
86.790       -2.320381
86.805       -2.326465
86.820       -2.332468
86.835       -2.338390
86.850       -2.344228
86.865       -2.349982
86.880       -2.355649
86.895       -2.361229
86.910       -2.366720
86.925       -2.372121
86.940       -2.377430
86.955       -2.382646
86.970       -2.387768
86.985       -2.392795
87.000       -2.397725
87.015       -2.402557
87.030       -2.407290
87.045       -2.411923
87.060       -2.416455
87.075       -2.420883
87.090       -2.425209
87.105       -2.429429
87.120       -2.433544
87.135       -2.437552
87.150       -2.441453
87.165       -2.445245
87.180       -2.448927
87.195       -2.452498
87.210       -2.455958
87.225       -2.459306
87.240       -2.462541
87.255       -2.465662
87.270       -2.468669
87.285       -2.471559
87.300       -2.474334
87.315       -2.476992
87.330       -2.479533
87.345       -2.481955
87.360       -2.484259
87.375       -2.486444
87.390       -2.488508
87.405       -2.490453
87.420       -2.492276
87.435       -2.493979
87.450       -2.495560
87.465       -2.497019
87.480       -2.498355
87.495       -2.499569
87.510       -2.500659
87.525       -2.501627
87.540       -2.502470
87.555       -2.503191
87.570       -2.503787
87.585       -2.504259
87.600       -2.504607
87.615       -2.504830
87.630       -2.504930
87.645       -2.504905
87.660       -2.504756
87.675       -2.504482
87.690       -2.504084
87.705       -2.503562
87.720       -2.502916
87.735       -2.502146
87.750       -2.501253
87.765       -2.500236
87.780       -2.499096
87.795       -2.497832
87.810       -2.496447
87.825       -2.494939
87.840       -2.493309
87.855       -2.491558
87.870       -2.489686
87.885       -2.487693
87.900       -2.485580
87.915       -2.483347
87.930       -2.480996
87.945       -2.478526
87.960       -2.475938
87.975       -2.473233
87.990       -2.470411
88.005       -2.467474
88.020       -2.464421
88.035       -2.461254
88.050       -2.457974
88.065       -2.454581
88.080       -2.451076
88.095       -2.447460
88.110       -2.443733
88.125       -2.439898
88.140       -2.435954
88.155       -2.431903
88.170       -2.427745
88.185       -2.423482
88.200       -2.419115
88.215       -2.414645
88.230       -2.410073
88.245       -2.405400
88.260       -2.400627
88.275       -2.395755
88.290       -2.390786
88.305       -2.385721
88.320       -2.380561
88.335       -2.375307
88.350       -2.369961
88.365       -2.364523
88.380       -2.358996
88.395       -2.353381
88.410       -2.347679
88.425       -2.341891
88.440       -2.336019
88.455       -2.330065
88.470       -2.324029
88.485       -2.317914
88.500       -2.311720
88.515       -2.305450
88.530       -2.299104
88.545       -2.292685
88.560       -2.286194
88.575       -2.279633
88.590       -2.273003
88.605       -2.266305
88.620       -2.259543
88.635       -2.252716
88.650       -2.245828
88.665       -2.238878
88.680       -2.231871
88.695       -2.224806
88.710       -2.217686
88.725       -2.210513
88.740       -2.203288
88.755       -2.196013
88.770       -2.188689
88.785       -2.181320
88.800       -2.173906
88.815       -2.166449
88.830       -2.158952
88.845       -2.151415
88.860       -2.143842
88.875       -2.136233
88.890       -2.128591
88.905       -2.120917
88.920       -2.113214
88.935       -2.105483
88.950       -2.097726
88.965       -2.089945
88.980       -2.082143
88.995       -2.074320
89.010       -2.066479
89.025       -2.058622
89.040       -2.050751
89.055       -2.042868
89.070       -2.034974
89.085       -2.027072
89.100       -2.019163
89.115       -2.011250
89.130       -2.003335
89.145       -1.995419
89.160       -1.987504
89.175       -1.979592
89.190       -1.971686
89.205       -1.963787
89.220       -1.955897
89.235       -1.948019
89.250       -1.940153
89.265       -1.932302
89.280       -1.924469
89.295       -1.916654
89.310       -1.908860
89.325       -1.901088
89.340       -1.893342
89.355       -1.885622
89.370       -1.877930
89.385       -1.870269
89.400       -1.862640
89.415       -1.855045
89.430       -1.847486
89.445       -1.839965
89.460       -1.832484
89.475       -1.825044
89.490       -1.817648
89.505       -1.810297
89.520       -1.802993
89.535       -1.795737
89.550       -1.788533
89.565       -1.781381
89.580       -1.774283
89.595       -1.767241
89.610       -1.760256
89.625       -1.753331
89.640       -1.746468
89.655       -1.739666
89.670       -1.732930
89.685       -1.726259
89.700       -1.719657
89.715       -1.713123
89.730       -1.706661
89.745       -1.700272
89.760       -1.693956
89.775       -1.687716
89.790       -1.681554
89.805       -1.675470
89.820       -1.669467
89.835       -1.663546
89.850       -1.657707
89.865       -1.651954
89.880       -1.646286
89.895       -1.640707
89.910       -1.635216
89.925       -1.629815
89.940       -1.624506
89.955       -1.619289
89.970       -1.614167
89.985       -1.609140
90.000       -1.604210
90.015       -1.599378
90.030       -1.594645
90.045       -1.590012
90.060       -1.585481
90.075       -1.581052
90.090       -1.576727
90.105       -1.572506
90.120       -1.568391
90.135       -1.564383
90.150       -1.560483
90.165       -1.556691
90.180       -1.553009
90.195       -1.549437
90.210       -1.545977
90.225       -1.542629
90.240       -1.539394
90.255       -1.536273
90.270       -1.533267
90.285       -1.530376
90.300       -1.527601
90.315       -1.524943
90.330       -1.522403
90.345       -1.519980
90.360       -1.517677
90.375       -1.515492
90.390       -1.513427
90.405       -1.511483
90.420       -1.509659
90.435       -1.507957
90.450       -1.506376
90.465       -1.504917
90.480       -1.503581
90.495       -1.502367
90.510       -1.501276
90.525       -1.500309
90.540       -1.499465
90.555       -1.498745
90.570       -1.498149
90.585       -1.497677
90.600       -1.497329
90.615       -1.497105
90.630       -1.497006
90.645       -1.497031
90.660       -1.497180
90.675       -1.497454
90.690       -1.497852
90.705       -1.498374
90.720       -1.499020
90.735       -1.499789
90.750       -1.500683
90.765       -1.501700
90.780       -1.502840
90.795       -1.504103
90.810       -1.505489
90.825       -1.506997
90.840       -1.508626
90.855       -1.510378
90.870       -1.512250
90.885       -1.514243
90.900       -1.516356
90.915       -1.518588
90.930       -1.520940
90.945       -1.523410
90.960       -1.525998
90.975       -1.528703
90.990       -1.531524
91.005       -1.534462
91.020       -1.537514
91.035       -1.540681
91.050       -1.543961
91.065       -1.547355
91.080       -1.550860
91.095       -1.554476
91.110       -1.558202
91.125       -1.562038
91.140       -1.565982
91.155       -1.570033
91.170       -1.574190
91.185       -1.578453
91.200       -1.582820
91.215       -1.587290
91.230       -1.591863
91.245       -1.596536
91.260       -1.601309
91.275       -1.606181
91.290       -1.611150
91.305       -1.616215
91.320       -1.621375
91.335       -1.626629
91.350       -1.631975
91.365       -1.637412
91.380       -1.642939
91.395       -1.648554
91.410       -1.654257
91.425       -1.660044
91.440       -1.665916
91.455       -1.671871
91.470       -1.677906
91.485       -1.684022
91.500       -1.690216
91.515       -1.696486
91.530       -1.702831
91.545       -1.709250
91.560       -1.715741
91.575       -1.722303
91.590       -1.728933
91.605       -1.735630
91.620       -1.742393
91.635       -1.749219
91.650       -1.756108
91.665       -1.763057
91.680       -1.770065
91.695       -1.777130
91.710       -1.784249
91.725       -1.791423
91.740       -1.798648
91.755       -1.805923
91.770       -1.813246
91.785       -1.820616
91.800       -1.828030
91.815       -1.835486
91.830       -1.842984
91.845       -1.850520
91.860       -1.858094
91.875       -1.865703
91.890       -1.873345
91.905       -1.881019
91.920       -1.888722
91.935       -1.896453
91.950       -1.904210
91.965       -1.911990
91.980       -1.919793
91.995       -1.927616
92.010       -1.935456
92.025       -1.943313
92.040       -1.951184
92.055       -1.959068
92.070       -1.966961
92.085       -1.974864
92.100       -1.982772
92.115       -1.990685
92.130       -1.998601
92.145       -2.006517
92.160       -2.014432
92.175       -2.022343
92.190       -2.030250
92.205       -2.038148
92.220       -2.046038
92.235       -2.053917
92.250       -2.061783
92.265       -2.069633
92.280       -2.077467
92.295       -2.085282
92.310       -2.093076
92.325       -2.100847
92.340       -2.108594
92.355       -2.116314
92.370       -2.124005
92.385       -2.131667
92.400       -2.139296
92.415       -2.146891
92.430       -2.154449
92.445       -2.161970
92.460       -2.169452
92.475       -2.176892
92.490       -2.184288
92.505       -2.191639
92.520       -2.198943
92.535       -2.206198
92.550       -2.213403
92.565       -2.220555
92.580       -2.227653
92.595       -2.234695
92.610       -2.241679
92.625       -2.248604
92.640       -2.255468
92.655       -2.262269
92.670       -2.269006
92.685       -2.275676
92.700       -2.282279
92.715       -2.288812
92.730       -2.295274
92.745       -2.301664
92.760       -2.307979
92.775       -2.314219
92.790       -2.320381
92.805       -2.326465
92.820       -2.332468
92.835       -2.338390
92.850       -2.344228
92.865       -2.349982
92.880       -2.355649
92.895       -2.361229
92.910       -2.366720
92.925       -2.372121
92.940       -2.377430
92.955       -2.382646
92.970       -2.387768
92.985       -2.392795
93.000       -2.397725
93.015       -2.402557
93.030       -2.407290
93.045       -2.411923
93.060       -2.416455
93.075       -2.420883
93.090       -2.425209
93.105       -2.429429
93.120       -2.433544
93.135       -2.437552
93.150       -2.441453
93.165       -2.445245
93.180       -2.448927
93.195       -2.452498
93.210       -2.455958
93.225       -2.459306
93.240       -2.462541
93.255       -2.465662
93.270       -2.468669
93.285       -2.471559
93.300       -2.474334
93.315       -2.476992
93.330       -2.479533
93.345       -2.481955
93.360       -2.484259
93.375       -2.486444
93.390       -2.488508
93.405       -2.490453
93.420       -2.492276
93.435       -2.493979
93.450       -2.495560
93.465       -2.497019
93.480       -2.498355
93.495       -2.499569
93.510       -2.500659
93.525       -2.501627
93.540       -2.502470
93.555       -2.503191
93.570       -2.503787
93.585       -2.504259
93.600       -2.504607
93.615       -2.504830
93.630       -2.504930
93.645       -2.504905
93.660       -2.504756
93.675       -2.504482
93.690       -2.504084
93.705       -2.503562
93.720       -2.502916
93.735       -2.502146
93.750       -2.501253
93.765       -2.500236
93.780       -2.499096
93.795       -2.497832
93.810       -2.496447
93.825       -2.494939
93.840       -2.493309
93.855       -2.491558
93.870       -2.489686
93.885       -2.487693
93.900       -2.485580
93.915       -2.483347
93.930       -2.480996
93.945       -2.478526
93.960       -2.475938
93.975       -2.473233
93.990       -2.470411
94.005       -2.467474
94.020       -2.464421
94.035       -2.461254
94.050       -2.457974
94.065       -2.454581
94.080       -2.451076
94.095       -2.447460
94.110       -2.443733
94.125       -2.439898
94.140       -2.435954
94.155       -2.431903
94.170       -2.427745
94.185       -2.423482
94.200       -2.419115
94.215       -2.414645
94.230       -2.410073
94.245       -2.405400
94.260       -2.400627
94.275       -2.395755
94.290       -2.390786
94.305       -2.385721
94.320       -2.380561
94.335       -2.375307
94.350       -2.369961
94.365       -2.364523
94.380       -2.358996
94.395       -2.353381
94.410       -2.347679
94.425       -2.341891
94.440       -2.336019
94.455       -2.330065
94.470       -2.324029
94.485       -2.317914
94.500       -2.311720
94.515       -2.305450
94.530       -2.299104
94.545       -2.292685
94.560       -2.286194
94.575       -2.279633
94.590       -2.273003
94.605       -2.266305
94.620       -2.259543
94.635       -2.252716
94.650       -2.245828
94.665       -2.238878
94.680       -2.231871
94.695       -2.224806
94.710       -2.217686
94.725       -2.210513
94.740       -2.203288
94.755       -2.196013
94.770       -2.188689
94.785       -2.181320
94.800       -2.173906
94.815       -2.166449
94.830       -2.158952
94.845       -2.151415
94.860       -2.143842
94.875       -2.136233
94.890       -2.128591
94.905       -2.120917
94.920       -2.113214
94.935       -2.105483
94.950       -2.097726
94.965       -2.089945
94.980       -2.082143
94.995       -2.074320
95.010       -2.066479
95.025       -2.058622
95.040       -2.050751
95.055       -2.042868
95.070       -2.034974
95.085       -2.027072
95.100       -2.019163
95.115       -2.011250
95.130       -2.003335
95.145       -1.995419
95.160       -1.987504
95.175       -1.979592
95.190       -1.971686
95.205       -1.963787
95.220       -1.955897
95.235       -1.948019
95.250       -1.940153
95.265       -1.932302
95.280       -1.924469
95.295       -1.916654
95.310       -1.908860
95.325       -1.901088
95.340       -1.893342
95.355       -1.885622
95.370       -1.877930
95.385       -1.870269
95.400       -1.862640
95.415       -1.855045
95.430       -1.847486
95.445       -1.839965
95.460       -1.832484
95.475       -1.825044
95.490       -1.817648
95.505       -1.810297
95.520       -1.802993
95.535       -1.795737
95.550       -1.788533
95.565       -1.781381
95.580       -1.774283
95.595       -1.767241
95.610       -1.760256
95.625       -1.753331
95.640       -1.746468
95.655       -1.739666
95.670       -1.732930
95.685       -1.726259
95.700       -1.719657
95.715       -1.713123
95.730       -1.706661
95.745       -1.700272
95.760       -1.693956
95.775       -1.687716
95.790       -1.681554
95.805       -1.675470
95.820       -1.669467
95.835       -1.663546
95.850       -1.657707
95.865       -1.651954
95.880       -1.646286
95.895       -1.640707
95.910       -1.635216
95.925       -1.629815
95.940       -1.624506
95.955       -1.619289
95.970       -1.614167
95.985       -1.609140
96.000       -1.604210
96.015       -1.599378
96.030       -1.594645
96.045       -1.590012
96.060       -1.585481
96.075       -1.581052
96.090       -1.576727
96.105       -1.572506
96.120       -1.568391
96.135       -1.564383
96.150       -1.560483
96.165       -1.556691
96.180       -1.553009
96.195       -1.549437
96.210       -1.545977
96.225       -1.542629
96.240       -1.539394
96.255       -1.536273
96.270       -1.533267
96.285       -1.530376
96.300       -1.527601
96.315       -1.524943
96.330       -1.522403
96.345       -1.519980
96.360       -1.517677
96.375       -1.515492
96.390       -1.513427
96.405       -1.511483
96.420       -1.509659
96.435       -1.507957
96.450       -1.506376
96.465       -1.504917
96.480       -1.503581
96.495       -1.502367
96.510       -1.501276
96.525       -1.500309
96.540       -1.499465
96.555       -1.498745
96.570       -1.498149
96.585       -1.497677
96.600       -1.497329
96.615       -1.497105
96.630       -1.497006
96.645       -1.497031
96.660       -1.497180
96.675       -1.497454
96.690       -1.497852
96.705       -1.498374
96.720       -1.499020
96.735       -1.499789
96.750       -1.500683
96.765       -1.501700
96.780       -1.502840
96.795       -1.504103
96.810       -1.505489
96.825       -1.506997
96.840       -1.508626
96.855       -1.510378
96.870       -1.512250
96.885       -1.514243
96.900       -1.516356
96.915       -1.518588
96.930       -1.520940
96.945       -1.523410
96.960       -1.525998
96.975       -1.528703
96.990       -1.531524
97.005       -1.534462
97.020       -1.537514
97.035       -1.540681
97.050       -1.543961
97.065       -1.547355
97.080       -1.550860
97.095       -1.554476
97.110       -1.558202
97.125       -1.562038
97.140       -1.565982
97.155       -1.570033
97.170       -1.574190
97.185       -1.578453
97.200       -1.582820
97.215       -1.587290
97.230       -1.591863
97.245       -1.596536
97.260       -1.601309
97.275       -1.606181
97.290       -1.611150
97.305       -1.616215
97.320       -1.621375
97.335       -1.626629
97.350       -1.631975
97.365       -1.637412
97.380       -1.642939
97.395       -1.648554
97.410       -1.654257
97.425       -1.660044
97.440       -1.665916
97.455       -1.671871
97.470       -1.677906
97.485       -1.684022
97.500       -1.690216
97.515       -1.696486
97.530       -1.702831
97.545       -1.709250
97.560       -1.715741
97.575       -1.722303
97.590       -1.728933
97.605       -1.735630
97.620       -1.742393
97.635       -1.749219
97.650       -1.756108
97.665       -1.763057
97.680       -1.770065
97.695       -1.777130
97.710       -1.784249
97.725       -1.791423
97.740       -1.798648
97.755       -1.805923
97.770       -1.813246
97.785       -1.820616
97.800       -1.828030
97.815       -1.835486
97.830       -1.842984
97.845       -1.850520
97.860       -1.858094
97.875       -1.865703
97.890       -1.873345
97.905       -1.881019
97.920       -1.888722
97.935       -1.896453
97.950       -1.904210
97.965       -1.911990
97.980       -1.919793
97.995       -1.927616
98.010       -1.935456
98.025       -1.943313
98.040       -1.951184
98.055       -1.959068
98.070       -1.966961
98.085       -1.974864
98.100       -1.982772
98.115       -1.990685
98.130       -1.998601
98.145       -2.006517
98.160       -2.014432
98.175       -2.022343
98.190       -2.030250
98.205       -2.038148
98.220       -2.046038
98.235       -2.053917
98.250       -2.061783
98.265       -2.069633
98.280       -2.077467
98.295       -2.085282
98.310       -2.093076
98.325       -2.100847
98.340       -2.108594
98.355       -2.116314
98.370       -2.124005
98.385       -2.131667
98.400       -2.139296
98.415       -2.146891
98.430       -2.154449
98.445       -2.161970
98.460       -2.169452
98.475       -2.176892
98.490       -2.184288
98.505       -2.191639
98.520       -2.198943
98.535       -2.206198
98.550       -2.213403
98.565       -2.220555
98.580       -2.227653
98.595       -2.234695
98.610       -2.241679
98.625       -2.248604
98.640       -2.255468
98.655       -2.262269
98.670       -2.269006
98.685       -2.275676
98.700       -2.282279
98.715       -2.288812
98.730       -2.295274
98.745       -2.301664
98.760       -2.307979
98.775       -2.314219
98.790       -2.320381
98.805       -2.326465
98.820       -2.332468
98.835       -2.338390
98.850       -2.344228
98.865       -2.349982
98.880       -2.355649
98.895       -2.361229
98.910       -2.366720
98.925       -2.372121
98.940       -2.377430
98.955       -2.382646
98.970       -2.387768
98.985       -2.392795
99.000       -2.397725
99.015       -2.402557
99.030       -2.407290
99.045       -2.411923
99.060       -2.416455
99.075       -2.420883
99.090       -2.425209
99.105       -2.429429
99.120       -2.433544
99.135       -2.437552
99.150       -2.441453
99.165       -2.445245
99.180       -2.448927
99.195       -2.452498
99.210       -2.455958
99.225       -2.459306
99.240       -2.462541
99.255       -2.465662
99.270       -2.468669
99.285       -2.471559
99.300       -2.474334
99.315       -2.476992
99.330       -2.479533
99.345       -2.481955
99.360       -2.484259
99.375       -2.486444
99.390       -2.488508
99.405       -2.490453
99.420       -2.492276
99.435       -2.493979
99.450       -2.495560
99.465       -2.497019
99.480       -2.498355
99.495       -2.499569
99.510       -2.500659
99.525       -2.501627
99.540       -2.502470
99.555       -2.503191
99.570       -2.503787
99.585       -2.504259
99.600       -2.504607
99.615       -2.504830
99.630       -2.504930
99.645       -2.504905
99.660       -2.504756
99.675       -2.504482
99.690       -2.504084
99.705       -2.503562
99.720       -2.502916
99.735       -2.502146
99.750       -2.501253
99.765       -2.500236
99.780       -2.499096
99.795       -2.497832
99.810       -2.496447
99.825       -2.494939
99.840       -2.493309
99.855       -2.491558
99.870       -2.489686
99.885       -2.487693
99.900       -2.485580
99.915       -2.483347
99.930       -2.480996
99.945       -2.478526
99.960       -2.475938
99.975       -2.473233
99.990       -2.470411
100.005      -2.467474
100.020      -2.464421
100.035      -2.461254
100.050      -2.457974
100.065      -2.454581
100.080      -2.451076
100.095      -2.447460
100.110      -2.443733
100.125      -2.439898
100.140      -2.435954
100.155      -2.431903
100.170      -2.427745
100.185      -2.423482
100.200      -2.419115
100.215      -2.414645
100.230      -2.410073
100.245      -2.405400
100.260      -2.400627
100.275      -2.395755
100.290      -2.390786
100.305      -2.385721
100.320      -2.380561
100.335      -2.375307
100.350      -2.369961
100.365      -2.364523
100.380      -2.358996
100.395      -2.353381
100.410      -2.347679
100.425      -2.341891
100.440      -2.336019
100.455      -2.330065
100.470      -2.324029
100.485      -2.317914
100.500      -2.311720
100.515      -2.305450
100.530      -2.299104
100.545      -2.292685
100.560      -2.286194
100.575      -2.279633
100.590      -2.273003
100.605      -2.266305
100.620      -2.259543
100.635      -2.252716
100.650      -2.245828
100.665      -2.238879
100.680      -2.231871
100.695      -2.224806
100.710      -2.217686
100.725      -2.210513
100.740      -2.203288
100.755      -2.196013
100.770      -2.188689
100.785      -2.181320
100.800      -2.173906
100.815      -2.166449
100.830      -2.158952
100.845      -2.151415
100.860      -2.143842
100.875      -2.136233
100.890      -2.128591
100.905      -2.120917
100.920      -2.113214
100.935      -2.105483
100.950      -2.097726
100.965      -2.089945
100.980      -2.082143
100.995      -2.074320
101.010      -2.066479
101.025      -2.058622
101.040      -2.050751
101.055      -2.042868
101.070      -2.034974
101.085      -2.027072
101.100      -2.019163
101.115      -2.011250
101.130      -2.003335
101.145      -1.995419
101.160      -1.987504
101.175      -1.979592
101.190      -1.971686
101.205      -1.963787
101.220      -1.955897
101.235      -1.948019
101.250      -1.940153
101.265      -1.932302
101.280      -1.924469
101.295      -1.916654
101.310      -1.908860
101.325      -1.901088
101.340      -1.893342
101.355      -1.885622
101.370      -1.877930
101.385      -1.870269
101.400      -1.862640
101.415      -1.855045
101.430      -1.847486
101.445      -1.839965
101.460      -1.832484
101.475      -1.825044
101.490      -1.817648
101.505      -1.810297
101.520      -1.802993
101.535      -1.795737
101.550      -1.788533
101.565      -1.781381
101.580      -1.774283
101.595      -1.767241
101.610      -1.760256
101.625      -1.753331
101.640      -1.746468
101.655      -1.739666
101.670      -1.732930
101.685      -1.726259
101.700      -1.719657
101.715      -1.713123
101.730      -1.706661
101.745      -1.700272
101.760      -1.693956
101.775      -1.687716
101.790      -1.681554
101.805      -1.675470
101.820      -1.669467
101.835      -1.663546
101.850      -1.657707
101.865      -1.651954
101.880      -1.646286
101.895      -1.640707
101.910      -1.635216
101.925      -1.629815
101.940      -1.624506
101.955      -1.619289
101.970      -1.614167
101.985      -1.609140
102.000      -1.604210
102.015      -1.599378
102.030      -1.594645
102.045      -1.590012
102.060      -1.585481
102.075      -1.581052
102.090      -1.576727
102.105      -1.572506
102.120      -1.568391
102.135      -1.564383
102.150      -1.560483
102.165      -1.556691
102.180      -1.553009
102.195      -1.549437
102.210      -1.545977
102.225      -1.542629
102.240      -1.539394
102.255      -1.536273
102.270      -1.533267
102.285      -1.530376
102.300      -1.527601
102.315      -1.524943
102.330      -1.522403
102.345      -1.519980
102.360      -1.517677
102.375      -1.515492
102.390      -1.513427
102.405      -1.511483
102.420      -1.509659
102.435      -1.507957
102.450      -1.506376
102.465      -1.504917
102.480      -1.503581
102.495      -1.502367
102.510      -1.501276
102.525      -1.500309
102.540      -1.499465
102.555      -1.498745
102.570      -1.498149
102.585      -1.497677
102.600      -1.497329
102.615      -1.497105
102.630      -1.497006
102.645      -1.497031
102.660      -1.497180
102.675      -1.497454
102.690      -1.497852
102.705      -1.498374
102.720      -1.499020
102.735      -1.499789
102.750      -1.500683
102.765      -1.501700
102.780      -1.502840
102.795      -1.504103
102.810      -1.505489
102.825      -1.506997
102.840      -1.508626
102.855      -1.510378
102.870      -1.512250
102.885      -1.514243
102.900      -1.516356
102.915      -1.518588
102.930      -1.520940
102.945      -1.523410
102.960      -1.525998
102.975      -1.528703
102.990      -1.531524
103.005      -1.534462
103.020      -1.537514
103.035      -1.540681
103.050      -1.543961
103.065      -1.547355
103.080      -1.550860
103.095      -1.554476
103.110      -1.558202
103.125      -1.562038
103.140      -1.565982
103.155      -1.570033
103.170      -1.574190
103.185      -1.578453
103.200      -1.582820
103.215      -1.587290
103.230      -1.591863
103.245      -1.596536
103.260      -1.601309
103.275      -1.606181
103.290      -1.611150
103.305      -1.616215
103.320      -1.621375
103.335      -1.626629
103.350      -1.631975
103.365      -1.637412
103.380      -1.642939
103.395      -1.648554
103.410      -1.654257
103.425      -1.660044
103.440      -1.665916
103.455      -1.671871
103.470      -1.677906
103.485      -1.684022
103.500      -1.690216
103.515      -1.696486
103.530      -1.702831
103.545      -1.709250
103.560      -1.715741
103.575      -1.722303
103.590      -1.728933
103.605      -1.735630
103.620      -1.742393
103.635      -1.749219
103.650      -1.756108
103.665      -1.763057
103.680      -1.770065
103.695      -1.777130
103.710      -1.784249
103.725      -1.791423
103.740      -1.798648
103.755      -1.805923
103.770      -1.813246
103.785      -1.820616
103.800      -1.828030
103.815      -1.835486
103.830      -1.842984
103.845      -1.850520
103.860      -1.858094
103.875      -1.865703
103.890      -1.873345
103.905      -1.881019
103.920      -1.888722
103.935      -1.896453
103.950      -1.904210
103.965      -1.911990
103.980      -1.919793
103.995      -1.927616
104.010      -1.935456
104.025      -1.943313
104.040      -1.951184
104.055      -1.959068
104.070      -1.966961
104.085      -1.974864
104.100      -1.982772
104.115      -1.990685
104.130      -1.998601
104.145      -2.006517
104.160      -2.014432
104.175      -2.022343
104.190      -2.030250
104.205      -2.038148
104.220      -2.046038
104.235      -2.053917
104.250      -2.061783
104.265      -2.069633
104.280      -2.077467
104.295      -2.085282
104.310      -2.093076
104.325      -2.100847
104.340      -2.108594
104.355      -2.116314
104.370      -2.124005
104.385      -2.131667
104.400      -2.139296
104.415      -2.146891
104.430      -2.154449
104.445      -2.161970
104.460      -2.169452
104.475      -2.176892
104.490      -2.184288
104.505      -2.191639
104.520      -2.198943
104.535      -2.206198
104.550      -2.213403
104.565      -2.220555
104.580      -2.227653
104.595      -2.234695
104.610      -2.241679
104.625      -2.248604
104.640      -2.255468
104.655      -2.262269
104.670      -2.269006
104.685      -2.275676
104.700      -2.282279
104.715      -2.288812
104.730      -2.295274
104.745      -2.301664
104.760      -2.307979
104.775      -2.314219
104.790      -2.320381
104.805      -2.326465
104.820      -2.332468
104.835      -2.338390
104.850      -2.344228
104.865      -2.349982
104.880      -2.355649
104.895      -2.361229
104.910      -2.366720
104.925      -2.372121
104.940      -2.377430
104.955      -2.382646
104.970      -2.387768
104.985      -2.392795
105.000      -2.397725
105.015      -2.402557
105.030      -2.407290
105.045      -2.411923
105.060      -2.416455
105.075      -2.420883
105.090      -2.425209
105.105      -2.429429
105.120      -2.433544
105.135      -2.437552
105.150      -2.441453
105.165      -2.445245
105.180      -2.448927
105.195      -2.452498
105.210      -2.455958
105.225      -2.459306
105.240      -2.462541
105.255      -2.465662
105.270      -2.468669
105.285      -2.471559
105.300      -2.474334
105.315      -2.476992
105.330      -2.479533
105.345      -2.481955
105.360      -2.484259
105.375      -2.486444
105.390      -2.488508
105.405      -2.490453
105.420      -2.492276
105.435      -2.493979
105.450      -2.495560
105.465      -2.497019
105.480      -2.498355
105.495      -2.499569
105.510      -2.500659
105.525      -2.501627
105.540      -2.502470
105.555      -2.503191
105.570      -2.503787
105.585      -2.504259
105.600      -2.504607
105.615      -2.504830
105.630      -2.504930
105.645      -2.504905
105.660      -2.504756
105.675      -2.504482
105.690      -2.504084
105.705      -2.503562
105.720      -2.502916
105.735      -2.502146
105.750      -2.501253
105.765      -2.500236
105.780      -2.499096
105.795      -2.497832
105.810      -2.496447
105.825      -2.494939
105.840      -2.493309
105.855      -2.491558
105.870      -2.489686
105.885      -2.487693
105.900      -2.485580
105.915      -2.483347
105.930      -2.480996
105.945      -2.478526
105.960      -2.475938
105.975      -2.473233
105.990      -2.470411
106.005      -2.467474
106.020      -2.464421
106.035      -2.461254
106.050      -2.457974
106.065      -2.454581
106.080      -2.451076
106.095      -2.447460
106.110      -2.443733
106.125      -2.439898
106.140      -2.435954
106.155      -2.431903
106.170      -2.427745
106.185      -2.423482
106.200      -2.419115
106.215      -2.414645
106.230      -2.410073
106.245      -2.405400
106.260      -2.400627
106.275      -2.395755
106.290      -2.390786
106.305      -2.385721
106.320      -2.380561
106.335      -2.375307
106.350      -2.369961
106.365      -2.364523
106.380      -2.358996
106.395      -2.353381
106.410      -2.347679
106.425      -2.341891
106.440      -2.336019
106.455      -2.330065
106.470      -2.324029
106.485      -2.317914
106.500      -2.311720
106.515      -2.305450
106.530      -2.299104
106.545      -2.292685
106.560      -2.286194
106.575      -2.279633
106.590      -2.273003
106.605      -2.266305
106.620      -2.259543
106.635      -2.252716
106.650      -2.245828
106.665      -2.238879
106.680      -2.231871
106.695      -2.224806
106.710      -2.217686
106.725      -2.210513
106.740      -2.203288
106.755      -2.196013
106.770      -2.188689
106.785      -2.181320
106.800      -2.173906
106.815      -2.166449
106.830      -2.158952
106.845      -2.151415
106.860      -2.143842
106.875      -2.136233
106.890      -2.128591
106.905      -2.120917
106.920      -2.113214
106.935      -2.105483
106.950      -2.097726
106.965      -2.089945
106.980      -2.082143
106.995      -2.074320
107.010      -2.066479
107.025      -2.058622
107.040      -2.050751
107.055      -2.042868
107.070      -2.034974
107.085      -2.027072
107.100      -2.019163
107.115      -2.011250
107.130      -2.003335
107.145      -1.995419
107.160      -1.987504
107.175      -1.979592
107.190      -1.971686
107.205      -1.963787
107.220      -1.955897
107.235      -1.948019
107.250      -1.940153
107.265      -1.932302
107.280      -1.924469
107.295      -1.916654
107.310      -1.908860
107.325      -1.901088
107.340      -1.893342
107.355      -1.885622
107.370      -1.877930
107.385      -1.870269
107.400      -1.862640
107.415      -1.855045
107.430      -1.847486
107.445      -1.839965
107.460      -1.832484
107.475      -1.825044
107.490      -1.817648
107.505      -1.810297
107.520      -1.802993
107.535      -1.795737
107.550      -1.788533
107.565      -1.781381
107.580      -1.774283
107.595      -1.767241
107.610      -1.760256
107.625      -1.753331
107.640      -1.746468
107.655      -1.739666
107.670      -1.732930
107.685      -1.726259
107.700      -1.719657
107.715      -1.713123
107.730      -1.706661
107.745      -1.700272
107.760      -1.693956
107.775      -1.687716
107.790      -1.681554
107.805      -1.675470
107.820      -1.669467
107.835      -1.663546
107.850      -1.657707
107.865      -1.651954
107.880      -1.646286
107.895      -1.640707
107.910      -1.635216
107.925      -1.629815
107.940      -1.624506
107.955      -1.619289
107.970      -1.614167
107.985      -1.609140
108.000      -1.604210
108.015      -1.599378
108.030      -1.594645
108.045      -1.590012
108.060      -1.585481
108.075      -1.581052
108.090      -1.576727
108.105      -1.572506
108.120      -1.568391
108.135      -1.564383
108.150      -1.560483
108.165      -1.556691
108.180      -1.553009
108.195      -1.549437
108.210      -1.545977
108.225      -1.542629
108.240      -1.539394
108.255      -1.536273
108.270      -1.533267
108.285      -1.530376
108.300      -1.527601
108.315      -1.524943
108.330      -1.522403
108.345      -1.519980
108.360      -1.517677
108.375      -1.515492
108.390      -1.513427
108.405      -1.511483
108.420      -1.509659
108.435      -1.507957
108.450      -1.506376
108.465      -1.504917
108.480      -1.503581
108.495      -1.502367
108.510      -1.501276
108.525      -1.500309
108.540      -1.499465
108.555      -1.498745
108.570      -1.498149
108.585      -1.497677
108.600      -1.497329
108.615      -1.497105
108.630      -1.497006
108.645      -1.497031
108.660      -1.497180
108.675      -1.497454
108.690      -1.497852
108.705      -1.498374
108.720      -1.499020
108.735      -1.499789
108.750      -1.500683
108.765      -1.501700
108.780      -1.502840
108.795      -1.504103
108.810      -1.505489
108.825      -1.506997
108.840      -1.508626
108.855      -1.510378
108.870      -1.512250
108.885      -1.514243
108.900      -1.516356
108.915      -1.518588
108.930      -1.520940
108.945      -1.523410
108.960      -1.525998
108.975      -1.528703
108.990      -1.531524
109.005      -1.534462
109.020      -1.537514
109.035      -1.540681
109.050      -1.543961
109.065      -1.547355
109.080      -1.550860
109.095      -1.554476
109.110      -1.558202
109.125      -1.562038
109.140      -1.565982
109.155      -1.570033
109.170      -1.574190
109.185      -1.578453
109.200      -1.582820
109.215      -1.587290
109.230      -1.591863
109.245      -1.596536
109.260      -1.601309
109.275      -1.606181
109.290      -1.611150
109.305      -1.616215
109.320      -1.621375
109.335      -1.626629
109.350      -1.631975
109.365      -1.637412
109.380      -1.642939
109.395      -1.648554
109.410      -1.654257
109.425      -1.660044
109.440      -1.665916
109.455      -1.671871
109.470      -1.677906
109.485      -1.684022
109.500      -1.690216
109.515      -1.696486
109.530      -1.702831
109.545      -1.709250
109.560      -1.715741
109.575      -1.722303
109.590      -1.728933
109.605      -1.735630
109.620      -1.742393
109.635      -1.749219
109.650      -1.756108
109.665      -1.763057
109.680      -1.770065
109.695      -1.777130
109.710      -1.784249
109.725      -1.791423
109.740      -1.798648
109.755      -1.805923
109.770      -1.813246
109.785      -1.820616
109.800      -1.828030
109.815      -1.835486
109.830      -1.842984
109.845      -1.850520
109.860      -1.858094
109.875      -1.865703
109.890      -1.873345
109.905      -1.881019
109.920      -1.888722
109.935      -1.896453
109.950      -1.904210
109.965      -1.911990
109.980      -1.919793
109.995      -1.927616
110.010      -1.935456
110.025      -1.943313
110.040      -1.951184
110.055      -1.959068
110.070      -1.966961
110.085      -1.974864
110.100      -1.982772
110.115      -1.990685
110.130      -1.998601
110.145      -2.006517
110.160      -2.014432
110.175      -2.022343
110.190      -2.030250
110.205      -2.038148
110.220      -2.046038
110.235      -2.053917
110.250      -2.061783
110.265      -2.069633
110.280      -2.077467
110.295      -2.085282
110.310      -2.093076
110.325      -2.100847
110.340      -2.108594
110.355      -2.116314
110.370      -2.124005
110.385      -2.131667
110.400      -2.139296
110.415      -2.146891
110.430      -2.154449
110.445      -2.161970
110.460      -2.169452
110.475      -2.176892
110.490      -2.184288
110.505      -2.191639
110.520      -2.198943
110.535      -2.206198
110.550      -2.213403
110.565      -2.220555
110.580      -2.227653
110.595      -2.234695
110.610      -2.241679
110.625      -2.248604
110.640      -2.255468
110.655      -2.262269
110.670      -2.269006
110.685      -2.275676
110.700      -2.282279
110.715      -2.288812
110.730      -2.295274
110.745      -2.301664
110.760      -2.307979
110.775      -2.314219
110.790      -2.320381
110.805      -2.326465
110.820      -2.332468
110.835      -2.338390
110.850      -2.344228
110.865      -2.349982
110.880      -2.355649
110.895      -2.361229
110.910      -2.366720
110.925      -2.372121
110.940      -2.377430
110.955      -2.382646
110.970      -2.387768
110.985      -2.392795
111.000      -2.397725
111.015      -2.402557
111.030      -2.407290
111.045      -2.411923
111.060      -2.416455
111.075      -2.420883
111.090      -2.425209
111.105      -2.429429
111.120      -2.433544
111.135      -2.437552
111.150      -2.441453
111.165      -2.445245
111.180      -2.448927
111.195      -2.452498
111.210      -2.455958
111.225      -2.459306
111.240      -2.462541
111.255      -2.465662
111.270      -2.468669
111.285      -2.471559
111.300      -2.474334
111.315      -2.476992
111.330      -2.479533
111.345      -2.481955
111.360      -2.484259
111.375      -2.486444
111.390      -2.488508
111.405      -2.490453
111.420      -2.492276
111.435      -2.493979
111.450      -2.495560
111.465      -2.497019
111.480      -2.498355
111.495      -2.499569
111.510      -2.500659
111.525      -2.501627
111.540      -2.502470
111.555      -2.503191
111.570      -2.503787
111.585      -2.504259
111.600      -2.504607
111.615      -2.504830
111.630      -2.504930
111.645      -2.504905
111.660      -2.504756
111.675      -2.504482
111.690      -2.504084
111.705      -2.503562
111.720      -2.502916
111.735      -2.502146
111.750      -2.501253
111.765      -2.500236
111.780      -2.499096
111.795      -2.497832
111.810      -2.496447
111.825      -2.494939
111.840      -2.493309
111.855      -2.491558
111.870      -2.489686
111.885      -2.487693
111.900      -2.485580
111.915      -2.483347
111.930      -2.480996
111.945      -2.478526
111.960      -2.475938
111.975      -2.473233
111.990      -2.470411
112.005      -2.467474
112.020      -2.464421
112.035      -2.461254
112.050      -2.457974
112.065      -2.454581
112.080      -2.451076
112.095      -2.447460
112.110      -2.443733
112.125      -2.439898
112.140      -2.435954
112.155      -2.431903
112.170      -2.427745
112.185      -2.423482
112.200      -2.419115
112.215      -2.414645
112.230      -2.410073
112.245      -2.405400
112.260      -2.400627
112.275      -2.395755
112.290      -2.390786
112.305      -2.385721
112.320      -2.380561
112.335      -2.375307
112.350      -2.369961
112.365      -2.364523
112.380      -2.358996
112.395      -2.353381
112.410      -2.347679
112.425      -2.341891
112.440      -2.336019
112.455      -2.330065
112.470      -2.324029
112.485      -2.317914
112.500      -2.311720
112.515      -2.305450
112.530      -2.299104
112.545      -2.292685
112.560      -2.286194
112.575      -2.279633
112.590      -2.273003
112.605      -2.266305
112.620      -2.259543
112.635      -2.252716
112.650      -2.245828
112.665      -2.238879
112.680      -2.231871
112.695      -2.224806
112.710      -2.217686
112.725      -2.210513
112.740      -2.203288
112.755      -2.196013
112.770      -2.188689
112.785      -2.181320
112.800      -2.173906
112.815      -2.166449
112.830      -2.158952
112.845      -2.151415
112.860      -2.143842
112.875      -2.136233
112.890      -2.128591
112.905      -2.120917
112.920      -2.113214
112.935      -2.105483
112.950      -2.097726
112.965      -2.089945
112.980      -2.082143
112.995      -2.074320
113.010      -2.066479
113.025      -2.058622
113.040      -2.050751
113.055      -2.042868
113.070      -2.034974
113.085      -2.027072
113.100      -2.019163
113.115      -2.011250
113.130      -2.003335
113.145      -1.995419
113.160      -1.987504
113.175      -1.979592
113.190      -1.971686
113.205      -1.963787
113.220      -1.955897
113.235      -1.948019
113.250      -1.940153
113.265      -1.932302
113.280      -1.924469
113.295      -1.916654
113.310      -1.908860
113.325      -1.901088
113.340      -1.893342
113.355      -1.885622
113.370      -1.877930
113.385      -1.870269
113.400      -1.862640
113.415      -1.855045
113.430      -1.847486
113.445      -1.839965
113.460      -1.832484
113.475      -1.825044
113.490      -1.817648
113.505      -1.810297
113.520      -1.802993
113.535      -1.795737
113.550      -1.788533
113.565      -1.781381
113.580      -1.774283
113.595      -1.767241
113.610      -1.760256
113.625      -1.753331
113.640      -1.746468
113.655      -1.739666
113.670      -1.732930
113.685      -1.726259
113.700      -1.719657
113.715      -1.713123
113.730      -1.706661
113.745      -1.700272
113.760      -1.693956
113.775      -1.687716
113.790      -1.681554
113.805      -1.675470
113.820      -1.669467
113.835      -1.663546
113.850      -1.657707
113.865      -1.651954
113.880      -1.646286
113.895      -1.640707
113.910      -1.635216
113.925      -1.629815
113.940      -1.624506
113.955      -1.619289
113.970      -1.614167
113.985      -1.609140
114.000      -1.604210
114.015      -1.599378
114.030      -1.594645
114.045      -1.590012
114.060      -1.585481
114.075      -1.581052
114.090      -1.576727
114.105      -1.572506
114.120      -1.568391
114.135      -1.564383
114.150      -1.560483
114.165      -1.556691
114.180      -1.553009
114.195      -1.549437
114.210      -1.545977
114.225      -1.542629
114.240      -1.539394
114.255      -1.536273
114.270      -1.533267
114.285      -1.530376
114.300      -1.527601
114.315      -1.524943
114.330      -1.522403
114.345      -1.519980
114.360      -1.517677
114.375      -1.515492
114.390      -1.513427
114.405      -1.511483
114.420      -1.509659
114.435      -1.507957
114.450      -1.506376
114.465      -1.504917
114.480      -1.503581
114.495      -1.502367
114.510      -1.501276
114.525      -1.500309
114.540      -1.499465
114.555      -1.498745
114.570      -1.498149
114.585      -1.497677
114.600      -1.497329
114.615      -1.497105
114.630      -1.497006
114.645      -1.497031
114.660      -1.497180
114.675      -1.497454
114.690      -1.497852
114.705      -1.498374
114.720      -1.499020
114.735      -1.499789
114.750      -1.500683
114.765      -1.501700
114.780      -1.502840
114.795      -1.504103
114.810      -1.505489
114.825      -1.506997
114.840      -1.508626
114.855      -1.510378
114.870      -1.512250
114.885      -1.514243
114.900      -1.516356
114.915      -1.518588
114.930      -1.520940
114.945      -1.523410
114.960      -1.525998
114.975      -1.528703
114.990      -1.531524
115.005      -1.534462
115.020      -1.537514
115.035      -1.540681
115.050      -1.543961
115.065      -1.547355
115.080      -1.550860
115.095      -1.554476
115.110      -1.558202
115.125      -1.562038
115.140      -1.565982
115.155      -1.570033
115.170      -1.574190
115.185      -1.578453
115.200      -1.582820
115.215      -1.587290
115.230      -1.591863
115.245      -1.596536
115.260      -1.601309
115.275      -1.606181
115.290      -1.611150
115.305      -1.616215
115.320      -1.621375
115.335      -1.626629
115.350      -1.631975
115.365      -1.637412
115.380      -1.642939
115.395      -1.648554
115.410      -1.654257
115.425      -1.660044
115.440      -1.665916
115.455      -1.671871
115.470      -1.677906
115.485      -1.684022
115.500      -1.690216
115.515      -1.696486
115.530      -1.702831
115.545      -1.709250
115.560      -1.715741
115.575      -1.722303
115.590      -1.728933
115.605      -1.735630
115.620      -1.742393
115.635      -1.749219
115.650      -1.756108
115.665      -1.763057
115.680      -1.770065
115.695      -1.777130
115.710      -1.784249
115.725      -1.791423
115.740      -1.798648
115.755      -1.805923
115.770      -1.813246
115.785      -1.820616
115.800      -1.828030
115.815      -1.835486
115.830      -1.842984
115.845      -1.850520
115.860      -1.858094
115.875      -1.865703
115.890      -1.873345
115.905      -1.881019
115.920      -1.888722
115.935      -1.896453
115.950      -1.904210
115.965      -1.911990
115.980      -1.919793
115.995      -1.927616
116.010      -1.935456
116.025      -1.943313
116.040      -1.951184
116.055      -1.959068
116.070      -1.966961
116.085      -1.974864
116.100      -1.982772
116.115      -1.990685
116.130      -1.998601
116.145      -2.006517
116.160      -2.014432
116.175      -2.022343
116.190      -2.030249
116.205      -2.038148
116.220      -2.046038
116.235      -2.053917
116.250      -2.061783
116.265      -2.069633
116.280      -2.077467
116.295      -2.085282
116.310      -2.093076
116.325      -2.100847
116.340      -2.108594
116.355      -2.116314
116.370      -2.124005
116.385      -2.131667
116.400      -2.139296
116.415      -2.146891
116.430      -2.154449
116.445      -2.161970
116.460      -2.169452
116.475      -2.176892
116.490      -2.184288
116.505      -2.191639
116.520      -2.198943
116.535      -2.206198
116.550      -2.213403
116.565      -2.220555
116.580      -2.227653
116.595      -2.234695
116.610      -2.241679
116.625      -2.248604
116.640      -2.255468
116.655      -2.262269
116.670      -2.269006
116.685      -2.275676
116.700      -2.282279
116.715      -2.288812
116.730      -2.295274
116.745      -2.301664
116.760      -2.307979
116.775      -2.314219
116.790      -2.320381
116.805      -2.326465
116.820      -2.332468
116.835      -2.338390
116.850      -2.344228
116.865      -2.349982
116.880      -2.355649
116.895      -2.361229
116.910      -2.366720
116.925      -2.372121
116.940      -2.377430
116.955      -2.382646
116.970      -2.387768
116.985      -2.392795
117.000      -2.397725
117.015      -2.402557
117.030      -2.407290
117.045      -2.411923
117.060      -2.416455
117.075      -2.420883
117.090      -2.425209
117.105      -2.429429
117.120      -2.433544
117.135      -2.437552
117.150      -2.441453
117.165      -2.445245
117.180      -2.448927
117.195      -2.452498
117.210      -2.455958
117.225      -2.459306
117.240      -2.462541
117.255      -2.465662
117.270      -2.468669
117.285      -2.471559
117.300      -2.474334
117.315      -2.476992
117.330      -2.479533
117.345      -2.481955
117.360      -2.484259
117.375      -2.486444
117.390      -2.488508
117.405      -2.490453
117.420      -2.492276
117.435      -2.493979
117.450      -2.495560
117.465      -2.497019
117.480      -2.498355
117.495      -2.499569
117.510      -2.500659
117.525      -2.501627
117.540      -2.502470
117.555      -2.503191
117.570      -2.503787
117.585      -2.504259
117.600      -2.504607
117.615      -2.504830
117.630      -2.504930
117.645      -2.504905
117.660      -2.504756
117.675      -2.504482
117.690      -2.504084
117.705      -2.503562
117.720      -2.502916
117.735      -2.502146
117.750      -2.501253
117.765      -2.500236
117.780      -2.499096
117.795      -2.497832
117.810      -2.496447
117.825      -2.494939
117.840      -2.493309
117.855      -2.491558
117.870      -2.489686
117.885      -2.487693
117.900      -2.485580
117.915      -2.483347
117.930      -2.480996
117.945      -2.478526
117.960      -2.475938
117.975      -2.473233
117.990      -2.470411
118.005      -2.467474
118.020      -2.464421
118.035      -2.461254
118.050      -2.457974
118.065      -2.454581
118.080      -2.451076
118.095      -2.447460
118.110      -2.443733
118.125      -2.439898
118.140      -2.435954
118.155      -2.431903
118.170      -2.427745
118.185      -2.423482
118.200      -2.419115
118.215      -2.414645
118.230      -2.410073
118.245      -2.405400
118.260      -2.400627
118.275      -2.395755
118.290      -2.390786
118.305      -2.385721
118.320      -2.380561
118.335      -2.375307
118.350      -2.369961
118.365      -2.364523
118.380      -2.358996
118.395      -2.353381
118.410      -2.347679
118.425      -2.341891
118.440      -2.336019
118.455      -2.330065
118.470      -2.324029
118.485      -2.317914
118.500      -2.311720
118.515      -2.305450
118.530      -2.299104
118.545      -2.292685
118.560      -2.286194
118.575      -2.279633
118.590      -2.273003
118.605      -2.266305
118.620      -2.259543
118.635      -2.252716
118.650      -2.245828
118.665      -2.238879
118.680      -2.231871
118.695      -2.224806
118.710      -2.217686
118.725      -2.210513
118.740      -2.203288
118.755      -2.196013
118.770      -2.188689
118.785      -2.181320
118.800      -2.173906
118.815      -2.166449
118.830      -2.158952
118.845      -2.151415
118.860      -2.143842
118.875      -2.136233
118.890      -2.128591
118.905      -2.120917
118.920      -2.113214
118.935      -2.105483
118.950      -2.097726
118.965      -2.089945
118.980      -2.082143
118.995      -2.074320
119.010      -2.066479
119.025      -2.058622
119.040      -2.050751
119.055      -2.042868
119.070      -2.034974
119.085      -2.027072
119.100      -2.019163
119.115      -2.011250
119.130      -2.003335
119.145      -1.995419
119.160      -1.987504
119.175      -1.979592
119.190      -1.971686
119.205      -1.963787
119.220      -1.955897
119.235      -1.948019
119.250      -1.940153
119.265      -1.932302
119.280      -1.924469
119.295      -1.916654
119.310      -1.908860
119.325      -1.901088
119.340      -1.893342
119.355      -1.885622
119.370      -1.877930
119.385      -1.870269
119.400      -1.862640
119.415      -1.855045
119.430      -1.847486
119.445      -1.839965
119.460      -1.832484
119.475      -1.825044
119.490      -1.817648
119.505      -1.810297
119.520      -1.802993
119.535      -1.795737
119.550      -1.788533
119.565      -1.781381
119.580      -1.774283
119.595      -1.767241
119.610      -1.760256
119.625      -1.753331
119.640      -1.746468
119.655      -1.739667
119.670      -1.732930
119.685      -1.726259
119.700      -1.719657
119.715      -1.713123
119.730      -1.706661
119.745      -1.700272
119.760      -1.693956
119.775      -1.687716
119.790      -1.681554
119.805      -1.675470
119.820      -1.669467
119.835      -1.663546
119.850      -1.657707
119.865      -1.651954
119.880      -1.646286
119.895      -1.640707
119.910      -1.635216
119.925      -1.629815
119.940      -1.624506
119.955      -1.619289
119.970      -1.614167
119.985      -1.609140
120.000      -1.604210
120.015      -1.599378
120.030      -1.594645
120.045      -1.590012
120.060      -1.585481
120.075      -1.581052
120.090      -1.576727
120.105      -1.572506
120.120      -1.568391
120.135      -1.564383
120.150      -1.560483
120.165      -1.556691
120.180      -1.553009
120.195      -1.549437
120.210      -1.545977
120.225      -1.542629
120.240      -1.539394
120.255      -1.536273
120.270      -1.533267
120.285      -1.530376
120.300      -1.527601
120.315      -1.524943
120.330      -1.522403
120.345      -1.519980
120.360      -1.517677
120.375      -1.515492
120.390      -1.513427
120.405      -1.511483
120.420      -1.509659
120.435      -1.507957
120.450      -1.506376
120.465      -1.504917
120.480      -1.503581
120.495      -1.502367
120.510      -1.501276
120.525      -1.500309
120.540      -1.499465
120.555      -1.498745
120.570      -1.498149
120.585      -1.497677
120.600      -1.497329
120.615      -1.497105
120.630      -1.497006
120.645      -1.497031
120.660      -1.497180
120.675      -1.497454
120.690      -1.497852
120.705      -1.498374
120.720      -1.499020
120.735      -1.499789
120.750      -1.500683
120.765      -1.501700
120.780      -1.502840
120.795      -1.504103
120.810      -1.505489
120.825      -1.506997
120.840      -1.508626
120.855      -1.510378
120.870      -1.512250
120.885      -1.514243
120.900      -1.516356
120.915      -1.518588
120.930      -1.520940
120.945      -1.523410
120.960      -1.525998
120.975      -1.528703
120.990      -1.531524
121.005      -1.534462
121.020      -1.537514
121.035      -1.540681
121.050      -1.543961
121.065      -1.547355
121.080      -1.550860
121.095      -1.554476
121.110      -1.558202
121.125      -1.562038
121.140      -1.565982
121.155      -1.570033
121.170      -1.574190
121.185      -1.578453
121.200      -1.582820
121.215      -1.587290
121.230      -1.591863
121.245      -1.596536
121.260      -1.601309
121.275      -1.606181
121.290      -1.611150
121.305      -1.616215
121.320      -1.621375
121.335      -1.626629
121.350      -1.631975
121.365      -1.637412
121.380      -1.642939
121.395      -1.648554
121.410      -1.654257
121.425      -1.660044
121.440      -1.665916
121.455      -1.671871
121.470      -1.677906
121.485      -1.684022
121.500      -1.690216
121.515      -1.696486
121.530      -1.702831
121.545      -1.709250
121.560      -1.715741
121.575      -1.722303
121.590      -1.728933
121.605      -1.735630
121.620      -1.742393
121.635      -1.749219
121.650      -1.756108
121.665      -1.763057
121.680      -1.770065
121.695      -1.777130
121.710      -1.784249
121.725      -1.791423
121.740      -1.798648
121.755      -1.805923
121.770      -1.813246
121.785      -1.820616
121.800      -1.828030
121.815      -1.835486
121.830      -1.842984
121.845      -1.850520
121.860      -1.858094
121.875      -1.865703
121.890      -1.873345
121.905      -1.881019
121.920      -1.888722
121.935      -1.896453
121.950      -1.904210
121.965      -1.911990
121.980      -1.919793
121.995      -1.927616
122.010      -1.935456
122.025      -1.943313
122.040      -1.951184
122.055      -1.959068
122.070      -1.966961
122.085      -1.974864
122.100      -1.982772
122.115      -1.990685
122.130      -1.998601
122.145      -2.006517
122.160      -2.014432
122.175      -2.022343
122.190      -2.030249
122.205      -2.038148
122.220      -2.046038
122.235      -2.053917
122.250      -2.061783
122.265      -2.069633
122.280      -2.077467
122.295      -2.085282
122.310      -2.093076
122.325      -2.100847
122.340      -2.108594
122.355      -2.116314
122.370      -2.124005
122.385      -2.131667
122.400      -2.139296
122.415      -2.146891
122.430      -2.154449
122.445      -2.161970
122.460      -2.169452
122.475      -2.176892
122.490      -2.184288
122.505      -2.191639
122.520      -2.198943
122.535      -2.206198
122.550      -2.213403
122.565      -2.220555
122.580      -2.227653
122.595      -2.234695
122.610      -2.241679
122.625      -2.248604
122.640      -2.255468
122.655      -2.262269
122.670      -2.269006
122.685      -2.275676
122.700      -2.282279
122.715      -2.288812
122.730      -2.295274
122.745      -2.301664
122.760      -2.307979
122.775      -2.314219
122.790      -2.320381
122.805      -2.326465
122.820      -2.332468
122.835      -2.338390
122.850      -2.344228
122.865      -2.349982
122.880      -2.355649
122.895      -2.361229
122.910      -2.366720
122.925      -2.372121
122.940      -2.377430
122.955      -2.382646
122.970      -2.387768
122.985      -2.392795
123.000      -2.397725
123.015      -2.402557
123.030      -2.407290
123.045      -2.411923
123.060      -2.416455
123.075      -2.420883
123.090      -2.425209
123.105      -2.429429
123.120      -2.433544
123.135      -2.437552
123.150      -2.441453
123.165      -2.445245
123.180      -2.448927
123.195      -2.452498
123.210      -2.455958
123.225      -2.459306
123.240      -2.462541
123.255      -2.465662
123.270      -2.468669
123.285      -2.471559
123.300      -2.474334
123.315      -2.476992
123.330      -2.479533
123.345      -2.481955
123.360      -2.484259
123.375      -2.486444
123.390      -2.488508
123.405      -2.490453
123.420      -2.492276
123.435      -2.493979
123.450      -2.495560
123.465      -2.497019
123.480      -2.498355
123.495      -2.499569
123.510      -2.500659
123.525      -2.501627
123.540      -2.502470
123.555      -2.503191
123.570      -2.503787
123.585      -2.504259
123.600      -2.504607
123.615      -2.504830
123.630      -2.504930
123.645      -2.504905
123.660      -2.504756
123.675      -2.504482
123.690      -2.504084
123.705      -2.503562
123.720      -2.502916
123.735      -2.502146
123.750      -2.501253
123.765      -2.500236
123.780      -2.499096
123.795      -2.497832
123.810      -2.496447
123.825      -2.494939
123.840      -2.493309
123.855      -2.491558
123.870      -2.489686
123.885      -2.487693
123.900      -2.485580
123.915      -2.483347
123.930      -2.480996
123.945      -2.478526
123.960      -2.475938
123.975      -2.473233
123.990      -2.470411
124.005      -2.467474
124.020      -2.464421
124.035      -2.461254
124.050      -2.457974
124.065      -2.454581
124.080      -2.451076
124.095      -2.447460
124.110      -2.443733
124.125      -2.439898
124.140      -2.435954
124.155      -2.431903
124.170      -2.427745
124.185      -2.423482
124.200      -2.419115
124.215      -2.414645
124.230      -2.410073
124.245      -2.405400
124.260      -2.400627
124.275      -2.395755
124.290      -2.390786
124.305      -2.385721
124.320      -2.380561
124.335      -2.375307
124.350      -2.369961
124.365      -2.364523
124.380      -2.358996
124.395      -2.353381
124.410      -2.347679
124.425      -2.341891
124.440      -2.336019
124.455      -2.330065
124.470      -2.324029
124.485      -2.317914
124.500      -2.311720
124.515      -2.305450
124.530      -2.299104
124.545      -2.292685
124.560      -2.286194
124.575      -2.279633
124.590      -2.273003
124.605      -2.266305
124.620      -2.259543
124.635      -2.252716
124.650      -2.245828
124.665      -2.238879
124.680      -2.231871
124.695      -2.224806
124.710      -2.217686
124.725      -2.210513
124.740      -2.203288
124.755      -2.196013
124.770      -2.188689
124.785      -2.181320
124.800      -2.173906
124.815      -2.166449
124.830      -2.158952
124.845      -2.151415
124.860      -2.143842
124.875      -2.136233
124.890      -2.128591
124.905      -2.120917
124.920      -2.113214
124.935      -2.105483
124.950      -2.097726
124.965      -2.089945
124.980      -2.082143
124.995      -2.074320
125.010      -2.066479
125.025      -2.058622
125.040      -2.050751
125.055      -2.042868
125.070      -2.034974
125.085      -2.027072
125.100      -2.019163
125.115      -2.011250
125.130      -2.003335
125.145      -1.995419
125.160      -1.987504
125.175      -1.979592
125.190      -1.971686
125.205      -1.963787
125.220      -1.955897
125.235      -1.948019
125.250      -1.940153
125.265      -1.932302
125.280      -1.924469
125.295      -1.916654
125.310      -1.908860
125.325      -1.901088
125.340      -1.893342
125.355      -1.885622
125.370      -1.877930
125.385      -1.870269
125.400      -1.862640
125.415      -1.855045
125.430      -1.847486
125.445      -1.839965
125.460      -1.832484
125.475      -1.825044
125.490      -1.817648
125.505      -1.810297
125.520      -1.802993
125.535      -1.795737
125.550      -1.788533
125.565      -1.781381
125.580      -1.774283
125.595      -1.767241
125.610      -1.760256
125.625      -1.753331
125.640      -1.746468
125.655      -1.739667
125.670      -1.732930
125.685      -1.726259
125.700      -1.719657
125.715      -1.713123
125.730      -1.706661
125.745      -1.700272
125.760      -1.693956
125.775      -1.687716
125.790      -1.681554
125.805      -1.675470
125.820      -1.669467
125.835      -1.663546
125.850      -1.657707
125.865      -1.651954
125.880      -1.646286
125.895      -1.640707
125.910      -1.635216
125.925      -1.629815
125.940      -1.624506
125.955      -1.619289
125.970      -1.614167
125.985      -1.609140
126.000      -1.604210
126.015      -1.599378
126.030      -1.594645
126.045      -1.590012
126.060      -1.585481
126.075      -1.581052
126.090      -1.576727
126.105      -1.572506
126.120      -1.568391
126.135      -1.564383
126.150      -1.560483
126.165      -1.556691
126.180      -1.553009
126.195      -1.549437
126.210      -1.545977
126.225      -1.542629
126.240      -1.539394
126.255      -1.536273
126.270      -1.533267
126.285      -1.530376
126.300      -1.527601
126.315      -1.524943
126.330      -1.522403
126.345      -1.519980
126.360      -1.517677
126.375      -1.515492
126.390      -1.513427
126.405      -1.511483
126.420      -1.509659
126.435      -1.507957
126.450      -1.506376
126.465      -1.504917
126.480      -1.503581
126.495      -1.502367
126.510      -1.501276
126.525      -1.500309
126.540      -1.499465
126.555      -1.498745
126.570      -1.498149
126.585      -1.497677
126.600      -1.497329
126.615      -1.497105
126.630      -1.497006
126.645      -1.497031
126.660      -1.497180
126.675      -1.497454
126.690      -1.497852
126.705      -1.498374
126.720      -1.499020
126.735      -1.499789
126.750      -1.500683
126.765      -1.501700
126.780      -1.502840
126.795      -1.504103
126.810      -1.505489
126.825      -1.506997
126.840      -1.508626
126.855      -1.510378
126.870      -1.512250
126.885      -1.514243
126.900      -1.516356
126.915      -1.518588
126.930      -1.520940
126.945      -1.523410
126.960      -1.525998
126.975      -1.528703
126.990      -1.531524
127.005      -1.534462
127.020      -1.537514
127.035      -1.540681
127.050      -1.543961
127.065      -1.547355
127.080      -1.550860
127.095      -1.554476
127.110      -1.558202
127.125      -1.562038
127.140      -1.565982
127.155      -1.570033
127.170      -1.574190
127.185      -1.578453
127.200      -1.582820
127.215      -1.587290
127.230      -1.591863
127.245      -1.596536
127.260      -1.601309
127.275      -1.606181
127.290      -1.611150
127.305      -1.616215
127.320      -1.621375
127.335      -1.626629
127.350      -1.631975
127.365      -1.637412
127.380      -1.642939
127.395      -1.648554
127.410      -1.654257
127.425      -1.660044
127.440      -1.665916
127.455      -1.671871
127.470      -1.677906
127.485      -1.684022
127.500      -1.690216
127.515      -1.696486
127.530      -1.702831
127.545      -1.709250
127.560      -1.715741
127.575      -1.722303
127.590      -1.728933
127.605      -1.735630
127.620      -1.742393
127.635      -1.749219
127.650      -1.756108
127.665      -1.763057
127.680      -1.770065
127.695      -1.777130
127.710      -1.784249
127.725      -1.791423
127.740      -1.798648
127.755      -1.805923
127.770      -1.813246
127.785      -1.820616
127.800      -1.828030
127.815      -1.835486
127.830      -1.842984
127.845      -1.850520
127.860      -1.858094
127.875      -1.865703
127.890      -1.873345
127.905      -1.881019
127.920      -1.888722
127.935      -1.896453
127.950      -1.904210
127.965      -1.911990
127.980      -1.919793
127.995      -1.927616
128.010      -1.935456
128.025      -1.943313
128.040      -1.951184
128.055      -1.959068
128.070      -1.966961
128.085      -1.974864
128.100      -1.982772
128.115      -1.990685
128.130      -1.998601
128.145      -2.006517
128.160      -2.014432
128.175      -2.022343
128.190      -2.030249
128.205      -2.038148
128.220      -2.046038
128.235      -2.053917
128.250      -2.061783
128.265      -2.069633
128.280      -2.077467
128.295      -2.085282
128.310      -2.093076
128.325      -2.100847
128.340      -2.108594
128.355      -2.116314
128.370      -2.124005
128.385      -2.131667
128.400      -2.139296
128.415      -2.146891
128.430      -2.154449
128.445      -2.161970
128.460      -2.169452
128.475      -2.176892
128.490      -2.184288
128.505      -2.191639
128.520      -2.198943
128.535      -2.206198
128.550      -2.213403
128.565      -2.220555
128.580      -2.227653
128.595      -2.234695
128.610      -2.241679
128.625      -2.248604
128.640      -2.255468
128.655      -2.262269
128.670      -2.269006
128.685      -2.275676
128.700      -2.282279
128.715      -2.288812
128.730      -2.295274
128.745      -2.301664
128.760      -2.307979
128.775      -2.314219
128.790      -2.320381
128.805      -2.326465
128.820      -2.332468
128.835      -2.338390
128.850      -2.344228
128.865      -2.349982
128.880      -2.355649
128.895      -2.361229
128.910      -2.366720
128.925      -2.372121
128.940      -2.377430
128.955      -2.382646
128.970      -2.387768
128.985      -2.392795
129.000      -2.397725
129.015      -2.402557
129.030      -2.407290
129.045      -2.411923
129.060      -2.416455
129.075      -2.420883
129.090      -2.425209
129.105      -2.429429
129.120      -2.433544
129.135      -2.437552
129.150      -2.441453
129.165      -2.445245
129.180      -2.448927
129.195      -2.452498
129.210      -2.455958
129.225      -2.459306
129.240      -2.462541
129.255      -2.465662
129.270      -2.468669
129.285      -2.471559
129.300      -2.474334
129.315      -2.476992
129.330      -2.479533
129.345      -2.481955
129.360      -2.484259
129.375      -2.486444
129.390      -2.488508
129.405      -2.490453
129.420      -2.492276
129.435      -2.493979
129.450      -2.495560
129.465      -2.497019
129.480      -2.498355
129.495      -2.499569
129.510      -2.500659
129.525      -2.501627
129.540      -2.502470
129.555      -2.503191
129.570      -2.503787
129.585      -2.504259
129.600      -2.504607
129.615      -2.504830
129.630      -2.504930
129.645      -2.504905
129.660      -2.504756
129.675      -2.504482
129.690      -2.504084
129.705      -2.503562
129.720      -2.502916
129.735      -2.502146
129.750      -2.501253
129.765      -2.500236
129.780      -2.499096
129.795      -2.497832
129.810      -2.496447
129.825      -2.494939
129.840      -2.493309
129.855      -2.491558
129.870      -2.489686
129.885      -2.487693
129.900      -2.485580
129.915      -2.483347
129.930      -2.480996
129.945      -2.478526
129.960      -2.475938
129.975      -2.473233
129.990      -2.470411
130.005      -2.467474
130.020      -2.464421
130.035      -2.461254
130.050      -2.457974
130.065      -2.454581
130.080      -2.451076
130.095      -2.447460
130.110      -2.443733
130.125      -2.439898
130.140      -2.435954
130.155      -2.431903
130.170      -2.427745
130.185      -2.423482
130.200      -2.419115
130.215      -2.414645
130.230      -2.410073
130.245      -2.405400
130.260      -2.400627
130.275      -2.395755
130.290      -2.390786
130.305      -2.385721
130.320      -2.380561
130.335      -2.375307
130.350      -2.369961
130.365      -2.364523
130.380      -2.358996
130.395      -2.353381
130.410      -2.347679
130.425      -2.341891
130.440      -2.336019
130.455      -2.330065
130.470      -2.324029
130.485      -2.317914
130.500      -2.311720
130.515      -2.305450
130.530      -2.299104
130.545      -2.292685
130.560      -2.286194
130.575      -2.279633
130.590      -2.273003
130.605      -2.266305
130.620      -2.259543
130.635      -2.252716
130.650      -2.245828
130.665      -2.238879
130.680      -2.231871
130.695      -2.224806
130.710      -2.217686
130.725      -2.210513
130.740      -2.203288
130.755      -2.196013
130.770      -2.188689
130.785      -2.181320
130.800      -2.173906
130.815      -2.166449
130.830      -2.158952
130.845      -2.151415
130.860      -2.143842
130.875      -2.136233
130.890      -2.128591
130.905      -2.120917
130.920      -2.113214
130.935      -2.105483
130.950      -2.097726
130.965      -2.089945
130.980      -2.082143
130.995      -2.074320
131.010      -2.066479
131.025      -2.058622
131.040      -2.050751
131.055      -2.042868
131.070      -2.034974
131.085      -2.027072
131.100      -2.019163
131.115      -2.011250
131.130      -2.003335
131.145      -1.995419
131.160      -1.987504
131.175      -1.979592
131.190      -1.971686
131.205      -1.963787
131.220      -1.955897
131.235      -1.948019
131.250      -1.940153
131.265      -1.932302
131.280      -1.924469
131.295      -1.916654
131.310      -1.908860
131.325      -1.901088
131.340      -1.893342
131.355      -1.885622
131.370      -1.877930
131.385      -1.870269
131.400      -1.862640
131.415      -1.855045
131.430      -1.847486
131.445      -1.839965
131.460      -1.832484
131.475      -1.825044
131.490      -1.817648
131.505      -1.810297
131.520      -1.802993
131.535      -1.795737
131.550      -1.788533
131.565      -1.781381
131.580      -1.774283
131.595      -1.767241
131.610      -1.760256
131.625      -1.753331
131.640      -1.746468
131.655      -1.739667
131.670      -1.732930
131.685      -1.726259
131.700      -1.719657
131.715      -1.713123
131.730      -1.706661
131.745      -1.700272
131.760      -1.693956
131.775      -1.687716
131.790      -1.681554
131.805      -1.675470
131.820      -1.669467
131.835      -1.663546
131.850      -1.657707
131.865      -1.651954
131.880      -1.646286
131.895      -1.640707
131.910      -1.635216
131.925      -1.629815
131.940      -1.624506
131.955      -1.619289
131.970      -1.614167
131.985      -1.609140
132.000      -1.604210
132.015      -1.599378
132.030      -1.594645
132.045      -1.590012
132.060      -1.585481
132.075      -1.581052
132.090      -1.576727
132.105      -1.572506
132.120      -1.568391
132.135      -1.564383
132.150      -1.560483
132.165      -1.556691
132.180      -1.553009
132.195      -1.549437
132.210      -1.545977
132.225      -1.542629
132.240      -1.539394
132.255      -1.536273
132.270      -1.533267
132.285      -1.530376
132.300      -1.527601
132.315      -1.524943
132.330      -1.522403
132.345      -1.519980
132.360      -1.517677
132.375      -1.515492
132.390      -1.513427
132.405      -1.511483
132.420      -1.509659
132.435      -1.507957
132.450      -1.506376
132.465      -1.504917
132.480      -1.503581
132.495      -1.502367
132.510      -1.501276
132.525      -1.500309
132.540      -1.499465
132.555      -1.498745
132.570      -1.498149
132.585      -1.497677
132.600      -1.497329
132.615      -1.497105
132.630      -1.497006
132.645      -1.497031
132.660      -1.497180
132.675      -1.497454
132.690      -1.497852
132.705      -1.498374
132.720      -1.499020
132.735      -1.499789
132.750      -1.500683
132.765      -1.501700
132.780      -1.502840
132.795      -1.504103
132.810      -1.505489
132.825      -1.506997
132.840      -1.508626
132.855      -1.510378
132.870      -1.512250
132.885      -1.514243
132.900      -1.516356
132.915      -1.518588
132.930      -1.520940
132.945      -1.523410
132.960      -1.525998
132.975      -1.528703
132.990      -1.531524
133.005      -1.534462
133.020      -1.537514
133.035      -1.540681
133.050      -1.543961
133.065      -1.547355
133.080      -1.550860
133.095      -1.554476
133.110      -1.558202
133.125      -1.562038
133.140      -1.565982
133.155      -1.570033
133.170      -1.574190
133.185      -1.578453
133.200      -1.582820
133.215      -1.587290
133.230      -1.591863
133.245      -1.596536
133.260      -1.601309
133.275      -1.606181
133.290      -1.611150
133.305      -1.616215
133.320      -1.621375
133.335      -1.626629
133.350      -1.631975
133.365      -1.637412
133.380      -1.642939
133.395      -1.648554
133.410      -1.654257
133.425      -1.660044
133.440      -1.665916
133.455      -1.671871
133.470      -1.677906
133.485      -1.684022
133.500      -1.690216
133.515      -1.696486
133.530      -1.702831
133.545      -1.709250
133.560      -1.715741
133.575      -1.722303
133.590      -1.728933
133.605      -1.735630
133.620      -1.742393
133.635      -1.749219
133.650      -1.756108
133.665      -1.763057
133.680      -1.770065
133.695      -1.777130
133.710      -1.784249
133.725      -1.791423
133.740      -1.798648
133.755      -1.805923
133.770      -1.813246
133.785      -1.820616
133.800      -1.828030
133.815      -1.835486
133.830      -1.842984
133.845      -1.850520
133.860      -1.858094
133.875      -1.865703
133.890      -1.873345
133.905      -1.881019
133.920      -1.888722
133.935      -1.896453
133.950      -1.904210
133.965      -1.911990
133.980      -1.919793
133.995      -1.927616
134.010      -1.935456
134.025      -1.943313
134.040      -1.951184
134.055      -1.959068
134.070      -1.966961
134.085      -1.974864
134.100      -1.982772
134.115      -1.990685
134.130      -1.998601
134.145      -2.006517
134.160      -2.014432
134.175      -2.022343
134.190      -2.030249
134.205      -2.038148
134.220      -2.046038
134.235      -2.053917
134.250      -2.061783
134.265      -2.069633
134.280      -2.077467
134.295      -2.085282
134.310      -2.093076
134.325      -2.100847
134.340      -2.108594
134.355      -2.116314
134.370      -2.124005
134.385      -2.131667
134.400      -2.139296
134.415      -2.146891
134.430      -2.154449
134.445      -2.161970
134.460      -2.169452
134.475      -2.176892
134.490      -2.184288
134.505      -2.191639
134.520      -2.198943
134.535      -2.206198
134.550      -2.213403
134.565      -2.220555
134.580      -2.227653
134.595      -2.234695
134.610      -2.241679
134.625      -2.248604
134.640      -2.255468
134.655      -2.262269
134.670      -2.269006
134.685      -2.275676
134.700      -2.282279
134.715      -2.288812
134.730      -2.295274
134.745      -2.301664
134.760      -2.307979
134.775      -2.314219
134.790      -2.320381
134.805      -2.326465
134.820      -2.332468
134.835      -2.338390
134.850      -2.344228
134.865      -2.349982
134.880      -2.355649
134.895      -2.361229
134.910      -2.366720
134.925      -2.372121
134.940      -2.377430
134.955      -2.382646
134.970      -2.387768
134.985      -2.392795
135.000      -2.397725
135.015      -2.402557
135.030      -2.407290
135.045      -2.411923
135.060      -2.416455
135.075      -2.420883
135.090      -2.425209
135.105      -2.429429
135.120      -2.433544
135.135      -2.437552
135.150      -2.441453
135.165      -2.445245
135.180      -2.448927
135.195      -2.452498
135.210      -2.455958
135.225      -2.459306
135.240      -2.462541
135.255      -2.465662
135.270      -2.468669
135.285      -2.471559
135.300      -2.474334
135.315      -2.476992
135.330      -2.479533
135.345      -2.481955
135.360      -2.484259
135.375      -2.486444
135.390      -2.488508
135.405      -2.490453
135.420      -2.492276
135.435      -2.493979
135.450      -2.495560
135.465      -2.497019
135.480      -2.498355
135.495      -2.499569
135.510      -2.500659
135.525      -2.501627
135.540      -2.502470
135.555      -2.503191
135.570      -2.503787
135.585      -2.504259
135.600      -2.504607
135.615      -2.504830
135.630      -2.504930
135.645      -2.504905
135.660      -2.504756
135.675      -2.504482
135.690      -2.504084
135.705      -2.503562
135.720      -2.502916
135.735      -2.502146
135.750      -2.501253
135.765      -2.500236
135.780      -2.499096
135.795      -2.497832
135.810      -2.496447
135.825      -2.494939
135.840      -2.493309
135.855      -2.491558
135.870      -2.489686
135.885      -2.487693
135.900      -2.485580
135.915      -2.483347
135.930      -2.480996
135.945      -2.478526
135.960      -2.475938
135.975      -2.473233
135.990      -2.470411
136.005      -2.467474
136.020      -2.464421
136.035      -2.461254
136.050      -2.457974
136.065      -2.454581
136.080      -2.451076
136.095      -2.447460
136.110      -2.443733
136.125      -2.439898
136.140      -2.435954
136.155      -2.431903
136.170      -2.427745
136.185      -2.423482
136.200      -2.419115
136.215      -2.414645
136.230      -2.410073
136.245      -2.405400
136.260      -2.400627
136.275      -2.395755
136.290      -2.390786
136.305      -2.385721
136.320      -2.380561
136.335      -2.375307
136.350      -2.369961
136.365      -2.364523
136.380      -2.358996
136.395      -2.353381
136.410      -2.347679
136.425      -2.341891
136.440      -2.336019
136.455      -2.330065
136.470      -2.324029
136.485      -2.317914
136.500      -2.311720
136.515      -2.305450
136.530      -2.299104
136.545      -2.292685
136.560      -2.286194
136.575      -2.279633
136.590      -2.273003
136.605      -2.266305
136.620      -2.259543
136.635      -2.252716
136.650      -2.245828
136.665      -2.238879
136.680      -2.231871
136.695      -2.224806
136.710      -2.217686
136.725      -2.210513
136.740      -2.203288
136.755      -2.196013
136.770      -2.188689
136.785      -2.181320
136.800      -2.173906
136.815      -2.166449
136.830      -2.158952
136.845      -2.151415
136.860      -2.143842
136.875      -2.136233
136.890      -2.128591
136.905      -2.120917
136.920      -2.113214
136.935      -2.105483
136.950      -2.097726
136.965      -2.089945
136.980      -2.082143
136.995      -2.074320
137.010      -2.066479
137.025      -2.058622
137.040      -2.050751
137.055      -2.042868
137.070      -2.034974
137.085      -2.027072
137.100      -2.019163
137.115      -2.011250
137.130      -2.003335
137.145      -1.995419
137.160      -1.987504
137.175      -1.979592
137.190      -1.971686
137.205      -1.963787
137.220      -1.955897
137.235      -1.948019
137.250      -1.940153
137.265      -1.932302
137.280      -1.924469
137.295      -1.916654
137.310      -1.908860
137.325      -1.901088
137.340      -1.893342
137.355      -1.885622
137.370      -1.877930
137.385      -1.870269
137.400      -1.862640
137.415      -1.855045
137.430      -1.847486
137.445      -1.839965
137.460      -1.832484
137.475      -1.825044
137.490      -1.817648
137.505      -1.810297
137.520      -1.802993
137.535      -1.795737
137.550      -1.788533
137.565      -1.781381
137.580      -1.774283
137.595      -1.767241
137.610      -1.760256
137.625      -1.753331
137.640      -1.746468
137.655      -1.739667
137.670      -1.732930
137.685      -1.726259
137.700      -1.719657
137.715      -1.713123
137.730      -1.706661
137.745      -1.700272
137.760      -1.693956
137.775      -1.687716
137.790      -1.681554
137.805      -1.675470
137.820      -1.669467
137.835      -1.663546
137.850      -1.657707
137.865      -1.651954
137.880      -1.646286
137.895      -1.640707
137.910      -1.635216
137.925      -1.629815
137.940      -1.624506
137.955      -1.619289
137.970      -1.614167
137.985      -1.609140
138.000      -1.604210
138.015      -1.599378
138.030      -1.594645
138.045      -1.590012
138.060      -1.585481
138.075      -1.581052
138.090      -1.576727
138.105      -1.572506
138.120      -1.568391
138.135      -1.564383
138.150      -1.560483
138.165      -1.556691
138.180      -1.553009
138.195      -1.549437
138.210      -1.545977
138.225      -1.542629
138.240      -1.539394
138.255      -1.536273
138.270      -1.533267
138.285      -1.530376
138.300      -1.527601
138.315      -1.524943
138.330      -1.522403
138.345      -1.519980
138.360      -1.517677
138.375      -1.515492
138.390      -1.513427
138.405      -1.511483
138.420      -1.509659
138.435      -1.507957
138.450      -1.506376
138.465      -1.504917
138.480      -1.503581
138.495      -1.502367
138.510      -1.501276
138.525      -1.500309
138.540      -1.499465
138.555      -1.498745
138.570      -1.498149
138.585      -1.497677
138.600      -1.497329
138.615      -1.497105
138.630      -1.497006
138.645      -1.497031
138.660      -1.497180
138.675      -1.497454
138.690      -1.497852
138.705      -1.498374
138.720      -1.499020
138.735      -1.499789
138.750      -1.500683
138.765      -1.501700
138.780      -1.502840
138.795      -1.504103
138.810      -1.505489
138.825      -1.506997
138.840      -1.508626
138.855      -1.510378
138.870      -1.512250
138.885      -1.514243
138.900      -1.516356
138.915      -1.518588
138.930      -1.520940
138.945      -1.523410
138.960      -1.525998
138.975      -1.528703
138.990      -1.531524
139.005      -1.534462
139.020      -1.537514
139.035      -1.540681
139.050      -1.543961
139.065      -1.547355
139.080      -1.550860
139.095      -1.554476
139.110      -1.558202
139.125      -1.562038
139.140      -1.565982
139.155      -1.570033
139.170      -1.574190
139.185      -1.578453
139.200      -1.582820
139.215      -1.587290
139.230      -1.591863
139.245      -1.596536
139.260      -1.601309
139.275      -1.606181
139.290      -1.611150
139.305      -1.616215
139.320      -1.621375
139.335      -1.626629
139.350      -1.631975
139.365      -1.637412
139.380      -1.642939
139.395      -1.648554
139.410      -1.654257
139.425      -1.660044
139.440      -1.665916
139.455      -1.671871
139.470      -1.677906
139.485      -1.684022
139.500      -1.690216
139.515      -1.696486
139.530      -1.702831
139.545      -1.709250
139.560      -1.715741
139.575      -1.722303
139.590      -1.728933
139.605      -1.735630
139.620      -1.742393
139.635      -1.749219
139.650      -1.756108
139.665      -1.763057
139.680      -1.770065
139.695      -1.777130
139.710      -1.784249
139.725      -1.791423
139.740      -1.798648
139.755      -1.805923
139.770      -1.813246
139.785      -1.820616
139.800      -1.828030
139.815      -1.835486
139.830      -1.842984
139.845      -1.850520
139.860      -1.858094
139.875      -1.865703
139.890      -1.873345
139.905      -1.881019
139.920      -1.888722
139.935      -1.896453
139.950      -1.904210
139.965      -1.911990
139.980      -1.919793
139.995      -1.927616
140.010      -1.935456
140.025      -1.943313
140.040      -1.951184
140.055      -1.959068
140.070      -1.966961
140.085      -1.974864
140.100      -1.982772
140.115      -1.990685
140.130      -1.998601
140.145      -2.006517
140.160      -2.014432
140.175      -2.022343
140.190      -2.030249
140.205      -2.038148
140.220      -2.046038
140.235      -2.053917
140.250      -2.061783
140.265      -2.069633
140.280      -2.077467
140.295      -2.085282
140.310      -2.093076
140.325      -2.100847
140.340      -2.108594
140.355      -2.116314
140.370      -2.124005
140.385      -2.131667
140.400      -2.139296
140.415      -2.146891
140.430      -2.154449
140.445      -2.161970
140.460      -2.169452
140.475      -2.176892
140.490      -2.184288
140.505      -2.191639
140.520      -2.198943
140.535      -2.206198
140.550      -2.213403
140.565      -2.220555
140.580      -2.227653
140.595      -2.234695
140.610      -2.241679
140.625      -2.248604
140.640      -2.255468
140.655      -2.262269
140.670      -2.269006
140.685      -2.275676
140.700      -2.282279
140.715      -2.288812
140.730      -2.295274
140.745      -2.301664
140.760      -2.307979
140.775      -2.314219
140.790      -2.320381
140.805      -2.326465
140.820      -2.332468
140.835      -2.338390
140.850      -2.344228
140.865      -2.349982
140.880      -2.355649
140.895      -2.361229
140.910      -2.366720
140.925      -2.372121
140.940      -2.377430
140.955      -2.382646
140.970      -2.387768
140.985      -2.392795
141.000      -2.397725
141.015      -2.402557
141.030      -2.407290
141.045      -2.411923
141.060      -2.416455
141.075      -2.420883
141.090      -2.425209
141.105      -2.429429
141.120      -2.433544
141.135      -2.437552
141.150      -2.441453
141.165      -2.445245
141.180      -2.448927
141.195      -2.452498
141.210      -2.455958
141.225      -2.459306
141.240      -2.462541
141.255      -2.465662
141.270      -2.468669
141.285      -2.471559
141.300      -2.474334
141.315      -2.476992
141.330      -2.479533
141.345      -2.481955
141.360      -2.484259
141.375      -2.486444
141.390      -2.488508
141.405      -2.490453
141.420      -2.492276
141.435      -2.493979
141.450      -2.495560
141.465      -2.497019
141.480      -2.498355
141.495      -2.499569
141.510      -2.500659
141.525      -2.501627
141.540      -2.502470
141.555      -2.503191
141.570      -2.503787
141.585      -2.504259
141.600      -2.504607
141.615      -2.504830
141.630      -2.504930
141.645      -2.504905
141.660      -2.504756
141.675      -2.504482
141.690      -2.504084
141.705      -2.503562
141.720      -2.502916
141.735      -2.502146
141.750      -2.501253
141.765      -2.500236
141.780      -2.499096
141.795      -2.497832
141.810      -2.496447
141.825      -2.494939
141.840      -2.493309
141.855      -2.491558
141.870      -2.489686
141.885      -2.487693
141.900      -2.485580
141.915      -2.483347
141.930      -2.480996
141.945      -2.478526
141.960      -2.475938
141.975      -2.473233
141.990      -2.470411
142.005      -2.467474
142.020      -2.464421
142.035      -2.461254
142.050      -2.457974
142.065      -2.454581
142.080      -2.451076
142.095      -2.447460
142.110      -2.443733
142.125      -2.439898
142.140      -2.435954
142.155      -2.431903
142.170      -2.427745
142.185      -2.423483
142.200      -2.419115
142.215      -2.414645
142.230      -2.410073
142.245      -2.405400
142.260      -2.400627
142.275      -2.395755
142.290      -2.390786
142.305      -2.385721
142.320      -2.380561
142.335      -2.375307
142.350      -2.369961
142.365      -2.364523
142.380      -2.358996
142.395      -2.353381
142.410      -2.347679
142.425      -2.341891
142.440      -2.336019
142.455      -2.330065
142.470      -2.324029
142.485      -2.317914
142.500      -2.311720
142.515      -2.305450
142.530      -2.299104
142.545      -2.292685
142.560      -2.286194
142.575      -2.279633
142.590      -2.273003
142.605      -2.266305
142.620      -2.259543
142.635      -2.252716
142.650      -2.245828
142.665      -2.238879
142.680      -2.231871
142.695      -2.224806
142.710      -2.217686
142.725      -2.210513
142.740      -2.203288
142.755      -2.196013
142.770      -2.188689
142.785      -2.181320
142.800      -2.173906
142.815      -2.166449
142.830      -2.158952
142.845      -2.151415
142.860      -2.143842
142.875      -2.136233
142.890      -2.128591
142.905      -2.120917
142.920      -2.113214
142.935      -2.105483
142.950      -2.097726
142.965      -2.089945
142.980      -2.082143
142.995      -2.074320
143.010      -2.066479
143.025      -2.058622
143.040      -2.050751
143.055      -2.042868
143.070      -2.034974
143.085      -2.027072
143.100      -2.019163
143.115      -2.011250
143.130      -2.003335
143.145      -1.995419
143.160      -1.987504
143.175      -1.979592
143.190      -1.971686
143.205      -1.963787
143.220      -1.955897
143.235      -1.948019
143.250      -1.940153
143.265      -1.932302
143.280      -1.924469
143.295      -1.916654
143.310      -1.908860
143.325      -1.901088
143.340      -1.893342
143.355      -1.885622
143.370      -1.877930
143.385      -1.870269
143.400      -1.862640
143.415      -1.855045
143.430      -1.847486
143.445      -1.839965
143.460      -1.832484
143.475      -1.825044
143.490      -1.817648
143.505      -1.810297
143.520      -1.802993
143.535      -1.795737
143.550      -1.788533
143.565      -1.781381
143.580      -1.774283
143.595      -1.767241
143.610      -1.760256
143.625      -1.753331
143.640      -1.746468
143.655      -1.739667
143.670      -1.732930
143.685      -1.726259
143.700      -1.719657
143.715      -1.713123
143.730      -1.706661
143.745      -1.700272
143.760      -1.693956
143.775      -1.687716
143.790      -1.681554
143.805      -1.675470
143.820      -1.669467
143.835      -1.663546
143.850      -1.657707
143.865      -1.651954
143.880      -1.646286
143.895      -1.640707
143.910      -1.635216
143.925      -1.629815
143.940      -1.624506
143.955      -1.619289
143.970      -1.614167
143.985      -1.609140
144.000      -1.604210
144.015      -1.599378
144.030      -1.594645
144.045      -1.590012
144.060      -1.585481
144.075      -1.581052
144.090      -1.576727
144.105      -1.572506
144.120      -1.568391
144.135      -1.564383
144.150      -1.560483
144.165      -1.556691
144.180      -1.553009
144.195      -1.549437
144.210      -1.545977
144.225      -1.542629
144.240      -1.539394
144.255      -1.536273
144.270      -1.533267
144.285      -1.530376
144.300      -1.527601
144.315      -1.524943
144.330      -1.522403
144.345      -1.519980
144.360      -1.517677
144.375      -1.515492
144.390      -1.513427
144.405      -1.511483
144.420      -1.509659
144.435      -1.507957
144.450      -1.506376
144.465      -1.504917
144.480      -1.503581
144.495      -1.502367
144.510      -1.501276
144.525      -1.500309
144.540      -1.499465
144.555      -1.498745
144.570      -1.498149
144.585      -1.497677
144.600      -1.497329
144.615      -1.497105
144.630      -1.497006
144.645      -1.497031
144.660      -1.497180
144.675      -1.497454
144.690      -1.497852
144.705      -1.498374
144.720      -1.499020
144.735      -1.499789
144.750      -1.500683
144.765      -1.501700
144.780      -1.502840
144.795      -1.504103
144.810      -1.505489
144.825      -1.506997
144.840      -1.508626
144.855      -1.510378
144.870      -1.512250
144.885      -1.514243
144.900      -1.516356
144.915      -1.518588
144.930      -1.520940
144.945      -1.523410
144.960      -1.525998
144.975      -1.528703
144.990      -1.531524
145.005      -1.534462
145.020      -1.537514
145.035      -1.540681
145.050      -1.543961
145.065      -1.547355
145.080      -1.550860
145.095      -1.554476
145.110      -1.558202
145.125      -1.562038
145.140      -1.565982
145.155      -1.570033
145.170      -1.574190
145.185      -1.578453
145.200      -1.582820
145.215      -1.587290
145.230      -1.591863
145.245      -1.596536
145.260      -1.601309
145.275      -1.606181
145.290      -1.611150
145.305      -1.616215
145.320      -1.621375
145.335      -1.626629
145.350      -1.631975
145.365      -1.637412
145.380      -1.642939
145.395      -1.648554
145.410      -1.654257
145.425      -1.660044
145.440      -1.665916
145.455      -1.671871
145.470      -1.677906
145.485      -1.684022
145.500      -1.690216
145.515      -1.696486
145.530      -1.702831
145.545      -1.709250
145.560      -1.715741
145.575      -1.722303
145.590      -1.728933
145.605      -1.735630
145.620      -1.742393
145.635      -1.749219
145.650      -1.756108
145.665      -1.763057
145.680      -1.770065
145.695      -1.777130
145.710      -1.784249
145.725      -1.791423
145.740      -1.798648
145.755      -1.805923
145.770      -1.813246
145.785      -1.820616
145.800      -1.828030
145.815      -1.835486
145.830      -1.842984
145.845      -1.850520
145.860      -1.858094
145.875      -1.865703
145.890      -1.873345
145.905      -1.881019
145.920      -1.888722
145.935      -1.896453
145.950      -1.904210
145.965      -1.911990
145.980      -1.919793
145.995      -1.927616
146.010      -1.935456
146.025      -1.943313
146.040      -1.951184
146.055      -1.959068
146.070      -1.966961
146.085      -1.974864
146.100      -1.982772
146.115      -1.990685
146.130      -1.998601
146.145      -2.006517
146.160      -2.014432
146.175      -2.022343
146.190      -2.030249
146.205      -2.038148
146.220      -2.046038
146.235      -2.053917
146.250      -2.061783
146.265      -2.069633
146.280      -2.077467
146.295      -2.085282
146.310      -2.093076
146.325      -2.100847
146.340      -2.108594
146.355      -2.116314
146.370      -2.124005
146.385      -2.131667
146.400      -2.139296
146.415      -2.146891
146.430      -2.154449
146.445      -2.161970
146.460      -2.169452
146.475      -2.176892
146.490      -2.184288
146.505      -2.191639
146.520      -2.198943
146.535      -2.206198
146.550      -2.213403
146.565      -2.220555
146.580      -2.227653
146.595      -2.234695
146.610      -2.241679
146.625      -2.248604
146.640      -2.255468
146.655      -2.262269
146.670      -2.269006
146.685      -2.275676
146.700      -2.282279
146.715      -2.288812
146.730      -2.295274
146.745      -2.301664
146.760      -2.307979
146.775      -2.314219
146.790      -2.320381
146.805      -2.326465
146.820      -2.332468
146.835      -2.338390
146.850      -2.344228
146.865      -2.349982
146.880      -2.355649
146.895      -2.361229
146.910      -2.366720
146.925      -2.372121
146.940      -2.377430
146.955      -2.382646
146.970      -2.387768
146.985      -2.392795
147.000      -2.397725
147.015      -2.402557
147.030      -2.407290
147.045      -2.411923
147.060      -2.416455
147.075      -2.420883
147.090      -2.425209
147.105      -2.429429
147.120      -2.433544
147.135      -2.437552
147.150      -2.441453
147.165      -2.445245
147.180      -2.448927
147.195      -2.452498
147.210      -2.455958
147.225      -2.459306
147.240      -2.462541
147.255      -2.465662
147.270      -2.468669
147.285      -2.471559
147.300      -2.474334
147.315      -2.476992
147.330      -2.479533
147.345      -2.481955
147.360      -2.484259
147.375      -2.486444
147.390      -2.488508
147.405      -2.490453
147.420      -2.492276
147.435      -2.493979
147.450      -2.495560
147.465      -2.497019
147.480      -2.498355
147.495      -2.499569
147.510      -2.500659
147.525      -2.501627
147.540      -2.502470
147.555      -2.503191
147.570      -2.503787
147.585      -2.504259
147.600      -2.504607
147.615      -2.504830
147.630      -2.504930
147.645      -2.504905
147.660      -2.504756
147.675      -2.504482
147.690      -2.504084
147.705      -2.503562
147.720      -2.502916
147.735      -2.502146
147.750      -2.501253
147.765      -2.500236
147.780      -2.499096
147.795      -2.497832
147.810      -2.496447
147.825      -2.494939
147.840      -2.493309
147.855      -2.491558
147.870      -2.489686
147.885      -2.487693
147.900      -2.485580
147.915      -2.483347
147.930      -2.480996
147.945      -2.478526
147.960      -2.475938
147.975      -2.473233
147.990      -2.470411
148.005      -2.467474
148.020      -2.464421
148.035      -2.461254
148.050      -2.457974
148.065      -2.454581
148.080      -2.451076
148.095      -2.447460
148.110      -2.443733
148.125      -2.439898
148.140      -2.435954
148.155      -2.431903
148.170      -2.427745
148.185      -2.423483
148.200      -2.419115
148.215      -2.414645
148.230      -2.410073
148.245      -2.405400
148.260      -2.400627
148.275      -2.395755
148.290      -2.390786
148.305      -2.385721
148.320      -2.380561
148.335      -2.375307
148.350      -2.369961
148.365      -2.364523
148.380      -2.358996
148.395      -2.353381
148.410      -2.347679
148.425      -2.341891
148.440      -2.336019
148.455      -2.330065
148.470      -2.324029
148.485      -2.317914
148.500      -2.311720
148.515      -2.305450
148.530      -2.299104
148.545      -2.292685
148.560      -2.286194
148.575      -2.279633
148.590      -2.273003
148.605      -2.266305
148.620      -2.259543
148.635      -2.252716
148.650      -2.245828
148.665      -2.238879
148.680      -2.231871
148.695      -2.224806
148.710      -2.217686
148.725      -2.210513
148.740      -2.203288
148.755      -2.196013
148.770      -2.188689
148.785      -2.181320
148.800      -2.173906
148.815      -2.166449
148.830      -2.158952
148.845      -2.151415
148.860      -2.143842
148.875      -2.136233
148.890      -2.128591
148.905      -2.120917
148.920      -2.113214
148.935      -2.105483
148.950      -2.097726
148.965      -2.089945
148.980      -2.082143
148.995      -2.074320
149.010      -2.066479
149.025      -2.058622
149.040      -2.050751
149.055      -2.042868
149.070      -2.034974
149.085      -2.027072
149.100      -2.019163
149.115      -2.011250
149.130      -2.003335
149.145      -1.995419
149.160      -1.987504
149.175      -1.979592
149.190      -1.971686
149.205      -1.963787
149.220      -1.955897
149.235      -1.948019
149.250      -1.940153
149.265      -1.932302
149.280      -1.924469
149.295      -1.916654
149.310      -1.908860
149.325      -1.901088
149.340      -1.893342
149.355      -1.885622
149.370      -1.877930
149.385      -1.870269
149.400      -1.862640
149.415      -1.855045
149.430      -1.847486
149.445      -1.839965
149.460      -1.832484
149.475      -1.825044
149.490      -1.817648
149.505      -1.810297
149.520      -1.802993
149.535      -1.795737
149.550      -1.788533
149.565      -1.781381
149.580      -1.774283
149.595      -1.767241
149.610      -1.760256
149.625      -1.753331
149.640      -1.746468
149.655      -1.739667
149.670      -1.732930
149.685      -1.726259
149.700      -1.719657
149.715      -1.713123
149.730      -1.706661
149.745      -1.700272
149.760      -1.693956
149.775      -1.687716
149.790      -1.681554
149.805      -1.675470
149.820      -1.669467
149.835      -1.663546
149.850      -1.657707
149.865      -1.651954
149.880      -1.646286
149.895      -1.640707
149.910      -1.635216
149.925      -1.629815
149.940      -1.624506
149.955      -1.619289
149.970      -1.614167
149.985      -1.609140
150.000      -1.604210
150.015      -1.599378
150.030      -1.594645
150.045      -1.590012
150.060      -1.585481
150.075      -1.581052
150.090      -1.576727
150.105      -1.572506
150.120      -1.568391
150.135      -1.564383
150.150      -1.560483
150.165      -1.556691
150.180      -1.553009
150.195      -1.549437
150.210      -1.545977
150.225      -1.542629
150.240      -1.539394
150.255      -1.536273
150.270      -1.533267
150.285      -1.530376
150.300      -1.527601
150.315      -1.524943
150.330      -1.522403
150.345      -1.519980
150.360      -1.517677
150.375      -1.515492
150.390      -1.513427
150.405      -1.511483
150.420      -1.509659
150.435      -1.507957
150.450      -1.506376
150.465      -1.504917
150.480      -1.503581
150.495      -1.502367
150.510      -1.501276
150.525      -1.500309
150.540      -1.499465
150.555      -1.498745
150.570      -1.498149
150.585      -1.497677
150.600      -1.497329
150.615      -1.497105
150.630      -1.497006
150.645      -1.497031
150.660      -1.497180
150.675      -1.497454
150.690      -1.497852
150.705      -1.498374
150.720      -1.499020
150.735      -1.499789
150.750      -1.500683
150.765      -1.501700
150.780      -1.502840
150.795      -1.504103
150.810      -1.505489
150.825      -1.506997
150.840      -1.508626
150.855      -1.510378
150.870      -1.512250
150.885      -1.514243
150.900      -1.516356
150.915      -1.518588
150.930      -1.520940
150.945      -1.523410
150.960      -1.525998
150.975      -1.528703
150.990      -1.531524
151.005      -1.534462
151.020      -1.537514
151.035      -1.540681
151.050      -1.543961
151.065      -1.547355
151.080      -1.550860
151.095      -1.554476
151.110      -1.558202
151.125      -1.562038
151.140      -1.565982
151.155      -1.570033
151.170      -1.574190
151.185      -1.578453
151.200      -1.582820
151.215      -1.587290
151.230      -1.591863
151.245      -1.596536
151.260      -1.601309
151.275      -1.606181
151.290      -1.611150
151.305      -1.616215
151.320      -1.621375
151.335      -1.626629
151.350      -1.631975
151.365      -1.637412
151.380      -1.642939
151.395      -1.648554
151.410      -1.654257
151.425      -1.660044
151.440      -1.665916
151.455      -1.671871
151.470      -1.677906
151.485      -1.684022
151.500      -1.690216
151.515      -1.696486
151.530      -1.702831
151.545      -1.709250
151.560      -1.715741
151.575      -1.722303
151.590      -1.728933
151.605      -1.735630
151.620      -1.742393
151.635      -1.749219
151.650      -1.756108
151.665      -1.763057
151.680      -1.770065
151.695      -1.777130
151.710      -1.784249
151.725      -1.791423
151.740      -1.798648
151.755      -1.805923
151.770      -1.813246
151.785      -1.820616
151.800      -1.828030
151.815      -1.835486
151.830      -1.842984
151.845      -1.850520
151.860      -1.858094
151.875      -1.865703
151.890      -1.873345
151.905      -1.881019
151.920      -1.888722
151.935      -1.896453
151.950      -1.904210
151.965      -1.911990
151.980      -1.919793
151.995      -1.927616
152.010      -1.935456
152.025      -1.943313
152.040      -1.951184
152.055      -1.959068
152.070      -1.966961
152.085      -1.974864
152.100      -1.982772
152.115      -1.990685
152.130      -1.998601
152.145      -2.006517
152.160      -2.014432
152.175      -2.022343
152.190      -2.030249
152.205      -2.038148
152.220      -2.046038
152.235      -2.053917
152.250      -2.061783
152.265      -2.069633
152.280      -2.077467
152.295      -2.085282
152.310      -2.093076
152.325      -2.100847
152.340      -2.108594
152.355      -2.116314
152.370      -2.124005
152.385      -2.131667
152.400      -2.139296
152.415      -2.146891
152.430      -2.154449
152.445      -2.161970
152.460      -2.169452
152.475      -2.176891
152.490      -2.184288
152.505      -2.191639
152.520      -2.198943
152.535      -2.206198
152.550      -2.213403
152.565      -2.220555
152.580      -2.227653
152.595      -2.234695
152.610      -2.241679
152.625      -2.248604
152.640      -2.255468
152.655      -2.262269
152.670      -2.269006
152.685      -2.275676
152.700      -2.282279
152.715      -2.288812
152.730      -2.295274
152.745      -2.301664
152.760      -2.307979
152.775      -2.314219
152.790      -2.320381
152.805      -2.326465
152.820      -2.332468
152.835      -2.338390
152.850      -2.344228
152.865      -2.349982
152.880      -2.355649
152.895      -2.361229
152.910      -2.366720
152.925      -2.372121
152.940      -2.377430
152.955      -2.382646
152.970      -2.387768
152.985      -2.392795
153.000      -2.397725
153.015      -2.402557
153.030      -2.407290
153.045      -2.411923
153.060      -2.416455
153.075      -2.420883
153.090      -2.425209
153.105      -2.429429
153.120      -2.433544
153.135      -2.437552
153.150      -2.441453
153.165      -2.445245
153.180      -2.448927
153.195      -2.452498
153.210      -2.455958
153.225      -2.459306
153.240      -2.462541
153.255      -2.465662
153.270      -2.468669
153.285      -2.471559
153.300      -2.474334
153.315      -2.476992
153.330      -2.479533
153.345      -2.481955
153.360      -2.484259
153.375      -2.486444
153.390      -2.488508
153.405      -2.490453
153.420      -2.492276
153.435      -2.493979
153.450      -2.495560
153.465      -2.497019
153.480      -2.498355
153.495      -2.499569
153.510      -2.500659
153.525      -2.501627
153.540      -2.502470
153.555      -2.503191
153.570      -2.503787
153.585      -2.504259
153.600      -2.504607
153.615      -2.504830
153.630      -2.504930
153.645      -2.504905
153.660      -2.504756
153.675      -2.504482
153.690      -2.504084
153.705      -2.503562
153.720      -2.502916
153.735      -2.502146
153.750      -2.501253
153.765      -2.500236
153.780      -2.499096
153.795      -2.497832
153.810      -2.496447
153.825      -2.494939
153.840      -2.493309
153.855      -2.491558
153.870      -2.489686
153.885      -2.487693
153.900      -2.485580
153.915      -2.483347
153.930      -2.480996
153.945      -2.478526
153.960      -2.475938
153.975      -2.473233
153.990      -2.470411
154.005      -2.467474
154.020      -2.464421
154.035      -2.461254
154.050      -2.457974
154.065      -2.454581
154.080      -2.451076
154.095      -2.447460
154.110      -2.443733
154.125      -2.439898
154.140      -2.435954
154.155      -2.431903
154.170      -2.427745
154.185      -2.423483
154.200      -2.419115
154.215      -2.414645
154.230      -2.410073
154.245      -2.405400
154.260      -2.400627
154.275      -2.395755
154.290      -2.390786
154.305      -2.385721
154.320      -2.380561
154.335      -2.375307
154.350      -2.369961
154.365      -2.364523
154.380      -2.358996
154.395      -2.353381
154.410      -2.347679
154.425      -2.341891
154.440      -2.336019
154.455      -2.330065
154.470      -2.324029
154.485      -2.317914
154.500      -2.311720
154.515      -2.305450
154.530      -2.299104
154.545      -2.292685
154.560      -2.286194
154.575      -2.279633
154.590      -2.273003
154.605      -2.266305
154.620      -2.259543
154.635      -2.252716
154.650      -2.245828
154.665      -2.238879
154.680      -2.231871
154.695      -2.224806
154.710      -2.217686
154.725      -2.210513
154.740      -2.203288
154.755      -2.196013
154.770      -2.188689
154.785      -2.181320
154.800      -2.173906
154.815      -2.166449
154.830      -2.158952
154.845      -2.151415
154.860      -2.143842
154.875      -2.136233
154.890      -2.128591
154.905      -2.120917
154.920      -2.113214
154.935      -2.105483
154.950      -2.097726
154.965      -2.089945
154.980      -2.082143
154.995      -2.074320
155.010      -2.066479
155.025      -2.058622
155.040      -2.050751
155.055      -2.042868
155.070      -2.034974
155.085      -2.027072
155.100      -2.019163
155.115      -2.011250
155.130      -2.003335
155.145      -1.995419
155.160      -1.987504
155.175      -1.979592
155.190      -1.971686
155.205      -1.963787
155.220      -1.955897
155.235      -1.948019
155.250      -1.940153
155.265      -1.932302
155.280      -1.924469
155.295      -1.916654
155.310      -1.908860
155.325      -1.901088
155.340      -1.893342
155.355      -1.885622
155.370      -1.877930
155.385      -1.870269
155.400      -1.862640
155.415      -1.855045
155.430      -1.847486
155.445      -1.839965
155.460      -1.832484
155.475      -1.825044
155.490      -1.817648
155.505      -1.810297
155.520      -1.802993
155.535      -1.795737
155.550      -1.788533
155.565      -1.781381
155.580      -1.774283
155.595      -1.767241
155.610      -1.760256
155.625      -1.753331
155.640      -1.746468
155.655      -1.739667
155.670      -1.732930
155.685      -1.726259
155.700      -1.719657
155.715      -1.713123
155.730      -1.706661
155.745      -1.700272
155.760      -1.693956
155.775      -1.687716
155.790      -1.681554
155.805      -1.675470
155.820      -1.669467
155.835      -1.663546
155.850      -1.657707
155.865      -1.651954
155.880      -1.646286
155.895      -1.640707
155.910      -1.635216
155.925      -1.629815
155.940      -1.624506
155.955      -1.619289
155.970      -1.614167
155.985      -1.609140
156.000      -1.604210
156.015      -1.599378
156.030      -1.594645
156.045      -1.590012
156.060      -1.585481
156.075      -1.581052
156.090      -1.576727
156.105      -1.572506
156.120      -1.568391
156.135      -1.564383
156.150      -1.560483
156.165      -1.556691
156.180      -1.553009
156.195      -1.549437
156.210      -1.545977
156.225      -1.542629
156.240      -1.539394
156.255      -1.536273
156.270      -1.533267
156.285      -1.530376
156.300      -1.527601
156.315      -1.524943
156.330      -1.522403
156.345      -1.519980
156.360      -1.517677
156.375      -1.515492
156.390      -1.513427
156.405      -1.511483
156.420      -1.509659
156.435      -1.507957
156.450      -1.506376
156.465      -1.504917
156.480      -1.503581
156.495      -1.502367
156.510      -1.501276
156.525      -1.500309
156.540      -1.499465
156.555      -1.498745
156.570      -1.498149
156.585      -1.497677
156.600      -1.497329
156.615      -1.497105
156.630      -1.497006
156.645      -1.497031
156.660      -1.497180
156.675      -1.497454
156.690      -1.497852
156.705      -1.498374
156.720      -1.499020
156.735      -1.499789
156.750      -1.500683
156.765      -1.501700
156.780      -1.502840
156.795      -1.504103
156.810      -1.505489
156.825      -1.506997
156.840      -1.508626
156.855      -1.510378
156.870      -1.512250
156.885      -1.514243
156.900      -1.516356
156.915      -1.518588
156.930      -1.520940
156.945      -1.523410
156.960      -1.525998
156.975      -1.528703
156.990      -1.531524
157.005      -1.534462
157.020      -1.537514
157.035      -1.540681
157.050      -1.543961
157.065      -1.547355
157.080      -1.550860
157.095      -1.554476
157.110      -1.558202
157.125      -1.562038
157.140      -1.565982
157.155      -1.570033
157.170      -1.574190
157.185      -1.578453
157.200      -1.582820
157.215      -1.587290
157.230      -1.591863
157.245      -1.596536
157.260      -1.601309
157.275      -1.606181
157.290      -1.611150
157.305      -1.616215
157.320      -1.621375
157.335      -1.626629
157.350      -1.631975
157.365      -1.637412
157.380      -1.642939
157.395      -1.648554
157.410      -1.654257
157.425      -1.660044
157.440      -1.665916
157.455      -1.671871
157.470      -1.677906
157.485      -1.684022
157.500      -1.690216
157.515      -1.696486
157.530      -1.702831
157.545      -1.709250
157.560      -1.715741
157.575      -1.722303
157.590      -1.728933
157.605      -1.735630
157.620      -1.742393
157.635      -1.749219
157.650      -1.756108
157.665      -1.763057
157.680      -1.770065
157.695      -1.777130
157.710      -1.784249
157.725      -1.791423
157.740      -1.798648
157.755      -1.805923
157.770      -1.813246
157.785      -1.820616
157.800      -1.828030
157.815      -1.835486
157.830      -1.842984
157.845      -1.850520
157.860      -1.858094
157.875      -1.865703
157.890      -1.873345
157.905      -1.881019
157.920      -1.888722
157.935      -1.896453
157.950      -1.904210
157.965      -1.911990
157.980      -1.919793
157.995      -1.927616
158.010      -1.935456
158.025      -1.943313
158.040      -1.951184
158.055      -1.959068
158.070      -1.966961
158.085      -1.974864
158.100      -1.982772
158.115      -1.990685
158.130      -1.998601
158.145      -2.006517
158.160      -2.014432
158.175      -2.022343
158.190      -2.030249
158.205      -2.038148
158.220      -2.046038
158.235      -2.053917
158.250      -2.061783
158.265      -2.069633
158.280      -2.077467
158.295      -2.085282
158.310      -2.093076
158.325      -2.100847
158.340      -2.108594
158.355      -2.116314
158.370      -2.124005
158.385      -2.131667
158.400      -2.139296
158.415      -2.146891
158.430      -2.154449
158.445      -2.161970
158.460      -2.169452
158.475      -2.176891
158.490      -2.184288
158.505      -2.191639
158.520      -2.198943
158.535      -2.206198
158.550      -2.213403
158.565      -2.220555
158.580      -2.227653
158.595      -2.234695
158.610      -2.241679
158.625      -2.248604
158.640      -2.255468
158.655      -2.262269
158.670      -2.269006
158.685      -2.275676
158.700      -2.282279
158.715      -2.288812
158.730      -2.295274
158.745      -2.301664
158.760      -2.307979
158.775      -2.314219
158.790      -2.320381
158.805      -2.326465
158.820      -2.332468
158.835      -2.338390
158.850      -2.344228
158.865      -2.349982
158.880      -2.355649
158.895      -2.361229
158.910      -2.366720
158.925      -2.372121
158.940      -2.377430
158.955      -2.382646
158.970      -2.387768
158.985      -2.392795
159.000      -2.397725
159.015      -2.402557
159.030      -2.407290
159.045      -2.411923
159.060      -2.416455
159.075      -2.420883
159.090      -2.425209
159.105      -2.429429
159.120      -2.433544
159.135      -2.437552
159.150      -2.441453
159.165      -2.445245
159.180      -2.448927
159.195      -2.452498
159.210      -2.455958
159.225      -2.459306
159.240      -2.462541
159.255      -2.465662
159.270      -2.468669
159.285      -2.471559
159.300      -2.474334
159.315      -2.476992
159.330      -2.479533
159.345      -2.481955
159.360      -2.484259
159.375      -2.486444
159.390      -2.488508
159.405      -2.490453
159.420      -2.492276
159.435      -2.493979
159.450      -2.495560
159.465      -2.497019
159.480      -2.498355
159.495      -2.499569
159.510      -2.500659
159.525      -2.501627
159.540      -2.502470
159.555      -2.503191
159.570      -2.503787
159.585      -2.504259
159.600      -2.504607
159.615      -2.504830
159.630      -2.504930
159.645      -2.504905
159.660      -2.504756
159.675      -2.504482
159.690      -2.504084
159.705      -2.503562
159.720      -2.502916
159.735      -2.502146
159.750      -2.501253
159.765      -2.500236
159.780      -2.499096
159.795      -2.497832
159.810      -2.496447
159.825      -2.494939
159.840      -2.493309
159.855      -2.491558
159.870      -2.489686
159.885      -2.487693
159.900      -2.485580
159.915      -2.483347
159.930      -2.480996
159.945      -2.478526
159.960      -2.475938
159.975      -2.473233
159.990      -2.470411
160.005      -2.467474
160.020      -2.464421
160.035      -2.461254
160.050      -2.457974
160.065      -2.454581
160.080      -2.451076
160.095      -2.447460
160.110      -2.443733
160.125      -2.439898
160.140      -2.435954
160.155      -2.431903
160.170      -2.427745
160.185      -2.423483
160.200      -2.419115
160.215      -2.414645
160.230      -2.410073
160.245      -2.405400
160.260      -2.400627
160.275      -2.395755
160.290      -2.390786
160.305      -2.385721
160.320      -2.380561
160.335      -2.375307
160.350      -2.369961
160.365      -2.364523
160.380      -2.358996
160.395      -2.353381
160.410      -2.347679
160.425      -2.341891
160.440      -2.336019
160.455      -2.330065
160.470      -2.324029
160.485      -2.317914
160.500      -2.311720
160.515      -2.305450
160.530      -2.299104
160.545      -2.292685
160.560      -2.286194
160.575      -2.279633
160.590      -2.273003
160.605      -2.266305
160.620      -2.259543
160.635      -2.252716
160.650      -2.245828
160.665      -2.238879
160.680      -2.231871
160.695      -2.224806
160.710      -2.217686
160.725      -2.210513
160.740      -2.203288
160.755      -2.196013
160.770      -2.188689
160.785      -2.181320
160.800      -2.173906
160.815      -2.166449
160.830      -2.158952
160.845      -2.151415
160.860      -2.143842
160.875      -2.136233
160.890      -2.128591
160.905      -2.120917
160.920      -2.113214
160.935      -2.105483
160.950      -2.097726
160.965      -2.089945
160.980      -2.082143
160.995      -2.074320
161.010      -2.066479
161.025      -2.058622
161.040      -2.050751
161.055      -2.042868
161.070      -2.034974
161.085      -2.027072
161.100      -2.019163
161.115      -2.011250
161.130      -2.003335
161.145      -1.995419
161.160      -1.987504
161.175      -1.979592
161.190      -1.971686
161.205      -1.963787
161.220      -1.955897
161.235      -1.948019
161.250      -1.940153
161.265      -1.932302
161.280      -1.924469
161.295      -1.916654
161.310      -1.908860
161.325      -1.901088
161.340      -1.893342
161.355      -1.885622
161.370      -1.877930
161.385      -1.870269
161.400      -1.862640
161.415      -1.855045
161.430      -1.847486
161.445      -1.839965
161.460      -1.832484
161.475      -1.825044
161.490      -1.817648
161.505      -1.810297
161.520      -1.802993
161.535      -1.795737
161.550      -1.788533
161.565      -1.781381
161.580      -1.774283
161.595      -1.767241
161.610      -1.760256
161.625      -1.753331
161.640      -1.746468
161.655      -1.739667
161.670      -1.732930
161.685      -1.726259
161.700      -1.719657
161.715      -1.713123
161.730      -1.706661
161.745      -1.700272
161.760      -1.693956
161.775      -1.687716
161.790      -1.681554
161.805      -1.675470
161.820      -1.669467
161.835      -1.663546
161.850      -1.657707
161.865      -1.651954
161.880      -1.646286
161.895      -1.640707
161.910      -1.635216
161.925      -1.629815
161.940      -1.624506
161.955      -1.619289
161.970      -1.614167
161.985      -1.609140
162.000      -1.604210
162.015      -1.599378
162.030      -1.594645
162.045      -1.590012
162.060      -1.585481
162.075      -1.581052
162.090      -1.576727
162.105      -1.572506
162.120      -1.568391
162.135      -1.564383
162.150      -1.560483
162.165      -1.556691
162.180      -1.553009
162.195      -1.549437
162.210      -1.545977
162.225      -1.542629
162.240      -1.539394
162.255      -1.536273
162.270      -1.533267
162.285      -1.530376
162.300      -1.527601
162.315      -1.524943
162.330      -1.522403
162.345      -1.519980
162.360      -1.517677
162.375      -1.515492
162.390      -1.513427
162.405      -1.511483
162.420      -1.509659
162.435      -1.507957
162.450      -1.506376
162.465      -1.504917
162.480      -1.503581
162.495      -1.502367
162.510      -1.501276
162.525      -1.500309
162.540      -1.499465
162.555      -1.498745
162.570      -1.498149
162.585      -1.497677
162.600      -1.497329
162.615      -1.497105
162.630      -1.497006
162.645      -1.497031
162.660      -1.497180
162.675      -1.497454
162.690      -1.497852
162.705      -1.498374
162.720      -1.499020
162.735      -1.499789
162.750      -1.500683
162.765      -1.501700
162.780      -1.502840
162.795      -1.504103
162.810      -1.505489
162.825      -1.506997
162.840      -1.508626
162.855      -1.510378
162.870      -1.512250
162.885      -1.514243
162.900      -1.516356
162.915      -1.518588
162.930      -1.520940
162.945      -1.523410
162.960      -1.525998
162.975      -1.528703
162.990      -1.531524
163.005      -1.534462
163.020      -1.537514
163.035      -1.540681
163.050      -1.543961
163.065      -1.547355
163.080      -1.550860
163.095      -1.554476
163.110      -1.558202
163.125      -1.562038
163.140      -1.565982
163.155      -1.570033
163.170      -1.574190
163.185      -1.578453
163.200      -1.582820
163.215      -1.587290
163.230      -1.591863
163.245      -1.596536
163.260      -1.601309
163.275      -1.606181
163.290      -1.611150
163.305      -1.616215
163.320      -1.621375
163.335      -1.626629
163.350      -1.631975
163.365      -1.637412
163.380      -1.642939
163.395      -1.648554
163.410      -1.654257
163.425      -1.660044
163.440      -1.665916
163.455      -1.671871
163.470      -1.677906
163.485      -1.684022
163.500      -1.690216
163.515      -1.696486
163.530      -1.702831
163.545      -1.709250
163.560      -1.715741
163.575      -1.722303
163.590      -1.728933
163.605      -1.735630
163.620      -1.742393
163.635      -1.749219
163.650      -1.756108
163.665      -1.763057
163.680      -1.770065
163.695      -1.777130
163.710      -1.784249
163.725      -1.791423
163.740      -1.798648
163.755      -1.805923
163.770      -1.813246
163.785      -1.820616
163.800      -1.828030
163.815      -1.835486
163.830      -1.842984
163.845      -1.850520
163.860      -1.858094
163.875      -1.865703
163.890      -1.873345
163.905      -1.881019
163.920      -1.888722
163.935      -1.896453
163.950      -1.904210
163.965      -1.911990
163.980      -1.919793
163.995      -1.927616
164.010      -1.935456
164.025      -1.943313
164.040      -1.951184
164.055      -1.959068
164.070      -1.966961
164.085      -1.974864
164.100      -1.982772
164.115      -1.990685
164.130      -1.998601
164.145      -2.006517
164.160      -2.014432
164.175      -2.022343
164.190      -2.030249
164.205      -2.038148
164.220      -2.046038
164.235      -2.053917
164.250      -2.061783
164.265      -2.069633
164.280      -2.077467
164.295      -2.085282
164.310      -2.093076
164.325      -2.100847
164.340      -2.108594
164.355      -2.116314
164.370      -2.124005
164.385      -2.131667
164.400      -2.139296
164.415      -2.146891
164.430      -2.154449
164.445      -2.161970
164.460      -2.169452
164.475      -2.176891
164.490      -2.184288
164.505      -2.191639
164.520      -2.198943
164.535      -2.206198
164.550      -2.213403
164.565      -2.220555
164.580      -2.227653
164.595      -2.234695
164.610      -2.241679
164.625      -2.248604
164.640      -2.255468
164.655      -2.262269
164.670      -2.269006
164.685      -2.275676
164.700      -2.282279
164.715      -2.288812
164.730      -2.295274
164.745      -2.301664
164.760      -2.307979
164.775      -2.314219
164.790      -2.320381
164.805      -2.326465
164.820      -2.332468
164.835      -2.338390
164.850      -2.344228
164.865      -2.349982
164.880      -2.355649
164.895      -2.361229
164.910      -2.366720
164.925      -2.372121
164.940      -2.377430
164.955      -2.382646
164.970      -2.387768
164.985      -2.392795
165.000      -2.397725
165.015      -2.402557
165.030      -2.407290
165.045      -2.411923
165.060      -2.416455
165.075      -2.420883
165.090      -2.425209
165.105      -2.429429
165.120      -2.433544
165.135      -2.437552
165.150      -2.441453
165.165      -2.445245
165.180      -2.448927
165.195      -2.452498
165.210      -2.455958
165.225      -2.459306
165.240      -2.462541
165.255      -2.465662
165.270      -2.468668
165.285      -2.471559
165.300      -2.474334
165.315      -2.476992
165.330      -2.479533
165.345      -2.481955
165.360      -2.484259
165.375      -2.486444
165.390      -2.488508
165.405      -2.490453
165.420      -2.492276
165.435      -2.493979
165.450      -2.495560
165.465      -2.497019
165.480      -2.498355
165.495      -2.499569
165.510      -2.500659
165.525      -2.501627
165.540      -2.502470
165.555      -2.503191
165.570      -2.503787
165.585      -2.504259
165.600      -2.504607
165.615      -2.504830
165.630      -2.504930
165.645      -2.504905
165.660      -2.504756
165.675      -2.504482
165.690      -2.504084
165.705      -2.503562
165.720      -2.502916
165.735      -2.502146
165.750      -2.501253
165.765      -2.500236
165.780      -2.499096
165.795      -2.497832
165.810      -2.496447
165.825      -2.494939
165.840      -2.493309
165.855      -2.491558
165.870      -2.489686
165.885      -2.487693
165.900      -2.485580
165.915      -2.483347
165.930      -2.480996
165.945      -2.478526
165.960      -2.475938
165.975      -2.473233
165.990      -2.470411
166.005      -2.467474
166.020      -2.464421
166.035      -2.461254
166.050      -2.457974
166.065      -2.454581
166.080      -2.451076
166.095      -2.447460
166.110      -2.443733
166.125      -2.439898
166.140      -2.435954
166.155      -2.431903
166.170      -2.427745
166.185      -2.423483
166.200      -2.419115
166.215      -2.414645
166.230      -2.410073
166.245      -2.405400
166.260      -2.400627
166.275      -2.395755
166.290      -2.390786
166.305      -2.385721
166.320      -2.380561
166.335      -2.375307
166.350      -2.369961
166.365      -2.364523
166.380      -2.358996
166.395      -2.353381
166.410      -2.347679
166.425      -2.341891
166.440      -2.336019
166.455      -2.330065
166.470      -2.324029
166.485      -2.317914
166.500      -2.311720
166.515      -2.305450
166.530      -2.299104
166.545      -2.292685
166.560      -2.286194
166.575      -2.279633
166.590      -2.273003
166.605      -2.266305
166.620      -2.259543
166.635      -2.252716
166.650      -2.245828
166.665      -2.238879
166.680      -2.231871
166.695      -2.224806
166.710      -2.217686
166.725      -2.210513
166.740      -2.203288
166.755      -2.196013
166.770      -2.188689
166.785      -2.181320
166.800      -2.173906
166.815      -2.166449
166.830      -2.158952
166.845      -2.151415
166.860      -2.143842
166.875      -2.136233
166.890      -2.128591
166.905      -2.120917
166.920      -2.113214
166.935      -2.105483
166.950      -2.097726
166.965      -2.089945
166.980      -2.082143
166.995      -2.074320
167.010      -2.066479
167.025      -2.058622
167.040      -2.050751
167.055      -2.042868
167.070      -2.034974
167.085      -2.027072
167.100      -2.019163
167.115      -2.011250
167.130      -2.003335
167.145      -1.995419
167.160      -1.987504
167.175      -1.979592
167.190      -1.971686
167.205      -1.963787
167.220      -1.955897
167.235      -1.948019
167.250      -1.940153
167.265      -1.932302
167.280      -1.924469
167.295      -1.916654
167.310      -1.908860
167.325      -1.901088
167.340      -1.893342
167.355      -1.885622
167.370      -1.877930
167.385      -1.870269
167.400      -1.862640
167.415      -1.855045
167.430      -1.847486
167.445      -1.839965
167.460      -1.832484
167.475      -1.825044
167.490      -1.817648
167.505      -1.810297
167.520      -1.802993
167.535      -1.795737
167.550      -1.788533
167.565      -1.781381
167.580      -1.774283
167.595      -1.767241
167.610      -1.760256
167.625      -1.753331
167.640      -1.746468
167.655      -1.739667
167.670      -1.732930
167.685      -1.726259
167.700      -1.719657
167.715      -1.713123
167.730      -1.706661
167.745      -1.700272
167.760      -1.693956
167.775      -1.687716
167.790      -1.681554
167.805      -1.675470
167.820      -1.669467
167.835      -1.663546
167.850      -1.657707
167.865      -1.651954
167.880      -1.646286
167.895      -1.640707
167.910      -1.635216
167.925      -1.629815
167.940      -1.624506
167.955      -1.619289
167.970      -1.614167
167.985      -1.609140
168.000      -1.604210
168.015      -1.599378
168.030      -1.594645
168.045      -1.590012
168.060      -1.585481
168.075      -1.581052
168.090      -1.576727
168.105      -1.572506
168.120      -1.568391
168.135      -1.564383
168.150      -1.560483
168.165      -1.556691
168.180      -1.553009
168.195      -1.549437
168.210      -1.545977
168.225      -1.542629
168.240      -1.539394
168.255      -1.536273
168.270      -1.533267
168.285      -1.530376
168.300      -1.527601
168.315      -1.524943
168.330      -1.522403
168.345      -1.519980
168.360      -1.517677
168.375      -1.515492
168.390      -1.513427
168.405      -1.511483
168.420      -1.509659
168.435      -1.507957
168.450      -1.506376
168.465      -1.504917
168.480      -1.503581
168.495      -1.502367
168.510      -1.501276
168.525      -1.500309
168.540      -1.499465
168.555      -1.498745
168.570      -1.498149
168.585      -1.497677
168.600      -1.497329
168.615      -1.497105
168.630      -1.497006
168.645      -1.497031
168.660      -1.497180
168.675      -1.497454
168.690      -1.497852
168.705      -1.498374
168.720      -1.499020
168.735      -1.499789
168.750      -1.500683
168.765      -1.501700
168.780      -1.502840
168.795      -1.504103
168.810      -1.505489
168.825      -1.506997
168.840      -1.508626
168.855      -1.510378
168.870      -1.512250
168.885      -1.514243
168.900      -1.516356
168.915      -1.518588
168.930      -1.520940
168.945      -1.523410
168.960      -1.525998
168.975      -1.528703
168.990      -1.531524
169.005      -1.534462
169.020      -1.537514
169.035      -1.540681
169.050      -1.543961
169.065      -1.547355
169.080      -1.550860
169.095      -1.554476
169.110      -1.558202
169.125      -1.562038
169.140      -1.565982
169.155      -1.570033
169.170      -1.574190
169.185      -1.578453
169.200      -1.582820
169.215      -1.587290
169.230      -1.591863
169.245      -1.596536
169.260      -1.601309
169.275      -1.606181
169.290      -1.611150
169.305      -1.616215
169.320      -1.621375
169.335      -1.626629
169.350      -1.631975
169.365      -1.637412
169.380      -1.642939
169.395      -1.648554
169.410      -1.654257
169.425      -1.660044
169.440      -1.665916
169.455      -1.671871
169.470      -1.677906
169.485      -1.684022
169.500      -1.690216
169.515      -1.696486
169.530      -1.702831
169.545      -1.709250
169.560      -1.715741
169.575      -1.722303
169.590      -1.728933
169.605      -1.735630
169.620      -1.742393
169.635      -1.749219
169.650      -1.756108
169.665      -1.763057
169.680      -1.770065
169.695      -1.777130
169.710      -1.784249
169.725      -1.791423
169.740      -1.798648
169.755      -1.805923
169.770      -1.813246
169.785      -1.820616
169.800      -1.828030
169.815      -1.835486
169.830      -1.842984
169.845      -1.850520
169.860      -1.858094
169.875      -1.865703
169.890      -1.873345
169.905      -1.881019
169.920      -1.888722
169.935      -1.896453
169.950      -1.904210
169.965      -1.911990
169.980      -1.919793
169.995      -1.927616
170.010      -1.935456
170.025      -1.943313
170.040      -1.951184
170.055      -1.959068
170.070      -1.966961
170.085      -1.974864
170.100      -1.982772
170.115      -1.990685
170.130      -1.998601
170.145      -2.006517
170.160      -2.014432
170.175      -2.022343
170.190      -2.030249
170.205      -2.038148
170.220      -2.046038
170.235      -2.053917
170.250      -2.061783
170.265      -2.069633
170.280      -2.077467
170.295      -2.085282
170.310      -2.093076
170.325      -2.100847
170.340      -2.108594
170.355      -2.116314
170.370      -2.124005
170.385      -2.131667
170.400      -2.139296
170.415      -2.146891
170.430      -2.154449
170.445      -2.161970
170.460      -2.169452
170.475      -2.176891
170.490      -2.184288
170.505      -2.191639
170.520      -2.198943
170.535      -2.206198
170.550      -2.213403
170.565      -2.220555
170.580      -2.227653
170.595      -2.234695
170.610      -2.241679
170.625      -2.248604
170.640      -2.255468
170.655      -2.262269
170.670      -2.269006
170.685      -2.275676
170.700      -2.282279
170.715      -2.288812
170.730      -2.295274
170.745      -2.301664
170.760      -2.307979
170.775      -2.314219
170.790      -2.320381
170.805      -2.326465
170.820      -2.332468
170.835      -2.338390
170.850      -2.344228
170.865      -2.349982
170.880      -2.355649
170.895      -2.361229
170.910      -2.366720
170.925      -2.372121
170.940      -2.377430
170.955      -2.382646
170.970      -2.387768
170.985      -2.392795
171.000      -2.397725
171.015      -2.402557
171.030      -2.407290
171.045      -2.411923
171.060      -2.416455
171.075      -2.420883
171.090      -2.425209
171.105      -2.429429
171.120      -2.433544
171.135      -2.437552
171.150      -2.441453
171.165      -2.445245
171.180      -2.448927
171.195      -2.452498
171.210      -2.455958
171.225      -2.459306
171.240      -2.462541
171.255      -2.465662
171.270      -2.468668
171.285      -2.471559
171.300      -2.474334
171.315      -2.476992
171.330      -2.479533
171.345      -2.481955
171.360      -2.484259
171.375      -2.486444
171.390      -2.488508
171.405      -2.490453
171.420      -2.492276
171.435      -2.493979
171.450      -2.495560
171.465      -2.497019
171.480      -2.498355
171.495      -2.499569
171.510      -2.500659
171.525      -2.501627
171.540      -2.502470
171.555      -2.503191
171.570      -2.503787
171.585      -2.504259
171.600      -2.504607
171.615      -2.504830
171.630      -2.504930
171.645      -2.504905
171.660      -2.504756
171.675      -2.504482
171.690      -2.504084
171.705      -2.503562
171.720      -2.502916
171.735      -2.502146
171.750      -2.501253
171.765      -2.500236
171.780      -2.499096
171.795      -2.497832
171.810      -2.496447
171.825      -2.494939
171.840      -2.493309
171.855      -2.491558
171.870      -2.489686
171.885      -2.487693
171.900      -2.485580
171.915      -2.483347
171.930      -2.480996
171.945      -2.478526
171.960      -2.475938
171.975      -2.473233
171.990      -2.470411
172.005      -2.467474
172.020      -2.464421
172.035      -2.461254
172.050      -2.457974
172.065      -2.454581
172.080      -2.451076
172.095      -2.447460
172.110      -2.443733
172.125      -2.439898
172.140      -2.435954
172.155      -2.431903
172.170      -2.427745
172.185      -2.423483
172.200      -2.419115
172.215      -2.414645
172.230      -2.410073
172.245      -2.405400
172.260      -2.400627
172.275      -2.395755
172.290      -2.390786
172.305      -2.385721
172.320      -2.380561
172.335      -2.375307
172.350      -2.369961
172.365      -2.364523
172.380      -2.358996
172.395      -2.353381
172.410      -2.347679
172.425      -2.341891
172.440      -2.336019
172.455      -2.330065
172.470      -2.324029
172.485      -2.317914
172.500      -2.311720
172.515      -2.305450
172.530      -2.299104
172.545      -2.292685
172.560      -2.286194
172.575      -2.279633
172.590      -2.273003
172.605      -2.266305
172.620      -2.259543
172.635      -2.252716
172.650      -2.245828
172.665      -2.238879
172.680      -2.231871
172.695      -2.224806
172.710      -2.217686
172.725      -2.210513
172.740      -2.203288
172.755      -2.196013
172.770      -2.188689
172.785      -2.181320
172.800      -2.173906
172.815      -2.166449
172.830      -2.158952
172.845      -2.151415
172.860      -2.143842
172.875      -2.136233
172.890      -2.128591
172.905      -2.120917
172.920      -2.113214
172.935      -2.105483
172.950      -2.097726
172.965      -2.089945
172.980      -2.082143
172.995      -2.074320
173.010      -2.066479
173.025      -2.058622
173.040      -2.050751
173.055      -2.042868
173.070      -2.034974
173.085      -2.027072
173.100      -2.019163
173.115      -2.011250
173.130      -2.003335
173.145      -1.995419
173.160      -1.987504
173.175      -1.979592
173.190      -1.971686
173.205      -1.963787
173.220      -1.955897
173.235      -1.948019
173.250      -1.940153
173.265      -1.932302
173.280      -1.924469
173.295      -1.916654
173.310      -1.908860
173.325      -1.901088
173.340      -1.893342
173.355      -1.885622
173.370      -1.877930
173.385      -1.870269
173.400      -1.862640
173.415      -1.855045
173.430      -1.847486
173.445      -1.839965
173.460      -1.832484
173.475      -1.825044
173.490      -1.817648
173.505      -1.810297
173.520      -1.802993
173.535      -1.795737
173.550      -1.788533
173.565      -1.781381
173.580      -1.774283
173.595      -1.767241
173.610      -1.760256
173.625      -1.753331
173.640      -1.746468
173.655      -1.739667
173.670      -1.732930
173.685      -1.726259
173.700      -1.719657
173.715      -1.713123
173.730      -1.706661
173.745      -1.700272
173.760      -1.693956
173.775      -1.687716
173.790      -1.681554
173.805      -1.675470
173.820      -1.669467
173.835      -1.663546
173.850      -1.657707
173.865      -1.651954
173.880      -1.646286
173.895      -1.640707
173.910      -1.635216
173.925      -1.629815
173.940      -1.624506
173.955      -1.619289
173.970      -1.614167
173.985      -1.609140
174.000      -1.604210
174.015      -1.599378
174.030      -1.594645
174.045      -1.590012
174.060      -1.585481
174.075      -1.581052
174.090      -1.576727
174.105      -1.572506
174.120      -1.568391
174.135      -1.564383
174.150      -1.560483
174.165      -1.556691
174.180      -1.553009
174.195      -1.549437
174.210      -1.545977
174.225      -1.542629
174.240      -1.539394
174.255      -1.536273
174.270      -1.533267
174.285      -1.530376
174.300      -1.527601
174.315      -1.524943
174.330      -1.522403
174.345      -1.519980
174.360      -1.517677
174.375      -1.515492
174.390      -1.513427
174.405      -1.511483
174.420      -1.509659
174.435      -1.507957
174.450      -1.506376
174.465      -1.504917
174.480      -1.503581
174.495      -1.502367
174.510      -1.501276
174.525      -1.500309
174.540      -1.499465
174.555      -1.498745
174.570      -1.498149
174.585      -1.497677
174.600      -1.497329
174.615      -1.497105
174.630      -1.497006
174.645      -1.497031
174.660      -1.497180
174.675      -1.497454
174.690      -1.497852
174.705      -1.498374
174.720      -1.499020
174.735      -1.499789
174.750      -1.500683
174.765      -1.501700
174.780      -1.502840
174.795      -1.504103
174.810      -1.505489
174.825      -1.506997
174.840      -1.508626
174.855      -1.510378
174.870      -1.512250
174.885      -1.514243
174.900      -1.516356
174.915      -1.518588
174.930      -1.520940
174.945      -1.523410
174.960      -1.525998
174.975      -1.528703
174.990      -1.531524
175.005      -1.534462
175.020      -1.537514
175.035      -1.540681
175.050      -1.543961
175.065      -1.547355
175.080      -1.550860
175.095      -1.554476
175.110      -1.558202
175.125      -1.562038
175.140      -1.565982
175.155      -1.570033
175.170      -1.574190
175.185      -1.578453
175.200      -1.582820
175.215      -1.587290
175.230      -1.591863
175.245      -1.596536
175.260      -1.601309
175.275      -1.606181
175.290      -1.611150
175.305      -1.616215
175.320      -1.621375
175.335      -1.626629
175.350      -1.631975
175.365      -1.637412
175.380      -1.642939
175.395      -1.648554
175.410      -1.654257
175.425      -1.660044
175.440      -1.665916
175.455      -1.671871
175.470      -1.677906
175.485      -1.684022
175.500      -1.690216
175.515      -1.696486
175.530      -1.702831
175.545      -1.709250
175.560      -1.715741
175.575      -1.722303
175.590      -1.728933
175.605      -1.735630
175.620      -1.742393
175.635      -1.749219
175.650      -1.756108
175.665      -1.763057
175.680      -1.770065
175.695      -1.777129
175.710      -1.784249
175.725      -1.791423
175.740      -1.798648
175.755      -1.805923
175.770      -1.813246
175.785      -1.820616
175.800      -1.828030
175.815      -1.835486
175.830      -1.842984
175.845      -1.850520
175.860      -1.858094
175.875      -1.865703
175.890      -1.873345
175.905      -1.881019
175.920      -1.888722
175.935      -1.896453
175.950      -1.904210
175.965      -1.911990
175.980      -1.919793
175.995      -1.927616
176.010      -1.935456
176.025      -1.943313
176.040      -1.951184
176.055      -1.959068
176.070      -1.966961
176.085      -1.974864
176.100      -1.982772
176.115      -1.990685
176.130      -1.998601
176.145      -2.006517
176.160      -2.014432
176.175      -2.022343
176.190      -2.030249
176.205      -2.038148
176.220      -2.046038
176.235      -2.053917
176.250      -2.061783
176.265      -2.069633
176.280      -2.077467
176.295      -2.085282
176.310      -2.093076
176.325      -2.100847
176.340      -2.108594
176.355      -2.116314
176.370      -2.124005
176.385      -2.131667
176.400      -2.139296
176.415      -2.146891
176.430      -2.154449
176.445      -2.161970
176.460      -2.169452
176.475      -2.176891
176.490      -2.184288
176.505      -2.191639
176.520      -2.198943
176.535      -2.206198
176.550      -2.213403
176.565      -2.220555
176.580      -2.227653
176.595      -2.234695
176.610      -2.241679
176.625      -2.248604
176.640      -2.255468
176.655      -2.262269
176.670      -2.269006
176.685      -2.275676
176.700      -2.282279
176.715      -2.288812
176.730      -2.295274
176.745      -2.301664
176.760      -2.307979
176.775      -2.314219
176.790      -2.320381
176.805      -2.326465
176.820      -2.332468
176.835      -2.338390
176.850      -2.344228
176.865      -2.349982
176.880      -2.355649
176.895      -2.361229
176.910      -2.366720
176.925      -2.372121
176.940      -2.377430
176.955      -2.382646
176.970      -2.387768
176.985      -2.392795
177.000      -2.397725
177.015      -2.402557
177.030      -2.407290
177.045      -2.411923
177.060      -2.416455
177.075      -2.420883
177.090      -2.425209
177.105      -2.429429
177.120      -2.433544
177.135      -2.437552
177.150      -2.441453
177.165      -2.445245
177.180      -2.448927
177.195      -2.452498
177.210      -2.455958
177.225      -2.459306
177.240      -2.462541
177.255      -2.465662
177.270      -2.468668
177.285      -2.471559
177.300      -2.474334
177.315      -2.476992
177.330      -2.479533
177.345      -2.481955
177.360      -2.484259
177.375      -2.486444
177.390      -2.488508
177.405      -2.490453
177.420      -2.492276
177.435      -2.493979
177.450      -2.495560
177.465      -2.497019
177.480      -2.498355
177.495      -2.499569
177.510      -2.500659
177.525      -2.501627
177.540      -2.502470
177.555      -2.503191
177.570      -2.503787
177.585      -2.504259
177.600      -2.504607
177.615      -2.504830
177.630      -2.504930
177.645      -2.504905
177.660      -2.504756
177.675      -2.504482
177.690      -2.504084
177.705      -2.503562
177.720      -2.502916
177.735      -2.502146
177.750      -2.501253
177.765      -2.500236
177.780      -2.499096
177.795      -2.497832
177.810      -2.496447
177.825      -2.494939
177.840      -2.493309
177.855      -2.491558
177.870      -2.489686
177.885      -2.487693
177.900      -2.485580
177.915      -2.483347
177.930      -2.480996
177.945      -2.478526
177.960      -2.475938
177.975      -2.473233
177.990      -2.470411
178.005      -2.467474
178.020      -2.464421
178.035      -2.461254
178.050      -2.457974
178.065      -2.454581
178.080      -2.451076
178.095      -2.447460
178.110      -2.443733
178.125      -2.439898
178.140      -2.435954
178.155      -2.431903
178.170      -2.427745
178.185      -2.423483
178.200      -2.419115
178.215      -2.414645
178.230      -2.410073
178.245      -2.405400
178.260      -2.400627
178.275      -2.395755
178.290      -2.390786
178.305      -2.385721
178.320      -2.380561
178.335      -2.375307
178.350      -2.369961
178.365      -2.364523
178.380      -2.358996
178.395      -2.353381
178.410      -2.347679
178.425      -2.341891
178.440      -2.336019
178.455      -2.330065
178.470      -2.324029
178.485      -2.317914
178.500      -2.311720
178.515      -2.305450
178.530      -2.299104
178.545      -2.292685
178.560      -2.286194
178.575      -2.279633
178.590      -2.273003
178.605      -2.266305
178.620      -2.259543
178.635      -2.252716
178.650      -2.245828
178.665      -2.238879
178.680      -2.231871
178.695      -2.224806
178.710      -2.217686
178.725      -2.210513
178.740      -2.203288
178.755      -2.196013
178.770      -2.188689
178.785      -2.181320
178.800      -2.173906
178.815      -2.166449
178.830      -2.158952
178.845      -2.151415
178.860      -2.143842
178.875      -2.136233
178.890      -2.128591
178.905      -2.120917
178.920      -2.113214
178.935      -2.105483
178.950      -2.097726
178.965      -2.089945
178.980      -2.082143
178.995      -2.074320
179.010      -2.066479
179.025      -2.058622
179.040      -2.050751
179.055      -2.042868
179.070      -2.034974
179.085      -2.027072
179.100      -2.019163
179.115      -2.011250
179.130      -2.003335
179.145      -1.995419
179.160      -1.987504
179.175      -1.979592
179.190      -1.971686
179.205      -1.963787
179.220      -1.955897
179.235      -1.948019
179.250      -1.940153
179.265      -1.932302
179.280      -1.924469
179.295      -1.916654
179.310      -1.908860
179.325      -1.901088
179.340      -1.893342
179.355      -1.885622
179.370      -1.877930
179.385      -1.870269
179.400      -1.862640
179.415      -1.855045
179.430      -1.847486
179.445      -1.839965
179.460      -1.832484
179.475      -1.825044
179.490      -1.817648
179.505      -1.810297
179.520      -1.802993
179.535      -1.795737
179.550      -1.788533
179.565      -1.781381
179.580      -1.774283
179.595      -1.767241
179.610      -1.760256
179.625      -1.753331
179.640      -1.746468
179.655      -1.739667
179.670      -1.732930
179.685      -1.726259
179.700      -1.719657
179.715      -1.713123
179.730      -1.706661
179.745      -1.700272
179.760      -1.693956
179.775      -1.687716
179.790      -1.681554
179.805      -1.675470
179.820      -1.669467
179.835      -1.663546
179.850      -1.657707
179.865      -1.651954
179.880      -1.646286
179.895      -1.640707
179.910      -1.635216
179.925      -1.629815
179.940      -1.624506
179.955      -1.619289
179.970      -1.614167
179.985      -1.609140
180.000      -1.604210
180.015      -1.599378
180.030      -1.594645
180.045      -1.590012
180.060      -1.585481
180.075      -1.581052
180.090      -1.576727
180.105      -1.572506
180.120      -1.568391
180.135      -1.564383
180.150      -1.560483
180.165      -1.556691
180.180      -1.553009
180.195      -1.549437
180.210      -1.545977
180.225      -1.542629
180.240      -1.539394
180.255      -1.536273
180.270      -1.533267
180.285      -1.530376
180.300      -1.527601
180.315      -1.524943
180.330      -1.522403
180.345      -1.519980
180.360      -1.517677
180.375      -1.515492
180.390      -1.513427
180.405      -1.511483
180.420      -1.509659
180.435      -1.507957
180.450      -1.506376
180.465      -1.504917
180.480      -1.503581
180.495      -1.502367
180.510      -1.501276
180.525      -1.500309
180.540      -1.499465
180.555      -1.498745
180.570      -1.498149
180.585      -1.497677
180.600      -1.497329
180.615      -1.497105
180.630      -1.497006
180.645      -1.497031
180.660      -1.497180
180.675      -1.497454
180.690      -1.497852
180.705      -1.498374
180.720      -1.499020
180.735      -1.499789
180.750      -1.500683
180.765      -1.501700
180.780      -1.502840
180.795      -1.504103
180.810      -1.505489
180.825      -1.506997
180.840      -1.508626
180.855      -1.510378
180.870      -1.512250
180.885      -1.514243
180.900      -1.516356
180.915      -1.518588
180.930      -1.520940
180.945      -1.523410
180.960      -1.525998
180.975      -1.528703
180.990      -1.531524
181.005      -1.534462
181.020      -1.537514
181.035      -1.540681
181.050      -1.543961
181.065      -1.547355
181.080      -1.550860
181.095      -1.554476
181.110      -1.558202
181.125      -1.562038
181.140      -1.565982
181.155      -1.570033
181.170      -1.574190
181.185      -1.578453
181.200      -1.582820
181.215      -1.587290
181.230      -1.591863
181.245      -1.596536
181.260      -1.601309
181.275      -1.606181
181.290      -1.611150
181.305      -1.616215
181.320      -1.621375
181.335      -1.626629
181.350      -1.631975
181.365      -1.637412
181.380      -1.642939
181.395      -1.648554
181.410      -1.654257
181.425      -1.660044
181.440      -1.665916
181.455      -1.671871
181.470      -1.677906
181.485      -1.684022
181.500      -1.690216
181.515      -1.696486
181.530      -1.702831
181.545      -1.709250
181.560      -1.715741
181.575      -1.722303
181.590      -1.728933
181.605      -1.735630
181.620      -1.742393
181.635      -1.749219
181.650      -1.756108
181.665      -1.763057
181.680      -1.770065
181.695      -1.777129
181.710      -1.784249
181.725      -1.791423
181.740      -1.798648
181.755      -1.805923
181.770      -1.813246
181.785      -1.820616
181.800      -1.828030
181.815      -1.835486
181.830      -1.842984
181.845      -1.850520
181.860      -1.858094
181.875      -1.865703
181.890      -1.873345
181.905      -1.881019
181.920      -1.888722
181.935      -1.896453
181.950      -1.904210
181.965      -1.911990
181.980      -1.919793
181.995      -1.927616
182.010      -1.935456
182.025      -1.943313
182.040      -1.951184
182.055      -1.959068
182.070      -1.966961
182.085      -1.974864
182.100      -1.982772
182.115      -1.990685
182.130      -1.998601
182.145      -2.006517
182.160      -2.014432
182.175      -2.022343
182.190      -2.030249
182.205      -2.038148
182.220      -2.046038
182.235      -2.053917
182.250      -2.061783
182.265      -2.069633
182.280      -2.077467
182.295      -2.085282
182.310      -2.093076
182.325      -2.100847
182.340      -2.108594
182.355      -2.116314
182.370      -2.124005
182.385      -2.131667
182.400      -2.139296
182.415      -2.146891
182.430      -2.154449
182.445      -2.161970
182.460      -2.169452
182.475      -2.176891
182.490      -2.184288
182.505      -2.191639
182.520      -2.198943
182.535      -2.206198
182.550      -2.213403
182.565      -2.220555
182.580      -2.227653
182.595      -2.234695
182.610      -2.241679
182.625      -2.248604
182.640      -2.255468
182.655      -2.262269
182.670      -2.269006
182.685      -2.275676
182.700      -2.282279
182.715      -2.288812
182.730      -2.295274
182.745      -2.301664
182.760      -2.307979
182.775      -2.314219
182.790      -2.320381
182.805      -2.326465
182.820      -2.332468
182.835      -2.338390
182.850      -2.344228
182.865      -2.349982
182.880      -2.355649
182.895      -2.361229
182.910      -2.366720
182.925      -2.372121
182.940      -2.377430
182.955      -2.382646
182.970      -2.387768
182.985      -2.392795
183.000      -2.397725
183.015      -2.402557
183.030      -2.407290
183.045      -2.411923
183.060      -2.416455
183.075      -2.420883
183.090      -2.425209
183.105      -2.429429
183.120      -2.433544
183.135      -2.437552
183.150      -2.441453
183.165      -2.445245
183.180      -2.448927
183.195      -2.452498
183.210      -2.455958
183.225      -2.459306
183.240      -2.462541
183.255      -2.465662
183.270      -2.468668
183.285      -2.471559
183.300      -2.474334
183.315      -2.476992
183.330      -2.479533
183.345      -2.481955
183.360      -2.484259
183.375      -2.486444
183.390      -2.488508
183.405      -2.490453
183.420      -2.492276
183.435      -2.493979
183.450      -2.495560
183.465      -2.497019
183.480      -2.498355
183.495      -2.499569
183.510      -2.500659
183.525      -2.501627
183.540      -2.502470
183.555      -2.503191
183.570      -2.503787
183.585      -2.504259
183.600      -2.504607
183.615      -2.504830
183.630      -2.504930
183.645      -2.504905
183.660      -2.504756
183.675      -2.504482
183.690      -2.504084
183.705      -2.503562
183.720      -2.502916
183.735      -2.502146
183.750      -2.501253
183.765      -2.500236
183.780      -2.499096
183.795      -2.497832
183.810      -2.496447
183.825      -2.494939
183.840      -2.493309
183.855      -2.491558
183.870      -2.489686
183.885      -2.487693
183.900      -2.485580
183.915      -2.483347
183.930      -2.480996
183.945      -2.478526
183.960      -2.475938
183.975      -2.473233
183.990      -2.470411
184.005      -2.467474
184.020      -2.464421
184.035      -2.461254
184.050      -2.457974
184.065      -2.454581
184.080      -2.451076
184.095      -2.447460
184.110      -2.443733
184.125      -2.439898
184.140      -2.435954
184.155      -2.431903
184.170      -2.427745
184.185      -2.423483
184.200      -2.419115
184.215      -2.414645
184.230      -2.410073
184.245      -2.405400
184.260      -2.400627
184.275      -2.395755
184.290      -2.390786
184.305      -2.385721
184.320      -2.380561
184.335      -2.375307
184.350      -2.369961
184.365      -2.364523
184.380      -2.358996
184.395      -2.353381
184.410      -2.347679
184.425      -2.341891
184.440      -2.336019
184.455      -2.330065
184.470      -2.324029
184.485      -2.317914
184.500      -2.311720
184.515      -2.305450
184.530      -2.299104
184.545      -2.292685
184.560      -2.286194
184.575      -2.279633
184.590      -2.273003
184.605      -2.266305
184.620      -2.259543
184.635      -2.252716
184.650      -2.245828
184.665      -2.238879
184.680      -2.231871
184.695      -2.224806
184.710      -2.217686
184.725      -2.210513
184.740      -2.203288
184.755      -2.196013
184.770      -2.188689
184.785      -2.181320
184.800      -2.173906
184.815      -2.166449
184.830      -2.158952
184.845      -2.151415
184.860      -2.143842
184.875      -2.136233
184.890      -2.128591
184.905      -2.120917
184.920      -2.113214
184.935      -2.105483
184.950      -2.097726
184.965      -2.089945
184.980      -2.082143
184.995      -2.074320
185.010      -2.066479
185.025      -2.058622
185.040      -2.050751
185.055      -2.042868
185.070      -2.034974
185.085      -2.027072
185.100      -2.019163
185.115      -2.011250
185.130      -2.003335
185.145      -1.995419
185.160      -1.987504
185.175      -1.979592
185.190      -1.971686
185.205      -1.963787
185.220      -1.955897
185.235      -1.948019
185.250      -1.940153
185.265      -1.932302
185.280      -1.924469
185.295      -1.916654
185.310      -1.908860
185.325      -1.901088
185.340      -1.893342
185.355      -1.885622
185.370      -1.877930
185.385      -1.870269
185.400      -1.862640
185.415      -1.855045
185.430      -1.847486
185.445      -1.839965
185.460      -1.832484
185.475      -1.825044
185.490      -1.817648
185.505      -1.810297
185.520      -1.802993
185.535      -1.795737
185.550      -1.788533
185.565      -1.781381
185.580      -1.774283
185.595      -1.767241
185.610      -1.760256
185.625      -1.753331
185.640      -1.746468
185.655      -1.739667
185.670      -1.732930
185.685      -1.726259
185.700      -1.719657
185.715      -1.713123
185.730      -1.706661
185.745      -1.700272
185.760      -1.693956
185.775      -1.687716
185.790      -1.681554
185.805      -1.675470
185.820      -1.669467
185.835      -1.663546
185.850      -1.657707
185.865      -1.651954
185.880      -1.646286
185.895      -1.640707
185.910      -1.635216
185.925      -1.629815
185.940      -1.624506
185.955      -1.619289
185.970      -1.614167
185.985      -1.609140
186.000      -1.604210
186.015      -1.599378
186.030      -1.594645
186.045      -1.590012
186.060      -1.585481
186.075      -1.581052
186.090      -1.576727
186.105      -1.572506
186.120      -1.568391
186.135      -1.564383
186.150      -1.560483
186.165      -1.556691
186.180      -1.553009
186.195      -1.549437
186.210      -1.545977
186.225      -1.542629
186.240      -1.539394
186.255      -1.536273
186.270      -1.533267
186.285      -1.530376
186.300      -1.527601
186.315      -1.524943
186.330      -1.522403
186.345      -1.519980
186.360      -1.517677
186.375      -1.515492
186.390      -1.513427
186.405      -1.511483
186.420      -1.509659
186.435      -1.507957
186.450      -1.506376
186.465      -1.504917
186.480      -1.503581
186.495      -1.502367
186.510      -1.501276
186.525      -1.500309
186.540      -1.499465
186.555      -1.498745
186.570      -1.498149
186.585      -1.497677
186.600      -1.497329
186.615      -1.497105
186.630      -1.497006
186.645      -1.497031
186.660      -1.497180
186.675      -1.497454
186.690      -1.497852
186.705      -1.498374
186.720      -1.499020
186.735      -1.499789
186.750      -1.500683
186.765      -1.501700
186.780      -1.502840
186.795      -1.504103
186.810      -1.505489
186.825      -1.506997
186.840      -1.508626
186.855      -1.510378
186.870      -1.512250
186.885      -1.514243
186.900      -1.516356
186.915      -1.518588
186.930      -1.520940
186.945      -1.523410
186.960      -1.525998
186.975      -1.528703
186.990      -1.531524
187.005      -1.534462
187.020      -1.537514
187.035      -1.540681
187.050      -1.543961
187.065      -1.547355
187.080      -1.550860
187.095      -1.554476
187.110      -1.558202
187.125      -1.562038
187.140      -1.565982
187.155      -1.570033
187.170      -1.574190
187.185      -1.578453
187.200      -1.582820
187.215      -1.587290
187.230      -1.591863
187.245      -1.596536
187.260      -1.601309
187.275      -1.606181
187.290      -1.611150
187.305      -1.616215
187.320      -1.621375
187.335      -1.626629
187.350      -1.631975
187.365      -1.637412
187.380      -1.642939
187.395      -1.648554
187.410      -1.654257
187.425      -1.660044
187.440      -1.665916
187.455      -1.671871
187.470      -1.677906
187.485      -1.684022
187.500      -1.690216
187.515      -1.696486
187.530      -1.702831
187.545      -1.709250
187.560      -1.715741
187.575      -1.722303
187.590      -1.728933
187.605      -1.735630
187.620      -1.742393
187.635      -1.749219
187.650      -1.756108
187.665      -1.763057
187.680      -1.770065
187.695      -1.777129
187.710      -1.784249
187.725      -1.791423
187.740      -1.798648
187.755      -1.805923
187.770      -1.813246
187.785      -1.820616
187.800      -1.828030
187.815      -1.835486
187.830      -1.842984
187.845      -1.850520
187.860      -1.858094
187.875      -1.865703
187.890      -1.873345
187.905      -1.881019
187.920      -1.888722
187.935      -1.896453
187.950      -1.904210
187.965      -1.911990
187.980      -1.919793
187.995      -1.927616
188.010      -1.935456
188.025      -1.943313
188.040      -1.951184
188.055      -1.959068
188.070      -1.966961
188.085      -1.974864
188.100      -1.982772
188.115      -1.990685
188.130      -1.998601
188.145      -2.006517
188.160      -2.014432
188.175      -2.022343
188.190      -2.030249
188.205      -2.038148
188.220      -2.046038
188.235      -2.053917
188.250      -2.061783
188.265      -2.069633
188.280      -2.077467
188.295      -2.085282
188.310      -2.093076
188.325      -2.100847
188.340      -2.108594
188.355      -2.116314
188.370      -2.124005
188.385      -2.131667
188.400      -2.139296
188.415      -2.146891
188.430      -2.154449
188.445      -2.161970
188.460      -2.169452
188.475      -2.176891
188.490      -2.184288
188.505      -2.191639
188.520      -2.198943
188.535      -2.206198
188.550      -2.213403
188.565      -2.220555
188.580      -2.227653
188.595      -2.234695
188.610      -2.241679
188.625      -2.248604
188.640      -2.255468
188.655      -2.262269
188.670      -2.269006
188.685      -2.275676
188.700      -2.282279
188.715      -2.288812
188.730      -2.295274
188.745      -2.301664
188.760      -2.307979
188.775      -2.314219
188.790      -2.320381
188.805      -2.326465
188.820      -2.332468
188.835      -2.338390
188.850      -2.344228
188.865      -2.349982
188.880      -2.355649
188.895      -2.361229
188.910      -2.366720
188.925      -2.372121
188.940      -2.377430
188.955      -2.382646
188.970      -2.387768
188.985      -2.392795
189.000      -2.397725
189.015      -2.402557
189.030      -2.407290
189.045      -2.411923
189.060      -2.416455
189.075      -2.420883
189.090      -2.425209
189.105      -2.429429
189.120      -2.433544
189.135      -2.437552
189.150      -2.441453
189.165      -2.445245
189.180      -2.448927
189.195      -2.452498
189.210      -2.455958
189.225      -2.459306
189.240      -2.462541
189.255      -2.465662
189.270      -2.468668
189.285      -2.471559
189.300      -2.474334
189.315      -2.476992
189.330      -2.479533
189.345      -2.481955
189.360      -2.484259
189.375      -2.486444
189.390      -2.488508
189.405      -2.490453
189.420      -2.492276
189.435      -2.493979
189.450      -2.495560
189.465      -2.497019
189.480      -2.498355
189.495      -2.499569
189.510      -2.500659
189.525      -2.501627
189.540      -2.502470
189.555      -2.503191
189.570      -2.503787
189.585      -2.504259
189.600      -2.504607
189.615      -2.504830
189.630      -2.504930
189.645      -2.504905
189.660      -2.504756
189.675      -2.504482
189.690      -2.504084
189.705      -2.503562
189.720      -2.502916
189.735      -2.502146
189.750      -2.501253
189.765      -2.500236
189.780      -2.499096
189.795      -2.497832
189.810      -2.496447
189.825      -2.494939
189.840      -2.493309
189.855      -2.491558
189.870      -2.489686
189.885      -2.487693
189.900      -2.485580
189.915      -2.483347
189.930      -2.480996
189.945      -2.478526
189.960      -2.475938
189.975      -2.473233
189.990      -2.470411
190.005      -2.467474
190.020      -2.464421
190.035      -2.461254
190.050      -2.457974
190.065      -2.454581
190.080      -2.451076
190.095      -2.447460
190.110      -2.443733
190.125      -2.439898
190.140      -2.435954
190.155      -2.431903
190.170      -2.427745
190.185      -2.423483
190.200      -2.419115
190.215      -2.414645
190.230      -2.410073
190.245      -2.405400
190.260      -2.400627
190.275      -2.395755
190.290      -2.390786
190.305      -2.385721
190.320      -2.380561
190.335      -2.375307
190.350      -2.369961
190.365      -2.364523
190.380      -2.358996
190.395      -2.353381
190.410      -2.347679
190.425      -2.341891
190.440      -2.336019
190.455      -2.330065
190.470      -2.324029
190.485      -2.317914
190.500      -2.311720
190.515      -2.305450
190.530      -2.299104
190.545      -2.292685
190.560      -2.286194
190.575      -2.279633
190.590      -2.273003
190.605      -2.266305
190.620      -2.259543
190.635      -2.252716
190.650      -2.245828
190.665      -2.238879
190.680      -2.231871
190.695      -2.224806
190.710      -2.217686
190.725      -2.210513
190.740      -2.203288
190.755      -2.196013
190.770      -2.188689
190.785      -2.181320
190.800      -2.173906
190.815      -2.166449
190.830      -2.158952
190.845      -2.151415
190.860      -2.143842
190.875      -2.136233
190.890      -2.128591
190.905      -2.120917
190.920      -2.113214
190.935      -2.105483
190.950      -2.097726
190.965      -2.089945
190.980      -2.082143
190.995      -2.074320
191.010      -2.066479
191.025      -2.058622
191.040      -2.050751
191.055      -2.042868
191.070      -2.034974
191.085      -2.027072
191.100      -2.019163
191.115      -2.011250
191.130      -2.003335
191.145      -1.995419
191.160      -1.987504
191.175      -1.979592
191.190      -1.971686
191.205      -1.963787
191.220      -1.955897
191.235      -1.948019
191.250      -1.940153
191.265      -1.932302
191.280      -1.924469
191.295      -1.916654
191.310      -1.908860
191.325      -1.901088
191.340      -1.893342
191.355      -1.885622
191.370      -1.877930
191.385      -1.870269
191.400      -1.862640
191.415      -1.855045
191.430      -1.847486
191.445      -1.839965
191.460      -1.832484
191.475      -1.825044
191.490      -1.817648
191.505      -1.810297
191.520      -1.802993
191.535      -1.795737
191.550      -1.788533
191.565      -1.781381
191.580      -1.774283
191.595      -1.767241
191.610      -1.760256
191.625      -1.753331
191.640      -1.746468
191.655      -1.739667
191.670      -1.732930
191.685      -1.726259
191.700      -1.719657
191.715      -1.713123
191.730      -1.706661
191.745      -1.700272
191.760      -1.693956
191.775      -1.687716
191.790      -1.681554
191.805      -1.675470
191.820      -1.669467
191.835      -1.663546
191.850      -1.657707
191.865      -1.651954
191.880      -1.646286
191.895      -1.640707
191.910      -1.635216
191.925      -1.629815
191.940      -1.624506
191.955      -1.619289
191.970      -1.614167
191.985      -1.609140
192.000      -1.604210
192.015      -1.599378
192.030      -1.594645
192.045      -1.590012
192.060      -1.585481
192.075      -1.581052
192.090      -1.576727
192.105      -1.572506
192.120      -1.568391
192.135      -1.564383
192.150      -1.560483
192.165      -1.556691
192.180      -1.553009
192.195      -1.549437
192.210      -1.545977
192.225      -1.542629
192.240      -1.539394
192.255      -1.536273
192.270      -1.533267
192.285      -1.530376
192.300      -1.527601
192.315      -1.524943
192.330      -1.522403
192.345      -1.519980
192.360      -1.517677
192.375      -1.515492
192.390      -1.513427
192.405      -1.511483
192.420      -1.509659
192.435      -1.507957
192.450      -1.506376
192.465      -1.504917
192.480      -1.503581
192.495      -1.502367
192.510      -1.501276
192.525      -1.500309
192.540      -1.499465
192.555      -1.498745
192.570      -1.498149
192.585      -1.497677
192.600      -1.497329
192.615      -1.497105
192.630      -1.497006
192.645      -1.497031
192.660      -1.497180
192.675      -1.497454
192.690      -1.497852
192.705      -1.498374
192.720      -1.499020
192.735      -1.499789
192.750      -1.500683
192.765      -1.501700
192.780      -1.502840
192.795      -1.504103
192.810      -1.505489
192.825      -1.506997
192.840      -1.508626
192.855      -1.510378
192.870      -1.512250
192.885      -1.514243
192.900      -1.516356
192.915      -1.518588
192.930      -1.520940
192.945      -1.523410
192.960      -1.525998
192.975      -1.528703
192.990      -1.531524
193.005      -1.534462
193.020      -1.537514
193.035      -1.540681
193.050      -1.543961
193.065      -1.547355
193.080      -1.550860
193.095      -1.554476
193.110      -1.558202
193.125      -1.562038
193.140      -1.565982
193.155      -1.570033
193.170      -1.574190
193.185      -1.578453
193.200      -1.582820
193.215      -1.587290
193.230      -1.591863
193.245      -1.596536
193.260      -1.601309
193.275      -1.606181
193.290      -1.611150
193.305      -1.616215
193.320      -1.621375
193.335      -1.626629
193.350      -1.631975
193.365      -1.637412
193.380      -1.642939
193.395      -1.648554
193.410      -1.654257
193.425      -1.660044
193.440      -1.665916
193.455      -1.671871
193.470      -1.677906
193.485      -1.684022
193.500      -1.690216
193.515      -1.696486
193.530      -1.702831
193.545      -1.709250
193.560      -1.715741
193.575      -1.722303
193.590      -1.728933
193.605      -1.735630
193.620      -1.742393
193.635      -1.749219
193.650      -1.756108
193.665      -1.763057
193.680      -1.770065
193.695      -1.777129
193.710      -1.784249
193.725      -1.791423
193.740      -1.798648
193.755      -1.805923
193.770      -1.813246
193.785      -1.820616
193.800      -1.828030
193.815      -1.835486
193.830      -1.842984
193.845      -1.850520
193.860      -1.858094
193.875      -1.865703
193.890      -1.873345
193.905      -1.881019
193.920      -1.888722
193.935      -1.896453
193.950      -1.904210
193.965      -1.911990
193.980      -1.919793
193.995      -1.927616
194.010      -1.935456
194.025      -1.943313
194.040      -1.951184
194.055      -1.959068
194.070      -1.966961
194.085      -1.974864
194.100      -1.982772
194.115      -1.990685
194.130      -1.998601
194.145      -2.006517
194.160      -2.014432
194.175      -2.022343
194.190      -2.030249
194.205      -2.038148
194.220      -2.046038
194.235      -2.053917
194.250      -2.061783
194.265      -2.069633
194.280      -2.077467
194.295      -2.085282
194.310      -2.093076
194.325      -2.100847
194.340      -2.108594
194.355      -2.116314
194.370      -2.124005
194.385      -2.131667
194.400      -2.139296
194.415      -2.146891
194.430      -2.154449
194.445      -2.161970
194.460      -2.169452
194.475      -2.176891
194.490      -2.184288
194.505      -2.191639
194.520      -2.198943
194.535      -2.206198
194.550      -2.213403
194.565      -2.220555
194.580      -2.227653
194.595      -2.234695
194.610      -2.241679
194.625      -2.248604
194.640      -2.255468
194.655      -2.262269
194.670      -2.269006
194.685      -2.275676
194.700      -2.282279
194.715      -2.288812
194.730      -2.295274
194.745      -2.301664
194.760      -2.307979
194.775      -2.314219
194.790      -2.320381
194.805      -2.326465
194.820      -2.332468
194.835      -2.338390
194.850      -2.344228
194.865      -2.349982
194.880      -2.355649
194.895      -2.361229
194.910      -2.366720
194.925      -2.372121
194.940      -2.377430
194.955      -2.382646
194.970      -2.387768
194.985      -2.392795
195.000      -2.397725
195.015      -2.402557
195.030      -2.407290
195.045      -2.411923
195.060      -2.416455
195.075      -2.420883
195.090      -2.425209
195.105      -2.429429
195.120      -2.433544
195.135      -2.437552
195.150      -2.441453
195.165      -2.445245
195.180      -2.448927
195.195      -2.452498
195.210      -2.455958
195.225      -2.459306
195.240      -2.462541
195.255      -2.465662
195.270      -2.468668
195.285      -2.471559
195.300      -2.474334
195.315      -2.476992
195.330      -2.479533
195.345      -2.481955
195.360      -2.484259
195.375      -2.486444
195.390      -2.488508
195.405      -2.490453
195.420      -2.492276
195.435      -2.493979
195.450      -2.495560
195.465      -2.497019
195.480      -2.498355
195.495      -2.499569
195.510      -2.500659
195.525      -2.501627
195.540      -2.502470
195.555      -2.503191
195.570      -2.503787
195.585      -2.504259
195.600      -2.504607
195.615      -2.504830
195.630      -2.504930
195.645      -2.504905
195.660      -2.504756
195.675      -2.504482
195.690      -2.504084
195.705      -2.503562
195.720      -2.502916
195.735      -2.502146
195.750      -2.501253
195.765      -2.500236
195.780      -2.499096
195.795      -2.497832
195.810      -2.496447
195.825      -2.494939
195.840      -2.493309
195.855      -2.491558
195.870      -2.489686
195.885      -2.487693
195.900      -2.485580
195.915      -2.483347
195.930      -2.480996
195.945      -2.478526
195.960      -2.475938
195.975      -2.473233
195.990      -2.470411
196.005      -2.467474
196.020      -2.464421
196.035      -2.461254
196.050      -2.457974
196.065      -2.454581
196.080      -2.451076
196.095      -2.447460
196.110      -2.443733
196.125      -2.439898
196.140      -2.435954
196.155      -2.431903
196.170      -2.427745
196.185      -2.423483
196.200      -2.419115
196.215      -2.414645
196.230      -2.410073
196.245      -2.405400
196.260      -2.400627
196.275      -2.395755
196.290      -2.390786
196.305      -2.385721
196.320      -2.380561
196.335      -2.375307
196.350      -2.369961
196.365      -2.364523
196.380      -2.358996
196.395      -2.353381
196.410      -2.347679
196.425      -2.341891
196.440      -2.336019
196.455      -2.330065
196.470      -2.324029
196.485      -2.317914
196.500      -2.311720
196.515      -2.305450
196.530      -2.299104
196.545      -2.292685
196.560      -2.286194
196.575      -2.279633
196.590      -2.273003
196.605      -2.266305
196.620      -2.259543
196.635      -2.252716
196.650      -2.245828
196.665      -2.238879
196.680      -2.231871
196.695      -2.224806
196.710      -2.217686
196.725      -2.210513
196.740      -2.203288
196.755      -2.196013
196.770      -2.188689
196.785      -2.181320
196.800      -2.173906
196.815      -2.166449
196.830      -2.158952
196.845      -2.151415
196.860      -2.143842
196.875      -2.136233
196.890      -2.128591
196.905      -2.120917
196.920      -2.113214
196.935      -2.105483
196.950      -2.097726
196.965      -2.089945
196.980      -2.082143
196.995      -2.074320
197.010      -2.066479
197.025      -2.058622
197.040      -2.050751
197.055      -2.042868
197.070      -2.034974
197.085      -2.027072
197.100      -2.019163
197.115      -2.011250
197.130      -2.003335
197.145      -1.995419
197.160      -1.987504
197.175      -1.979592
197.190      -1.971686
197.205      -1.963787
197.220      -1.955897
197.235      -1.948019
197.250      -1.940153
197.265      -1.932302
197.280      -1.924469
197.295      -1.916654
197.310      -1.908860
197.325      -1.901088
197.340      -1.893342
197.355      -1.885622
197.370      -1.877930
197.385      -1.870269
197.400      -1.862640
197.415      -1.855045
197.430      -1.847486
197.445      -1.839965
197.460      -1.832484
197.475      -1.825044
197.490      -1.817648
197.505      -1.810297
197.520      -1.802993
197.535      -1.795737
197.550      -1.788533
197.565      -1.781381
197.580      -1.774283
197.595      -1.767241
197.610      -1.760256
197.625      -1.753331
197.640      -1.746468
197.655      -1.739667
197.670      -1.732930
197.685      -1.726259
197.700      -1.719657
197.715      -1.713123
197.730      -1.706661
197.745      -1.700272
197.760      -1.693956
197.775      -1.687716
197.790      -1.681554
197.805      -1.675470
197.820      -1.669467
197.835      -1.663546
197.850      -1.657707
197.865      -1.651954
197.880      -1.646286
197.895      -1.640707
197.910      -1.635216
197.925      -1.629815
197.940      -1.624506
197.955      -1.619289
197.970      -1.614167
197.985      -1.609140
198.000      -1.604210
198.015      -1.599378
198.030      -1.594645
198.045      -1.590012
198.060      -1.585481
198.075      -1.581052
198.090      -1.576727
198.105      -1.572506
198.120      -1.568391
198.135      -1.564383
198.150      -1.560483
198.165      -1.556691
198.180      -1.553009
198.195      -1.549437
198.210      -1.545977
198.225      -1.542629
198.240      -1.539394
198.255      -1.536273
198.270      -1.533267
198.285      -1.530376
198.300      -1.527601
198.315      -1.524943
198.330      -1.522403
198.345      -1.519980
198.360      -1.517677
198.375      -1.515492
198.390      -1.513427
198.405      -1.511483
198.420      -1.509659
198.435      -1.507957
198.450      -1.506376
198.465      -1.504917
198.480      -1.503581
198.495      -1.502367
198.510      -1.501276
198.525      -1.500309
198.540      -1.499465
198.555      -1.498745
198.570      -1.498149
198.585      -1.497677
198.600      -1.497329
198.615      -1.497105
198.630      -1.497006
198.645      -1.497031
198.660      -1.497180
198.675      -1.497454
198.690      -1.497852
198.705      -1.498374
198.720      -1.499020
198.735      -1.499789
198.750      -1.500683
198.765      -1.501700
198.780      -1.502840
198.795      -1.504103
198.810      -1.505489
198.825      -1.506997
198.840      -1.508626
198.855      -1.510378
198.870      -1.512250
198.885      -1.514243
198.900      -1.516356
198.915      -1.518588
198.930      -1.520940
198.945      -1.523410
198.960      -1.525998
198.975      -1.528703
198.990      -1.531524
199.005      -1.534462
199.020      -1.537514
199.035      -1.540681
199.050      -1.543961
199.065      -1.547355
199.080      -1.550860
199.095      -1.554476
199.110      -1.558202
199.125      -1.562038
199.140      -1.565982
199.155      -1.570033
199.170      -1.574190
199.185      -1.578453
199.200      -1.582820
199.215      -1.587290
199.230      -1.591863
199.245      -1.596536
199.260      -1.601309
199.275      -1.606181
199.290      -1.611150
199.305      -1.616215
199.320      -1.621375
199.335      -1.626629
199.350      -1.631975
199.365      -1.637412
199.380      -1.642939
199.395      -1.648554
199.410      -1.654257
199.425      -1.660044
199.440      -1.665916
199.455      -1.671871
199.470      -1.677906
199.485      -1.684022
199.500      -1.690216
199.515      -1.696486
199.530      -1.702831
199.545      -1.709250
199.560      -1.715741
199.575      -1.722303
199.590      -1.728933
199.605      -1.735630
199.620      -1.742393
199.635      -1.749219
199.650      -1.756108
199.665      -1.763057
199.680      -1.770065
199.695      -1.777129
199.710      -1.784249
199.725      -1.791423
199.740      -1.798648
199.755      -1.805923
199.770      -1.813246
199.785      -1.820616
199.800      -1.828030
199.815      -1.835486
199.830      -1.842984
199.845      -1.850520
199.860      -1.858094
199.875      -1.865703
199.890      -1.873345
199.905      -1.881019
199.920      -1.888722
199.935      -1.896453
199.950      -1.904210
199.965      -1.911990
199.980      -1.919793
199.995      -1.927616
200.010      -1.935456
200.025      -1.943313
200.040      -1.951184
200.055      -1.959068
200.070      -1.966961
200.085      -1.974864
200.100      -1.982772
200.115      -1.990685
200.130      -1.998601
200.145      -2.006517
200.160      -2.014432
200.175      -2.022343
200.190      -2.030249
200.205      -2.038148
200.220      -2.046038
200.235      -2.053917
200.250      -2.061783
200.265      -2.069633
200.280      -2.077467
200.295      -2.085282
200.310      -2.093076
200.325      -2.100847
200.340      -2.108594
200.355      -2.116314
200.370      -2.124005
200.385      -2.131667
200.400      -2.139296
200.415      -2.146891
200.430      -2.154449
200.445      -2.161970
200.460      -2.169452
200.475      -2.176891
200.490      -2.184288
200.505      -2.191639
200.520      -2.198943
200.535      -2.206198
200.550      -2.213403
200.565      -2.220555
200.580      -2.227653
200.595      -2.234695
200.610      -2.241679
200.625      -2.248604
200.640      -2.255468
200.655      -2.262269
200.670      -2.269006
200.685      -2.275676
200.700      -2.282279
200.715      -2.288812
200.730      -2.295274
200.745      -2.301664
200.760      -2.307979
200.775      -2.314219
200.790      -2.320381
200.805      -2.326465
200.820      -2.332468
200.835      -2.338390
200.850      -2.344228
200.865      -2.349982
200.880      -2.355649
200.895      -2.361229
200.910      -2.366720
200.925      -2.372121
200.940      -2.377430
200.955      -2.382646
200.970      -2.387768
200.985      -2.392795
201.000      -2.397725
201.015      -2.402557
201.030      -2.407290
201.045      -2.411923
201.060      -2.416455
201.075      -2.420883
201.090      -2.425209
201.105      -2.429429
201.120      -2.433544
201.135      -2.437552
201.150      -2.441453
201.165      -2.445245
201.180      -2.448927
201.195      -2.452498
201.210      -2.455958
201.225      -2.459306
201.240      -2.462541
201.255      -2.465662
201.270      -2.468668
201.285      -2.471559
201.300      -2.474334
201.315      -2.476992
201.330      -2.479533
201.345      -2.481955
201.360      -2.484259
201.375      -2.486444
201.390      -2.488508
201.405      -2.490453
201.420      -2.492276
201.435      -2.493979
201.450      -2.495560
201.465      -2.497019
201.480      -2.498355
201.495      -2.499569
201.510      -2.500659
201.525      -2.501627
201.540      -2.502470
201.555      -2.503191
201.570      -2.503787
201.585      -2.504259
201.600      -2.504607
201.615      -2.504830
201.630      -2.504930
201.645      -2.504905
201.660      -2.504756
201.675      -2.504482
201.690      -2.504084
201.705      -2.503562
201.720      -2.502916
201.735      -2.502146
201.750      -2.501253
201.765      -2.500236
201.780      -2.499096
201.795      -2.497832
201.810      -2.496447
201.825      -2.494939
201.840      -2.493309
201.855      -2.491558
201.870      -2.489686
201.885      -2.487693
201.900      -2.485580
201.915      -2.483347
201.930      -2.480996
201.945      -2.478526
201.960      -2.475938
201.975      -2.473233
201.990      -2.470411
202.005      -2.467474
202.020      -2.464421
202.035      -2.461254
202.050      -2.457974
202.065      -2.454581
202.080      -2.451076
202.095      -2.447460
202.110      -2.443733
202.125      -2.439898
202.140      -2.435954
202.155      -2.431903
202.170      -2.427745
202.185      -2.423483
202.200      -2.419115
202.215      -2.414645
202.230      -2.410073
202.245      -2.405400
202.260      -2.400627
202.275      -2.395755
202.290      -2.390786
202.305      -2.385721
202.320      -2.380561
202.335      -2.375307
202.350      -2.369961
202.365      -2.364523
202.380      -2.358996
202.395      -2.353381
202.410      -2.347679
202.425      -2.341891
202.440      -2.336019
202.455      -2.330065
202.470      -2.324029
202.485      -2.317914
202.500      -2.311720
202.515      -2.305450
202.530      -2.299104
202.545      -2.292685
202.560      -2.286194
202.575      -2.279633
202.590      -2.273003
202.605      -2.266305
202.620      -2.259543
202.635      -2.252716
202.650      -2.245828
202.665      -2.238879
202.680      -2.231871
202.695      -2.224806
202.710      -2.217686
202.725      -2.210513
202.740      -2.203288
202.755      -2.196013
202.770      -2.188689
202.785      -2.181320
202.800      -2.173906
202.815      -2.166449
202.830      -2.158952
202.845      -2.151415
202.860      -2.143842
202.875      -2.136233
202.890      -2.128591
202.905      -2.120917
202.920      -2.113214
202.935      -2.105483
202.950      -2.097726
202.965      -2.089945
202.980      -2.082143
202.995      -2.074320
203.010      -2.066479
203.025      -2.058622
203.040      -2.050751
203.055      -2.042868
203.070      -2.034974
203.085      -2.027072
203.100      -2.019163
203.115      -2.011250
203.130      -2.003335
203.145      -1.995419
203.160      -1.987504
203.175      -1.979592
203.190      -1.971686
203.205      -1.963787
203.220      -1.955897
203.235      -1.948019
203.250      -1.940153
203.265      -1.932302
203.280      -1.924469
203.295      -1.916654
203.310      -1.908860
203.325      -1.901088
203.340      -1.893342
203.355      -1.885622
203.370      -1.877930
203.385      -1.870269
203.400      -1.862640
203.415      -1.855045
203.430      -1.847486
203.445      -1.839965
203.460      -1.832484
203.475      -1.825044
203.490      -1.817648
203.505      -1.810297
203.520      -1.802993
203.535      -1.795737
203.550      -1.788533
203.565      -1.781381
203.580      -1.774283
203.595      -1.767241
203.610      -1.760256
203.625      -1.753331
203.640      -1.746468
203.655      -1.739667
203.670      -1.732930
203.685      -1.726259
203.700      -1.719657
203.715      -1.713123
203.730      -1.706661
203.745      -1.700272
203.760      -1.693956
203.775      -1.687716
203.790      -1.681554
203.805      -1.675470
203.820      -1.669467
203.835      -1.663546
203.850      -1.657707
203.865      -1.651954
203.880      -1.646286
203.895      -1.640707
203.910      -1.635216
203.925      -1.629815
203.940      -1.624506
203.955      -1.619289
203.970      -1.614167
203.985      -1.609140
204.000      -1.604210
204.015      -1.599378
204.030      -1.594645
204.045      -1.590012
204.060      -1.585481
204.075      -1.581052
204.090      -1.576727
204.105      -1.572506
204.120      -1.568391
204.135      -1.564383
204.150      -1.560483
204.165      -1.556691
204.180      -1.553009
204.195      -1.549437
204.210      -1.545977
204.225      -1.542629
204.240      -1.539394
204.255      -1.536273
204.270      -1.533267
204.285      -1.530376
204.300      -1.527601
204.315      -1.524943
204.330      -1.522403
204.345      -1.519980
204.360      -1.517677
204.375      -1.515492
204.390      -1.513427
204.405      -1.511483
204.420      -1.509659
204.435      -1.507957
204.450      -1.506376
204.465      -1.504917
204.480      -1.503581
204.495      -1.502367
204.510      -1.501276
204.525      -1.500309
204.540      -1.499465
204.555      -1.498745
204.570      -1.498149
204.585      -1.497677
204.600      -1.497329
204.615      -1.497105
204.630      -1.497006
204.645      -1.497031
204.660      -1.497180
204.675      -1.497454
204.690      -1.497852
204.705      -1.498374
204.720      -1.499020
204.735      -1.499789
204.750      -1.500683
204.765      -1.501700
204.780      -1.502840
204.795      -1.504103
204.810      -1.505489
204.825      -1.506997
204.840      -1.508626
204.855      -1.510378
204.870      -1.512250
204.885      -1.514243
204.900      -1.516356
204.915      -1.518588
204.930      -1.520940
204.945      -1.523410
204.960      -1.525998
204.975      -1.528703
204.990      -1.531524
205.005      -1.534462
205.020      -1.537514
205.035      -1.540681
205.050      -1.543961
205.065      -1.547355
205.080      -1.550860
205.095      -1.554476
205.110      -1.558202
205.125      -1.562038
205.140      -1.565982
205.155      -1.570033
205.170      -1.574190
205.185      -1.578453
205.200      -1.582820
205.215      -1.587290
205.230      -1.591863
205.245      -1.596536
205.260      -1.601309
205.275      -1.606181
205.290      -1.611150
205.305      -1.616215
205.320      -1.621375
205.335      -1.626629
205.350      -1.631975
205.365      -1.637412
205.380      -1.642939
205.395      -1.648554
205.410      -1.654257
205.425      -1.660044
205.440      -1.665916
205.455      -1.671871
205.470      -1.677906
205.485      -1.684022
205.500      -1.690216
205.515      -1.696486
205.530      -1.702831
205.545      -1.709250
205.560      -1.715741
205.575      -1.722303
205.590      -1.728933
205.605      -1.735630
205.620      -1.742393
205.635      -1.749219
205.650      -1.756108
205.665      -1.763057
205.680      -1.770065
205.695      -1.777129
205.710      -1.784249
205.725      -1.791423
205.740      -1.798648
205.755      -1.805923
205.770      -1.813246
205.785      -1.820616
205.800      -1.828030
205.815      -1.835486
205.830      -1.842984
205.845      -1.850520
205.860      -1.858094
205.875      -1.865703
205.890      -1.873345
205.905      -1.881019
205.920      -1.888722
205.935      -1.896453
205.950      -1.904210
205.965      -1.911990
205.980      -1.919793
205.995      -1.927616
206.010      -1.935456
206.025      -1.943313
206.040      -1.951184
206.055      -1.959068
206.070      -1.966961
206.085      -1.974864
206.100      -1.982772
206.115      -1.990685
206.130      -1.998601
206.145      -2.006517
206.160      -2.014432
206.175      -2.022343
206.190      -2.030249
206.205      -2.038148
206.220      -2.046038
206.235      -2.053917
206.250      -2.061783
206.265      -2.069633
206.280      -2.077467
206.295      -2.085282
206.310      -2.093076
206.325      -2.100847
206.340      -2.108594
206.355      -2.116314
206.370      -2.124005
206.385      -2.131667
206.400      -2.139296
206.415      -2.146891
206.430      -2.154449
206.445      -2.161970
206.460      -2.169452
206.475      -2.176891
206.490      -2.184288
206.505      -2.191639
206.520      -2.198943
206.535      -2.206198
206.550      -2.213403
206.565      -2.220555
206.580      -2.227653
206.595      -2.234695
206.610      -2.241679
206.625      -2.248604
206.640      -2.255468
206.655      -2.262269
206.670      -2.269006
206.685      -2.275676
206.700      -2.282279
206.715      -2.288812
206.730      -2.295274
206.745      -2.301664
206.760      -2.307979
206.775      -2.314219
206.790      -2.320381
206.805      -2.326465
206.820      -2.332468
206.835      -2.338390
206.850      -2.344228
206.865      -2.349982
206.880      -2.355649
206.895      -2.361229
206.910      -2.366720
206.925      -2.372121
206.940      -2.377430
206.955      -2.382646
206.970      -2.387768
206.985      -2.392795
207.000      -2.397725
207.015      -2.402557
207.030      -2.407290
207.045      -2.411923
207.060      -2.416455
207.075      -2.420883
207.090      -2.425209
207.105      -2.429429
207.120      -2.433544
207.135      -2.437552
207.150      -2.441453
207.165      -2.445245
207.180      -2.448927
207.195      -2.452498
207.210      -2.455958
207.225      -2.459306
207.240      -2.462541
207.255      -2.465662
207.270      -2.468668
207.285      -2.471559
207.300      -2.474334
207.315      -2.476992
207.330      -2.479533
207.345      -2.481955
207.360      -2.484259
207.375      -2.486444
207.390      -2.488508
207.405      -2.490453
207.420      -2.492276
207.435      -2.493979
207.450      -2.495560
207.465      -2.497019
207.480      -2.498355
207.495      -2.499569
207.510      -2.500659
207.525      -2.501627
207.540      -2.502470
207.555      -2.503191
207.570      -2.503787
207.585      -2.504259
207.600      -2.504607
207.615      -2.504830
207.630      -2.504930
207.645      -2.504905
207.660      -2.504756
207.675      -2.504482
207.690      -2.504084
207.705      -2.503562
207.720      -2.502916
207.735      -2.502146
207.750      -2.501253
207.765      -2.500236
207.780      -2.499096
207.795      -2.497832
207.810      -2.496447
207.825      -2.494939
207.840      -2.493309
207.855      -2.491558
207.870      -2.489686
207.885      -2.487693
207.900      -2.485580
207.915      -2.483347
207.930      -2.480996
207.945      -2.478526
207.960      -2.475938
207.975      -2.473233
207.990      -2.470411
208.005      -2.467474
208.020      -2.464421
208.035      -2.461254
208.050      -2.457974
208.065      -2.454581
208.080      -2.451076
208.095      -2.447460
208.110      -2.443733
208.125      -2.439898
208.140      -2.435954
208.155      -2.431903
208.170      -2.427745
208.185      -2.423483
208.200      -2.419115
208.215      -2.414645
208.230      -2.410073
208.245      -2.405400
208.260      -2.400627
208.275      -2.395755
208.290      -2.390786
208.305      -2.385721
208.320      -2.380561
208.335      -2.375307
208.350      -2.369961
208.365      -2.364523
208.380      -2.358996
208.395      -2.353381
208.410      -2.347679
208.425      -2.341891
208.440      -2.336019
208.455      -2.330065
208.470      -2.324029
208.485      -2.317914
208.500      -2.311720
208.515      -2.305450
208.530      -2.299104
208.545      -2.292685
208.560      -2.286194
208.575      -2.279633
208.590      -2.273003
208.605      -2.266305
208.620      -2.259543
208.635      -2.252716
208.650      -2.245828
208.665      -2.238879
208.680      -2.231871
208.695      -2.224806
208.710      -2.217686
208.725      -2.210513
208.740      -2.203288
208.755      -2.196013
208.770      -2.188689
208.785      -2.181320
208.800      -2.173906
208.815      -2.166449
208.830      -2.158952
208.845      -2.151415
208.860      -2.143842
208.875      -2.136233
208.890      -2.128591
208.905      -2.120917
208.920      -2.113214
208.935      -2.105483
208.950      -2.097726
208.965      -2.089945
208.980      -2.082143
208.995      -2.074320
209.010      -2.066479
209.025      -2.058622
209.040      -2.050751
209.055      -2.042868
209.070      -2.034974
209.085      -2.027072
209.100      -2.019163
209.115      -2.011250
209.130      -2.003335
209.145      -1.995419
209.160      -1.987504
209.175      -1.979592
209.190      -1.971686
209.205      -1.963787
209.220      -1.955897
209.235      -1.948019
209.250      -1.940153
209.265      -1.932302
209.280      -1.924469
209.295      -1.916654
209.310      -1.908860
209.325      -1.901088
209.340      -1.893342
209.355      -1.885622
209.370      -1.877930
209.385      -1.870269
209.400      -1.862640
209.415      -1.855045
209.430      -1.847486
209.445      -1.839965
209.460      -1.832484
209.475      -1.825044
209.490      -1.817648
209.505      -1.810297
209.520      -1.802993
209.535      -1.795737
209.550      -1.788533
209.565      -1.781381
209.580      -1.774283
209.595      -1.767241
209.610      -1.760256
209.625      -1.753331
209.640      -1.746468
209.655      -1.739667
209.670      -1.732930
209.685      -1.726259
209.700      -1.719657
209.715      -1.713123
209.730      -1.706661
209.745      -1.700272
209.760      -1.693956
209.775      -1.687716
209.790      -1.681554
209.805      -1.675470
209.820      -1.669467
209.835      -1.663546
209.850      -1.657707
209.865      -1.651954
209.880      -1.646286
209.895      -1.640707
209.910      -1.635216
209.925      -1.629815
209.940      -1.624506
209.955      -1.619289
209.970      -1.614167
209.985      -1.609140
210.000      -1.604210
210.015      -1.599378
210.030      -1.594645
210.045      -1.590012
210.060      -1.585481
210.075      -1.581052
210.090      -1.576727
210.105      -1.572506
210.120      -1.568391
210.135      -1.564383
210.150      -1.560483
210.165      -1.556691
210.180      -1.553009
210.195      -1.549437
210.210      -1.545977
210.225      -1.542629
210.240      -1.539394
210.255      -1.536273
210.270      -1.533267
210.285      -1.530376
210.300      -1.527601
210.315      -1.524943
210.330      -1.522403
210.345      -1.519980
210.360      -1.517677
210.375      -1.515492
210.390      -1.513427
210.405      -1.511483
210.420      -1.509659
210.435      -1.507957
210.450      -1.506376
210.465      -1.504917
210.480      -1.503581
210.495      -1.502367
210.510      -1.501276
210.525      -1.500309
210.540      -1.499465
210.555      -1.498745
210.570      -1.498149
210.585      -1.497677
210.600      -1.497329
210.615      -1.497105
210.630      -1.497006
210.645      -1.497031
210.660      -1.497180
210.675      -1.497454
210.690      -1.497852
210.705      -1.498374
210.720      -1.499020
210.735      -1.499789
210.750      -1.500683
210.765      -1.501700
210.780      -1.502840
210.795      -1.504103
210.810      -1.505489
210.825      -1.506997
210.840      -1.508626
210.855      -1.510378
210.870      -1.512250
210.885      -1.514243
210.900      -1.516356
210.915      -1.518588
210.930      -1.520940
210.945      -1.523410
210.960      -1.525998
210.975      -1.528703
210.990      -1.531524
211.005      -1.534462
211.020      -1.537514
211.035      -1.540681
211.050      -1.543961
211.065      -1.547355
211.080      -1.550860
211.095      -1.554476
211.110      -1.558202
211.125      -1.562038
211.140      -1.565982
211.155      -1.570033
211.170      -1.574190
211.185      -1.578453
211.200      -1.582820
211.215      -1.587290
211.230      -1.591863
211.245      -1.596536
211.260      -1.601309
211.275      -1.606181
211.290      -1.611150
211.305      -1.616215
211.320      -1.621375
211.335      -1.626629
211.350      -1.631975
211.365      -1.637412
211.380      -1.642939
211.395      -1.648554
211.410      -1.654257
211.425      -1.660044
211.440      -1.665916
211.455      -1.671871
211.470      -1.677906
211.485      -1.684022
211.500      -1.690216
211.515      -1.696486
211.530      -1.702831
211.545      -1.709250
211.560      -1.715741
211.575      -1.722303
211.590      -1.728933
211.605      -1.735630
211.620      -1.742393
211.635      -1.749219
211.650      -1.756108
211.665      -1.763057
211.680      -1.770065
211.695      -1.777129
211.710      -1.784249
211.725      -1.791423
211.740      -1.798648
211.755      -1.805923
211.770      -1.813246
211.785      -1.820616
211.800      -1.828030
211.815      -1.835486
211.830      -1.842984
211.845      -1.850520
211.860      -1.858094
211.875      -1.865703
211.890      -1.873345
211.905      -1.881019
211.920      -1.888722
211.935      -1.896453
211.950      -1.904210
211.965      -1.911990
211.980      -1.919793
211.995      -1.927616
212.010      -1.935456
212.025      -1.943313
212.040      -1.951184
212.055      -1.959068
212.070      -1.966961
212.085      -1.974864
212.100      -1.982772
212.115      -1.990685
212.130      -1.998601
212.145      -2.006517
212.160      -2.014432
212.175      -2.022343
212.190      -2.030249
212.205      -2.038148
212.220      -2.046038
212.235      -2.053917
212.250      -2.061783
212.265      -2.069633
212.280      -2.077467
212.295      -2.085282
212.310      -2.093076
212.325      -2.100847
212.340      -2.108594
212.355      -2.116314
212.370      -2.124005
212.385      -2.131667
212.400      -2.139296
212.415      -2.146891
212.430      -2.154449
212.445      -2.161970
212.460      -2.169452
212.475      -2.176891
212.490      -2.184288
212.505      -2.191639
212.520      -2.198943
212.535      -2.206198
212.550      -2.213403
212.565      -2.220555
212.580      -2.227653
212.595      -2.234695
212.610      -2.241679
212.625      -2.248604
212.640      -2.255468
212.655      -2.262269
212.670      -2.269006
212.685      -2.275676
212.700      -2.282279
212.715      -2.288812
212.730      -2.295274
212.745      -2.301664
212.760      -2.307979
212.775      -2.314219
212.790      -2.320381
212.805      -2.326465
212.820      -2.332468
212.835      -2.338390
212.850      -2.344228
212.865      -2.349982
212.880      -2.355649
212.895      -2.361229
212.910      -2.366720
212.925      -2.372121
212.940      -2.377430
212.955      -2.382646
212.970      -2.387768
212.985      -2.392795
213.000      -2.397725
213.015      -2.402557
213.030      -2.407290
213.045      -2.411923
213.060      -2.416455
213.075      -2.420883
213.090      -2.425209
213.105      -2.429429
213.120      -2.433544
213.135      -2.437552
213.150      -2.441453
213.165      -2.445245
213.180      -2.448927
213.195      -2.452498
213.210      -2.455958
213.225      -2.459306
213.240      -2.462541
213.255      -2.465662
213.270      -2.468668
213.285      -2.471559
213.300      -2.474334
213.315      -2.476992
213.330      -2.479533
213.345      -2.481955
213.360      -2.484259
213.375      -2.486444
213.390      -2.488508
213.405      -2.490453
213.420      -2.492276
213.435      -2.493979
213.450      -2.495560
213.465      -2.497019
213.480      -2.498355
213.495      -2.499569
213.510      -2.500659
213.525      -2.501627
213.540      -2.502470
213.555      -2.503191
213.570      -2.503787
213.585      -2.504259
213.600      -2.504607
213.615      -2.504830
213.630      -2.504930
213.645      -2.504905
213.660      -2.504756
213.675      -2.504482
213.690      -2.504084
213.705      -2.503562
213.720      -2.502916
213.735      -2.502146
213.750      -2.501253
213.765      -2.500236
213.780      -2.499096
213.795      -2.497832
213.810      -2.496447
213.825      -2.494939
213.840      -2.493309
213.855      -2.491558
213.870      -2.489686
213.885      -2.487693
213.900      -2.485580
213.915      -2.483347
213.930      -2.480996
213.945      -2.478526
213.960      -2.475938
213.975      -2.473233
213.990      -2.470411
214.005      -2.467474
214.020      -2.464421
214.035      -2.461254
214.050      -2.457974
214.065      -2.454581
214.080      -2.451076
214.095      -2.447460
214.110      -2.443733
214.125      -2.439898
214.140      -2.435954
214.155      -2.431903
214.170      -2.427745
214.185      -2.423483
214.200      -2.419115
214.215      -2.414645
214.230      -2.410073
214.245      -2.405400
214.260      -2.400627
214.275      -2.395755
214.290      -2.390786
214.305      -2.385721
214.320      -2.380561
214.335      -2.375307
214.350      -2.369961
214.365      -2.364523
214.380      -2.358996
214.395      -2.353381
214.410      -2.347679
214.425      -2.341891
214.440      -2.336019
214.455      -2.330065
214.470      -2.324029
214.485      -2.317914
214.500      -2.311720
214.515      -2.305450
214.530      -2.299104
214.545      -2.292685
214.560      -2.286194
214.575      -2.279633
214.590      -2.273003
214.605      -2.266305
214.620      -2.259543
214.635      -2.252716
214.650      -2.245828
214.665      -2.238879
214.680      -2.231871
214.695      -2.224806
214.710      -2.217686
214.725      -2.210513
214.740      -2.203288
214.755      -2.196013
214.770      -2.188689
214.785      -2.181320
214.800      -2.173906
214.815      -2.166449
214.830      -2.158952
214.845      -2.151415
214.860      -2.143842
214.875      -2.136233
214.890      -2.128591
214.905      -2.120917
214.920      -2.113214
214.935      -2.105483
214.950      -2.097726
214.965      -2.089945
214.980      -2.082143
214.995      -2.074320
215.010      -2.066479
215.025      -2.058622
215.040      -2.050751
215.055      -2.042868
215.070      -2.034974
215.085      -2.027072
215.100      -2.019163
215.115      -2.011250
215.130      -2.003335
215.145      -1.995419
215.160      -1.987504
215.175      -1.979592
215.190      -1.971686
215.205      -1.963787
215.220      -1.955897
215.235      -1.948019
215.250      -1.940153
215.265      -1.932302
215.280      -1.924469
215.295      -1.916654
215.310      -1.908860
215.325      -1.901088
215.340      -1.893342
215.355      -1.885622
215.370      -1.877930
215.385      -1.870269
215.400      -1.862640
215.415      -1.855045
215.430      -1.847486
215.445      -1.839965
215.460      -1.832484
215.475      -1.825044
215.490      -1.817648
215.505      -1.810297
215.520      -1.802993
215.535      -1.795737
215.550      -1.788533
215.565      -1.781381
215.580      -1.774283
215.595      -1.767241
215.610      -1.760256
215.625      -1.753331
215.640      -1.746468
215.655      -1.739667
215.670      -1.732930
215.685      -1.726259
215.700      -1.719657
215.715      -1.713123
215.730      -1.706661
215.745      -1.700272
215.760      -1.693956
215.775      -1.687716
215.790      -1.681554
215.805      -1.675470
215.820      -1.669467
215.835      -1.663546
215.850      -1.657707
215.865      -1.651954
215.880      -1.646286
215.895      -1.640707
215.910      -1.635216
215.925      -1.629815
215.940      -1.624506
215.955      -1.619289
215.970      -1.614167
215.985      -1.609140
216.000      -1.604210
216.015      -1.599378
216.030      -1.594645
216.045      -1.590012
216.060      -1.585481
216.075      -1.581052
216.090      -1.576727
216.105      -1.572506
216.120      -1.568391
216.135      -1.564383
216.150      -1.560483
216.165      -1.556691
216.180      -1.553009
216.195      -1.549437
216.210      -1.545977
216.225      -1.542629
216.240      -1.539394
216.255      -1.536273
216.270      -1.533267
216.285      -1.530376
216.300      -1.527601
216.315      -1.524943
216.330      -1.522403
216.345      -1.519980
216.360      -1.517677
216.375      -1.515492
216.390      -1.513427
216.405      -1.511483
216.420      -1.509659
216.435      -1.507957
216.450      -1.506376
216.465      -1.504917
216.480      -1.503581
216.495      -1.502367
216.510      -1.501276
216.525      -1.500309
216.540      -1.499465
216.555      -1.498745
216.570      -1.498149
216.585      -1.497677
216.600      -1.497329
216.615      -1.497105
216.630      -1.497006
216.645      -1.497031
216.660      -1.497180
216.675      -1.497454
216.690      -1.497852
216.705      -1.498374
216.720      -1.499020
216.735      -1.499789
216.750      -1.500683
216.765      -1.501700
216.780      -1.502840
216.795      -1.504103
216.810      -1.505489
216.825      -1.506997
216.840      -1.508626
216.855      -1.510378
216.870      -1.512250
216.885      -1.514243
216.900      -1.516356
216.915      -1.518588
216.930      -1.520940
216.945      -1.523410
216.960      -1.525998
216.975      -1.528703
216.990      -1.531524
217.005      -1.534462
217.020      -1.537514
217.035      -1.540681
217.050      -1.543961
217.065      -1.547355
217.080      -1.550860
217.095      -1.554476
217.110      -1.558202
217.125      -1.562038
217.140      -1.565982
217.155      -1.570033
217.170      -1.574190
217.185      -1.578453
217.200      -1.582820
217.215      -1.587290
217.230      -1.591863
217.245      -1.596536
217.260      -1.601309
217.275      -1.606181
217.290      -1.611150
217.305      -1.616215
217.320      -1.621375
217.335      -1.626629
217.350      -1.631975
217.365      -1.637412
217.380      -1.642939
217.395      -1.648554
217.410      -1.654257
217.425      -1.660044
217.440      -1.665916
217.455      -1.671871
217.470      -1.677906
217.485      -1.684022
217.500      -1.690216
217.515      -1.696486
217.530      -1.702831
217.545      -1.709250
217.560      -1.715741
217.575      -1.722303
217.590      -1.728933
217.605      -1.735630
217.620      -1.742393
217.635      -1.749219
217.650      -1.756108
217.665      -1.763057
217.680      -1.770065
217.695      -1.777129
217.710      -1.784249
217.725      -1.791423
217.740      -1.798648
217.755      -1.805923
217.770      -1.813246
217.785      -1.820616
217.800      -1.828030
217.815      -1.835486
217.830      -1.842984
217.845      -1.850520
217.860      -1.858094
217.875      -1.865703
217.890      -1.873345
217.905      -1.881019
217.920      -1.888722
217.935      -1.896453
217.950      -1.904210
217.965      -1.911990
217.980      -1.919793
217.995      -1.927616
218.010      -1.935456
218.025      -1.943313
218.040      -1.951184
218.055      -1.959068
218.070      -1.966961
218.085      -1.974864
218.100      -1.982772
218.115      -1.990685
218.130      -1.998601
218.145      -2.006517
218.160      -2.014432
218.175      -2.022343
218.190      -2.030249
218.205      -2.038148
218.220      -2.046038
218.235      -2.053917
218.250      -2.061783
218.265      -2.069633
218.280      -2.077467
218.295      -2.085282
218.310      -2.093076
218.325      -2.100847
218.340      -2.108594
218.355      -2.116314
218.370      -2.124005
218.385      -2.131667
218.400      -2.139296
218.415      -2.146891
218.430      -2.154449
218.445      -2.161970
218.460      -2.169452
218.475      -2.176891
218.490      -2.184288
218.505      -2.191639
218.520      -2.198943
218.535      -2.206198
218.550      -2.213403
218.565      -2.220555
218.580      -2.227653
218.595      -2.234695
218.610      -2.241679
218.625      -2.248604
218.640      -2.255468
218.655      -2.262269
218.670      -2.269006
218.685      -2.275676
218.700      -2.282279
218.715      -2.288812
218.730      -2.295274
218.745      -2.301664
218.760      -2.307979
218.775      -2.314219
218.790      -2.320381
218.805      -2.326465
218.820      -2.332468
218.835      -2.338390
218.850      -2.344228
218.865      -2.349982
218.880      -2.355649
218.895      -2.361229
218.910      -2.366720
218.925      -2.372121
218.940      -2.377430
218.955      -2.382646
218.970      -2.387768
218.985      -2.392795
219.000      -2.397725
219.015      -2.402557
219.030      -2.407290
219.045      -2.411923
219.060      -2.416455
219.075      -2.420883
219.090      -2.425209
219.105      -2.429429
219.120      -2.433544
219.135      -2.437552
219.150      -2.441453
219.165      -2.445245
219.180      -2.448927
219.195      -2.452498
219.210      -2.455958
219.225      -2.459306
219.240      -2.462541
219.255      -2.465662
219.270      -2.468668
219.285      -2.471559
219.300      -2.474334
219.315      -2.476992
219.330      -2.479533
219.345      -2.481955
219.360      -2.484259
219.375      -2.486444
219.390      -2.488508
219.405      -2.490453
219.420      -2.492276
219.435      -2.493979
219.450      -2.495560
219.465      -2.497019
219.480      -2.498355
219.495      -2.499569
219.510      -2.500659
219.525      -2.501627
219.540      -2.502470
219.555      -2.503191
219.570      -2.503787
219.585      -2.504259
219.600      -2.504607
219.615      -2.504830
219.630      -2.504930
219.645      -2.504905
219.660      -2.504756
219.675      -2.504482
219.690      -2.504084
219.705      -2.503562
219.720      -2.502916
219.735      -2.502146
219.750      -2.501253
219.765      -2.500236
219.780      -2.499096
219.795      -2.497832
219.810      -2.496447
219.825      -2.494939
219.840      -2.493309
219.855      -2.491558
219.870      -2.489686
219.885      -2.487693
219.900      -2.485580
219.915      -2.483347
219.930      -2.480996
219.945      -2.478526
219.960      -2.475938
219.975      -2.473233
219.990      -2.470411
220.005      -2.467474
220.020      -2.464421
220.035      -2.461254
220.050      -2.457974
220.065      -2.454581
220.080      -2.451076
220.095      -2.447460
220.110      -2.443733
220.125      -2.439898
220.140      -2.435954
220.155      -2.431903
220.170      -2.427745
220.185      -2.423483
220.200      -2.419115
220.215      -2.414645
220.230      -2.410073
220.245      -2.405400
220.260      -2.400627
220.275      -2.395755
220.290      -2.390786
220.305      -2.385721
220.320      -2.380561
220.335      -2.375307
220.350      -2.369961
220.365      -2.364523
220.380      -2.358996
220.395      -2.353381
220.410      -2.347679
220.425      -2.341891
220.440      -2.336019
220.455      -2.330065
220.470      -2.324029
220.485      -2.317914
220.500      -2.311720
220.515      -2.305450
220.530      -2.299104
220.545      -2.292685
220.560      -2.286194
220.575      -2.279633
220.590      -2.273003
220.605      -2.266305
220.620      -2.259543
220.635      -2.252716
220.650      -2.245828
220.665      -2.238879
220.680      -2.231871
220.695      -2.224806
220.710      -2.217686
220.725      -2.210513
220.740      -2.203288
220.755      -2.196013
220.770      -2.188689
220.785      -2.181320
220.800      -2.173906
220.815      -2.166449
220.830      -2.158952
220.845      -2.151415
220.860      -2.143842
220.875      -2.136233
220.890      -2.128591
220.905      -2.120917
220.920      -2.113214
220.935      -2.105483
220.950      -2.097726
220.965      -2.089945
220.980      -2.082143
220.995      -2.074320
221.010      -2.066479
221.025      -2.058622
221.040      -2.050751
221.055      -2.042868
221.070      -2.034974
221.085      -2.027072
221.100      -2.019163
221.115      -2.011250
221.130      -2.003335
221.145      -1.995419
221.160      -1.987504
221.175      -1.979592
221.190      -1.971686
221.205      -1.963787
221.220      -1.955897
221.235      -1.948019
221.250      -1.940153
221.265      -1.932302
221.280      -1.924469
221.295      -1.916654
221.310      -1.908860
221.325      -1.901088
221.340      -1.893342
221.355      -1.885622
221.370      -1.877930
221.385      -1.870269
221.400      -1.862640
221.415      -1.855045
221.430      -1.847486
221.445      -1.839965
221.460      -1.832484
221.475      -1.825044
221.490      -1.817648
221.505      -1.810297
221.520      -1.802993
221.535      -1.795737
221.550      -1.788533
221.565      -1.781381
221.580      -1.774283
221.595      -1.767241
221.610      -1.760256
221.625      -1.753331
221.640      -1.746468
221.655      -1.739667
221.670      -1.732930
221.685      -1.726259
221.700      -1.719657
221.715      -1.713123
221.730      -1.706661
221.745      -1.700272
221.760      -1.693956
221.775      -1.687716
221.790      -1.681554
221.805      -1.675470
221.820      -1.669467
221.835      -1.663546
221.850      -1.657707
221.865      -1.651954
221.880      -1.646286
221.895      -1.640707
221.910      -1.635216
221.925      -1.629815
221.940      -1.624506
221.955      -1.619289
221.970      -1.614167
221.985      -1.609140
222.000      -1.604210
222.015      -1.599378
222.030      -1.594645
222.045      -1.590012
222.060      -1.585481
222.075      -1.581052
222.090      -1.576727
222.105      -1.572506
222.120      -1.568391
222.135      -1.564383
222.150      -1.560483
222.165      -1.556691
222.180      -1.553009
222.195      -1.549437
222.210      -1.545977
222.225      -1.542629
222.240      -1.539394
222.255      -1.536273
222.270      -1.533267
222.285      -1.530376
222.300      -1.527601
222.315      -1.524943
222.330      -1.522403
222.345      -1.519980
222.360      -1.517677
222.375      -1.515492
222.390      -1.513427
222.405      -1.511483
222.420      -1.509659
222.435      -1.507957
222.450      -1.506376
222.465      -1.504917
222.480      -1.503581
222.495      -1.502367
222.510      -1.501276
222.525      -1.500309
222.540      -1.499465
222.555      -1.498745
222.570      -1.498149
222.585      -1.497677
222.600      -1.497329
222.615      -1.497105
222.630      -1.497006
222.645      -1.497031
222.660      -1.497180
222.675      -1.497454
222.690      -1.497852
222.705      -1.498374
222.720      -1.499020
222.735      -1.499789
222.750      -1.500683
222.765      -1.501700
222.780      -1.502840
222.795      -1.504103
222.810      -1.505489
222.825      -1.506997
222.840      -1.508626
222.855      -1.510378
222.870      -1.512250
222.885      -1.514243
222.900      -1.516356
222.915      -1.518588
222.930      -1.520940
222.945      -1.523410
222.960      -1.525998
222.975      -1.528703
222.990      -1.531524
223.005      -1.534462
223.020      -1.537514
223.035      -1.540681
223.050      -1.543961
223.065      -1.547355
223.080      -1.550860
223.095      -1.554476
223.110      -1.558202
223.125      -1.562038
223.140      -1.565982
223.155      -1.570033
223.170      -1.574190
223.185      -1.578453
223.200      -1.582820
223.215      -1.587290
223.230      -1.591863
223.245      -1.596536
223.260      -1.601309
223.275      -1.606181
223.290      -1.611150
223.305      -1.616215
223.320      -1.621375
223.335      -1.626629
223.350      -1.631975
223.365      -1.637412
223.380      -1.642939
223.395      -1.648554
223.410      -1.654257
223.425      -1.660044
223.440      -1.665916
223.455      -1.671871
223.470      -1.677906
223.485      -1.684022
223.500      -1.690216
223.515      -1.696486
223.530      -1.702831
223.545      -1.709250
223.560      -1.715741
223.575      -1.722303
223.590      -1.728933
223.605      -1.735630
223.620      -1.742393
223.635      -1.749219
223.650      -1.756108
223.665      -1.763057
223.680      -1.770065
223.695      -1.777129
223.710      -1.784249
223.725      -1.791423
223.740      -1.798648
223.755      -1.805923
223.770      -1.813246
223.785      -1.820616
223.800      -1.828030
223.815      -1.835486
223.830      -1.842984
223.845      -1.850520
223.860      -1.858094
223.875      -1.865703
223.890      -1.873345
223.905      -1.881019
223.920      -1.888722
223.935      -1.896453
223.950      -1.904210
223.965      -1.911990
223.980      -1.919793
223.995      -1.927616
224.010      -1.935456
224.025      -1.943313
224.040      -1.951184
224.055      -1.959068
224.070      -1.966961
224.085      -1.974864
224.100      -1.982772
224.115      -1.990685
224.130      -1.998601
224.145      -2.006517
224.160      -2.014432
224.175      -2.022343
224.190      -2.030249
224.205      -2.038148
224.220      -2.046038
224.235      -2.053917
224.250      -2.061783
224.265      -2.069633
224.280      -2.077467
224.295      -2.085282
224.310      -2.093076
224.325      -2.100847
224.340      -2.108594
224.355      -2.116314
224.370      -2.124005
224.385      -2.131667
224.400      -2.139296
224.415      -2.146891
224.430      -2.154449
224.445      -2.161970
224.460      -2.169452
224.475      -2.176891
224.490      -2.184288
224.505      -2.191639
224.520      -2.198943
224.535      -2.206198
224.550      -2.213403
224.565      -2.220555
224.580      -2.227653
224.595      -2.234695
224.610      -2.241679
224.625      -2.248604
224.640      -2.255468
224.655      -2.262269
224.670      -2.269006
224.685      -2.275676
224.700      -2.282279
224.715      -2.288812
224.730      -2.295274
224.745      -2.301664
224.760      -2.307979
224.775      -2.314219
224.790      -2.320381
224.805      -2.326465
224.820      -2.332468
224.835      -2.338390
224.850      -2.344228
224.865      -2.349982
224.880      -2.355649
224.895      -2.361229
224.910      -2.366720
224.925      -2.372121
224.940      -2.377430
224.955      -2.382646
224.970      -2.387768
224.985      -2.392795
225.000      -2.397725
225.015      -2.402557
225.030      -2.407290
225.045      -2.411923
225.060      -2.416455
225.075      -2.420883
225.090      -2.425209
225.105      -2.429429
225.120      -2.433544
225.135      -2.437552
225.150      -2.441453
225.165      -2.445245
225.180      -2.448927
225.195      -2.452498
225.210      -2.455958
225.225      -2.459306
225.240      -2.462541
225.255      -2.465662
225.270      -2.468668
225.285      -2.471559
225.300      -2.474334
225.315      -2.476992
225.330      -2.479533
225.345      -2.481955
225.360      -2.484259
225.375      -2.486444
225.390      -2.488508
225.405      -2.490453
225.420      -2.492276
225.435      -2.493979
225.450      -2.495560
225.465      -2.497019
225.480      -2.498355
225.495      -2.499569
225.510      -2.500659
225.525      -2.501627
225.540      -2.502470
225.555      -2.503191
225.570      -2.503787
225.585      -2.504259
225.600      -2.504607
225.615      -2.504830
225.630      -2.504930
225.645      -2.504905
225.660      -2.504756
225.675      -2.504482
225.690      -2.504084
225.705      -2.503562
225.720      -2.502916
225.735      -2.502146
225.750      -2.501253
225.765      -2.500236
225.780      -2.499096
225.795      -2.497832
225.810      -2.496447
225.825      -2.494939
225.840      -2.493309
225.855      -2.491558
225.870      -2.489686
225.885      -2.487693
225.900      -2.485580
225.915      -2.483347
225.930      -2.480996
225.945      -2.478526
225.960      -2.475938
225.975      -2.473233
225.990      -2.470411
226.005      -2.467474
226.020      -2.464421
226.035      -2.461254
226.050      -2.457974
226.065      -2.454581
226.080      -2.451076
226.095      -2.447460
226.110      -2.443733
226.125      -2.439898
226.140      -2.435954
226.155      -2.431903
226.170      -2.427745
226.185      -2.423483
226.200      -2.419115
226.215      -2.414645
226.230      -2.410073
226.245      -2.405400
226.260      -2.400627
226.275      -2.395755
226.290      -2.390786
226.305      -2.385721
226.320      -2.380561
226.335      -2.375307
226.350      -2.369961
226.365      -2.364523
226.380      -2.358996
226.395      -2.353381
226.410      -2.347679
226.425      -2.341891
226.440      -2.336019
226.455      -2.330065
226.470      -2.324029
226.485      -2.317914
226.500      -2.311720
226.515      -2.305450
226.530      -2.299104
226.545      -2.292685
226.560      -2.286194
226.575      -2.279633
226.590      -2.273003
226.605      -2.266305
226.620      -2.259543
226.635      -2.252716
226.650      -2.245828
226.665      -2.238879
226.680      -2.231871
226.695      -2.224806
226.710      -2.217686
226.725      -2.210513
226.740      -2.203288
226.755      -2.196013
226.770      -2.188689
226.785      -2.181320
226.800      -2.173906
226.815      -2.166449
226.830      -2.158952
226.845      -2.151415
226.860      -2.143842
226.875      -2.136233
226.890      -2.128591
226.905      -2.120917
226.920      -2.113214
226.935      -2.105483
226.950      -2.097726
226.965      -2.089945
226.980      -2.082143
226.995      -2.074320
227.010      -2.066479
227.025      -2.058622
227.040      -2.050751
227.055      -2.042868
227.070      -2.034974
227.085      -2.027072
227.100      -2.019163
227.115      -2.011250
227.130      -2.003335
227.145      -1.995419
227.160      -1.987504
227.175      -1.979592
227.190      -1.971686
227.205      -1.963787
227.220      -1.955897
227.235      -1.948019
227.250      -1.940153
227.265      -1.932302
227.280      -1.924469
227.295      -1.916654
227.310      -1.908860
227.325      -1.901088
227.340      -1.893342
227.355      -1.885622
227.370      -1.877930
227.385      -1.870269
227.400      -1.862640
227.415      -1.855045
227.430      -1.847486
227.445      -1.839965
227.460      -1.832484
227.475      -1.825044
227.490      -1.817648
227.505      -1.810297
227.520      -1.802993
227.535      -1.795737
227.550      -1.788533
227.565      -1.781381
227.580      -1.774283
227.595      -1.767241
227.610      -1.760256
227.625      -1.753331
227.640      -1.746468
227.655      -1.739667
227.670      -1.732930
227.685      -1.726259
227.700      -1.719657
227.715      -1.713123
227.730      -1.706661
227.745      -1.700272
227.760      -1.693956
227.775      -1.687716
227.790      -1.681554
227.805      -1.675470
227.820      -1.669467
227.835      -1.663546
227.850      -1.657707
227.865      -1.651954
227.880      -1.646286
227.895      -1.640707
227.910      -1.635216
227.925      -1.629815
227.940      -1.624506
227.955      -1.619289
227.970      -1.614167
227.985      -1.609140
228.000      -1.604210
228.015      -1.599378
228.030      -1.594645
228.045      -1.590012
228.060      -1.585481
228.075      -1.581052
228.090      -1.576727
228.105      -1.572506
228.120      -1.568391
228.135      -1.564383
228.150      -1.560483
228.165      -1.556691
228.180      -1.553009
228.195      -1.549437
228.210      -1.545977
228.225      -1.542629
228.240      -1.539394
228.255      -1.536273
228.270      -1.533267
228.285      -1.530376
228.300      -1.527601
228.315      -1.524943
228.330      -1.522403
228.345      -1.519980
228.360      -1.517677
228.375      -1.515492
228.390      -1.513427
228.405      -1.511483
228.420      -1.509659
228.435      -1.507957
228.450      -1.506376
228.465      -1.504917
228.480      -1.503581
228.495      -1.502367
228.510      -1.501276
228.525      -1.500309
228.540      -1.499465
228.555      -1.498745
228.570      -1.498149
228.585      -1.497677
228.600      -1.497329
228.615      -1.497105
228.630      -1.497006
228.645      -1.497031
228.660      -1.497180
228.675      -1.497454
228.690      -1.497852
228.705      -1.498374
228.720      -1.499020
228.735      -1.499789
228.750      -1.500683
228.765      -1.501700
228.780      -1.502840
228.795      -1.504103
228.810      -1.505489
228.825      -1.506997
228.840      -1.508626
228.855      -1.510378
228.870      -1.512250
228.885      -1.514243
228.900      -1.516356
228.915      -1.518588
228.930      -1.520940
228.945      -1.523410
228.960      -1.525998
228.975      -1.528703
228.990      -1.531524
229.005      -1.534462
229.020      -1.537514
229.035      -1.540681
229.050      -1.543961
229.065      -1.547355
229.080      -1.550860
229.095      -1.554476
229.110      -1.558202
229.125      -1.562038
229.140      -1.565982
229.155      -1.570033
229.170      -1.574190
229.185      -1.578453
229.200      -1.582820
229.215      -1.587290
229.230      -1.591863
229.245      -1.596536
229.260      -1.601309
229.275      -1.606181
229.290      -1.611150
229.305      -1.616215
229.320      -1.621375
229.335      -1.626629
229.350      -1.631975
229.365      -1.637412
229.380      -1.642939
229.395      -1.648554
229.410      -1.654257
229.425      -1.660044
229.440      -1.665916
229.455      -1.671871
229.470      -1.677906
229.485      -1.684022
229.500      -1.690216
229.515      -1.696486
229.530      -1.702831
229.545      -1.709250
229.560      -1.715741
229.575      -1.722303
229.590      -1.728933
229.605      -1.735630
229.620      -1.742393
229.635      -1.749219
229.650      -1.756108
229.665      -1.763057
229.680      -1.770065
229.695      -1.777129
229.710      -1.784249
229.725      -1.791423
229.740      -1.798648
229.755      -1.805923
229.770      -1.813246
229.785      -1.820616
229.800      -1.828030
229.815      -1.835486
229.830      -1.842984
229.845      -1.850520
229.860      -1.858094
229.875      -1.865703
229.890      -1.873345
229.905      -1.881019
229.920      -1.888722
229.935      -1.896453
229.950      -1.904210
229.965      -1.911990
229.980      -1.919793
229.995      -1.927616
230.010      -1.935456
230.025      -1.943313
230.040      -1.951184
230.055      -1.959068
230.070      -1.966961
230.085      -1.974864
230.100      -1.982772
230.115      -1.990685
230.130      -1.998601
230.145      -2.006517
230.160      -2.014432
230.175      -2.022343
230.190      -2.030249
230.205      -2.038148
230.220      -2.046038
230.235      -2.053917
230.250      -2.061783
230.265      -2.069633
230.280      -2.077467
230.295      -2.085282
230.310      -2.093076
230.325      -2.100847
230.340      -2.108594
230.355      -2.116314
230.370      -2.124005
230.385      -2.131667
230.400      -2.139296
230.415      -2.146891
230.430      -2.154449
230.445      -2.161970
230.460      -2.169452
230.475      -2.176891
230.490      -2.184288
230.505      -2.191639
230.520      -2.198943
230.535      -2.206198
230.550      -2.213403
230.565      -2.220555
230.580      -2.227653
230.595      -2.234695
230.610      -2.241679
230.625      -2.248604
230.640      -2.255468
230.655      -2.262269
230.670      -2.269006
230.685      -2.275676
230.700      -2.282279
230.715      -2.288812
230.730      -2.295274
230.745      -2.301664
230.760      -2.307979
230.775      -2.314219
230.790      -2.320381
230.805      -2.326465
230.820      -2.332468
230.835      -2.338390
230.850      -2.344228
230.865      -2.349982
230.880      -2.355649
230.895      -2.361229
230.910      -2.366720
230.925      -2.372121
230.940      -2.377430
230.955      -2.382646
230.970      -2.387768
230.985      -2.392795
231.000      -2.397725
231.015      -2.402557
231.030      -2.407290
231.045      -2.411923
231.060      -2.416455
231.075      -2.420883
231.090      -2.425209
231.105      -2.429429
231.120      -2.433544
231.135      -2.437552
231.150      -2.441453
231.165      -2.445245
231.180      -2.448927
231.195      -2.452498
231.210      -2.455958
231.225      -2.459306
231.240      -2.462541
231.255      -2.465662
231.270      -2.468668
231.285      -2.471559
231.300      -2.474334
231.315      -2.476992
231.330      -2.479533
231.345      -2.481955
231.360      -2.484259
231.375      -2.486444
231.390      -2.488508
231.405      -2.490453
231.420      -2.492276
231.435      -2.493979
231.450      -2.495560
231.465      -2.497019
231.480      -2.498355
231.495      -2.499569
231.510      -2.500659
231.525      -2.501627
231.540      -2.502470
231.555      -2.503191
231.570      -2.503787
231.585      -2.504259
231.600      -2.504607
231.615      -2.504830
231.630      -2.504930
231.645      -2.504905
231.660      -2.504756
231.675      -2.504482
231.690      -2.504084
231.705      -2.503562
231.720      -2.502916
231.735      -2.502146
231.750      -2.501253
231.765      -2.500236
231.780      -2.499096
231.795      -2.497832
231.810      -2.496447
231.825      -2.494939
231.840      -2.493309
231.855      -2.491558
231.870      -2.489686
231.885      -2.487693
231.900      -2.485580
231.915      -2.483347
231.930      -2.480996
231.945      -2.478526
231.960      -2.475938
231.975      -2.473233
231.990      -2.470411
232.005      -2.467474
232.020      -2.464421
232.035      -2.461254
232.050      -2.457974
232.065      -2.454581
232.080      -2.451076
232.095      -2.447460
232.110      -2.443733
232.125      -2.439898
232.140      -2.435954
232.155      -2.431903
232.170      -2.427745
232.185      -2.423483
232.200      -2.419115
232.215      -2.414645
232.230      -2.410073
232.245      -2.405400
232.260      -2.400627
232.275      -2.395755
232.290      -2.390786
232.305      -2.385721
232.320      -2.380561
232.335      -2.375307
232.350      -2.369961
232.365      -2.364523
232.380      -2.358996
232.395      -2.353381
232.410      -2.347679
232.425      -2.341891
232.440      -2.336019
232.455      -2.330065
232.470      -2.324029
232.485      -2.317914
232.500      -2.311720
232.515      -2.305450
232.530      -2.299104
232.545      -2.292685
232.560      -2.286194
232.575      -2.279633
232.590      -2.273003
232.605      -2.266305
232.620      -2.259543
232.635      -2.252716
232.650      -2.245828
232.665      -2.238879
232.680      -2.231871
232.695      -2.224806
232.710      -2.217686
232.725      -2.210513
232.740      -2.203288
232.755      -2.196013
232.770      -2.188689
232.785      -2.181320
232.800      -2.173906
232.815      -2.166449
232.830      -2.158952
232.845      -2.151415
232.860      -2.143842
232.875      -2.136233
232.890      -2.128591
232.905      -2.120917
232.920      -2.113214
232.935      -2.105483
232.950      -2.097726
232.965      -2.089945
232.980      -2.082143
232.995      -2.074320
233.010      -2.066479
233.025      -2.058622
233.040      -2.050751
233.055      -2.042868
233.070      -2.034974
233.085      -2.027072
233.100      -2.019163
233.115      -2.011250
233.130      -2.003335
233.145      -1.995419
233.160      -1.987504
233.175      -1.979592
233.190      -1.971686
233.205      -1.963787
233.220      -1.955897
233.235      -1.948019
233.250      -1.940153
233.265      -1.932302
233.280      -1.924469
233.295      -1.916654
233.310      -1.908860
233.325      -1.901088
233.340      -1.893342
233.355      -1.885622
233.370      -1.877930
233.385      -1.870269
233.400      -1.862640
233.415      -1.855045
233.430      -1.847486
233.445      -1.839965
233.460      -1.832484
233.475      -1.825044
233.490      -1.817648
233.505      -1.810297
233.520      -1.802993
233.535      -1.795737
233.550      -1.788533
233.565      -1.781381
233.580      -1.774283
233.595      -1.767241
233.610      -1.760256
233.625      -1.753331
233.640      -1.746468
233.655      -1.739667
233.670      -1.732930
233.685      -1.726259
233.700      -1.719657
233.715      -1.713123
233.730      -1.706661
233.745      -1.700272
233.760      -1.693956
233.775      -1.687716
233.790      -1.681554
233.805      -1.675470
233.820      -1.669467
233.835      -1.663546
233.850      -1.657707
233.865      -1.651954
233.880      -1.646286
233.895      -1.640707
233.910      -1.635216
233.925      -1.629815
233.940      -1.624506
233.955      -1.619289
233.970      -1.614167
233.985      -1.609140
234.000      -1.604210
234.015      -1.599378
234.030      -1.594645
234.045      -1.590012
234.060      -1.585481
234.075      -1.581052
234.090      -1.576727
234.105      -1.572506
234.120      -1.568391
234.135      -1.564383
234.150      -1.560483
234.165      -1.556691
234.180      -1.553009
234.195      -1.549437
234.210      -1.545977
234.225      -1.542629
234.240      -1.539394
234.255      -1.536273
234.270      -1.533267
234.285      -1.530376
234.300      -1.527601
234.315      -1.524943
234.330      -1.522403
234.345      -1.519980
234.360      -1.517677
234.375      -1.515492
234.390      -1.513427
234.405      -1.511483
234.420      -1.509659
234.435      -1.507957
234.450      -1.506376
234.465      -1.504917
234.480      -1.503581
234.495      -1.502367
234.510      -1.501276
234.525      -1.500309
234.540      -1.499465
234.555      -1.498745
234.570      -1.498149
234.585      -1.497677
234.600      -1.497329
234.615      -1.497105
234.630      -1.497006
234.645      -1.497031
234.660      -1.497180
234.675      -1.497454
234.690      -1.497852
234.705      -1.498374
234.720      -1.499020
234.735      -1.499789
234.750      -1.500683
234.765      -1.501700
234.780      -1.502840
234.795      -1.504103
234.810      -1.505489
234.825      -1.506997
234.840      -1.508626
234.855      -1.510378
234.870      -1.512250
234.885      -1.514243
234.900      -1.516356
234.915      -1.518588
234.930      -1.520940
234.945      -1.523410
234.960      -1.525998
234.975      -1.528703
234.990      -1.531524
235.005      -1.534462
235.020      -1.537514
235.035      -1.540681
235.050      -1.543961
235.065      -1.547355
235.080      -1.550860
235.095      -1.554476
235.110      -1.558202
235.125      -1.562038
235.140      -1.565982
235.155      -1.570033
235.170      -1.574190
235.185      -1.578453
235.200      -1.582820
235.215      -1.587290
235.230      -1.591863
235.245      -1.596536
235.260      -1.601309
235.275      -1.606181
235.290      -1.611150
235.305      -1.616215
235.320      -1.621375
235.335      -1.626629
235.350      -1.631975
235.365      -1.637412
235.380      -1.642939
235.395      -1.648554
235.410      -1.654257
235.425      -1.660044
235.440      -1.665916
235.455      -1.671871
235.470      -1.677906
235.485      -1.684022
235.500      -1.690216
235.515      -1.696486
235.530      -1.702831
235.545      -1.709250
235.560      -1.715741
235.575      -1.722303
235.590      -1.728933
235.605      -1.735630
235.620      -1.742393
235.635      -1.749219
235.650      -1.756108
235.665      -1.763057
235.680      -1.770065
235.695      -1.777129
235.710      -1.784249
235.725      -1.791423
235.740      -1.798648
235.755      -1.805923
235.770      -1.813246
235.785      -1.820616
235.800      -1.828030
235.815      -1.835486
235.830      -1.842984
235.845      -1.850520
235.860      -1.858094
235.875      -1.865703
235.890      -1.873345
235.905      -1.881019
235.920      -1.888722
235.935      -1.896453
235.950      -1.904210
235.965      -1.911990
235.980      -1.919793
235.995      -1.927616
236.010      -1.935456
236.025      -1.943313
236.040      -1.951184
236.055      -1.959068
236.070      -1.966961
236.085      -1.974864
236.100      -1.982772
236.115      -1.990685
236.130      -1.998601
236.145      -2.006517
236.160      -2.014432
236.175      -2.022343
236.190      -2.030249
236.205      -2.038148
236.220      -2.046038
236.235      -2.053917
236.250      -2.061783
236.265      -2.069633
236.280      -2.077467
236.295      -2.085282
236.310      -2.093076
236.325      -2.100847
236.340      -2.108594
236.355      -2.116314
236.370      -2.124005
236.385      -2.131667
236.400      -2.139296
236.415      -2.146891
236.430      -2.154449
236.445      -2.161970
236.460      -2.169452
236.475      -2.176891
236.490      -2.184288
236.505      -2.191639
236.520      -2.198943
236.535      -2.206198
236.550      -2.213403
236.565      -2.220555
236.580      -2.227653
236.595      -2.234695
236.610      -2.241679
236.625      -2.248604
236.640      -2.255468
236.655      -2.262269
236.670      -2.269006
236.685      -2.275676
236.700      -2.282279
236.715      -2.288812
236.730      -2.295274
236.745      -2.301664
236.760      -2.307979
236.775      -2.314219
236.790      -2.320381
236.805      -2.326465
236.820      -2.332468
236.835      -2.338390
236.850      -2.344228
236.865      -2.349982
236.880      -2.355649
236.895      -2.361229
236.910      -2.366720
236.925      -2.372121
236.940      -2.377430
236.955      -2.382646
236.970      -2.387768
236.985      -2.392795
237.000      -2.397725
237.015      -2.402557
237.030      -2.407290
237.045      -2.411923
237.060      -2.416455
237.075      -2.420883
237.090      -2.425209
237.105      -2.429429
237.120      -2.433544
237.135      -2.437552
237.150      -2.441453
237.165      -2.445245
237.180      -2.448927
237.195      -2.452498
237.210      -2.455958
237.225      -2.459306
237.240      -2.462541
237.255      -2.465662
237.270      -2.468668
237.285      -2.471559
237.300      -2.474334
237.315      -2.476992
237.330      -2.479533
237.345      -2.481955
237.360      -2.484259
237.375      -2.486444
237.390      -2.488508
237.405      -2.490453
237.420      -2.492276
237.435      -2.493979
237.450      -2.495560
237.465      -2.497019
237.480      -2.498355
237.495      -2.499569
237.510      -2.500659
237.525      -2.501627
237.540      -2.502470
237.555      -2.503191
237.570      -2.503787
237.585      -2.504259
237.600      -2.504607
237.615      -2.504830
237.630      -2.504930
237.645      -2.504905
237.660      -2.504756
237.675      -2.504482
237.690      -2.504084
237.705      -2.503562
237.720      -2.502916
237.735      -2.502146
237.750      -2.501253
237.765      -2.500236
237.780      -2.499096
237.795      -2.497832
237.810      -2.496447
237.825      -2.494939
237.840      -2.493309
237.855      -2.491558
237.870      -2.489686
237.885      -2.487693
237.900      -2.485580
237.915      -2.483347
237.930      -2.480996
237.945      -2.478526
237.960      -2.475938
237.975      -2.473233
237.990      -2.470411
238.005      -2.467474
238.020      -2.464421
238.035      -2.461254
238.050      -2.457974
238.065      -2.454581
238.080      -2.451076
238.095      -2.447460
238.110      -2.443733
238.125      -2.439898
238.140      -2.435954
238.155      -2.431903
238.170      -2.427745
238.185      -2.423483
238.200      -2.419115
238.215      -2.414645
238.230      -2.410073
238.245      -2.405400
238.260      -2.400627
238.275      -2.395755
238.290      -2.390786
238.305      -2.385721
238.320      -2.380561
238.335      -2.375307
238.350      -2.369961
238.365      -2.364523
238.380      -2.358996
238.395      -2.353381
238.410      -2.347679
238.425      -2.341891
238.440      -2.336019
238.455      -2.330065
238.470      -2.324029
238.485      -2.317914
238.500      -2.311720
238.515      -2.305450
238.530      -2.299104
238.545      -2.292685
238.560      -2.286194
238.575      -2.279633
238.590      -2.273003
238.605      -2.266305
238.620      -2.259543
238.635      -2.252716
238.650      -2.245828
238.665      -2.238879
238.680      -2.231871
238.695      -2.224806
238.710      -2.217686
238.725      -2.210513
238.740      -2.203288
238.755      -2.196013
238.770      -2.188689
238.785      -2.181320
238.800      -2.173906
238.815      -2.166449
238.830      -2.158952
238.845      -2.151415
238.860      -2.143842
238.875      -2.136233
238.890      -2.128591
238.905      -2.120917
238.920      -2.113214
238.935      -2.105483
238.950      -2.097726
238.965      -2.089945
238.980      -2.082143
238.995      -2.074320
239.010      -2.066479
239.025      -2.058622
239.040      -2.050751
239.055      -2.042868
239.070      -2.034974
239.085      -2.027072
239.100      -2.019163
239.115      -2.011250
239.130      -2.003335
239.145      -1.995419
239.160      -1.987504
239.175      -1.979592
239.190      -1.971686
239.205      -1.963787
239.220      -1.955897
239.235      -1.948019
239.250      -1.940153
239.265      -1.932302
239.280      -1.924469
239.295      -1.916654
239.310      -1.908860
239.325      -1.901088
239.340      -1.893342
239.355      -1.885622
239.370      -1.877930
239.385      -1.870269
239.400      -1.862640
239.415      -1.855045
239.430      -1.847486
239.445      -1.839965
239.460      -1.832484
239.475      -1.825044
239.490      -1.817648
239.505      -1.810297
239.520      -1.802993
239.535      -1.795737
239.550      -1.788533
239.565      -1.781381
239.580      -1.774283
239.595      -1.767241
239.610      -1.760256
239.625      -1.753331
239.640      -1.746468
239.655      -1.739667
239.670      -1.732930
239.685      -1.726259
239.700      -1.719657
239.715      -1.713123
239.730      -1.706661
239.745      -1.700272
239.760      -1.693956
239.775      -1.687716
239.790      -1.681554
239.805      -1.675470
239.820      -1.669467
239.835      -1.663546
239.850      -1.657707
239.865      -1.651954
239.880      -1.646286
239.895      -1.640707
239.910      -1.635216
239.925      -1.629815
239.940      -1.624506
239.955      -1.619289
239.970      -1.614167
239.985      -1.609140
240.000      -1.604210
