   Wave #: 	8
Wave amplitude (m): 	1.589
Wave omega (rad/s): 	0.698131701
Time (s)     Heave (m)
----------  ----------
0.015        -1.999494
0.030        -1.998498
0.045        -1.997027
0.060        -1.995098
0.075        -1.992724
0.090        -1.989922
0.105        -1.986706
0.120        -1.983090
0.135        -1.979091
0.150        -1.974720
0.165        -1.969994
0.180        -1.964925
0.195        -1.959528
0.210        -1.953816
0.225        -1.947803
0.240        -1.941501
0.255        -1.934924
0.270        -1.928084
0.285        -1.920994
0.300        -1.913666
0.315        -1.906113
0.330        -1.898346
0.345        -1.890378
0.360        -1.882219
0.375        -1.873882
0.390        -1.865376
0.405        -1.856714
0.420        -1.847906
0.435        -1.838962
0.450        -1.829894
0.465        -1.820710
0.480        -1.811422
0.495        -1.802038
0.510        -1.792568
0.525        -1.783022
0.540        -1.773409
0.555        -1.763737
0.570        -1.754016
0.585        -1.744254
0.600        -1.734460
0.615        -1.724641
0.630        -1.714805
0.645        -1.704961
0.660        -1.695116
0.675        -1.685278
0.690        -1.675453
0.705        -1.665649
0.720        -1.655872
0.735        -1.646130
0.750        -1.636428
0.765        -1.626773
0.780        -1.617172
0.795        -1.607630
0.810        -1.598153
0.825        -1.588747
0.840        -1.579416
0.855        -1.570168
0.870        -1.561005
0.885        -1.551935
0.900        -1.542960
0.915        -1.534087
0.930        -1.525319
0.945        -1.516661
0.960        -1.508118
0.975        -1.499692
0.990        -1.491388
1.005        -1.483210
1.020        -1.475161
1.035        -1.467245
1.050        -1.459466
1.065        -1.451825
1.080        -1.444327
1.095        -1.436974
1.110        -1.429770
1.125        -1.422716
1.140        -1.415815
1.155        -1.409070
1.170        -1.402483
1.185        -1.396056
1.200        -1.389792
1.215        -1.383691
1.230        -1.377757
1.245        -1.371990
1.260        -1.366392
1.275        -1.360966
1.290        -1.355711
1.305        -1.350631
1.320        -1.345724
1.335        -1.340994
1.350        -1.336441
1.365        -1.332065
1.380        -1.327868
1.395        -1.323850
1.410        -1.320012
1.425        -1.316355
1.440        -1.312879
1.455        -1.309584
1.470        -1.306471
1.485        -1.303540
1.500        -1.300792
1.515        -1.298225
1.530        -1.295841
1.545        -1.293639
1.560        -1.291620
1.575        -1.289782
1.590        -1.288127
1.605        -1.286653
1.620        -1.285360
1.635        -1.284247
1.650        -1.283316
1.665        -1.282564
1.680        -1.281991
1.695        -1.281597
1.710        -1.281380
1.725        -1.281341
1.740        -1.281479
1.755        -1.281792
1.770        -1.282280
1.785        -1.282942
1.800        -1.283776
1.815        -1.284783
1.830        -1.285961
1.845        -1.287309
1.860        -1.288825
1.875        -1.290510
1.890        -1.292361
1.905        -1.294377
1.920        -1.296558
1.935        -1.298902
1.950        -1.301407
1.965        -1.304073
1.980        -1.306898
1.995        -1.309881
2.010        -1.313020
2.025        -1.316315
2.040        -1.319763
2.055        -1.323363
2.070        -1.327114
2.085        -1.331014
2.100        -1.335063
2.115        -1.339257
2.130        -1.343597
2.145        -1.348080
2.160        -1.352704
2.175        -1.357469
2.190        -1.362373
2.205        -1.367413
2.220        -1.372590
2.235        -1.377900
2.250        -1.383342
2.265        -1.388915
2.280        -1.394618
2.295        -1.400448
2.310        -1.406403
2.325        -1.412483
2.340        -1.418685
2.355        -1.425008
2.370        -1.431451
2.385        -1.438011
2.400        -1.444687
2.415        -1.451477
2.430        -1.458380
2.445        -1.465393
2.460        -1.472516
2.475        -1.479746
2.490        -1.487083
2.505        -1.494523
2.520        -1.502066
2.535        -1.509709
2.550        -1.517452
2.565        -1.525292
2.580        -1.533228
2.595        -1.541258
2.610        -1.549381
2.625        -1.557594
2.640        -1.565896
2.655        -1.574286
2.670        -1.582761
2.685        -1.591321
2.700        -1.599962
2.715        -1.608685
2.730        -1.617486
2.745        -1.626365
2.760        -1.635319
2.775        -1.644348
2.790        -1.653449
2.805        -1.662621
2.820        -1.671862
2.835        -1.681170
2.850        -1.690544
2.865        -1.699982
2.880        -1.709483
2.895        -1.719045
2.910        -1.728667
2.925        -1.738346
2.940        -1.748081
2.955        -1.757870
2.970        -1.767713
2.985        -1.777607
3.000        -1.787550
3.015        -1.797542
3.030        -1.807580
3.045        -1.817663
3.060        -1.827790
3.075        -1.837958
3.090        -1.848167
3.105        -1.858414
3.120        -1.868698
3.135        -1.879018
3.150        -1.889372
3.165        -1.899759
3.180        -1.910176
3.195        -1.920623
3.210        -1.931098
3.225        -1.941600
3.240        -1.952126
3.255        -1.962675
3.270        -1.973247
3.285        -1.983838
3.300        -1.994449
3.315        -2.005077
3.330        -2.015721
3.345        -2.026379
3.360        -2.037050
3.375        -2.047733
3.390        -2.058426
3.405        -2.069127
3.420        -2.079836
3.435        -2.090550
3.450        -2.101268
3.465        -2.111989
3.480        -2.122711
3.495        -2.133433
3.510        -2.144154
3.525        -2.154872
3.540        -2.165585
3.555        -2.176293
3.570        -2.186994
3.585        -2.197686
3.600        -2.208368
3.615        -2.219039
3.630        -2.229697
3.645        -2.240341
3.660        -2.250969
3.675        -2.261581
3.690        -2.272175
3.705        -2.282749
3.720        -2.293303
3.735        -2.303834
3.750        -2.314342
3.765        -2.324825
3.780        -2.335281
3.795        -2.345711
3.810        -2.356111
3.825        -2.366482
3.840        -2.376821
3.855        -2.387127
3.870        -2.397400
3.885        -2.407637
3.900        -2.417838
3.915        -2.428001
3.930        -2.438125
3.945        -2.448208
3.960        -2.458251
3.975        -2.468250
3.990        -2.478206
4.005        -2.488116
4.020        -2.497980
4.035        -2.507797
4.050        -2.517564
4.065        -2.527282
4.080        -2.536948
4.095        -2.546562
4.110        -2.556122
4.125        -2.565628
4.140        -2.575077
4.155        -2.584470
4.170        -2.593805
4.185        -2.603080
4.200        -2.612294
4.215        -2.621448
4.230        -2.630538
4.245        -2.639565
4.260        -2.648527
4.275        -2.657422
4.290        -2.666251
4.305        -2.675012
4.320        -2.683704
4.335        -2.692325
4.350        -2.700875
4.365        -2.709352
4.380        -2.717757
4.395        -2.726087
4.410        -2.734341
4.425        -2.742520
4.440        -2.750621
4.455        -2.758643
4.470        -2.766586
4.485        -2.774449
4.500        -2.782231
4.515        -2.789931
4.530        -2.797547
4.545        -2.805080
4.560        -2.812527
4.575        -2.819889
4.590        -2.827164
4.605        -2.834351
4.620        -2.841450
4.635        -2.848459
4.650        -2.855378
4.665        -2.862206
4.680        -2.868943
4.695        -2.875586
4.710        -2.882136
4.725        -2.888592
4.740        -2.894953
4.755        -2.901218
4.770        -2.907386
4.785        -2.913457
4.800        -2.919429
4.815        -2.925303
4.830        -2.931077
4.845        -2.936751
4.860        -2.942324
4.875        -2.947796
4.890        -2.953165
4.905        -2.958431
4.920        -2.963593
4.935        -2.968651
4.950        -2.973604
4.965        -2.978452
4.980        -2.983193
4.995        -2.987828
5.010        -2.992356
5.025        -2.996775
5.040        -3.001087
5.055        -3.005289
5.070        -3.009382
5.085        -3.013365
5.100        -3.017237
5.115        -3.020999
5.130        -3.024649
5.145        -3.028187
5.160        -3.031613
5.175        -3.034926
5.190        -3.038126
5.205        -3.041212
5.220        -3.044185
5.235        -3.047043
5.250        -3.049786
5.265        -3.052414
5.280        -3.054927
5.295        -3.057324
5.310        -3.059605
5.325        -3.061769
5.340        -3.063817
5.355        -3.065748
5.370        -3.067562
5.385        -3.069258
5.400        -3.070836
5.415        -3.072297
5.430        -3.073640
5.445        -3.074864
5.460        -3.075969
5.475        -3.076957
5.490        -3.077825
5.505        -3.078574
5.520        -3.079204
5.535        -3.079716
5.550        -3.080107
5.565        -3.080380
5.580        -3.080533
5.595        -3.080567
5.610        -3.080481
5.625        -3.080275
5.640        -3.079950
5.655        -3.079506
5.670        -3.078942
5.685        -3.078258
5.700        -3.077455
5.715        -3.076533
5.730        -3.075491
5.745        -3.074330
5.760        -3.073050
5.775        -3.071651
5.790        -3.070133
5.805        -3.068496
5.820        -3.066740
5.835        -3.064866
5.850        -3.062874
5.865        -3.060764
5.880        -3.058535
5.895        -3.056190
5.910        -3.053726
5.925        -3.051146
5.940        -3.048448
5.955        -3.045634
5.970        -3.042704
5.985        -3.039658
6.000        -3.036496
6.015        -3.033218
6.030        -3.029826
6.045        -3.026318
6.060        -3.022697
6.075        -3.018961
6.090        -3.015112
6.105        -3.011150
6.120        -3.007075
6.135        -3.002888
6.150        -2.998589
6.165        -2.994178
6.180        -2.989657
6.195        -2.985025
6.210        -2.980284
6.225        -2.975432
6.240        -2.970472
6.255        -2.965404
6.270        -2.960228
6.285        -2.954945
6.300        -2.949554
6.315        -2.944058
6.330        -2.938457
6.345        -2.932750
6.360        -2.926939
6.375        -2.921025
6.390        -2.915008
6.405        -2.908888
6.420        -2.902667
6.435        -2.896344
6.450        -2.889922
6.465        -2.883400
6.480        -2.876779
6.495        -2.870059
6.510        -2.863243
6.525        -2.856330
6.540        -2.849321
6.555        -2.842216
6.570        -2.835018
6.585        -2.827726
6.600        -2.820341
6.615        -2.812864
6.630        -2.805296
6.645        -2.797638
6.660        -2.789891
6.675        -2.782054
6.690        -2.774131
6.705        -2.766120
6.720        -2.758023
6.735        -2.749841
6.750        -2.741576
6.765        -2.733226
6.780        -2.724795
6.795        -2.716282
6.810        -2.707689
6.825        -2.699016
6.840        -2.690265
6.855        -2.681436
6.870        -2.672530
6.885        -2.663549
6.900        -2.654493
6.915        -2.645364
6.930        -2.636162
6.945        -2.626889
6.960        -2.617544
6.975        -2.608131
6.990        -2.598649
7.005        -2.589099
7.020        -2.579483
7.035        -2.569802
7.050        -2.560057
7.065        -2.550248
7.080        -2.540377
7.095        -2.530445
7.110        -2.520454
7.125        -2.510404
7.140        -2.500296
7.155        -2.490131
7.170        -2.479911
7.185        -2.469637
7.200        -2.459310
7.215        -2.448930
7.230        -2.438500
7.245        -2.428020
7.260        -2.417492
7.275        -2.406916
7.290        -2.396294
7.305        -2.385627
7.320        -2.374916
7.335        -2.364163
7.350        -2.353368
7.365        -2.342533
7.380        -2.331659
7.395        -2.320747
7.410        -2.309798
7.425        -2.298814
7.440        -2.287796
7.455        -2.276745
7.470        -2.265662
7.485        -2.254549
7.500        -2.243406
7.515        -2.232235
7.530        -2.221038
7.545        -2.209814
7.560        -2.198567
7.575        -2.187296
7.590        -2.176004
7.605        -2.164691
7.620        -2.153358
7.635        -2.142008
7.650        -2.130641
7.665        -2.119258
7.680        -2.107861
7.695        -2.096451
7.710        -2.085029
7.725        -2.073597
7.740        -2.062155
7.755        -2.050706
7.770        -2.039249
7.785        -2.027788
7.800        -2.016322
7.815        -2.004853
7.830        -1.993383
7.845        -1.981913
7.860        -1.970443
7.875        -1.958975
7.890        -1.947511
7.905        -1.936052
7.920        -1.924599
7.935        -1.913153
7.950        -1.901716
7.965        -1.890288
7.980        -1.878872
7.995        -1.867468
8.010        -1.856077
8.025        -1.844701
8.040        -1.833342
8.055        -1.822000
8.070        -1.810676
8.085        -1.799373
8.100        -1.788091
8.115        -1.776831
8.130        -1.765594
8.145        -1.754383
8.160        -1.743198
8.175        -1.732040
8.190        -1.720911
8.205        -1.709811
8.220        -1.698743
8.235        -1.687707
8.250        -1.676704
8.265        -1.665737
8.280        -1.654805
8.295        -1.643910
8.310        -1.633054
8.325        -1.622237
8.340        -1.611461
8.355        -1.600727
8.370        -1.590037
8.385        -1.579390
8.400        -1.568789
8.415        -1.558235
8.430        -1.547729
8.445        -1.537271
8.460        -1.526864
8.475        -1.516508
8.490        -1.506205
8.505        -1.495955
8.520        -1.485760
8.535        -1.475621
8.550        -1.465539
8.565        -1.455515
8.580        -1.445550
8.595        -1.435646
8.610        -1.425803
8.625        -1.416022
8.640        -1.406305
8.655        -1.396653
8.670        -1.387067
8.685        -1.377547
8.700        -1.368095
8.715        -1.358712
8.730        -1.349399
8.745        -1.340157
8.760        -1.330987
8.775        -1.321890
8.790        -1.312867
8.805        -1.303919
8.820        -1.295047
8.835        -1.286252
8.850        -1.277535
8.865        -1.268897
8.880        -1.260339
8.895        -1.251861
8.910        -1.243465
8.925        -1.235152
8.940        -1.226923
8.955        -1.218778
8.970        -1.210719
8.985        -1.202745
9.000        -1.194859
9.015        -1.187062
9.030        -1.179353
9.045        -1.171733
9.060        -1.164205
9.075        -1.156768
9.090        -1.149423
9.105        -1.142171
9.120        -1.135013
9.135        -1.127950
9.150        -1.120982
9.165        -1.114111
9.180        -1.107336
9.195        -1.100659
9.210        -1.094081
9.225        -1.087602
9.240        -1.081223
9.255        -1.074944
9.270        -1.068767
9.285        -1.062692
9.300        -1.056720
9.315        -1.050850
9.330        -1.045085
9.345        -1.039425
9.360        -1.033870
9.375        -1.028420
9.390        -1.023077
9.405        -1.017841
9.420        -1.012713
9.435        -1.007693
9.450        -1.002782
9.465        -0.997980
9.480        -0.993288
9.495        -0.988706
9.510        -0.984236
9.525        -0.979876
9.540        -0.975629
9.555        -0.971493
9.570        -0.967471
9.585        -0.963562
9.600        -0.959766
9.615        -0.956085
9.630        -0.952518
9.645        -0.949065
9.660        -0.945729
9.675        -0.942507
9.690        -0.939402
9.705        -0.936413
9.720        -0.933541
9.735        -0.930786
9.750        -0.928148
9.765        -0.925628
9.780        -0.923225
9.795        -0.920941
9.810        -0.918775
9.825        -0.916728
9.840        -0.914799
9.855        -0.912990
9.870        -0.911300
9.885        -0.909729
9.900        -0.908278
9.915        -0.906947
9.930        -0.905736
9.945        -0.904644
9.960        -0.903673
9.975        -0.902823
9.990        -0.902093
10.005       -0.901483
10.020       -0.900994
10.035       -0.900625
10.050       -0.900378
10.065       -0.900251
10.080       -0.900244
10.095       -0.900358
10.110       -0.900593
10.125       -0.900949
10.140       -0.901426
10.155       -0.902023
10.170       -0.902740
10.185       -0.903578
10.200       -0.904536
10.215       -0.905615
10.230       -0.906814
10.245       -0.908133
10.260       -0.909571
10.275       -0.911130
10.290       -0.912808
10.305       -0.914605
10.320       -0.916522
10.335       -0.918557
10.350       -0.920711
10.365       -0.922984
10.380       -0.925375
10.395       -0.927884
10.410       -0.930511
10.425       -0.933255
10.440       -0.936117
10.455       -0.939095
10.470       -0.942190
10.485       -0.945400
10.500       -0.948727
10.515       -0.952169
10.530       -0.955727
10.545       -0.959399
10.560       -0.963185
10.575       -0.967085
10.590       -0.971099
10.605       -0.975225
10.620       -0.979465
10.635       -0.983816
10.650       -0.988279
10.665       -0.992853
10.680       -0.997537
10.695       -1.002332
10.710       -1.007237
10.725       -1.012250
10.740       -1.017372
10.755       -1.022602
10.770       -1.027939
10.785       -1.033384
10.800       -1.038934
10.815       -1.044590
10.830       -1.050351
10.845       -1.056216
10.860       -1.062185
10.875       -1.068257
10.890       -1.074431
10.905       -1.080707
10.920       -1.087084
10.935       -1.093561
10.950       -1.100138
10.965       -1.106814
10.980       -1.113588
10.995       -1.120460
11.010       -1.127428
11.025       -1.134492
11.040       -1.141651
11.055       -1.148904
11.070       -1.156251
11.085       -1.163691
11.100       -1.171223
11.115       -1.178845
11.130       -1.186558
11.145       -1.194361
11.160       -1.202252
11.175       -1.210230
11.190       -1.218296
11.205       -1.226447
11.220       -1.234684
11.235       -1.243004
11.250       -1.251408
11.265       -1.259894
11.280       -1.268462
11.295       -1.277110
11.310       -1.285837
11.325       -1.294643
11.340       -1.303527
11.355       -1.312487
11.370       -1.321522
11.385       -1.330633
11.400       -1.339817
11.415       -1.349073
11.430       -1.358401
11.445       -1.367800
11.460       -1.377268
11.475       -1.386805
11.490       -1.396409
11.505       -1.406080
11.520       -1.415816
11.535       -1.425616
11.550       -1.435479
11.565       -1.445405
11.580       -1.455391
11.595       -1.465438
11.610       -1.475543
11.625       -1.485706
11.640       -1.495926
11.655       -1.506201
11.670       -1.516530
11.685       -1.526913
11.700       -1.537348
11.715       -1.547834
11.730       -1.558369
11.745       -1.568953
11.760       -1.579585
11.775       -1.590263
11.790       -1.600986
11.805       -1.611753
11.820       -1.622563
11.835       -1.633414
11.850       -1.644306
11.865       -1.655237
11.880       -1.666206
11.895       -1.677212
11.910       -1.688254
11.925       -1.699330
11.940       -1.710439
11.955       -1.721580
11.970       -1.732751
11.985       -1.743952
12.000       -1.755182
12.015       -1.766439
12.030       -1.777721
12.045       -1.789028
12.060       -1.800358
12.075       -1.811710
12.090       -1.823084
12.105       -1.834476
12.120       -1.845888
12.135       -1.857316
12.150       -1.868760
12.165       -1.880219
12.180       -1.891691
12.195       -1.903175
12.210       -1.914669
12.225       -1.926174
12.240       -1.937687
12.255       -1.949206
12.270       -1.960732
12.285       -1.972262
12.300       -1.983795
12.315       -1.995330
12.330       -2.006866
12.345       -2.018401
12.360       -2.029935
12.375       -2.041465
12.390       -2.052991
12.405       -2.064512
12.420       -2.076025
12.435       -2.087531
12.450       -2.099027
12.465       -2.110512
12.480       -2.121985
12.495       -2.133445
12.510       -2.144891
12.525       -2.156321
12.540       -2.167734
12.555       -2.179129
12.570       -2.190504
12.585       -2.201859
12.600       -2.213191
12.615       -2.224501
12.630       -2.235786
12.645       -2.247045
12.660       -2.258278
12.675       -2.269482
12.690       -2.280657
12.705       -2.291801
12.720       -2.302914
12.735       -2.313993
12.750       -2.325038
12.765       -2.336048
12.780       -2.347021
12.795       -2.357956
12.810       -2.368852
12.825       -2.379708
12.840       -2.390522
12.855       -2.401294
12.870       -2.412021
12.885       -2.422704
12.900       -2.433341
12.915       -2.443930
12.930       -2.454471
12.945       -2.464962
12.960       -2.475402
12.975       -2.485790
12.990       -2.496125
13.005       -2.506406
13.020       -2.516632
13.035       -2.526801
13.050       -2.536912
13.065       -2.546965
13.080       -2.556958
13.095       -2.566890
13.110       -2.576759
13.125       -2.586566
13.140       -2.596309
13.155       -2.605986
13.170       -2.615598
13.185       -2.625141
13.200       -2.634617
13.215       -2.644023
13.230       -2.653358
13.245       -2.662622
13.260       -2.671814
13.275       -2.680932
13.290       -2.689975
13.305       -2.698943
13.320       -2.707834
13.335       -2.716648
13.350       -2.725384
13.365       -2.734040
13.380       -2.742616
13.395       -2.751110
13.410       -2.759522
13.425       -2.767851
13.440       -2.776096
13.455       -2.784256
13.470       -2.792331
13.485       -2.800318
13.500       -2.808218
13.515       -2.816029
13.530       -2.823751
13.545       -2.831383
13.560       -2.838924
13.575       -2.846373
13.590       -2.853729
13.605       -2.860992
13.620       -2.868161
13.635       -2.875234
13.650       -2.882212
13.665       -2.889093
13.680       -2.895876
13.695       -2.902562
13.710       -2.909148
13.725       -2.915636
13.740       -2.922022
13.755       -2.928308
13.770       -2.934493
13.785       -2.940574
13.800       -2.946553
13.815       -2.952429
13.830       -2.958199
13.845       -2.963865
13.860       -2.969426
13.875       -2.974880
13.890       -2.980227
13.905       -2.985467
13.920       -2.990600
13.935       -2.995623
13.950       -3.000538
13.965       -3.005343
13.980       -3.010038
13.995       -3.014622
14.010       -3.019095
14.025       -3.023456
14.040       -3.027706
14.055       -3.031843
14.070       -3.035866
14.085       -3.039777
14.100       -3.043573
14.115       -3.047255
14.130       -3.050823
14.145       -3.054275
14.160       -3.057612
14.175       -3.060833
14.190       -3.063937
14.205       -3.066925
14.220       -3.069797
14.235       -3.072551
14.250       -3.075188
14.265       -3.077706
14.280       -3.080107
14.295       -3.082390
14.310       -3.084553
14.325       -3.086598
14.340       -3.088524
14.355       -3.090331
14.370       -3.092019
14.385       -3.093586
14.400       -3.095034
14.415       -3.096362
14.430       -3.097570
14.445       -3.098658
14.460       -3.099625
14.475       -3.100471
14.490       -3.101198
14.505       -3.101803
14.520       -3.102288
14.535       -3.102652
14.550       -3.102895
14.565       -3.103018
14.580       -3.103019
14.595       -3.102900
14.610       -3.102660
14.625       -3.102299
14.640       -3.101818
14.655       -3.101215
14.670       -3.100492
14.685       -3.099649
14.700       -3.098685
14.715       -3.097600
14.730       -3.096396
14.745       -3.095071
14.760       -3.093626
14.775       -3.092062
14.790       -3.090378
14.805       -3.088574
14.820       -3.086651
14.835       -3.084609
14.850       -3.082448
14.865       -3.080169
14.880       -3.077771
14.895       -3.075255
14.910       -3.072622
14.925       -3.069871
14.940       -3.067002
14.955       -3.064017
14.970       -3.060915
14.985       -3.057697
15.000       -3.054364
15.015       -3.050914
15.030       -3.047350
15.045       -3.043670
15.060       -3.039877
15.075       -3.035969
15.090       -3.031948
15.105       -3.027814
15.120       -3.023567
15.135       -3.019209
15.150       -3.014738
15.165       -3.010156
15.180       -3.005464
15.195       -3.000662
15.210       -2.995749
15.225       -2.990728
15.240       -2.985599
15.255       -2.980361
15.270       -2.975016
15.285       -2.969564
15.300       -2.964006
15.315       -2.958342
15.330       -2.952573
15.345       -2.946700
15.360       -2.940723
15.375       -2.934644
15.390       -2.928461
15.405       -2.922177
15.420       -2.915792
15.435       -2.909307
15.450       -2.902722
15.465       -2.896039
15.480       -2.889257
15.495       -2.882377
15.510       -2.875401
15.525       -2.868329
15.540       -2.861162
15.555       -2.853901
15.570       -2.846546
15.585       -2.839098
15.600       -2.831559
15.615       -2.823928
15.630       -2.816207
15.645       -2.808397
15.660       -2.800498
15.675       -2.792512
15.690       -2.784439
15.705       -2.776279
15.720       -2.768035
15.735       -2.759707
15.750       -2.751295
15.765       -2.742801
15.780       -2.734226
15.795       -2.725571
15.810       -2.716836
15.825       -2.708022
15.840       -2.699131
15.855       -2.690163
15.870       -2.681120
15.885       -2.672002
15.900       -2.662811
15.915       -2.653546
15.930       -2.644211
15.945       -2.634805
15.960       -2.625329
15.975       -2.615785
15.990       -2.606173
16.005       -2.596495
16.020       -2.586752
16.035       -2.576945
16.050       -2.567074
16.065       -2.557141
16.080       -2.547148
16.095       -2.537094
16.110       -2.526982
16.125       -2.516811
16.140       -2.506585
16.155       -2.496303
16.170       -2.485966
16.185       -2.475577
16.200       -2.465135
16.215       -2.454642
16.230       -2.444100
16.245       -2.433509
16.260       -2.422871
16.275       -2.412186
16.290       -2.401456
16.305       -2.390682
16.320       -2.379866
16.335       -2.369008
16.350       -2.358110
16.365       -2.347172
16.380       -2.336197
16.395       -2.325184
16.410       -2.314137
16.425       -2.303054
16.440       -2.291939
16.455       -2.280792
16.470       -2.269614
16.485       -2.258407
16.500       -2.247171
16.515       -2.235909
16.530       -2.224620
16.545       -2.213307
16.560       -2.201971
16.575       -2.190613
16.590       -2.179234
16.605       -2.167835
16.620       -2.156418
16.635       -2.144985
16.650       -2.133535
16.665       -2.122071
16.680       -2.110593
16.695       -2.099103
16.710       -2.087603
16.725       -2.076093
16.740       -2.064575
16.755       -2.053050
16.770       -2.041519
16.785       -2.029984
16.800       -2.018446
16.815       -2.006905
16.830       -1.995364
16.845       -1.983824
16.860       -1.972286
16.875       -1.960750
16.890       -1.949219
16.905       -1.937694
16.920       -1.926176
16.935       -1.914666
16.950       -1.903165
16.965       -1.891675
16.980       -1.880197
16.995       -1.868732
17.010       -1.857282
17.025       -1.845848
17.040       -1.834430
17.055       -1.823031
17.070       -1.811651
17.085       -1.800292
17.100       -1.788955
17.115       -1.777642
17.130       -1.766353
17.145       -1.755089
17.160       -1.743853
17.175       -1.732644
17.190       -1.721466
17.205       -1.710317
17.220       -1.699201
17.235       -1.688118
17.250       -1.677069
17.265       -1.666055
17.280       -1.655079
17.295       -1.644140
17.310       -1.633240
17.325       -1.622381
17.340       -1.611563
17.355       -1.600788
17.370       -1.590057
17.385       -1.579371
17.400       -1.568731
17.415       -1.558138
17.430       -1.547594
17.445       -1.537100
17.460       -1.526657
17.475       -1.516265
17.490       -1.505927
17.505       -1.495643
17.520       -1.485414
17.535       -1.475242
17.550       -1.465128
17.565       -1.455073
17.580       -1.445077
17.595       -1.435142
17.610       -1.425269
17.625       -1.415460
17.640       -1.405715
17.655       -1.396034
17.670       -1.386421
17.685       -1.376874
17.700       -1.367396
17.715       -1.357988
17.730       -1.348650
17.745       -1.339384
17.760       -1.330190
17.775       -1.321070
17.790       -1.312024
17.805       -1.303054
17.820       -1.294160
17.835       -1.285344
17.850       -1.276606
17.865       -1.267948
17.880       -1.259370
17.895       -1.250874
17.910       -1.242459
17.925       -1.234128
17.940       -1.225881
17.955       -1.217719
17.970       -1.209643
17.985       -1.201654
18.000       -1.193752
18.015       -1.185939
18.030       -1.178216
18.045       -1.170582
18.060       -1.163040
18.075       -1.155589
18.090       -1.148231
18.105       -1.140967
18.120       -1.133797
18.135       -1.126722
18.150       -1.119743
18.165       -1.112860
18.180       -1.106075
18.195       -1.099388
18.210       -1.092800
18.225       -1.086312
18.240       -1.079924
18.255       -1.073636
18.270       -1.067451
18.285       -1.061368
18.300       -1.055388
18.315       -1.049511
18.330       -1.043739
18.345       -1.038072
18.360       -1.032511
18.375       -1.027056
18.390       -1.021707
18.405       -1.016466
18.420       -1.011333
18.435       -1.006308
18.450       -1.001393
18.465       -0.996587
18.480       -0.991891
18.495       -0.987306
18.510       -0.982832
18.525       -0.978470
18.540       -0.974220
18.555       -0.970082
18.570       -0.966058
18.585       -0.962147
18.600       -0.958350
18.615       -0.954667
18.630       -0.951099
18.645       -0.947646
18.660       -0.944309
18.675       -0.941087
18.690       -0.937982
18.705       -0.934993
18.720       -0.932121
18.735       -0.929367
18.750       -0.926730
18.765       -0.924210
18.780       -0.921809
18.795       -0.919526
18.810       -0.917362
18.825       -0.915317
18.840       -0.913390
18.855       -0.911583
18.870       -0.909895
18.885       -0.908327
18.900       -0.906879
18.915       -0.905551
18.930       -0.904343
18.945       -0.903255
18.960       -0.902288
18.975       -0.901441
18.990       -0.900714
19.005       -0.900109
19.020       -0.899624
19.035       -0.899259
19.050       -0.899016
19.065       -0.898893
19.080       -0.898892
19.095       -0.899011
19.110       -0.899251
19.125       -0.899612
19.140       -0.900093
19.155       -0.900695
19.170       -0.901418
19.185       -0.902262
19.200       -0.903226
19.215       -0.904310
19.230       -0.905515
19.245       -0.906840
19.260       -0.908285
19.275       -0.909849
19.290       -0.911533
19.305       -0.913337
19.320       -0.915260
19.335       -0.917302
19.350       -0.919463
19.365       -0.921743
19.380       -0.924140
19.395       -0.926656
19.410       -0.929290
19.425       -0.932041
19.440       -0.934910
19.455       -0.937895
19.470       -0.940997
19.485       -0.944215
19.500       -0.947549
19.515       -0.950999
19.530       -0.954564
19.545       -0.958243
19.560       -0.962037
19.575       -0.965945
19.590       -0.969966
19.605       -0.974101
19.620       -0.978347
19.635       -0.982707
19.650       -0.987177
19.665       -0.991759
19.680       -0.996452
19.695       -1.001255
19.710       -1.006167
19.725       -1.011188
19.740       -1.016318
19.755       -1.021556
19.770       -1.026902
19.785       -1.032354
19.800       -1.037913
19.815       -1.043577
19.830       -1.049346
19.845       -1.055219
19.860       -1.061196
19.875       -1.067276
19.890       -1.073459
19.905       -1.079743
19.920       -1.086128
19.935       -1.092614
19.950       -1.099199
19.965       -1.105883
19.980       -1.112666
19.995       -1.119545
20.010       -1.126522
20.025       -1.133594
20.040       -1.140761
20.055       -1.148023
20.070       -1.155378
20.085       -1.162826
20.100       -1.170366
20.115       -1.177997
20.130       -1.185718
20.145       -1.193529
20.160       -1.201428
20.175       -1.209414
20.190       -1.217488
20.205       -1.225648
20.220       -1.233892
20.235       -1.242221
20.250       -1.250633
20.265       -1.259127
20.280       -1.267702
20.295       -1.276358
20.310       -1.285094
20.325       -1.293908
20.340       -1.302799
20.355       -1.311767
20.370       -1.320811
20.385       -1.329929
20.400       -1.339121
20.415       -1.348385
20.430       -1.357721
20.445       -1.367127
20.460       -1.376603
20.475       -1.386148
20.490       -1.395759
20.505       -1.405438
20.520       -1.415181
20.535       -1.424989
20.550       -1.434860
20.565       -1.444793
20.580       -1.454787
20.595       -1.464841
20.610       -1.474953
20.625       -1.485124
20.640       -1.495350
20.655       -1.505633
20.670       -1.515969
20.685       -1.526359
20.700       -1.536801
20.715       -1.547294
20.730       -1.557837
20.745       -1.568428
20.760       -1.579066
20.775       -1.589751
20.790       -1.600481
20.805       -1.611255
20.820       -1.622072
20.835       -1.632930
20.850       -1.643828
20.865       -1.654766
20.880       -1.665742
20.895       -1.676754
20.910       -1.687802
20.925       -1.698884
20.940       -1.710000
20.955       -1.721147
20.970       -1.732325
20.985       -1.743533
21.000       -1.754768
21.015       -1.766031
21.030       -1.777320
21.045       -1.788633
21.060       -1.799969
21.075       -1.811327
21.090       -1.822706
21.105       -1.834105
21.120       -1.845522
21.135       -1.856956
21.150       -1.868406
21.165       -1.879870
21.180       -1.891348
21.195       -1.902837
21.210       -1.914338
21.225       -1.925848
21.240       -1.937366
21.255       -1.948891
21.270       -1.960422
21.285       -1.971957
21.300       -1.983496
21.315       -1.995036
21.330       -2.006577
21.345       -2.018117
21.360       -2.029656
21.375       -2.041191
21.390       -2.052722
21.405       -2.064248
21.420       -2.075766
21.435       -2.087276
21.450       -2.098777
21.465       -2.110267
21.480       -2.121745
21.495       -2.133210
21.510       -2.144660
21.525       -2.156094
21.540       -2.167512
21.555       -2.178911
21.570       -2.190291
21.585       -2.201650
21.600       -2.212986
21.615       -2.224300
21.630       -2.235589
21.645       -2.246853
21.660       -2.258089
21.675       -2.269298
21.690       -2.280476
21.705       -2.291625
21.720       -2.302741
21.735       -2.313824
21.750       -2.324873
21.765       -2.335887
21.780       -2.346863
21.795       -2.357802
21.810       -2.368702
21.825       -2.379561
21.840       -2.390379
21.855       -2.401154
21.870       -2.411885
21.885       -2.422571
21.900       -2.433211
21.915       -2.443804
21.930       -2.454348
21.945       -2.464842
21.960       -2.475285
21.975       -2.485676
21.990       -2.496015
22.005       -2.506299
22.020       -2.516527
22.035       -2.526699
22.050       -2.536813
22.065       -2.546869
22.080       -2.556865
22.095       -2.566799
22.110       -2.576672
22.125       -2.586481
22.140       -2.596227
22.155       -2.605907
22.170       -2.615520
22.185       -2.625067
22.200       -2.634545
22.215       -2.643953
22.230       -2.653291
22.245       -2.662557
22.260       -2.671751
22.275       -2.680871
22.290       -2.689917
22.305       -2.698887
22.320       -2.707781
22.335       -2.716597
22.350       -2.725334
22.365       -2.733993
22.380       -2.742570
22.395       -2.751067
22.410       -2.759481
22.425       -2.767812
22.440       -2.776059
22.455       -2.784221
22.470       -2.792297
22.485       -2.800286
22.500       -2.808188
22.515       -2.816001
22.530       -2.823725
22.545       -2.831358
22.560       -2.838901
22.575       -2.846351
22.590       -2.853709
22.605       -2.860973
22.620       -2.868143
22.635       -2.875218
22.650       -2.882197
22.665       -2.889080
22.680       -2.895865
22.695       -2.902552
22.710       -2.909140
22.725       -2.915628
22.740       -2.922016
22.755       -2.928303
22.770       -2.934489
22.785       -2.940572
22.800       -2.946552
22.815       -2.952428
22.830       -2.958200
22.845       -2.963867
22.860       -2.969428
22.875       -2.974884
22.890       -2.980232
22.905       -2.985473
22.920       -2.990606
22.935       -2.995631
22.950       -3.000546
22.965       -3.005352
22.980       -3.010048
22.995       -3.014633
23.010       -3.019107
23.025       -3.023469
23.040       -3.027719
23.055       -3.031856
23.070       -3.035881
23.085       -3.039792
23.100       -3.043589
23.115       -3.047272
23.130       -3.050840
23.145       -3.054292
23.160       -3.057630
23.175       -3.060851
23.190       -3.063956
23.205       -3.066945
23.220       -3.069817
23.235       -3.072571
23.250       -3.075208
23.265       -3.077728
23.280       -3.080129
23.295       -3.082412
23.310       -3.084576
23.325       -3.086621
23.340       -3.088548
23.355       -3.090355
23.370       -3.092042
23.385       -3.093610
23.400       -3.095058
23.415       -3.096387
23.430       -3.097595
23.445       -3.098682
23.460       -3.099650
23.475       -3.100497
23.490       -3.101223
23.505       -3.101829
23.520       -3.102314
23.535       -3.102678
23.550       -3.102921
23.565       -3.103044
23.580       -3.103046
23.595       -3.102926
23.610       -3.102686
23.625       -3.102326
23.640       -3.101844
23.655       -3.101242
23.670       -3.100519
23.685       -3.099675
23.700       -3.098711
23.715       -3.097627
23.730       -3.096422
23.745       -3.095097
23.760       -3.093652
23.775       -3.092088
23.790       -3.090403
23.805       -3.088600
23.820       -3.086677
23.835       -3.084635
23.850       -3.082474
23.865       -3.080194
23.880       -3.077796
23.895       -3.075280
23.910       -3.072647
23.925       -3.069895
23.940       -3.067027
23.955       -3.064041
23.970       -3.060939
23.985       -3.057721
24.000       -3.054387
24.015       -3.050937
24.030       -3.047373
24.045       -3.043693
24.060       -3.039899
24.075       -3.035991
24.090       -3.031970
24.105       -3.027836
24.120       -3.023589
24.135       -3.019230
24.150       -3.014759
24.165       -3.010177
24.180       -3.005484
24.195       -3.000682
24.210       -2.995769
24.225       -2.990748
24.240       -2.985618
24.255       -2.980380
24.270       -2.975034
24.285       -2.969582
24.300       -2.964023
24.315       -2.958359
24.330       -2.952590
24.345       -2.946717
24.360       -2.940740
24.375       -2.934660
24.390       -2.928477
24.405       -2.922193
24.420       -2.915807
24.435       -2.909322
24.450       -2.902737
24.465       -2.896052
24.480       -2.889270
24.495       -2.882391
24.510       -2.875414
24.525       -2.868342
24.540       -2.861175
24.555       -2.853913
24.570       -2.846558
24.585       -2.839110
24.600       -2.831570
24.615       -2.823939
24.630       -2.816218
24.645       -2.808407
24.660       -2.800508
24.675       -2.792521
24.690       -2.784447
24.705       -2.776288
24.720       -2.768043
24.735       -2.759715
24.750       -2.751303
24.765       -2.742808
24.780       -2.734233
24.795       -2.725577
24.810       -2.716842
24.825       -2.708028
24.840       -2.699136
24.855       -2.690168
24.870       -2.681125
24.885       -2.672007
24.900       -2.662815
24.915       -2.653550
24.930       -2.644215
24.945       -2.634808
24.960       -2.625332
24.975       -2.615788
24.990       -2.606176
25.005       -2.596498
25.020       -2.586754
25.035       -2.576946
25.050       -2.567075
25.065       -2.557142
25.080       -2.547149
25.095       -2.537095
25.110       -2.526982
25.125       -2.516812
25.140       -2.506585
25.155       -2.496302
25.170       -2.485966
25.185       -2.475576
25.200       -2.465134
25.215       -2.454641
25.230       -2.444098
25.245       -2.433507
25.260       -2.422869
25.275       -2.412184
25.290       -2.401454
25.305       -2.390680
25.320       -2.379863
25.335       -2.369005
25.350       -2.358107
25.365       -2.347169
25.380       -2.336193
25.395       -2.325181
25.410       -2.314133
25.425       -2.303051
25.440       -2.291935
25.455       -2.280788
25.470       -2.269610
25.485       -2.258402
25.500       -2.247167
25.515       -2.235904
25.530       -2.224615
25.545       -2.213302
25.560       -2.201966
25.575       -2.190608
25.590       -2.179229
25.605       -2.167830
25.620       -2.156413
25.635       -2.144979
25.650       -2.133529
25.665       -2.122065
25.680       -2.110587
25.695       -2.099098
25.710       -2.087597
25.725       -2.076087
25.740       -2.064569
25.755       -2.053044
25.770       -2.041513
25.785       -2.029978
25.800       -2.018439
25.815       -2.006899
25.830       -1.995358
25.845       -1.983817
25.860       -1.972279
25.875       -1.960744
25.890       -1.949213
25.905       -1.937687
25.920       -1.926169
25.935       -1.914659
25.950       -1.903158
25.965       -1.891668
25.980       -1.880190
25.995       -1.868725
26.010       -1.857275
26.025       -1.845841
26.040       -1.834423
26.055       -1.823024
26.070       -1.811644
26.085       -1.800285
26.100       -1.788948
26.115       -1.777635
26.130       -1.766346
26.145       -1.755082
26.160       -1.743846
26.175       -1.732637
26.190       -1.721458
26.205       -1.710310
26.220       -1.699194
26.235       -1.688111
26.250       -1.677062
26.265       -1.666048
26.280       -1.655072
26.295       -1.644133
26.310       -1.633233
26.325       -1.622374
26.340       -1.611556
26.355       -1.600781
26.370       -1.590050
26.385       -1.579364
26.400       -1.568724
26.415       -1.558131
26.430       -1.547587
26.445       -1.537093
26.460       -1.526650
26.475       -1.516258
26.490       -1.505920
26.505       -1.495636
26.520       -1.485408
26.535       -1.475236
26.550       -1.465122
26.565       -1.455066
26.580       -1.445070
26.595       -1.435136
26.610       -1.425263
26.625       -1.415454
26.640       -1.405708
26.655       -1.396028
26.670       -1.386415
26.685       -1.376868
26.700       -1.367390
26.715       -1.357982
26.730       -1.348644
26.745       -1.339378
26.760       -1.330184
26.775       -1.321064
26.790       -1.312018
26.805       -1.303048
26.820       -1.294154
26.835       -1.285338
26.850       -1.276601
26.865       -1.267942
26.880       -1.259365
26.895       -1.250868
26.910       -1.242454
26.925       -1.234123
26.940       -1.225876
26.955       -1.217714
26.970       -1.209638
26.985       -1.201649
27.000       -1.193747
27.015       -1.185934
27.030       -1.178210
27.045       -1.170577
27.060       -1.163035
27.075       -1.155584
27.090       -1.148226
27.105       -1.140962
27.120       -1.133792
27.135       -1.126717
27.150       -1.119738
27.165       -1.112856
27.180       -1.106071
27.195       -1.099384
27.210       -1.092796
27.225       -1.086307
27.240       -1.079919
27.255       -1.073632
27.270       -1.067447
27.285       -1.061364
27.300       -1.055384
27.315       -1.049507
27.330       -1.043735
27.345       -1.038068
27.360       -1.032507
27.375       -1.027052
27.390       -1.021703
27.405       -1.016462
27.420       -1.011329
27.435       -1.006305
27.450       -1.001389
27.465       -0.996583
27.480       -0.991888
27.495       -0.987303
27.510       -0.982829
27.525       -0.978467
27.540       -0.974216
27.555       -0.970079
27.570       -0.966054
27.585       -0.962143
27.600       -0.958346
27.615       -0.954664
27.630       -0.951096
27.645       -0.947643
27.660       -0.944306
27.675       -0.941084
27.690       -0.937979
27.705       -0.934990
27.720       -0.932118
27.735       -0.929364
27.750       -0.926727
27.765       -0.924208
27.780       -0.921806
27.795       -0.919524
27.810       -0.917359
27.825       -0.915314
27.840       -0.913388
27.855       -0.911581
27.870       -0.909893
27.885       -0.908325
27.900       -0.906877
27.915       -0.905549
27.930       -0.904341
27.945       -0.903253
27.960       -0.902285
27.975       -0.901439
27.990       -0.900712
28.005       -0.900107
28.020       -0.899622
28.035       -0.899257
28.050       -0.899014
28.065       -0.898891
28.080       -0.898890
28.095       -0.899009
28.110       -0.899249
28.125       -0.899610
28.140       -0.900091
28.155       -0.900694
28.170       -0.901417
28.185       -0.902260
28.200       -0.903224
28.215       -0.904309
28.230       -0.905513
28.245       -0.906838
28.260       -0.908283
28.275       -0.909848
28.290       -0.911532
28.305       -0.913336
28.320       -0.915259
28.335       -0.917301
28.350       -0.919462
28.365       -0.921741
28.380       -0.924139
28.395       -0.926655
28.410       -0.929289
28.425       -0.932040
28.440       -0.934909
28.455       -0.937894
28.470       -0.940996
28.485       -0.944214
28.500       -0.947548
28.515       -0.950998
28.530       -0.954563
28.545       -0.958242
28.560       -0.962036
28.575       -0.965944
28.590       -0.969965
28.605       -0.974100
28.620       -0.978347
28.635       -0.982706
28.650       -0.987177
28.665       -0.991759
28.680       -0.996451
28.695       -1.001254
28.710       -1.006166
28.725       -1.011188
28.740       -1.016318
28.755       -1.021556
28.770       -1.026901
28.785       -1.032354
28.800       -1.037912
28.815       -1.043576
28.830       -1.049345
28.845       -1.055219
28.860       -1.061196
28.875       -1.067276
28.890       -1.073459
28.905       -1.079743
28.920       -1.086128
28.935       -1.092614
28.950       -1.099199
28.965       -1.105883
28.980       -1.112665
28.995       -1.119545
29.010       -1.126521
29.025       -1.133594
29.040       -1.140761
29.055       -1.148023
29.070       -1.155378
29.085       -1.162826
29.100       -1.170366
29.115       -1.177997
29.130       -1.185718
29.145       -1.193529
29.160       -1.201428
29.175       -1.209415
29.190       -1.217488
29.205       -1.225648
29.220       -1.233892
29.235       -1.242221
29.250       -1.250633
29.265       -1.259127
29.280       -1.267703
29.295       -1.276359
29.310       -1.285094
29.325       -1.293908
29.340       -1.302799
29.355       -1.311767
29.370       -1.320811
29.385       -1.329929
29.400       -1.339121
29.415       -1.348385
29.430       -1.357721
29.445       -1.367128
29.460       -1.376604
29.475       -1.386148
29.490       -1.395760
29.505       -1.405438
29.520       -1.415181
29.535       -1.424989
29.550       -1.434860
29.565       -1.444793
29.580       -1.454787
29.595       -1.464841
29.610       -1.474954
29.625       -1.485124
29.640       -1.495351
29.655       -1.505633
29.670       -1.515970
29.685       -1.526360
29.700       -1.536802
29.715       -1.547295
29.730       -1.557837
29.745       -1.568428
29.760       -1.579067
29.775       -1.589752
29.790       -1.600482
29.805       -1.611256
29.820       -1.622072
29.835       -1.632930
29.850       -1.643829
29.865       -1.654767
29.880       -1.665742
29.895       -1.676755
29.910       -1.687803
29.925       -1.698885
29.940       -1.710000
29.955       -1.721148
29.970       -1.732326
29.985       -1.743533
30.000       -1.754769
30.015       -1.766032
30.030       -1.777320
30.045       -1.788633
30.060       -1.799970
30.075       -1.811328
30.090       -1.822707
30.105       -1.834106
30.120       -1.845523
30.135       -1.856957
30.150       -1.868407
30.165       -1.879871
30.180       -1.891348
30.195       -1.902838
30.210       -1.914339
30.225       -1.925848
30.240       -1.937367
30.255       -1.948892
30.270       -1.960423
30.285       -1.971958
30.300       -1.983496
30.315       -1.995037
30.330       -2.006578
30.345       -2.018118
30.360       -2.029657
30.375       -2.041192
30.390       -2.052723
30.405       -2.064248
30.420       -2.075767
30.435       -2.087277
30.450       -2.098778
30.465       -2.110268
30.480       -2.121746
30.495       -2.133210
30.510       -2.144661
30.525       -2.156095
30.540       -2.167512
30.555       -2.178912
30.570       -2.190291
30.585       -2.201650
30.600       -2.212987
30.615       -2.224301
30.630       -2.235590
30.645       -2.246854
30.660       -2.258090
30.675       -2.269298
30.690       -2.280477
30.705       -2.291625
30.720       -2.302742
30.735       -2.313825
30.750       -2.324874
30.765       -2.335887
30.780       -2.346864
30.795       -2.357803
30.810       -2.368702
30.825       -2.379562
30.840       -2.390379
30.855       -2.401155
30.870       -2.411886
30.885       -2.422572
30.900       -2.433212
30.915       -2.443804
30.930       -2.454348
30.945       -2.464842
30.960       -2.475286
30.975       -2.485677
30.990       -2.496015
31.005       -2.506299
31.020       -2.516528
31.035       -2.526700
31.050       -2.536814
31.065       -2.546869
31.080       -2.556865
31.095       -2.566800
31.110       -2.576673
31.125       -2.586482
31.140       -2.596227
31.155       -2.605907
31.170       -2.615521
31.185       -2.625067
31.200       -2.634545
31.215       -2.643954
31.230       -2.653292
31.245       -2.662558
31.260       -2.671752
31.275       -2.680872
31.290       -2.689918
31.305       -2.698888
31.320       -2.707781
31.335       -2.716597
31.350       -2.725335
31.365       -2.733993
31.380       -2.742571
31.395       -2.751067
31.410       -2.759482
31.425       -2.767813
31.440       -2.776060
31.455       -2.784221
31.470       -2.792297
31.485       -2.800287
31.500       -2.808188
31.515       -2.816001
31.530       -2.823725
31.545       -2.831359
31.560       -2.838901
31.575       -2.846352
31.590       -2.853709
31.605       -2.860974
31.620       -2.868144
31.635       -2.875219
31.650       -2.882198
31.665       -2.889080
31.680       -2.895865
31.695       -2.902552
31.710       -2.909140
31.725       -2.915628
31.740       -2.922016
31.755       -2.928304
31.770       -2.934489
31.785       -2.940572
31.800       -2.946552
31.815       -2.952428
31.830       -2.958200
31.845       -2.963867
31.860       -2.969429
31.875       -2.974884
31.890       -2.980232
31.905       -2.985473
31.920       -2.990606
31.935       -2.995631
31.950       -3.000546
31.965       -3.005352
31.980       -3.010048
31.995       -3.014633
32.010       -3.019107
32.025       -3.023469
32.040       -3.027719
32.055       -3.031857
32.070       -3.035881
32.085       -3.039792
32.100       -3.043589
32.115       -3.047272
32.130       -3.050840
32.145       -3.054293
32.160       -3.057630
32.175       -3.060851
32.190       -3.063957
32.205       -3.066945
32.220       -3.069817
32.235       -3.072572
32.250       -3.075209
32.265       -3.077728
32.280       -3.080129
32.295       -3.082412
32.310       -3.084576
32.325       -3.086622
32.340       -3.088548
32.355       -3.090355
32.370       -3.092043
32.385       -3.093611
32.400       -3.095059
32.415       -3.096387
32.430       -3.097595
32.445       -3.098683
32.460       -3.099650
32.475       -3.100497
32.490       -3.101223
32.505       -3.101829
32.520       -3.102314
32.535       -3.102678
32.550       -3.102922
32.565       -3.103044
32.580       -3.103046
32.595       -3.102927
32.610       -3.102687
32.625       -3.102326
32.640       -3.101844
32.655       -3.101242
32.670       -3.100519
32.685       -3.099675
32.700       -3.098711
32.715       -3.097627
32.730       -3.096422
32.745       -3.095097
32.760       -3.093652
32.775       -3.092088
32.790       -3.090404
32.805       -3.088600
32.820       -3.086677
32.835       -3.084635
32.850       -3.082474
32.865       -3.080194
32.880       -3.077796
32.895       -3.075280
32.910       -3.072647
32.925       -3.069895
32.940       -3.067027
32.955       -3.064041
32.970       -3.060939
32.985       -3.057721
33.000       -3.054387
33.015       -3.050937
33.030       -3.047373
33.045       -3.043693
33.060       -3.039899
33.075       -3.035991
33.090       -3.031970
33.105       -3.027836
33.120       -3.023589
33.135       -3.019230
33.150       -3.014759
33.165       -3.010177
33.180       -3.005484
33.195       -3.000682
33.210       -2.995769
33.225       -2.990748
33.240       -2.985618
33.255       -2.980380
33.270       -2.975034
33.285       -2.969582
33.300       -2.964023
33.315       -2.958359
33.330       -2.952590
33.345       -2.946717
33.360       -2.940740
33.375       -2.934660
33.390       -2.928477
33.405       -2.922193
33.420       -2.915807
33.435       -2.909322
33.450       -2.902737
33.465       -2.896052
33.480       -2.889270
33.495       -2.882390
33.510       -2.875414
33.525       -2.868342
33.540       -2.861174
33.555       -2.853913
33.570       -2.846558
33.585       -2.839110
33.600       -2.831570
33.615       -2.823939
33.630       -2.816218
33.645       -2.808407
33.660       -2.800508
33.675       -2.792521
33.690       -2.784447
33.705       -2.776288
33.720       -2.768043
33.735       -2.759714
33.750       -2.751303
33.765       -2.742808
33.780       -2.734233
33.795       -2.725577
33.810       -2.716842
33.825       -2.708028
33.840       -2.699136
33.855       -2.690168
33.870       -2.681125
33.885       -2.672006
33.900       -2.662815
33.915       -2.653550
33.930       -2.644214
33.945       -2.634808
33.960       -2.625332
33.975       -2.615788
33.990       -2.606176
34.005       -2.596498
34.020       -2.586754
34.035       -2.576946
34.050       -2.567075
34.065       -2.557142
34.080       -2.547148
34.095       -2.537095
34.110       -2.526982
34.125       -2.516811
34.140       -2.506585
34.155       -2.496302
34.170       -2.485966
34.185       -2.475576
34.200       -2.465134
34.215       -2.454641
34.230       -2.444098
34.245       -2.433507
34.260       -2.422869
34.275       -2.412184
34.290       -2.401454
34.305       -2.390680
34.320       -2.379863
34.335       -2.369005
34.350       -2.358107
34.365       -2.347169
34.380       -2.336193
34.395       -2.325181
34.410       -2.314133
34.425       -2.303051
34.440       -2.291935
34.455       -2.280788
34.470       -2.269610
34.485       -2.258402
34.500       -2.247166
34.515       -2.235904
34.530       -2.224615
34.545       -2.213302
34.560       -2.201966
34.575       -2.190608
34.590       -2.179229
34.605       -2.167830
34.620       -2.156413
34.635       -2.144979
34.650       -2.133529
34.665       -2.122065
34.680       -2.110587
34.695       -2.099097
34.710       -2.087597
34.725       -2.076087
34.740       -2.064569
34.755       -2.053044
34.770       -2.041513
34.785       -2.029978
34.800       -2.018439
34.815       -2.006899
34.830       -1.995358
34.845       -1.983817
34.860       -1.972279
34.875       -1.960743
34.890       -1.949212
34.905       -1.937687
34.920       -1.926169
34.935       -1.914659
34.950       -1.903158
34.965       -1.891668
34.980       -1.880190
34.995       -1.868725
35.010       -1.857275
35.025       -1.845841
35.040       -1.834423
35.055       -1.823024
35.070       -1.811644
35.085       -1.800285
35.100       -1.788948
35.115       -1.777635
35.130       -1.766345
35.145       -1.755082
35.160       -1.743846
35.175       -1.732637
35.190       -1.721458
35.205       -1.710310
35.220       -1.699194
35.235       -1.688111
35.250       -1.677062
35.265       -1.666048
35.280       -1.655072
35.295       -1.644133
35.310       -1.633233
35.325       -1.622374
35.340       -1.611556
35.355       -1.600781
35.370       -1.590050
35.385       -1.579364
35.400       -1.568724
35.415       -1.558131
35.430       -1.547587
35.445       -1.537093
35.460       -1.526650
35.475       -1.516258
35.490       -1.505920
35.505       -1.495636
35.520       -1.485408
35.535       -1.475236
35.550       -1.465122
35.565       -1.455066
35.580       -1.445070
35.595       -1.435136
35.610       -1.425263
35.625       -1.415453
35.640       -1.405708
35.655       -1.396028
35.670       -1.386414
35.685       -1.376868
35.700       -1.367390
35.715       -1.357982
35.730       -1.348644
35.745       -1.339378
35.760       -1.330184
35.775       -1.321064
35.790       -1.312018
35.805       -1.303048
35.820       -1.294154
35.835       -1.285338
35.850       -1.276601
35.865       -1.267942
35.880       -1.259365
35.895       -1.250868
35.910       -1.242454
35.925       -1.234123
35.940       -1.225876
35.955       -1.217714
35.970       -1.209638
35.985       -1.201649
36.000       -1.193747
36.015       -1.185934
36.030       -1.178210
36.045       -1.170577
36.060       -1.163034
36.075       -1.155584
36.090       -1.148226
36.105       -1.140962
36.120       -1.133792
36.135       -1.126717
36.150       -1.119738
36.165       -1.112855
36.180       -1.106070
36.195       -1.099384
36.210       -1.092796
36.225       -1.086307
36.240       -1.079919
36.255       -1.073632
36.270       -1.067447
36.285       -1.061364
36.300       -1.055384
36.315       -1.049507
36.330       -1.043735
36.345       -1.038068
36.360       -1.032507
36.375       -1.027052
36.390       -1.021703
36.405       -1.016462
36.420       -1.011329
36.435       -1.006305
36.450       -1.001389
36.465       -0.996583
36.480       -0.991888
36.495       -0.987303
36.510       -0.982829
36.525       -0.978466
36.540       -0.974216
36.555       -0.970079
36.570       -0.966054
36.585       -0.962143
36.600       -0.958346
36.615       -0.954664
36.630       -0.951096
36.645       -0.947643
36.660       -0.944306
36.675       -0.941084
36.690       -0.937979
36.705       -0.934990
36.720       -0.932118
36.735       -0.929364
36.750       -0.926727
36.765       -0.924208
36.780       -0.921806
36.795       -0.919524
36.810       -0.917359
36.825       -0.915314
36.840       -0.913388
36.855       -0.911581
36.870       -0.909893
36.885       -0.908325
36.900       -0.906877
36.915       -0.905549
36.930       -0.904341
36.945       -0.903253
36.960       -0.902285
36.975       -0.901439
36.990       -0.900712
37.005       -0.900107
37.020       -0.899622
37.035       -0.899257
37.050       -0.899014
37.065       -0.898891
37.080       -0.898890
37.095       -0.899009
37.110       -0.899249
37.125       -0.899610
37.140       -0.900091
37.155       -0.900694
37.170       -0.901417
37.185       -0.902260
37.200       -0.903224
37.215       -0.904309
37.230       -0.905513
37.245       -0.906838
37.260       -0.908283
37.275       -0.909848
37.290       -0.911532
37.305       -0.913336
37.320       -0.915259
37.335       -0.917301
37.350       -0.919462
37.365       -0.921741
37.380       -0.924139
37.395       -0.926655
37.410       -0.929289
37.425       -0.932040
37.440       -0.934909
37.455       -0.937894
37.470       -0.940996
37.485       -0.944214
37.500       -0.947548
37.515       -0.950998
37.530       -0.954563
37.545       -0.958242
37.560       -0.962036
37.575       -0.965944
37.590       -0.969965
37.605       -0.974100
37.620       -0.978347
37.635       -0.982706
37.650       -0.987177
37.665       -0.991759
37.680       -0.996451
37.695       -1.001254
37.710       -1.006166
37.725       -1.011188
37.740       -1.016318
37.755       -1.021556
37.770       -1.026901
37.785       -1.032354
37.800       -1.037912
37.815       -1.043576
37.830       -1.049345
37.845       -1.055219
37.860       -1.061196
37.875       -1.067276
37.890       -1.073458
37.905       -1.079743
37.920       -1.086128
37.935       -1.092614
37.950       -1.099199
37.965       -1.105883
37.980       -1.112665
37.995       -1.119545
38.010       -1.126521
38.025       -1.133594
38.040       -1.140761
38.055       -1.148023
38.070       -1.155378
38.085       -1.162826
38.100       -1.170366
38.115       -1.177997
38.130       -1.185718
38.145       -1.193529
38.160       -1.201428
38.175       -1.209415
38.190       -1.217488
38.205       -1.225648
38.220       -1.233892
38.235       -1.242221
38.250       -1.250633
38.265       -1.259127
38.280       -1.267703
38.295       -1.276359
38.310       -1.285094
38.325       -1.293908
38.340       -1.302799
38.355       -1.311767
38.370       -1.320811
38.385       -1.329929
38.400       -1.339121
38.415       -1.348385
38.430       -1.357721
38.445       -1.367128
38.460       -1.376604
38.475       -1.386148
38.490       -1.395760
38.505       -1.405438
38.520       -1.415181
38.535       -1.424989
38.550       -1.434860
38.565       -1.444793
38.580       -1.454787
38.595       -1.464841
38.610       -1.474954
38.625       -1.485124
38.640       -1.495351
38.655       -1.505633
38.670       -1.515970
38.685       -1.526360
38.700       -1.536802
38.715       -1.547295
38.730       -1.557837
38.745       -1.568428
38.760       -1.579067
38.775       -1.589752
38.790       -1.600482
38.805       -1.611256
38.820       -1.622072
38.835       -1.632930
38.850       -1.643829
38.865       -1.654767
38.880       -1.665742
38.895       -1.676755
38.910       -1.687803
38.925       -1.698885
38.940       -1.710000
38.955       -1.721148
38.970       -1.732326
38.985       -1.743533
39.000       -1.754769
39.015       -1.766032
39.030       -1.777320
39.045       -1.788633
39.060       -1.799970
39.075       -1.811328
39.090       -1.822707
39.105       -1.834106
39.120       -1.845523
39.135       -1.856957
39.150       -1.868407
39.165       -1.879871
39.180       -1.891348
39.195       -1.902838
39.210       -1.914339
39.225       -1.925848
39.240       -1.937367
39.255       -1.948892
39.270       -1.960423
39.285       -1.971958
39.300       -1.983496
39.315       -1.995037
39.330       -2.006578
39.345       -2.018118
39.360       -2.029657
39.375       -2.041192
39.390       -2.052723
39.405       -2.064248
39.420       -2.075767
39.435       -2.087277
39.450       -2.098778
39.465       -2.110268
39.480       -2.121746
39.495       -2.133210
39.510       -2.144661
39.525       -2.156095
39.540       -2.167512
39.555       -2.178912
39.570       -2.190291
39.585       -2.201650
39.600       -2.212987
39.615       -2.224301
39.630       -2.235590
39.645       -2.246854
39.660       -2.258090
39.675       -2.269298
39.690       -2.280477
39.705       -2.291625
39.720       -2.302742
39.735       -2.313825
39.750       -2.324874
39.765       -2.335887
39.780       -2.346864
39.795       -2.357803
39.810       -2.368702
39.825       -2.379562
39.840       -2.390379
39.855       -2.401155
39.870       -2.411886
39.885       -2.422572
39.900       -2.433212
39.915       -2.443804
39.930       -2.454348
39.945       -2.464842
39.960       -2.475286
39.975       -2.485677
39.990       -2.496015
40.005       -2.506299
40.020       -2.516528
40.035       -2.526700
40.050       -2.536814
40.065       -2.546869
40.080       -2.556865
40.095       -2.566800
40.110       -2.576673
40.125       -2.586482
40.140       -2.596227
40.155       -2.605907
40.170       -2.615521
40.185       -2.625067
40.200       -2.634545
40.215       -2.643954
40.230       -2.653292
40.245       -2.662558
40.260       -2.671752
40.275       -2.680872
40.290       -2.689918
40.305       -2.698888
40.320       -2.707781
40.335       -2.716597
40.350       -2.725335
40.365       -2.733993
40.380       -2.742571
40.395       -2.751067
40.410       -2.759482
40.425       -2.767813
40.440       -2.776060
40.455       -2.784221
40.470       -2.792298
40.485       -2.800287
40.500       -2.808188
40.515       -2.816001
40.530       -2.823725
40.545       -2.831359
40.560       -2.838901
40.575       -2.846352
40.590       -2.853709
40.605       -2.860974
40.620       -2.868144
40.635       -2.875219
40.650       -2.882198
40.665       -2.889080
40.680       -2.895865
40.695       -2.902552
40.710       -2.909140
40.725       -2.915628
40.740       -2.922016
40.755       -2.928304
40.770       -2.934489
40.785       -2.940572
40.800       -2.946552
40.815       -2.952428
40.830       -2.958200
40.845       -2.963867
40.860       -2.969429
40.875       -2.974884
40.890       -2.980232
40.905       -2.985473
40.920       -2.990606
40.935       -2.995631
40.950       -3.000546
40.965       -3.005352
40.980       -3.010048
40.995       -3.014633
41.010       -3.019107
41.025       -3.023469
41.040       -3.027719
41.055       -3.031857
41.070       -3.035881
41.085       -3.039792
41.100       -3.043589
41.115       -3.047272
41.130       -3.050840
41.145       -3.054293
41.160       -3.057630
41.175       -3.060851
41.190       -3.063957
41.205       -3.066945
41.220       -3.069817
41.235       -3.072572
41.250       -3.075209
41.265       -3.077728
41.280       -3.080129
41.295       -3.082412
41.310       -3.084576
41.325       -3.086622
41.340       -3.088548
41.355       -3.090355
41.370       -3.092043
41.385       -3.093611
41.400       -3.095059
41.415       -3.096387
41.430       -3.097595
41.445       -3.098683
41.460       -3.099650
41.475       -3.100497
41.490       -3.101223
41.505       -3.101829
41.520       -3.102314
41.535       -3.102678
41.550       -3.102922
41.565       -3.103044
41.580       -3.103046
41.595       -3.102927
41.610       -3.102687
41.625       -3.102326
41.640       -3.101844
41.655       -3.101242
41.670       -3.100519
41.685       -3.099675
41.700       -3.098711
41.715       -3.097627
41.730       -3.096422
41.745       -3.095097
41.760       -3.093652
41.775       -3.092088
41.790       -3.090404
41.805       -3.088600
41.820       -3.086677
41.835       -3.084635
41.850       -3.082474
41.865       -3.080194
41.880       -3.077796
41.895       -3.075280
41.910       -3.072647
41.925       -3.069895
41.940       -3.067027
41.955       -3.064041
41.970       -3.060939
41.985       -3.057721
42.000       -3.054387
42.015       -3.050937
42.030       -3.047373
42.045       -3.043693
42.060       -3.039899
42.075       -3.035991
42.090       -3.031970
42.105       -3.027836
42.120       -3.023589
42.135       -3.019230
42.150       -3.014759
42.165       -3.010177
42.180       -3.005484
42.195       -3.000682
42.210       -2.995769
42.225       -2.990748
42.240       -2.985618
42.255       -2.980380
42.270       -2.975034
42.285       -2.969582
42.300       -2.964023
42.315       -2.958359
42.330       -2.952590
42.345       -2.946717
42.360       -2.940740
42.375       -2.934660
42.390       -2.928477
42.405       -2.922193
42.420       -2.915807
42.435       -2.909322
42.450       -2.902737
42.465       -2.896052
42.480       -2.889270
42.495       -2.882390
42.510       -2.875414
42.525       -2.868342
42.540       -2.861174
42.555       -2.853913
42.570       -2.846558
42.585       -2.839110
42.600       -2.831570
42.615       -2.823939
42.630       -2.816218
42.645       -2.808407
42.660       -2.800508
42.675       -2.792521
42.690       -2.784447
42.705       -2.776288
42.720       -2.768043
42.735       -2.759714
42.750       -2.751303
42.765       -2.742808
42.780       -2.734233
42.795       -2.725577
42.810       -2.716842
42.825       -2.708028
42.840       -2.699136
42.855       -2.690168
42.870       -2.681125
42.885       -2.672006
42.900       -2.662815
42.915       -2.653550
42.930       -2.644214
42.945       -2.634808
42.960       -2.625332
42.975       -2.615788
42.990       -2.606176
43.005       -2.596498
43.020       -2.586754
43.035       -2.576946
43.050       -2.567075
43.065       -2.557142
43.080       -2.547148
43.095       -2.537095
43.110       -2.526982
43.125       -2.516811
43.140       -2.506585
43.155       -2.496302
43.170       -2.485966
43.185       -2.475576
43.200       -2.465134
43.215       -2.454641
43.230       -2.444098
43.245       -2.433507
43.260       -2.422869
43.275       -2.412184
43.290       -2.401454
43.305       -2.390680
43.320       -2.379863
43.335       -2.369005
43.350       -2.358107
43.365       -2.347169
43.380       -2.336193
43.395       -2.325181
43.410       -2.314133
43.425       -2.303051
43.440       -2.291935
43.455       -2.280788
43.470       -2.269610
43.485       -2.258402
43.500       -2.247166
43.515       -2.235904
43.530       -2.224615
43.545       -2.213302
43.560       -2.201966
43.575       -2.190608
43.590       -2.179229
43.605       -2.167830
43.620       -2.156413
43.635       -2.144979
43.650       -2.133529
43.665       -2.122065
43.680       -2.110587
43.695       -2.099097
43.710       -2.087597
43.725       -2.076087
43.740       -2.064569
43.755       -2.053044
43.770       -2.041513
43.785       -2.029978
43.800       -2.018439
43.815       -2.006899
43.830       -1.995358
43.845       -1.983817
43.860       -1.972279
43.875       -1.960743
43.890       -1.949212
43.905       -1.937687
43.920       -1.926169
43.935       -1.914659
43.950       -1.903158
43.965       -1.891668
43.980       -1.880190
43.995       -1.868725
44.010       -1.857275
44.025       -1.845841
44.040       -1.834423
44.055       -1.823024
44.070       -1.811644
44.085       -1.800285
44.100       -1.788948
44.115       -1.777635
44.130       -1.766345
44.145       -1.755082
44.160       -1.743846
44.175       -1.732637
44.190       -1.721458
44.205       -1.710310
44.220       -1.699194
44.235       -1.688111
44.250       -1.677062
44.265       -1.666048
44.280       -1.655072
44.295       -1.644133
44.310       -1.633233
44.325       -1.622374
44.340       -1.611556
44.355       -1.600781
44.370       -1.590050
44.385       -1.579364
44.400       -1.568724
44.415       -1.558131
44.430       -1.547587
44.445       -1.537093
44.460       -1.526650
44.475       -1.516258
44.490       -1.505920
44.505       -1.495636
44.520       -1.485408
44.535       -1.475236
44.550       -1.465122
44.565       -1.455066
44.580       -1.445070
44.595       -1.435136
44.610       -1.425263
44.625       -1.415453
44.640       -1.405708
44.655       -1.396028
44.670       -1.386414
44.685       -1.376868
44.700       -1.367390
44.715       -1.357982
44.730       -1.348644
44.745       -1.339378
44.760       -1.330184
44.775       -1.321064
44.790       -1.312018
44.805       -1.303048
44.820       -1.294154
44.835       -1.285338
44.850       -1.276601
44.865       -1.267942
44.880       -1.259365
44.895       -1.250868
44.910       -1.242454
44.925       -1.234123
44.940       -1.225876
44.955       -1.217714
44.970       -1.209638
44.985       -1.201649
45.000       -1.193747
45.015       -1.185934
45.030       -1.178210
45.045       -1.170577
45.060       -1.163034
45.075       -1.155584
45.090       -1.148226
45.105       -1.140962
45.120       -1.133792
45.135       -1.126717
45.150       -1.119738
45.165       -1.112855
45.180       -1.106070
45.195       -1.099384
45.210       -1.092796
45.225       -1.086307
45.240       -1.079919
45.255       -1.073632
45.270       -1.067447
45.285       -1.061364
45.300       -1.055384
45.315       -1.049507
45.330       -1.043735
45.345       -1.038068
45.360       -1.032507
45.375       -1.027052
45.390       -1.021703
45.405       -1.016462
45.420       -1.011329
45.435       -1.006305
45.450       -1.001389
45.465       -0.996583
45.480       -0.991888
45.495       -0.987303
45.510       -0.982829
45.525       -0.978466
45.540       -0.974216
45.555       -0.970079
45.570       -0.966054
45.585       -0.962143
45.600       -0.958346
45.615       -0.954664
45.630       -0.951096
45.645       -0.947643
45.660       -0.944306
45.675       -0.941084
45.690       -0.937979
45.705       -0.934990
45.720       -0.932118
45.735       -0.929364
45.750       -0.926727
45.765       -0.924208
45.780       -0.921806
45.795       -0.919524
45.810       -0.917359
45.825       -0.915314
45.840       -0.913388
45.855       -0.911581
45.870       -0.909893
45.885       -0.908325
45.900       -0.906877
45.915       -0.905549
45.930       -0.904341
45.945       -0.903253
45.960       -0.902285
45.975       -0.901439
45.990       -0.900712
46.005       -0.900107
46.020       -0.899622
46.035       -0.899257
46.050       -0.899014
46.065       -0.898891
46.080       -0.898890
46.095       -0.899009
46.110       -0.899249
46.125       -0.899610
46.140       -0.900091
46.155       -0.900694
46.170       -0.901417
46.185       -0.902260
46.200       -0.903224
46.215       -0.904309
46.230       -0.905513
46.245       -0.906838
46.260       -0.908283
46.275       -0.909848
46.290       -0.911532
46.305       -0.913336
46.320       -0.915259
46.335       -0.917301
46.350       -0.919462
46.365       -0.921741
46.380       -0.924139
46.395       -0.926655
46.410       -0.929289
46.425       -0.932040
46.440       -0.934909
46.455       -0.937894
46.470       -0.940996
46.485       -0.944214
46.500       -0.947548
46.515       -0.950998
46.530       -0.954563
46.545       -0.958242
46.560       -0.962036
46.575       -0.965944
46.590       -0.969965
46.605       -0.974100
46.620       -0.978347
46.635       -0.982706
46.650       -0.987177
46.665       -0.991759
46.680       -0.996451
46.695       -1.001254
46.710       -1.006166
46.725       -1.011188
46.740       -1.016318
46.755       -1.021556
46.770       -1.026901
46.785       -1.032354
46.800       -1.037912
46.815       -1.043576
46.830       -1.049345
46.845       -1.055219
46.860       -1.061196
46.875       -1.067276
46.890       -1.073458
46.905       -1.079743
46.920       -1.086128
46.935       -1.092614
46.950       -1.099199
46.965       -1.105883
46.980       -1.112665
46.995       -1.119545
47.010       -1.126521
47.025       -1.133594
47.040       -1.140761
47.055       -1.148023
47.070       -1.155378
47.085       -1.162826
47.100       -1.170366
47.115       -1.177997
47.130       -1.185718
47.145       -1.193529
47.160       -1.201428
47.175       -1.209415
47.190       -1.217488
47.205       -1.225648
47.220       -1.233892
47.235       -1.242221
47.250       -1.250633
47.265       -1.259127
47.280       -1.267703
47.295       -1.276359
47.310       -1.285094
47.325       -1.293908
47.340       -1.302799
47.355       -1.311767
47.370       -1.320811
47.385       -1.329929
47.400       -1.339121
47.415       -1.348385
47.430       -1.357721
47.445       -1.367128
47.460       -1.376604
47.475       -1.386148
47.490       -1.395760
47.505       -1.405438
47.520       -1.415181
47.535       -1.424989
47.550       -1.434860
47.565       -1.444793
47.580       -1.454787
47.595       -1.464841
47.610       -1.474954
47.625       -1.485124
47.640       -1.495351
47.655       -1.505633
47.670       -1.515970
47.685       -1.526360
47.700       -1.536802
47.715       -1.547295
47.730       -1.557837
47.745       -1.568428
47.760       -1.579067
47.775       -1.589752
47.790       -1.600482
47.805       -1.611256
47.820       -1.622072
47.835       -1.632930
47.850       -1.643829
47.865       -1.654767
47.880       -1.665742
47.895       -1.676755
47.910       -1.687803
47.925       -1.698885
47.940       -1.710000
47.955       -1.721148
47.970       -1.732326
47.985       -1.743533
48.000       -1.754769
48.015       -1.766032
48.030       -1.777320
48.045       -1.788633
48.060       -1.799970
48.075       -1.811328
48.090       -1.822707
48.105       -1.834106
48.120       -1.845523
48.135       -1.856957
48.150       -1.868407
48.165       -1.879871
48.180       -1.891348
48.195       -1.902838
48.210       -1.914339
48.225       -1.925848
48.240       -1.937367
48.255       -1.948892
48.270       -1.960423
48.285       -1.971958
48.300       -1.983496
48.315       -1.995037
48.330       -2.006578
48.345       -2.018118
48.360       -2.029657
48.375       -2.041192
48.390       -2.052723
48.405       -2.064248
48.420       -2.075767
48.435       -2.087277
48.450       -2.098778
48.465       -2.110268
48.480       -2.121746
48.495       -2.133210
48.510       -2.144661
48.525       -2.156095
48.540       -2.167512
48.555       -2.178912
48.570       -2.190291
48.585       -2.201650
48.600       -2.212987
48.615       -2.224301
48.630       -2.235590
48.645       -2.246854
48.660       -2.258090
48.675       -2.269298
48.690       -2.280477
48.705       -2.291625
48.720       -2.302742
48.735       -2.313825
48.750       -2.324874
48.765       -2.335887
48.780       -2.346864
48.795       -2.357803
48.810       -2.368702
48.825       -2.379562
48.840       -2.390379
48.855       -2.401155
48.870       -2.411886
48.885       -2.422572
48.900       -2.433212
48.915       -2.443804
48.930       -2.454348
48.945       -2.464842
48.960       -2.475286
48.975       -2.485677
48.990       -2.496015
49.005       -2.506299
49.020       -2.516528
49.035       -2.526700
49.050       -2.536814
49.065       -2.546869
49.080       -2.556865
49.095       -2.566800
49.110       -2.576673
49.125       -2.586482
49.140       -2.596227
49.155       -2.605907
49.170       -2.615521
49.185       -2.625067
49.200       -2.634545
49.215       -2.643954
49.230       -2.653292
49.245       -2.662558
49.260       -2.671752
49.275       -2.680872
49.290       -2.689918
49.305       -2.698888
49.320       -2.707781
49.335       -2.716597
49.350       -2.725335
49.365       -2.733993
49.380       -2.742571
49.395       -2.751067
49.410       -2.759482
49.425       -2.767813
49.440       -2.776060
49.455       -2.784221
49.470       -2.792298
49.485       -2.800287
49.500       -2.808188
49.515       -2.816001
49.530       -2.823725
49.545       -2.831359
49.560       -2.838901
49.575       -2.846352
49.590       -2.853709
49.605       -2.860974
49.620       -2.868144
49.635       -2.875219
49.650       -2.882198
49.665       -2.889080
49.680       -2.895865
49.695       -2.902552
49.710       -2.909140
49.725       -2.915628
49.740       -2.922016
49.755       -2.928304
49.770       -2.934489
49.785       -2.940572
49.800       -2.946552
49.815       -2.952428
49.830       -2.958200
49.845       -2.963867
49.860       -2.969429
49.875       -2.974884
49.890       -2.980232
49.905       -2.985473
49.920       -2.990606
49.935       -2.995631
49.950       -3.000546
49.965       -3.005352
49.980       -3.010048
49.995       -3.014633
50.010       -3.019107
50.025       -3.023469
50.040       -3.027719
50.055       -3.031857
50.070       -3.035881
50.085       -3.039792
50.100       -3.043589
50.115       -3.047272
50.130       -3.050840
50.145       -3.054293
50.160       -3.057630
50.175       -3.060851
50.190       -3.063957
50.205       -3.066945
50.220       -3.069817
50.235       -3.072572
50.250       -3.075209
50.265       -3.077728
50.280       -3.080129
50.295       -3.082412
50.310       -3.084576
50.325       -3.086622
50.340       -3.088548
50.355       -3.090355
50.370       -3.092043
50.385       -3.093611
50.400       -3.095059
50.415       -3.096387
50.430       -3.097595
50.445       -3.098683
50.460       -3.099650
50.475       -3.100497
50.490       -3.101223
50.505       -3.101829
50.520       -3.102314
50.535       -3.102678
50.550       -3.102922
50.565       -3.103044
50.580       -3.103046
50.595       -3.102927
50.610       -3.102687
50.625       -3.102326
50.640       -3.101844
50.655       -3.101242
50.670       -3.100519
50.685       -3.099675
50.700       -3.098711
50.715       -3.097627
50.730       -3.096422
50.745       -3.095097
50.760       -3.093652
50.775       -3.092088
50.790       -3.090404
50.805       -3.088600
50.820       -3.086677
50.835       -3.084635
50.850       -3.082474
50.865       -3.080194
50.880       -3.077796
50.895       -3.075280
50.910       -3.072647
50.925       -3.069895
50.940       -3.067027
50.955       -3.064041
50.970       -3.060939
50.985       -3.057721
51.000       -3.054387
51.015       -3.050937
51.030       -3.047373
51.045       -3.043693
51.060       -3.039899
51.075       -3.035991
51.090       -3.031970
51.105       -3.027836
51.120       -3.023589
51.135       -3.019230
51.150       -3.014759
51.165       -3.010177
51.180       -3.005484
51.195       -3.000682
51.210       -2.995769
51.225       -2.990748
51.240       -2.985618
51.255       -2.980380
51.270       -2.975034
51.285       -2.969582
51.300       -2.964023
51.315       -2.958359
51.330       -2.952590
51.345       -2.946717
51.360       -2.940740
51.375       -2.934660
51.390       -2.928477
51.405       -2.922193
51.420       -2.915807
51.435       -2.909322
51.450       -2.902737
51.465       -2.896052
51.480       -2.889270
51.495       -2.882390
51.510       -2.875414
51.525       -2.868342
51.540       -2.861174
51.555       -2.853913
51.570       -2.846558
51.585       -2.839110
51.600       -2.831570
51.615       -2.823939
51.630       -2.816218
51.645       -2.808407
51.660       -2.800508
51.675       -2.792521
51.690       -2.784447
51.705       -2.776288
51.720       -2.768043
51.735       -2.759714
51.750       -2.751303
51.765       -2.742808
51.780       -2.734233
51.795       -2.725577
51.810       -2.716842
51.825       -2.708028
51.840       -2.699136
51.855       -2.690168
51.870       -2.681125
51.885       -2.672006
51.900       -2.662815
51.915       -2.653550
51.930       -2.644214
51.945       -2.634808
51.960       -2.625332
51.975       -2.615788
51.990       -2.606176
52.005       -2.596498
52.020       -2.586754
52.035       -2.576946
52.050       -2.567075
52.065       -2.557142
52.080       -2.547148
52.095       -2.537095
52.110       -2.526982
52.125       -2.516811
52.140       -2.506585
52.155       -2.496302
52.170       -2.485966
52.185       -2.475576
52.200       -2.465134
52.215       -2.454641
52.230       -2.444098
52.245       -2.433507
52.260       -2.422869
52.275       -2.412184
52.290       -2.401454
52.305       -2.390680
52.320       -2.379863
52.335       -2.369005
52.350       -2.358107
52.365       -2.347169
52.380       -2.336193
52.395       -2.325181
52.410       -2.314133
52.425       -2.303051
52.440       -2.291935
52.455       -2.280788
52.470       -2.269610
52.485       -2.258402
52.500       -2.247166
52.515       -2.235904
52.530       -2.224615
52.545       -2.213302
52.560       -2.201966
52.575       -2.190608
52.590       -2.179229
52.605       -2.167830
52.620       -2.156413
52.635       -2.144979
52.650       -2.133529
52.665       -2.122065
52.680       -2.110587
52.695       -2.099097
52.710       -2.087597
52.725       -2.076087
52.740       -2.064569
52.755       -2.053044
52.770       -2.041513
52.785       -2.029978
52.800       -2.018439
52.815       -2.006899
52.830       -1.995358
52.845       -1.983817
52.860       -1.972279
52.875       -1.960743
52.890       -1.949212
52.905       -1.937687
52.920       -1.926169
52.935       -1.914659
52.950       -1.903158
52.965       -1.891668
52.980       -1.880190
52.995       -1.868725
53.010       -1.857275
53.025       -1.845841
53.040       -1.834423
53.055       -1.823024
53.070       -1.811644
53.085       -1.800285
53.100       -1.788948
53.115       -1.777635
53.130       -1.766345
53.145       -1.755082
53.160       -1.743846
53.175       -1.732637
53.190       -1.721458
53.205       -1.710310
53.220       -1.699194
53.235       -1.688111
53.250       -1.677062
53.265       -1.666048
53.280       -1.655072
53.295       -1.644133
53.310       -1.633233
53.325       -1.622374
53.340       -1.611556
53.355       -1.600781
53.370       -1.590050
53.385       -1.579364
53.400       -1.568724
53.415       -1.558131
53.430       -1.547587
53.445       -1.537093
53.460       -1.526650
53.475       -1.516258
53.490       -1.505920
53.505       -1.495636
53.520       -1.485408
53.535       -1.475236
53.550       -1.465122
53.565       -1.455066
53.580       -1.445070
53.595       -1.435136
53.610       -1.425263
53.625       -1.415453
53.640       -1.405708
53.655       -1.396028
53.670       -1.386414
53.685       -1.376868
53.700       -1.367390
53.715       -1.357982
53.730       -1.348644
53.745       -1.339378
53.760       -1.330184
53.775       -1.321064
53.790       -1.312018
53.805       -1.303048
53.820       -1.294154
53.835       -1.285338
53.850       -1.276601
53.865       -1.267942
53.880       -1.259365
53.895       -1.250868
53.910       -1.242454
53.925       -1.234123
53.940       -1.225876
53.955       -1.217714
53.970       -1.209638
53.985       -1.201649
54.000       -1.193747
54.015       -1.185934
54.030       -1.178210
54.045       -1.170577
54.060       -1.163034
54.075       -1.155584
54.090       -1.148226
54.105       -1.140962
54.120       -1.133792
54.135       -1.126717
54.150       -1.119738
54.165       -1.112855
54.180       -1.106070
54.195       -1.099384
54.210       -1.092796
54.225       -1.086307
54.240       -1.079919
54.255       -1.073632
54.270       -1.067447
54.285       -1.061364
54.300       -1.055383
54.315       -1.049507
54.330       -1.043735
54.345       -1.038068
54.360       -1.032507
54.375       -1.027052
54.390       -1.021703
54.405       -1.016462
54.420       -1.011329
54.435       -1.006305
54.450       -1.001389
54.465       -0.996583
54.480       -0.991888
54.495       -0.987303
54.510       -0.982829
54.525       -0.978466
54.540       -0.974216
54.555       -0.970079
54.570       -0.966054
54.585       -0.962143
54.600       -0.958346
54.615       -0.954664
54.630       -0.951096
54.645       -0.947643
54.660       -0.944306
54.675       -0.941084
54.690       -0.937979
54.705       -0.934990
54.720       -0.932118
54.735       -0.929364
54.750       -0.926727
54.765       -0.924208
54.780       -0.921806
54.795       -0.919524
54.810       -0.917359
54.825       -0.915314
54.840       -0.913388
54.855       -0.911581
54.870       -0.909893
54.885       -0.908325
54.900       -0.906877
54.915       -0.905549
54.930       -0.904341
54.945       -0.903253
54.960       -0.902285
54.975       -0.901439
54.990       -0.900712
55.005       -0.900107
55.020       -0.899622
55.035       -0.899257
55.050       -0.899014
55.065       -0.898891
55.080       -0.898890
55.095       -0.899009
55.110       -0.899249
55.125       -0.899610
55.140       -0.900091
55.155       -0.900694
55.170       -0.901417
55.185       -0.902260
55.200       -0.903224
55.215       -0.904309
55.230       -0.905513
55.245       -0.906838
55.260       -0.908283
55.275       -0.909848
55.290       -0.911532
55.305       -0.913336
55.320       -0.915259
55.335       -0.917301
55.350       -0.919462
55.365       -0.921741
55.380       -0.924139
55.395       -0.926655
55.410       -0.929289
55.425       -0.932040
55.440       -0.934909
55.455       -0.937894
55.470       -0.940996
55.485       -0.944214
55.500       -0.947548
55.515       -0.950998
55.530       -0.954563
55.545       -0.958242
55.560       -0.962036
55.575       -0.965944
55.590       -0.969965
55.605       -0.974100
55.620       -0.978347
55.635       -0.982706
55.650       -0.987177
55.665       -0.991759
55.680       -0.996451
55.695       -1.001254
55.710       -1.006166
55.725       -1.011188
55.740       -1.016318
55.755       -1.021556
55.770       -1.026901
55.785       -1.032354
55.800       -1.037912
55.815       -1.043576
55.830       -1.049345
55.845       -1.055219
55.860       -1.061196
55.875       -1.067276
55.890       -1.073458
55.905       -1.079743
55.920       -1.086128
55.935       -1.092614
55.950       -1.099199
55.965       -1.105883
55.980       -1.112665
55.995       -1.119545
56.010       -1.126521
56.025       -1.133594
56.040       -1.140761
56.055       -1.148023
56.070       -1.155378
56.085       -1.162826
56.100       -1.170366
56.115       -1.177997
56.130       -1.185718
56.145       -1.193529
56.160       -1.201428
56.175       -1.209415
56.190       -1.217488
56.205       -1.225648
56.220       -1.233892
56.235       -1.242221
56.250       -1.250633
56.265       -1.259127
56.280       -1.267703
56.295       -1.276359
56.310       -1.285094
56.325       -1.293908
56.340       -1.302799
56.355       -1.311767
56.370       -1.320811
56.385       -1.329929
56.400       -1.339121
56.415       -1.348385
56.430       -1.357721
56.445       -1.367128
56.460       -1.376604
56.475       -1.386148
56.490       -1.395760
56.505       -1.405438
56.520       -1.415181
56.535       -1.424989
56.550       -1.434860
56.565       -1.444793
56.580       -1.454787
56.595       -1.464841
56.610       -1.474954
56.625       -1.485124
56.640       -1.495351
56.655       -1.505633
56.670       -1.515970
56.685       -1.526360
56.700       -1.536802
56.715       -1.547295
56.730       -1.557837
56.745       -1.568428
56.760       -1.579067
56.775       -1.589752
56.790       -1.600482
56.805       -1.611256
56.820       -1.622072
56.835       -1.632930
56.850       -1.643829
56.865       -1.654767
56.880       -1.665742
56.895       -1.676755
56.910       -1.687803
56.925       -1.698885
56.940       -1.710000
56.955       -1.721148
56.970       -1.732326
56.985       -1.743533
57.000       -1.754769
57.015       -1.766032
57.030       -1.777320
57.045       -1.788633
57.060       -1.799970
57.075       -1.811328
57.090       -1.822707
57.105       -1.834106
57.120       -1.845523
57.135       -1.856957
57.150       -1.868407
57.165       -1.879871
57.180       -1.891348
57.195       -1.902838
57.210       -1.914339
57.225       -1.925848
57.240       -1.937367
57.255       -1.948892
57.270       -1.960423
57.285       -1.971958
57.300       -1.983496
57.315       -1.995037
57.330       -2.006578
57.345       -2.018118
57.360       -2.029657
57.375       -2.041192
57.390       -2.052723
57.405       -2.064248
57.420       -2.075767
57.435       -2.087277
57.450       -2.098778
57.465       -2.110268
57.480       -2.121746
57.495       -2.133210
57.510       -2.144661
57.525       -2.156095
57.540       -2.167512
57.555       -2.178912
57.570       -2.190291
57.585       -2.201650
57.600       -2.212987
57.615       -2.224301
57.630       -2.235590
57.645       -2.246854
57.660       -2.258090
57.675       -2.269298
57.690       -2.280477
57.705       -2.291625
57.720       -2.302742
57.735       -2.313825
57.750       -2.324874
57.765       -2.335887
57.780       -2.346864
57.795       -2.357803
57.810       -2.368702
57.825       -2.379562
57.840       -2.390379
57.855       -2.401155
57.870       -2.411886
57.885       -2.422572
57.900       -2.433212
57.915       -2.443804
57.930       -2.454348
57.945       -2.464842
57.960       -2.475286
57.975       -2.485677
57.990       -2.496015
58.005       -2.506299
58.020       -2.516528
58.035       -2.526700
58.050       -2.536814
58.065       -2.546869
58.080       -2.556865
58.095       -2.566800
58.110       -2.576673
58.125       -2.586482
58.140       -2.596227
58.155       -2.605907
58.170       -2.615521
58.185       -2.625067
58.200       -2.634545
58.215       -2.643954
58.230       -2.653292
58.245       -2.662558
58.260       -2.671752
58.275       -2.680872
58.290       -2.689918
58.305       -2.698888
58.320       -2.707781
58.335       -2.716597
58.350       -2.725335
58.365       -2.733993
58.380       -2.742571
58.395       -2.751067
58.410       -2.759482
58.425       -2.767813
58.440       -2.776060
58.455       -2.784221
58.470       -2.792298
58.485       -2.800287
58.500       -2.808188
58.515       -2.816001
58.530       -2.823725
58.545       -2.831359
58.560       -2.838901
58.575       -2.846352
58.590       -2.853709
58.605       -2.860974
58.620       -2.868144
58.635       -2.875219
58.650       -2.882198
58.665       -2.889080
58.680       -2.895865
58.695       -2.902552
58.710       -2.909140
58.725       -2.915628
58.740       -2.922016
58.755       -2.928304
58.770       -2.934489
58.785       -2.940572
58.800       -2.946552
58.815       -2.952428
58.830       -2.958200
58.845       -2.963867
58.860       -2.969429
58.875       -2.974884
58.890       -2.980232
58.905       -2.985473
58.920       -2.990606
58.935       -2.995631
58.950       -3.000546
58.965       -3.005352
58.980       -3.010048
58.995       -3.014633
59.010       -3.019107
59.025       -3.023469
59.040       -3.027719
59.055       -3.031857
59.070       -3.035881
59.085       -3.039792
59.100       -3.043589
59.115       -3.047272
59.130       -3.050840
59.145       -3.054293
59.160       -3.057630
59.175       -3.060851
59.190       -3.063957
59.205       -3.066945
59.220       -3.069817
59.235       -3.072572
59.250       -3.075209
59.265       -3.077728
59.280       -3.080129
59.295       -3.082412
59.310       -3.084576
59.325       -3.086622
59.340       -3.088548
59.355       -3.090355
59.370       -3.092043
59.385       -3.093611
59.400       -3.095059
59.415       -3.096387
59.430       -3.097595
59.445       -3.098683
59.460       -3.099650
59.475       -3.100497
59.490       -3.101223
59.505       -3.101829
59.520       -3.102314
59.535       -3.102678
59.550       -3.102922
59.565       -3.103044
59.580       -3.103046
59.595       -3.102927
59.610       -3.102687
59.625       -3.102326
59.640       -3.101844
59.655       -3.101242
59.670       -3.100519
59.685       -3.099675
59.700       -3.098711
59.715       -3.097627
59.730       -3.096422
59.745       -3.095097
59.760       -3.093652
59.775       -3.092088
59.790       -3.090404
59.805       -3.088600
59.820       -3.086677
59.835       -3.084635
59.850       -3.082474
59.865       -3.080194
59.880       -3.077796
59.895       -3.075280
59.910       -3.072647
59.925       -3.069895
59.940       -3.067027
59.955       -3.064041
59.970       -3.060939
59.985       -3.057721
60.000       -3.054387
60.015       -3.050937
60.030       -3.047373
60.045       -3.043693
60.060       -3.039899
60.075       -3.035991
60.090       -3.031970
60.105       -3.027836
60.120       -3.023589
60.135       -3.019230
60.150       -3.014759
60.165       -3.010177
60.180       -3.005484
60.195       -3.000682
60.210       -2.995769
60.225       -2.990748
60.240       -2.985618
60.255       -2.980380
60.270       -2.975034
60.285       -2.969582
60.300       -2.964023
60.315       -2.958359
60.330       -2.952590
60.345       -2.946717
60.360       -2.940740
60.375       -2.934660
60.390       -2.928477
60.405       -2.922193
60.420       -2.915807
60.435       -2.909322
60.450       -2.902737
60.465       -2.896052
60.480       -2.889270
60.495       -2.882390
60.510       -2.875414
60.525       -2.868342
60.540       -2.861174
60.555       -2.853913
60.570       -2.846558
60.585       -2.839110
60.600       -2.831570
60.615       -2.823939
60.630       -2.816218
60.645       -2.808407
60.660       -2.800508
60.675       -2.792521
60.690       -2.784447
60.705       -2.776288
60.720       -2.768043
60.735       -2.759714
60.750       -2.751303
60.765       -2.742808
60.780       -2.734233
60.795       -2.725577
60.810       -2.716842
60.825       -2.708028
60.840       -2.699136
60.855       -2.690168
60.870       -2.681125
60.885       -2.672006
60.900       -2.662815
60.915       -2.653550
60.930       -2.644214
60.945       -2.634808
60.960       -2.625332
60.975       -2.615788
60.990       -2.606176
61.005       -2.596498
61.020       -2.586754
61.035       -2.576946
61.050       -2.567075
61.065       -2.557142
61.080       -2.547148
61.095       -2.537095
61.110       -2.526982
61.125       -2.516811
61.140       -2.506585
61.155       -2.496302
61.170       -2.485966
61.185       -2.475576
61.200       -2.465134
61.215       -2.454641
61.230       -2.444098
61.245       -2.433507
61.260       -2.422869
61.275       -2.412184
61.290       -2.401454
61.305       -2.390680
61.320       -2.379863
61.335       -2.369005
61.350       -2.358107
61.365       -2.347169
61.380       -2.336193
61.395       -2.325181
61.410       -2.314133
61.425       -2.303051
61.440       -2.291935
61.455       -2.280788
61.470       -2.269610
61.485       -2.258402
61.500       -2.247166
61.515       -2.235904
61.530       -2.224615
61.545       -2.213302
61.560       -2.201966
61.575       -2.190608
61.590       -2.179229
61.605       -2.167830
61.620       -2.156413
61.635       -2.144979
61.650       -2.133529
61.665       -2.122065
61.680       -2.110587
61.695       -2.099097
61.710       -2.087597
61.725       -2.076087
61.740       -2.064569
61.755       -2.053044
61.770       -2.041513
61.785       -2.029978
61.800       -2.018439
61.815       -2.006899
61.830       -1.995358
61.845       -1.983817
61.860       -1.972279
61.875       -1.960743
61.890       -1.949212
61.905       -1.937687
61.920       -1.926169
61.935       -1.914659
61.950       -1.903158
61.965       -1.891668
61.980       -1.880190
61.995       -1.868725
62.010       -1.857275
62.025       -1.845841
62.040       -1.834423
62.055       -1.823024
62.070       -1.811644
62.085       -1.800285
62.100       -1.788948
62.115       -1.777635
62.130       -1.766345
62.145       -1.755082
62.160       -1.743846
62.175       -1.732637
62.190       -1.721458
62.205       -1.710310
62.220       -1.699194
62.235       -1.688111
62.250       -1.677062
62.265       -1.666048
62.280       -1.655072
62.295       -1.644133
62.310       -1.633233
62.325       -1.622374
62.340       -1.611556
62.355       -1.600781
62.370       -1.590050
62.385       -1.579364
62.400       -1.568724
62.415       -1.558131
62.430       -1.547587
62.445       -1.537093
62.460       -1.526650
62.475       -1.516258
62.490       -1.505920
62.505       -1.495636
62.520       -1.485408
62.535       -1.475236
62.550       -1.465122
62.565       -1.455066
62.580       -1.445070
62.595       -1.435136
62.610       -1.425263
62.625       -1.415453
62.640       -1.405708
62.655       -1.396028
62.670       -1.386414
62.685       -1.376868
62.700       -1.367390
62.715       -1.357982
62.730       -1.348644
62.745       -1.339378
62.760       -1.330184
62.775       -1.321064
62.790       -1.312018
62.805       -1.303048
62.820       -1.294154
62.835       -1.285338
62.850       -1.276601
62.865       -1.267942
62.880       -1.259365
62.895       -1.250868
62.910       -1.242454
62.925       -1.234123
62.940       -1.225876
62.955       -1.217714
62.970       -1.209638
62.985       -1.201649
63.000       -1.193747
63.015       -1.185934
63.030       -1.178210
63.045       -1.170577
63.060       -1.163034
63.075       -1.155584
63.090       -1.148226
63.105       -1.140962
63.120       -1.133792
63.135       -1.126717
63.150       -1.119738
63.165       -1.112855
63.180       -1.106070
63.195       -1.099384
63.210       -1.092796
63.225       -1.086307
63.240       -1.079919
63.255       -1.073632
63.270       -1.067447
63.285       -1.061364
63.300       -1.055383
63.315       -1.049507
63.330       -1.043735
63.345       -1.038068
63.360       -1.032507
63.375       -1.027052
63.390       -1.021703
63.405       -1.016462
63.420       -1.011329
63.435       -1.006305
63.450       -1.001389
63.465       -0.996583
63.480       -0.991888
63.495       -0.987303
63.510       -0.982829
63.525       -0.978466
63.540       -0.974216
63.555       -0.970079
63.570       -0.966054
63.585       -0.962143
63.600       -0.958346
63.615       -0.954664
63.630       -0.951096
63.645       -0.947643
63.660       -0.944306
63.675       -0.941084
63.690       -0.937979
63.705       -0.934990
63.720       -0.932118
63.735       -0.929364
63.750       -0.926727
63.765       -0.924208
63.780       -0.921806
63.795       -0.919524
63.810       -0.917359
63.825       -0.915314
63.840       -0.913388
63.855       -0.911581
63.870       -0.909893
63.885       -0.908325
63.900       -0.906877
63.915       -0.905549
63.930       -0.904341
63.945       -0.903253
63.960       -0.902285
63.975       -0.901439
63.990       -0.900712
64.005       -0.900107
64.020       -0.899622
64.035       -0.899257
64.050       -0.899014
64.065       -0.898891
64.080       -0.898890
64.095       -0.899009
64.110       -0.899249
64.125       -0.899610
64.140       -0.900091
64.155       -0.900694
64.170       -0.901417
64.185       -0.902260
64.200       -0.903224
64.215       -0.904309
64.230       -0.905513
64.245       -0.906838
64.260       -0.908283
64.275       -0.909848
64.290       -0.911532
64.305       -0.913336
64.320       -0.915259
64.335       -0.917301
64.350       -0.919462
64.365       -0.921741
64.380       -0.924139
64.395       -0.926655
64.410       -0.929289
64.425       -0.932040
64.440       -0.934909
64.455       -0.937894
64.470       -0.940996
64.485       -0.944214
64.500       -0.947548
64.515       -0.950998
64.530       -0.954563
64.545       -0.958242
64.560       -0.962036
64.575       -0.965944
64.590       -0.969965
64.605       -0.974100
64.620       -0.978347
64.635       -0.982706
64.650       -0.987177
64.665       -0.991759
64.680       -0.996451
64.695       -1.001254
64.710       -1.006166
64.725       -1.011188
64.740       -1.016318
64.755       -1.021556
64.770       -1.026901
64.785       -1.032354
64.800       -1.037912
64.815       -1.043576
64.830       -1.049345
64.845       -1.055219
64.860       -1.061196
64.875       -1.067276
64.890       -1.073458
64.905       -1.079743
64.920       -1.086128
64.935       -1.092614
64.950       -1.099199
64.965       -1.105883
64.980       -1.112665
64.995       -1.119545
65.010       -1.126521
65.025       -1.133594
65.040       -1.140761
65.055       -1.148023
65.070       -1.155378
65.085       -1.162826
65.100       -1.170366
65.115       -1.177997
65.130       -1.185718
65.145       -1.193529
65.160       -1.201428
65.175       -1.209415
65.190       -1.217488
65.205       -1.225648
65.220       -1.233892
65.235       -1.242221
65.250       -1.250633
65.265       -1.259127
65.280       -1.267703
65.295       -1.276359
65.310       -1.285094
65.325       -1.293908
65.340       -1.302799
65.355       -1.311767
65.370       -1.320811
65.385       -1.329929
65.400       -1.339121
65.415       -1.348385
65.430       -1.357721
65.445       -1.367128
65.460       -1.376604
65.475       -1.386148
65.490       -1.395760
65.505       -1.405438
65.520       -1.415181
65.535       -1.424989
65.550       -1.434860
65.565       -1.444793
65.580       -1.454787
65.595       -1.464841
65.610       -1.474954
65.625       -1.485124
65.640       -1.495351
65.655       -1.505633
65.670       -1.515970
65.685       -1.526360
65.700       -1.536802
65.715       -1.547295
65.730       -1.557837
65.745       -1.568428
65.760       -1.579067
65.775       -1.589752
65.790       -1.600482
65.805       -1.611256
65.820       -1.622072
65.835       -1.632930
65.850       -1.643829
65.865       -1.654767
65.880       -1.665742
65.895       -1.676755
65.910       -1.687803
65.925       -1.698885
65.940       -1.710000
65.955       -1.721148
65.970       -1.732326
65.985       -1.743533
66.000       -1.754769
66.015       -1.766032
66.030       -1.777320
66.045       -1.788633
66.060       -1.799970
66.075       -1.811328
66.090       -1.822707
66.105       -1.834106
66.120       -1.845523
66.135       -1.856957
66.150       -1.868407
66.165       -1.879871
66.180       -1.891348
66.195       -1.902838
66.210       -1.914339
66.225       -1.925848
66.240       -1.937367
66.255       -1.948892
66.270       -1.960423
66.285       -1.971958
66.300       -1.983496
66.315       -1.995037
66.330       -2.006578
66.345       -2.018118
66.360       -2.029657
66.375       -2.041192
66.390       -2.052723
66.405       -2.064248
66.420       -2.075767
66.435       -2.087277
66.450       -2.098778
66.465       -2.110268
66.480       -2.121746
66.495       -2.133210
66.510       -2.144661
66.525       -2.156095
66.540       -2.167512
66.555       -2.178912
66.570       -2.190291
66.585       -2.201650
66.600       -2.212987
66.615       -2.224301
66.630       -2.235590
66.645       -2.246854
66.660       -2.258090
66.675       -2.269298
66.690       -2.280477
66.705       -2.291625
66.720       -2.302742
66.735       -2.313825
66.750       -2.324874
66.765       -2.335887
66.780       -2.346864
66.795       -2.357803
66.810       -2.368702
66.825       -2.379562
66.840       -2.390379
66.855       -2.401155
66.870       -2.411886
66.885       -2.422572
66.900       -2.433212
66.915       -2.443804
66.930       -2.454348
66.945       -2.464842
66.960       -2.475286
66.975       -2.485677
66.990       -2.496015
67.005       -2.506299
67.020       -2.516528
67.035       -2.526700
67.050       -2.536814
67.065       -2.546869
67.080       -2.556865
67.095       -2.566800
67.110       -2.576673
67.125       -2.586482
67.140       -2.596227
67.155       -2.605907
67.170       -2.615521
67.185       -2.625067
67.200       -2.634545
67.215       -2.643954
67.230       -2.653292
67.245       -2.662558
67.260       -2.671752
67.275       -2.680872
67.290       -2.689918
67.305       -2.698888
67.320       -2.707781
67.335       -2.716597
67.350       -2.725335
67.365       -2.733993
67.380       -2.742571
67.395       -2.751067
67.410       -2.759482
67.425       -2.767813
67.440       -2.776060
67.455       -2.784221
67.470       -2.792298
67.485       -2.800287
67.500       -2.808188
67.515       -2.816001
67.530       -2.823725
67.545       -2.831359
67.560       -2.838901
67.575       -2.846352
67.590       -2.853709
67.605       -2.860974
67.620       -2.868144
67.635       -2.875219
67.650       -2.882198
67.665       -2.889080
67.680       -2.895865
67.695       -2.902552
67.710       -2.909140
67.725       -2.915628
67.740       -2.922016
67.755       -2.928304
67.770       -2.934489
67.785       -2.940572
67.800       -2.946552
67.815       -2.952428
67.830       -2.958200
67.845       -2.963867
67.860       -2.969429
67.875       -2.974884
67.890       -2.980232
67.905       -2.985473
67.920       -2.990606
67.935       -2.995631
67.950       -3.000546
67.965       -3.005352
67.980       -3.010048
67.995       -3.014633
68.010       -3.019107
68.025       -3.023469
68.040       -3.027719
68.055       -3.031857
68.070       -3.035881
68.085       -3.039792
68.100       -3.043589
68.115       -3.047272
68.130       -3.050840
68.145       -3.054293
68.160       -3.057630
68.175       -3.060851
68.190       -3.063957
68.205       -3.066945
68.220       -3.069817
68.235       -3.072572
68.250       -3.075209
68.265       -3.077728
68.280       -3.080129
68.295       -3.082412
68.310       -3.084576
68.325       -3.086622
68.340       -3.088548
68.355       -3.090355
68.370       -3.092043
68.385       -3.093611
68.400       -3.095059
68.415       -3.096387
68.430       -3.097595
68.445       -3.098683
68.460       -3.099650
68.475       -3.100497
68.490       -3.101223
68.505       -3.101829
68.520       -3.102314
68.535       -3.102678
68.550       -3.102922
68.565       -3.103044
68.580       -3.103046
68.595       -3.102927
68.610       -3.102687
68.625       -3.102326
68.640       -3.101844
68.655       -3.101242
68.670       -3.100519
68.685       -3.099675
68.700       -3.098711
68.715       -3.097627
68.730       -3.096422
68.745       -3.095097
68.760       -3.093652
68.775       -3.092088
68.790       -3.090404
68.805       -3.088600
68.820       -3.086677
68.835       -3.084635
68.850       -3.082474
68.865       -3.080194
68.880       -3.077796
68.895       -3.075280
68.910       -3.072647
68.925       -3.069895
68.940       -3.067027
68.955       -3.064041
68.970       -3.060939
68.985       -3.057721
69.000       -3.054387
69.015       -3.050937
69.030       -3.047373
69.045       -3.043693
69.060       -3.039899
69.075       -3.035991
69.090       -3.031970
69.105       -3.027836
69.120       -3.023589
69.135       -3.019230
69.150       -3.014759
69.165       -3.010177
69.180       -3.005484
69.195       -3.000682
69.210       -2.995769
69.225       -2.990748
69.240       -2.985618
69.255       -2.980380
69.270       -2.975034
69.285       -2.969582
69.300       -2.964023
69.315       -2.958359
69.330       -2.952590
69.345       -2.946717
69.360       -2.940740
69.375       -2.934660
69.390       -2.928477
69.405       -2.922193
69.420       -2.915807
69.435       -2.909322
69.450       -2.902737
69.465       -2.896052
69.480       -2.889270
69.495       -2.882390
69.510       -2.875414
69.525       -2.868342
69.540       -2.861174
69.555       -2.853913
69.570       -2.846558
69.585       -2.839110
69.600       -2.831570
69.615       -2.823939
69.630       -2.816218
69.645       -2.808407
69.660       -2.800508
69.675       -2.792521
69.690       -2.784447
69.705       -2.776288
69.720       -2.768043
69.735       -2.759714
69.750       -2.751303
69.765       -2.742808
69.780       -2.734233
69.795       -2.725577
69.810       -2.716842
69.825       -2.708028
69.840       -2.699136
69.855       -2.690168
69.870       -2.681125
69.885       -2.672006
69.900       -2.662815
69.915       -2.653550
69.930       -2.644214
69.945       -2.634808
69.960       -2.625332
69.975       -2.615788
69.990       -2.606176
70.005       -2.596498
70.020       -2.586754
70.035       -2.576946
70.050       -2.567075
70.065       -2.557142
70.080       -2.547148
70.095       -2.537095
70.110       -2.526982
70.125       -2.516811
70.140       -2.506585
70.155       -2.496302
70.170       -2.485966
70.185       -2.475576
70.200       -2.465134
70.215       -2.454641
70.230       -2.444098
70.245       -2.433507
70.260       -2.422869
70.275       -2.412184
70.290       -2.401454
70.305       -2.390680
70.320       -2.379863
70.335       -2.369005
70.350       -2.358107
70.365       -2.347169
70.380       -2.336193
70.395       -2.325181
70.410       -2.314133
70.425       -2.303051
70.440       -2.291935
70.455       -2.280788
70.470       -2.269610
70.485       -2.258402
70.500       -2.247166
70.515       -2.235904
70.530       -2.224615
70.545       -2.213302
70.560       -2.201966
70.575       -2.190608
70.590       -2.179229
70.605       -2.167830
70.620       -2.156413
70.635       -2.144979
70.650       -2.133529
70.665       -2.122065
70.680       -2.110587
70.695       -2.099097
70.710       -2.087597
70.725       -2.076087
70.740       -2.064569
70.755       -2.053044
70.770       -2.041513
70.785       -2.029978
70.800       -2.018439
70.815       -2.006899
70.830       -1.995358
70.845       -1.983817
70.860       -1.972279
70.875       -1.960743
70.890       -1.949212
70.905       -1.937687
70.920       -1.926169
70.935       -1.914659
70.950       -1.903158
70.965       -1.891668
70.980       -1.880190
70.995       -1.868725
71.010       -1.857275
71.025       -1.845841
71.040       -1.834423
71.055       -1.823024
71.070       -1.811644
71.085       -1.800285
71.100       -1.788948
71.115       -1.777635
71.130       -1.766345
71.145       -1.755082
71.160       -1.743846
71.175       -1.732637
71.190       -1.721458
71.205       -1.710310
71.220       -1.699194
71.235       -1.688111
71.250       -1.677062
71.265       -1.666048
71.280       -1.655072
71.295       -1.644133
71.310       -1.633233
71.325       -1.622374
71.340       -1.611556
71.355       -1.600781
71.370       -1.590050
71.385       -1.579364
71.400       -1.568724
71.415       -1.558131
71.430       -1.547587
71.445       -1.537093
71.460       -1.526650
71.475       -1.516258
71.490       -1.505920
71.505       -1.495636
71.520       -1.485408
71.535       -1.475236
71.550       -1.465122
71.565       -1.455066
71.580       -1.445070
71.595       -1.435136
71.610       -1.425263
71.625       -1.415453
71.640       -1.405708
71.655       -1.396028
71.670       -1.386414
71.685       -1.376868
71.700       -1.367390
71.715       -1.357982
71.730       -1.348644
71.745       -1.339378
71.760       -1.330184
71.775       -1.321064
71.790       -1.312018
71.805       -1.303048
71.820       -1.294154
71.835       -1.285338
71.850       -1.276601
71.865       -1.267942
71.880       -1.259365
71.895       -1.250868
71.910       -1.242454
71.925       -1.234123
71.940       -1.225876
71.955       -1.217714
71.970       -1.209638
71.985       -1.201649
72.000       -1.193747
72.015       -1.185934
72.030       -1.178210
72.045       -1.170577
72.060       -1.163034
72.075       -1.155584
72.090       -1.148226
72.105       -1.140962
72.120       -1.133792
72.135       -1.126717
72.150       -1.119738
72.165       -1.112855
72.180       -1.106070
72.195       -1.099384
72.210       -1.092796
72.225       -1.086307
72.240       -1.079919
72.255       -1.073632
72.270       -1.067447
72.285       -1.061364
72.300       -1.055383
72.315       -1.049507
72.330       -1.043735
72.345       -1.038068
72.360       -1.032507
72.375       -1.027052
72.390       -1.021703
72.405       -1.016462
72.420       -1.011329
72.435       -1.006305
72.450       -1.001389
72.465       -0.996583
72.480       -0.991888
72.495       -0.987303
72.510       -0.982829
72.525       -0.978466
72.540       -0.974216
72.555       -0.970079
72.570       -0.966054
72.585       -0.962143
72.600       -0.958346
72.615       -0.954664
72.630       -0.951096
72.645       -0.947643
72.660       -0.944306
72.675       -0.941084
72.690       -0.937979
72.705       -0.934990
72.720       -0.932118
72.735       -0.929364
72.750       -0.926727
72.765       -0.924208
72.780       -0.921806
72.795       -0.919524
72.810       -0.917359
72.825       -0.915314
72.840       -0.913388
72.855       -0.911581
72.870       -0.909893
72.885       -0.908325
72.900       -0.906877
72.915       -0.905549
72.930       -0.904341
72.945       -0.903253
72.960       -0.902285
72.975       -0.901439
72.990       -0.900712
73.005       -0.900107
73.020       -0.899622
73.035       -0.899257
73.050       -0.899014
73.065       -0.898891
73.080       -0.898890
73.095       -0.899009
73.110       -0.899249
73.125       -0.899610
73.140       -0.900091
73.155       -0.900694
73.170       -0.901417
73.185       -0.902260
73.200       -0.903224
73.215       -0.904309
73.230       -0.905513
73.245       -0.906838
73.260       -0.908283
73.275       -0.909848
73.290       -0.911532
73.305       -0.913336
73.320       -0.915259
73.335       -0.917301
73.350       -0.919462
73.365       -0.921741
73.380       -0.924139
73.395       -0.926655
73.410       -0.929289
73.425       -0.932040
73.440       -0.934909
73.455       -0.937894
73.470       -0.940996
73.485       -0.944214
73.500       -0.947548
73.515       -0.950998
73.530       -0.954563
73.545       -0.958242
73.560       -0.962036
73.575       -0.965944
73.590       -0.969965
73.605       -0.974100
73.620       -0.978347
73.635       -0.982706
73.650       -0.987177
73.665       -0.991759
73.680       -0.996451
73.695       -1.001254
73.710       -1.006166
73.725       -1.011188
73.740       -1.016318
73.755       -1.021556
73.770       -1.026901
73.785       -1.032354
73.800       -1.037912
73.815       -1.043576
73.830       -1.049345
73.845       -1.055219
73.860       -1.061196
73.875       -1.067276
73.890       -1.073458
73.905       -1.079743
73.920       -1.086128
73.935       -1.092614
73.950       -1.099199
73.965       -1.105883
73.980       -1.112665
73.995       -1.119545
74.010       -1.126521
74.025       -1.133594
74.040       -1.140761
74.055       -1.148023
74.070       -1.155378
74.085       -1.162826
74.100       -1.170366
74.115       -1.177997
74.130       -1.185718
74.145       -1.193529
74.160       -1.201428
74.175       -1.209415
74.190       -1.217488
74.205       -1.225648
74.220       -1.233892
74.235       -1.242221
74.250       -1.250633
74.265       -1.259127
74.280       -1.267703
74.295       -1.276359
74.310       -1.285094
74.325       -1.293908
74.340       -1.302799
74.355       -1.311767
74.370       -1.320811
74.385       -1.329929
74.400       -1.339121
74.415       -1.348385
74.430       -1.357721
74.445       -1.367128
74.460       -1.376604
74.475       -1.386148
74.490       -1.395760
74.505       -1.405438
74.520       -1.415182
74.535       -1.424989
74.550       -1.434860
74.565       -1.444793
74.580       -1.454787
74.595       -1.464841
74.610       -1.474954
74.625       -1.485124
74.640       -1.495351
74.655       -1.505633
74.670       -1.515970
74.685       -1.526360
74.700       -1.536802
74.715       -1.547295
74.730       -1.557837
74.745       -1.568428
74.760       -1.579067
74.775       -1.589752
74.790       -1.600482
74.805       -1.611256
74.820       -1.622072
74.835       -1.632930
74.850       -1.643829
74.865       -1.654767
74.880       -1.665742
74.895       -1.676755
74.910       -1.687803
74.925       -1.698885
74.940       -1.710000
74.955       -1.721148
74.970       -1.732326
74.985       -1.743533
75.000       -1.754769
75.015       -1.766032
75.030       -1.777320
75.045       -1.788633
75.060       -1.799970
75.075       -1.811328
75.090       -1.822707
75.105       -1.834106
75.120       -1.845523
75.135       -1.856957
75.150       -1.868407
75.165       -1.879871
75.180       -1.891348
75.195       -1.902838
75.210       -1.914339
75.225       -1.925848
75.240       -1.937367
75.255       -1.948892
75.270       -1.960423
75.285       -1.971958
75.300       -1.983496
75.315       -1.995037
75.330       -2.006578
75.345       -2.018118
75.360       -2.029657
75.375       -2.041192
75.390       -2.052723
75.405       -2.064248
75.420       -2.075767
75.435       -2.087277
75.450       -2.098778
75.465       -2.110268
75.480       -2.121746
75.495       -2.133210
75.510       -2.144661
75.525       -2.156095
75.540       -2.167512
75.555       -2.178912
75.570       -2.190291
75.585       -2.201650
75.600       -2.212987
75.615       -2.224301
75.630       -2.235590
75.645       -2.246854
75.660       -2.258090
75.675       -2.269298
75.690       -2.280477
75.705       -2.291625
75.720       -2.302742
75.735       -2.313825
75.750       -2.324874
75.765       -2.335887
75.780       -2.346864
75.795       -2.357803
75.810       -2.368702
75.825       -2.379562
75.840       -2.390379
75.855       -2.401155
75.870       -2.411886
75.885       -2.422572
75.900       -2.433212
75.915       -2.443804
75.930       -2.454348
75.945       -2.464842
75.960       -2.475286
75.975       -2.485677
75.990       -2.496015
76.005       -2.506299
76.020       -2.516528
76.035       -2.526700
76.050       -2.536814
76.065       -2.546870
76.080       -2.556865
76.095       -2.566800
76.110       -2.576673
76.125       -2.586482
76.140       -2.596227
76.155       -2.605907
76.170       -2.615521
76.185       -2.625067
76.200       -2.634545
76.215       -2.643954
76.230       -2.653292
76.245       -2.662558
76.260       -2.671752
76.275       -2.680872
76.290       -2.689918
76.305       -2.698888
76.320       -2.707781
76.335       -2.716597
76.350       -2.725335
76.365       -2.733993
76.380       -2.742571
76.395       -2.751067
76.410       -2.759482
76.425       -2.767813
76.440       -2.776060
76.455       -2.784221
76.470       -2.792298
76.485       -2.800287
76.500       -2.808188
76.515       -2.816001
76.530       -2.823725
76.545       -2.831359
76.560       -2.838901
76.575       -2.846352
76.590       -2.853709
76.605       -2.860974
76.620       -2.868144
76.635       -2.875219
76.650       -2.882198
76.665       -2.889080
76.680       -2.895865
76.695       -2.902552
76.710       -2.909140
76.725       -2.915628
76.740       -2.922016
76.755       -2.928304
76.770       -2.934489
76.785       -2.940572
76.800       -2.946552
76.815       -2.952428
76.830       -2.958200
76.845       -2.963867
76.860       -2.969429
76.875       -2.974884
76.890       -2.980232
76.905       -2.985473
76.920       -2.990606
76.935       -2.995631
76.950       -3.000546
76.965       -3.005352
76.980       -3.010048
76.995       -3.014633
77.010       -3.019107
77.025       -3.023469
77.040       -3.027719
77.055       -3.031857
77.070       -3.035881
77.085       -3.039792
77.100       -3.043589
77.115       -3.047272
77.130       -3.050840
77.145       -3.054293
77.160       -3.057630
77.175       -3.060851
77.190       -3.063957
77.205       -3.066945
77.220       -3.069817
77.235       -3.072572
77.250       -3.075209
77.265       -3.077728
77.280       -3.080129
77.295       -3.082412
77.310       -3.084576
77.325       -3.086622
77.340       -3.088548
77.355       -3.090355
77.370       -3.092043
77.385       -3.093611
77.400       -3.095059
77.415       -3.096387
77.430       -3.097595
77.445       -3.098683
77.460       -3.099650
77.475       -3.100497
77.490       -3.101223
77.505       -3.101829
77.520       -3.102314
77.535       -3.102678
77.550       -3.102922
77.565       -3.103044
77.580       -3.103046
77.595       -3.102927
77.610       -3.102687
77.625       -3.102326
77.640       -3.101844
77.655       -3.101242
77.670       -3.100519
77.685       -3.099675
77.700       -3.098711
77.715       -3.097627
77.730       -3.096422
77.745       -3.095097
77.760       -3.093652
77.775       -3.092088
77.790       -3.090404
77.805       -3.088600
77.820       -3.086677
77.835       -3.084635
77.850       -3.082474
77.865       -3.080194
77.880       -3.077796
77.895       -3.075280
77.910       -3.072647
77.925       -3.069895
77.940       -3.067027
77.955       -3.064041
77.970       -3.060939
77.985       -3.057721
78.000       -3.054387
78.015       -3.050937
78.030       -3.047373
78.045       -3.043693
78.060       -3.039899
78.075       -3.035991
78.090       -3.031970
78.105       -3.027836
78.120       -3.023589
78.135       -3.019230
78.150       -3.014759
78.165       -3.010177
78.180       -3.005484
78.195       -3.000682
78.210       -2.995769
78.225       -2.990748
78.240       -2.985618
78.255       -2.980380
78.270       -2.975034
78.285       -2.969582
78.300       -2.964023
78.315       -2.958359
78.330       -2.952590
78.345       -2.946717
78.360       -2.940740
78.375       -2.934660
78.390       -2.928477
78.405       -2.922193
78.420       -2.915807
78.435       -2.909322
78.450       -2.902737
78.465       -2.896052
78.480       -2.889270
78.495       -2.882390
78.510       -2.875414
78.525       -2.868342
78.540       -2.861174
78.555       -2.853913
78.570       -2.846558
78.585       -2.839110
78.600       -2.831570
78.615       -2.823939
78.630       -2.816218
78.645       -2.808407
78.660       -2.800508
78.675       -2.792521
78.690       -2.784447
78.705       -2.776288
78.720       -2.768043
78.735       -2.759714
78.750       -2.751303
78.765       -2.742808
78.780       -2.734233
78.795       -2.725577
78.810       -2.716842
78.825       -2.708028
78.840       -2.699136
78.855       -2.690168
78.870       -2.681125
78.885       -2.672006
78.900       -2.662815
78.915       -2.653550
78.930       -2.644214
78.945       -2.634808
78.960       -2.625332
78.975       -2.615788
78.990       -2.606176
79.005       -2.596498
79.020       -2.586754
79.035       -2.576946
79.050       -2.567075
79.065       -2.557142
79.080       -2.547148
79.095       -2.537095
79.110       -2.526982
79.125       -2.516811
79.140       -2.506585
79.155       -2.496302
79.170       -2.485966
79.185       -2.475576
79.200       -2.465134
79.215       -2.454641
79.230       -2.444098
79.245       -2.433507
79.260       -2.422869
79.275       -2.412184
79.290       -2.401454
79.305       -2.390680
79.320       -2.379863
79.335       -2.369005
79.350       -2.358107
79.365       -2.347169
79.380       -2.336193
79.395       -2.325181
79.410       -2.314133
79.425       -2.303051
79.440       -2.291935
79.455       -2.280788
79.470       -2.269610
79.485       -2.258402
79.500       -2.247166
79.515       -2.235904
79.530       -2.224615
79.545       -2.213302
79.560       -2.201966
79.575       -2.190608
79.590       -2.179229
79.605       -2.167830
79.620       -2.156413
79.635       -2.144979
79.650       -2.133529
79.665       -2.122065
79.680       -2.110587
79.695       -2.099097
79.710       -2.087597
79.725       -2.076087
79.740       -2.064569
79.755       -2.053044
79.770       -2.041513
79.785       -2.029978
79.800       -2.018439
79.815       -2.006899
79.830       -1.995358
79.845       -1.983817
79.860       -1.972279
79.875       -1.960743
79.890       -1.949212
79.905       -1.937687
79.920       -1.926169
79.935       -1.914659
79.950       -1.903158
79.965       -1.891668
79.980       -1.880190
79.995       -1.868725
80.010       -1.857275
80.025       -1.845841
80.040       -1.834423
80.055       -1.823024
80.070       -1.811644
80.085       -1.800285
80.100       -1.788948
80.115       -1.777635
80.130       -1.766345
80.145       -1.755082
80.160       -1.743846
80.175       -1.732637
80.190       -1.721458
80.205       -1.710310
80.220       -1.699194
80.235       -1.688111
80.250       -1.677062
80.265       -1.666048
80.280       -1.655072
80.295       -1.644133
80.310       -1.633233
80.325       -1.622374
80.340       -1.611556
80.355       -1.600781
80.370       -1.590050
80.385       -1.579364
80.400       -1.568724
80.415       -1.558131
80.430       -1.547587
80.445       -1.537093
80.460       -1.526650
80.475       -1.516258
80.490       -1.505920
80.505       -1.495636
80.520       -1.485408
80.535       -1.475236
80.550       -1.465122
80.565       -1.455066
80.580       -1.445070
80.595       -1.435136
80.610       -1.425263
80.625       -1.415453
80.640       -1.405708
80.655       -1.396028
80.670       -1.386414
80.685       -1.376868
80.700       -1.367390
80.715       -1.357982
80.730       -1.348644
80.745       -1.339378
80.760       -1.330184
80.775       -1.321064
80.790       -1.312018
80.805       -1.303048
80.820       -1.294154
80.835       -1.285338
80.850       -1.276601
80.865       -1.267942
80.880       -1.259365
80.895       -1.250868
80.910       -1.242454
80.925       -1.234123
80.940       -1.225876
80.955       -1.217714
80.970       -1.209638
80.985       -1.201649
81.000       -1.193747
81.015       -1.185934
81.030       -1.178210
81.045       -1.170577
81.060       -1.163034
81.075       -1.155584
81.090       -1.148226
81.105       -1.140962
81.120       -1.133792
81.135       -1.126717
81.150       -1.119738
81.165       -1.112855
81.180       -1.106070
81.195       -1.099384
81.210       -1.092796
81.225       -1.086307
81.240       -1.079919
81.255       -1.073632
81.270       -1.067447
81.285       -1.061364
81.300       -1.055383
81.315       -1.049507
81.330       -1.043735
81.345       -1.038068
81.360       -1.032507
81.375       -1.027052
81.390       -1.021703
81.405       -1.016462
81.420       -1.011329
81.435       -1.006305
81.450       -1.001389
81.465       -0.996583
81.480       -0.991888
81.495       -0.987303
81.510       -0.982829
81.525       -0.978466
81.540       -0.974216
81.555       -0.970079
81.570       -0.966054
81.585       -0.962143
81.600       -0.958346
81.615       -0.954664
81.630       -0.951096
81.645       -0.947643
81.660       -0.944306
81.675       -0.941084
81.690       -0.937979
81.705       -0.934990
81.720       -0.932118
81.735       -0.929364
81.750       -0.926727
81.765       -0.924208
81.780       -0.921806
81.795       -0.919524
81.810       -0.917359
81.825       -0.915314
81.840       -0.913388
81.855       -0.911581
81.870       -0.909893
81.885       -0.908325
81.900       -0.906877
81.915       -0.905549
81.930       -0.904341
81.945       -0.903253
81.960       -0.902285
81.975       -0.901439
81.990       -0.900712
82.005       -0.900107
82.020       -0.899622
82.035       -0.899257
82.050       -0.899014
82.065       -0.898891
82.080       -0.898890
82.095       -0.899009
82.110       -0.899249
82.125       -0.899610
82.140       -0.900091
82.155       -0.900694
82.170       -0.901417
82.185       -0.902260
82.200       -0.903224
82.215       -0.904309
82.230       -0.905513
82.245       -0.906838
82.260       -0.908283
82.275       -0.909848
82.290       -0.911532
82.305       -0.913336
82.320       -0.915259
82.335       -0.917301
82.350       -0.919462
82.365       -0.921741
82.380       -0.924139
82.395       -0.926655
82.410       -0.929289
82.425       -0.932040
82.440       -0.934909
82.455       -0.937894
82.470       -0.940996
82.485       -0.944214
82.500       -0.947548
82.515       -0.950998
82.530       -0.954563
82.545       -0.958242
82.560       -0.962036
82.575       -0.965944
82.590       -0.969965
82.605       -0.974100
82.620       -0.978347
82.635       -0.982706
82.650       -0.987177
82.665       -0.991759
82.680       -0.996451
82.695       -1.001254
82.710       -1.006166
82.725       -1.011188
82.740       -1.016318
82.755       -1.021556
82.770       -1.026901
82.785       -1.032354
82.800       -1.037912
82.815       -1.043576
82.830       -1.049345
82.845       -1.055219
82.860       -1.061196
82.875       -1.067276
82.890       -1.073459
82.905       -1.079743
82.920       -1.086128
82.935       -1.092614
82.950       -1.099199
82.965       -1.105883
82.980       -1.112665
82.995       -1.119545
83.010       -1.126521
83.025       -1.133594
83.040       -1.140761
83.055       -1.148023
83.070       -1.155378
83.085       -1.162826
83.100       -1.170366
83.115       -1.177997
83.130       -1.185718
83.145       -1.193529
83.160       -1.201428
83.175       -1.209415
83.190       -1.217488
83.205       -1.225648
83.220       -1.233892
83.235       -1.242221
83.250       -1.250633
83.265       -1.259127
83.280       -1.267703
83.295       -1.276359
83.310       -1.285094
83.325       -1.293908
83.340       -1.302799
83.355       -1.311767
83.370       -1.320811
83.385       -1.329929
83.400       -1.339121
83.415       -1.348385
83.430       -1.357721
83.445       -1.367128
83.460       -1.376604
83.475       -1.386148
83.490       -1.395760
83.505       -1.405438
83.520       -1.415182
83.535       -1.424989
83.550       -1.434860
83.565       -1.444793
83.580       -1.454787
83.595       -1.464841
83.610       -1.474954
83.625       -1.485124
83.640       -1.495351
83.655       -1.505633
83.670       -1.515970
83.685       -1.526360
83.700       -1.536802
83.715       -1.547295
83.730       -1.557837
83.745       -1.568428
83.760       -1.579067
83.775       -1.589752
83.790       -1.600482
83.805       -1.611256
83.820       -1.622072
83.835       -1.632930
83.850       -1.643829
83.865       -1.654767
83.880       -1.665742
83.895       -1.676755
83.910       -1.687803
83.925       -1.698885
83.940       -1.710000
83.955       -1.721148
83.970       -1.732326
83.985       -1.743533
84.000       -1.754769
84.015       -1.766032
84.030       -1.777320
84.045       -1.788633
84.060       -1.799970
84.075       -1.811328
84.090       -1.822707
84.105       -1.834106
84.120       -1.845523
84.135       -1.856957
84.150       -1.868407
84.165       -1.879871
84.180       -1.891348
84.195       -1.902838
84.210       -1.914339
84.225       -1.925848
84.240       -1.937367
84.255       -1.948892
84.270       -1.960423
84.285       -1.971958
84.300       -1.983496
84.315       -1.995037
84.330       -2.006578
84.345       -2.018118
84.360       -2.029657
84.375       -2.041192
84.390       -2.052723
84.405       -2.064248
84.420       -2.075767
84.435       -2.087277
84.450       -2.098778
84.465       -2.110268
84.480       -2.121746
84.495       -2.133210
84.510       -2.144661
84.525       -2.156095
84.540       -2.167512
84.555       -2.178912
84.570       -2.190291
84.585       -2.201650
84.600       -2.212987
84.615       -2.224301
84.630       -2.235590
84.645       -2.246854
84.660       -2.258090
84.675       -2.269298
84.690       -2.280477
84.705       -2.291625
84.720       -2.302742
84.735       -2.313825
84.750       -2.324874
84.765       -2.335887
84.780       -2.346864
84.795       -2.357803
84.810       -2.368702
84.825       -2.379562
84.840       -2.390379
84.855       -2.401155
84.870       -2.411886
84.885       -2.422572
84.900       -2.433212
84.915       -2.443804
84.930       -2.454348
84.945       -2.464842
84.960       -2.475286
84.975       -2.485677
84.990       -2.496015
85.005       -2.506299
85.020       -2.516528
85.035       -2.526700
85.050       -2.536814
85.065       -2.546870
85.080       -2.556865
85.095       -2.566800
85.110       -2.576673
85.125       -2.586482
85.140       -2.596227
85.155       -2.605907
85.170       -2.615521
85.185       -2.625067
85.200       -2.634545
85.215       -2.643954
85.230       -2.653292
85.245       -2.662558
85.260       -2.671752
85.275       -2.680872
85.290       -2.689918
85.305       -2.698888
85.320       -2.707781
85.335       -2.716597
85.350       -2.725335
85.365       -2.733993
85.380       -2.742571
85.395       -2.751067
85.410       -2.759482
85.425       -2.767813
85.440       -2.776060
85.455       -2.784221
85.470       -2.792298
85.485       -2.800287
85.500       -2.808188
85.515       -2.816001
85.530       -2.823725
85.545       -2.831359
85.560       -2.838901
85.575       -2.846352
85.590       -2.853709
85.605       -2.860974
85.620       -2.868144
85.635       -2.875219
85.650       -2.882198
85.665       -2.889080
85.680       -2.895865
85.695       -2.902552
85.710       -2.909140
85.725       -2.915628
85.740       -2.922016
85.755       -2.928304
85.770       -2.934489
85.785       -2.940572
85.800       -2.946552
85.815       -2.952428
85.830       -2.958200
85.845       -2.963867
85.860       -2.969429
85.875       -2.974884
85.890       -2.980232
85.905       -2.985473
85.920       -2.990606
85.935       -2.995631
85.950       -3.000546
85.965       -3.005352
85.980       -3.010048
85.995       -3.014633
86.010       -3.019107
86.025       -3.023469
86.040       -3.027719
86.055       -3.031857
86.070       -3.035881
86.085       -3.039792
86.100       -3.043589
86.115       -3.047272
86.130       -3.050840
86.145       -3.054293
86.160       -3.057630
86.175       -3.060851
86.190       -3.063957
86.205       -3.066945
86.220       -3.069817
86.235       -3.072572
86.250       -3.075209
86.265       -3.077728
86.280       -3.080129
86.295       -3.082412
86.310       -3.084576
86.325       -3.086622
86.340       -3.088548
86.355       -3.090355
86.370       -3.092043
86.385       -3.093611
86.400       -3.095059
86.415       -3.096387
86.430       -3.097595
86.445       -3.098683
86.460       -3.099650
86.475       -3.100497
86.490       -3.101223
86.505       -3.101829
86.520       -3.102314
86.535       -3.102678
86.550       -3.102922
86.565       -3.103044
86.580       -3.103046
86.595       -3.102927
86.610       -3.102687
86.625       -3.102326
86.640       -3.101844
86.655       -3.101242
86.670       -3.100519
86.685       -3.099675
86.700       -3.098711
86.715       -3.097627
86.730       -3.096422
86.745       -3.095097
86.760       -3.093652
86.775       -3.092088
86.790       -3.090404
86.805       -3.088600
86.820       -3.086677
86.835       -3.084635
86.850       -3.082474
86.865       -3.080194
86.880       -3.077796
86.895       -3.075280
86.910       -3.072647
86.925       -3.069895
86.940       -3.067027
86.955       -3.064041
86.970       -3.060939
86.985       -3.057721
87.000       -3.054387
87.015       -3.050937
87.030       -3.047373
87.045       -3.043693
87.060       -3.039899
87.075       -3.035991
87.090       -3.031970
87.105       -3.027836
87.120       -3.023589
87.135       -3.019230
87.150       -3.014759
87.165       -3.010177
87.180       -3.005484
87.195       -3.000682
87.210       -2.995769
87.225       -2.990748
87.240       -2.985618
87.255       -2.980380
87.270       -2.975034
87.285       -2.969582
87.300       -2.964023
87.315       -2.958359
87.330       -2.952590
87.345       -2.946717
87.360       -2.940740
87.375       -2.934660
87.390       -2.928477
87.405       -2.922193
87.420       -2.915807
87.435       -2.909322
87.450       -2.902737
87.465       -2.896052
87.480       -2.889270
87.495       -2.882390
87.510       -2.875414
87.525       -2.868342
87.540       -2.861174
87.555       -2.853913
87.570       -2.846558
87.585       -2.839110
87.600       -2.831570
87.615       -2.823939
87.630       -2.816218
87.645       -2.808407
87.660       -2.800508
87.675       -2.792521
87.690       -2.784447
87.705       -2.776288
87.720       -2.768043
87.735       -2.759714
87.750       -2.751303
87.765       -2.742808
87.780       -2.734233
87.795       -2.725577
87.810       -2.716842
87.825       -2.708028
87.840       -2.699136
87.855       -2.690168
87.870       -2.681125
87.885       -2.672006
87.900       -2.662815
87.915       -2.653550
87.930       -2.644214
87.945       -2.634808
87.960       -2.625332
87.975       -2.615788
87.990       -2.606176
88.005       -2.596498
88.020       -2.586754
88.035       -2.576946
88.050       -2.567075
88.065       -2.557142
88.080       -2.547148
88.095       -2.537095
88.110       -2.526982
88.125       -2.516811
88.140       -2.506585
88.155       -2.496302
88.170       -2.485966
88.185       -2.475576
88.200       -2.465134
88.215       -2.454641
88.230       -2.444098
88.245       -2.433507
88.260       -2.422869
88.275       -2.412184
88.290       -2.401454
88.305       -2.390680
88.320       -2.379863
88.335       -2.369005
88.350       -2.358107
88.365       -2.347169
88.380       -2.336193
88.395       -2.325181
88.410       -2.314133
88.425       -2.303051
88.440       -2.291935
88.455       -2.280788
88.470       -2.269610
88.485       -2.258402
88.500       -2.247166
88.515       -2.235904
88.530       -2.224615
88.545       -2.213302
88.560       -2.201966
88.575       -2.190608
88.590       -2.179229
88.605       -2.167830
88.620       -2.156413
88.635       -2.144979
88.650       -2.133529
88.665       -2.122065
88.680       -2.110587
88.695       -2.099097
88.710       -2.087597
88.725       -2.076087
88.740       -2.064569
88.755       -2.053044
88.770       -2.041513
88.785       -2.029978
88.800       -2.018439
88.815       -2.006899
88.830       -1.995358
88.845       -1.983817
88.860       -1.972279
88.875       -1.960743
88.890       -1.949212
88.905       -1.937687
88.920       -1.926169
88.935       -1.914659
88.950       -1.903158
88.965       -1.891668
88.980       -1.880190
88.995       -1.868725
89.010       -1.857275
89.025       -1.845841
89.040       -1.834423
89.055       -1.823024
89.070       -1.811644
89.085       -1.800285
89.100       -1.788948
89.115       -1.777635
89.130       -1.766345
89.145       -1.755082
89.160       -1.743846
89.175       -1.732637
89.190       -1.721458
89.205       -1.710310
89.220       -1.699194
89.235       -1.688111
89.250       -1.677062
89.265       -1.666048
89.280       -1.655072
89.295       -1.644133
89.310       -1.633233
89.325       -1.622374
89.340       -1.611556
89.355       -1.600781
89.370       -1.590050
89.385       -1.579364
89.400       -1.568724
89.415       -1.558131
89.430       -1.547587
89.445       -1.537093
89.460       -1.526650
89.475       -1.516258
89.490       -1.505920
89.505       -1.495636
89.520       -1.485408
89.535       -1.475236
89.550       -1.465122
89.565       -1.455066
89.580       -1.445070
89.595       -1.435136
89.610       -1.425263
89.625       -1.415453
89.640       -1.405708
89.655       -1.396028
89.670       -1.386414
89.685       -1.376868
89.700       -1.367390
89.715       -1.357982
89.730       -1.348644
89.745       -1.339378
89.760       -1.330184
89.775       -1.321064
89.790       -1.312018
89.805       -1.303048
89.820       -1.294154
89.835       -1.285338
89.850       -1.276601
89.865       -1.267942
89.880       -1.259365
89.895       -1.250868
89.910       -1.242454
89.925       -1.234123
89.940       -1.225876
89.955       -1.217714
89.970       -1.209638
89.985       -1.201649
90.000       -1.193747
90.015       -1.185934
90.030       -1.178210
90.045       -1.170577
90.060       -1.163034
90.075       -1.155584
90.090       -1.148226
90.105       -1.140962
90.120       -1.133792
90.135       -1.126717
90.150       -1.119738
90.165       -1.112855
90.180       -1.106070
90.195       -1.099384
90.210       -1.092796
90.225       -1.086307
90.240       -1.079919
90.255       -1.073632
90.270       -1.067447
90.285       -1.061363
90.300       -1.055383
90.315       -1.049507
90.330       -1.043735
90.345       -1.038068
90.360       -1.032507
90.375       -1.027052
90.390       -1.021703
90.405       -1.016462
90.420       -1.011329
90.435       -1.006305
90.450       -1.001389
90.465       -0.996583
90.480       -0.991888
90.495       -0.987303
90.510       -0.982829
90.525       -0.978466
90.540       -0.974216
90.555       -0.970079
90.570       -0.966054
90.585       -0.962143
90.600       -0.958346
90.615       -0.954664
90.630       -0.951096
90.645       -0.947643
90.660       -0.944306
90.675       -0.941084
90.690       -0.937979
90.705       -0.934990
90.720       -0.932118
90.735       -0.929364
90.750       -0.926727
90.765       -0.924208
90.780       -0.921806
90.795       -0.919524
90.810       -0.917359
90.825       -0.915314
90.840       -0.913388
90.855       -0.911581
90.870       -0.909893
90.885       -0.908325
90.900       -0.906877
90.915       -0.905549
90.930       -0.904341
90.945       -0.903253
90.960       -0.902285
90.975       -0.901439
90.990       -0.900712
91.005       -0.900107
91.020       -0.899622
91.035       -0.899257
91.050       -0.899014
91.065       -0.898891
91.080       -0.898890
91.095       -0.899009
91.110       -0.899249
91.125       -0.899610
91.140       -0.900091
91.155       -0.900694
91.170       -0.901417
91.185       -0.902260
91.200       -0.903224
91.215       -0.904309
91.230       -0.905513
91.245       -0.906838
91.260       -0.908283
91.275       -0.909848
91.290       -0.911532
91.305       -0.913336
91.320       -0.915259
91.335       -0.917301
91.350       -0.919462
91.365       -0.921741
91.380       -0.924139
91.395       -0.926655
91.410       -0.929289
91.425       -0.932040
91.440       -0.934909
91.455       -0.937894
91.470       -0.940996
91.485       -0.944214
91.500       -0.947548
91.515       -0.950998
91.530       -0.954563
91.545       -0.958242
91.560       -0.962036
91.575       -0.965944
91.590       -0.969965
91.605       -0.974100
91.620       -0.978347
91.635       -0.982706
91.650       -0.987177
91.665       -0.991759
91.680       -0.996451
91.695       -1.001254
91.710       -1.006166
91.725       -1.011188
91.740       -1.016318
91.755       -1.021556
91.770       -1.026901
91.785       -1.032354
91.800       -1.037912
91.815       -1.043576
91.830       -1.049345
91.845       -1.055219
91.860       -1.061196
91.875       -1.067276
91.890       -1.073459
91.905       -1.079743
91.920       -1.086128
91.935       -1.092614
91.950       -1.099199
91.965       -1.105883
91.980       -1.112665
91.995       -1.119545
92.010       -1.126521
92.025       -1.133594
92.040       -1.140761
92.055       -1.148023
92.070       -1.155378
92.085       -1.162826
92.100       -1.170366
92.115       -1.177997
92.130       -1.185718
92.145       -1.193529
92.160       -1.201428
92.175       -1.209415
92.190       -1.217488
92.205       -1.225648
92.220       -1.233892
92.235       -1.242221
92.250       -1.250633
92.265       -1.259127
92.280       -1.267703
92.295       -1.276359
92.310       -1.285094
92.325       -1.293908
92.340       -1.302799
92.355       -1.311767
92.370       -1.320811
92.385       -1.329929
92.400       -1.339121
92.415       -1.348385
92.430       -1.357721
92.445       -1.367128
92.460       -1.376604
92.475       -1.386148
92.490       -1.395760
92.505       -1.405438
92.520       -1.415182
92.535       -1.424989
92.550       -1.434860
92.565       -1.444793
92.580       -1.454787
92.595       -1.464841
92.610       -1.474954
92.625       -1.485124
92.640       -1.495351
92.655       -1.505633
92.670       -1.515970
92.685       -1.526360
92.700       -1.536802
92.715       -1.547295
92.730       -1.557837
92.745       -1.568428
92.760       -1.579067
92.775       -1.589752
92.790       -1.600482
92.805       -1.611256
92.820       -1.622072
92.835       -1.632930
92.850       -1.643829
92.865       -1.654767
92.880       -1.665742
92.895       -1.676755
92.910       -1.687803
92.925       -1.698885
92.940       -1.710000
92.955       -1.721148
92.970       -1.732326
92.985       -1.743533
93.000       -1.754769
93.015       -1.766032
93.030       -1.777320
93.045       -1.788633
93.060       -1.799970
93.075       -1.811328
93.090       -1.822707
93.105       -1.834106
93.120       -1.845523
93.135       -1.856957
93.150       -1.868407
93.165       -1.879871
93.180       -1.891349
93.195       -1.902838
93.210       -1.914339
93.225       -1.925848
93.240       -1.937367
93.255       -1.948892
93.270       -1.960423
93.285       -1.971958
93.300       -1.983496
93.315       -1.995037
93.330       -2.006578
93.345       -2.018118
93.360       -2.029657
93.375       -2.041192
93.390       -2.052723
93.405       -2.064248
93.420       -2.075767
93.435       -2.087277
93.450       -2.098778
93.465       -2.110268
93.480       -2.121746
93.495       -2.133210
93.510       -2.144661
93.525       -2.156095
93.540       -2.167512
93.555       -2.178912
93.570       -2.190291
93.585       -2.201650
93.600       -2.212987
93.615       -2.224301
93.630       -2.235590
93.645       -2.246854
93.660       -2.258090
93.675       -2.269298
93.690       -2.280477
93.705       -2.291625
93.720       -2.302742
93.735       -2.313825
93.750       -2.324874
93.765       -2.335887
93.780       -2.346864
93.795       -2.357803
93.810       -2.368702
93.825       -2.379562
93.840       -2.390380
93.855       -2.401155
93.870       -2.411886
93.885       -2.422572
93.900       -2.433212
93.915       -2.443804
93.930       -2.454348
93.945       -2.464842
93.960       -2.475286
93.975       -2.485677
93.990       -2.496015
94.005       -2.506299
94.020       -2.516528
94.035       -2.526700
94.050       -2.536814
94.065       -2.546870
94.080       -2.556865
94.095       -2.566800
94.110       -2.576673
94.125       -2.586482
94.140       -2.596227
94.155       -2.605907
94.170       -2.615521
94.185       -2.625067
94.200       -2.634545
94.215       -2.643954
94.230       -2.653292
94.245       -2.662558
94.260       -2.671752
94.275       -2.680872
94.290       -2.689918
94.305       -2.698888
94.320       -2.707781
94.335       -2.716597
94.350       -2.725335
94.365       -2.733993
94.380       -2.742571
94.395       -2.751067
94.410       -2.759482
94.425       -2.767813
94.440       -2.776060
94.455       -2.784221
94.470       -2.792298
94.485       -2.800287
94.500       -2.808188
94.515       -2.816001
94.530       -2.823725
94.545       -2.831359
94.560       -2.838901
94.575       -2.846352
94.590       -2.853709
94.605       -2.860974
94.620       -2.868144
94.635       -2.875219
94.650       -2.882198
94.665       -2.889080
94.680       -2.895865
94.695       -2.902552
94.710       -2.909140
94.725       -2.915628
94.740       -2.922016
94.755       -2.928304
94.770       -2.934489
94.785       -2.940572
94.800       -2.946552
94.815       -2.952428
94.830       -2.958200
94.845       -2.963867
94.860       -2.969429
94.875       -2.974884
94.890       -2.980232
94.905       -2.985473
94.920       -2.990606
94.935       -2.995631
94.950       -3.000546
94.965       -3.005352
94.980       -3.010048
94.995       -3.014633
95.010       -3.019107
95.025       -3.023469
95.040       -3.027719
95.055       -3.031857
95.070       -3.035881
95.085       -3.039792
95.100       -3.043589
95.115       -3.047272
95.130       -3.050840
95.145       -3.054293
95.160       -3.057630
95.175       -3.060851
95.190       -3.063957
95.205       -3.066945
95.220       -3.069817
95.235       -3.072572
95.250       -3.075209
95.265       -3.077728
95.280       -3.080129
95.295       -3.082412
95.310       -3.084576
95.325       -3.086622
95.340       -3.088548
95.355       -3.090355
95.370       -3.092043
95.385       -3.093611
95.400       -3.095059
95.415       -3.096387
95.430       -3.097595
95.445       -3.098683
95.460       -3.099650
95.475       -3.100497
95.490       -3.101223
95.505       -3.101829
95.520       -3.102314
95.535       -3.102678
95.550       -3.102922
95.565       -3.103044
95.580       -3.103046
95.595       -3.102927
95.610       -3.102687
95.625       -3.102326
95.640       -3.101844
95.655       -3.101242
95.670       -3.100519
95.685       -3.099675
95.700       -3.098711
95.715       -3.097627
95.730       -3.096422
95.745       -3.095097
95.760       -3.093652
95.775       -3.092088
95.790       -3.090404
95.805       -3.088600
95.820       -3.086677
95.835       -3.084635
95.850       -3.082474
95.865       -3.080194
95.880       -3.077796
95.895       -3.075280
95.910       -3.072647
95.925       -3.069895
95.940       -3.067027
95.955       -3.064041
95.970       -3.060939
95.985       -3.057721
96.000       -3.054387
96.015       -3.050937
96.030       -3.047373
96.045       -3.043693
96.060       -3.039899
96.075       -3.035991
96.090       -3.031970
96.105       -3.027836
96.120       -3.023589
96.135       -3.019230
96.150       -3.014759
96.165       -3.010177
96.180       -3.005484
96.195       -3.000682
96.210       -2.995769
96.225       -2.990748
96.240       -2.985618
96.255       -2.980380
96.270       -2.975034
96.285       -2.969582
96.300       -2.964023
96.315       -2.958359
96.330       -2.952590
96.345       -2.946717
96.360       -2.940740
96.375       -2.934660
96.390       -2.928477
96.405       -2.922193
96.420       -2.915807
96.435       -2.909322
96.450       -2.902737
96.465       -2.896052
96.480       -2.889270
96.495       -2.882390
96.510       -2.875414
96.525       -2.868342
96.540       -2.861174
96.555       -2.853913
96.570       -2.846558
96.585       -2.839110
96.600       -2.831570
96.615       -2.823939
96.630       -2.816218
96.645       -2.808407
96.660       -2.800508
96.675       -2.792521
96.690       -2.784447
96.705       -2.776288
96.720       -2.768043
96.735       -2.759714
96.750       -2.751303
96.765       -2.742808
96.780       -2.734233
96.795       -2.725577
96.810       -2.716842
96.825       -2.708028
96.840       -2.699136
96.855       -2.690168
96.870       -2.681125
96.885       -2.672006
96.900       -2.662815
96.915       -2.653550
96.930       -2.644214
96.945       -2.634808
96.960       -2.625332
96.975       -2.615788
96.990       -2.606176
97.005       -2.596498
97.020       -2.586754
97.035       -2.576946
97.050       -2.567075
97.065       -2.557142
97.080       -2.547148
97.095       -2.537095
97.110       -2.526982
97.125       -2.516811
97.140       -2.506585
97.155       -2.496302
97.170       -2.485965
97.185       -2.475576
97.200       -2.465134
97.215       -2.454641
97.230       -2.444098
97.245       -2.433507
97.260       -2.422869
97.275       -2.412184
97.290       -2.401454
97.305       -2.390680
97.320       -2.379863
97.335       -2.369005
97.350       -2.358107
97.365       -2.347169
97.380       -2.336193
97.395       -2.325181
97.410       -2.314133
97.425       -2.303051
97.440       -2.291935
97.455       -2.280788
97.470       -2.269610
97.485       -2.258402
97.500       -2.247166
97.515       -2.235904
97.530       -2.224615
97.545       -2.213302
97.560       -2.201966
97.575       -2.190608
97.590       -2.179229
97.605       -2.167830
97.620       -2.156413
97.635       -2.144979
97.650       -2.133529
97.665       -2.122065
97.680       -2.110587
97.695       -2.099097
97.710       -2.087597
97.725       -2.076087
97.740       -2.064569
97.755       -2.053044
97.770       -2.041513
97.785       -2.029978
97.800       -2.018439
97.815       -2.006899
97.830       -1.995358
97.845       -1.983817
97.860       -1.972279
97.875       -1.960743
97.890       -1.949212
97.905       -1.937687
97.920       -1.926169
97.935       -1.914659
97.950       -1.903158
97.965       -1.891668
97.980       -1.880190
97.995       -1.868725
98.010       -1.857275
98.025       -1.845841
98.040       -1.834423
98.055       -1.823024
98.070       -1.811644
98.085       -1.800285
98.100       -1.788948
98.115       -1.777635
98.130       -1.766345
98.145       -1.755082
98.160       -1.743846
98.175       -1.732637
98.190       -1.721458
98.205       -1.710310
98.220       -1.699194
98.235       -1.688111
98.250       -1.677062
98.265       -1.666048
98.280       -1.655072
98.295       -1.644133
98.310       -1.633233
98.325       -1.622374
98.340       -1.611556
98.355       -1.600781
98.370       -1.590050
98.385       -1.579364
98.400       -1.568724
98.415       -1.558131
98.430       -1.547587
98.445       -1.537093
98.460       -1.526650
98.475       -1.516258
98.490       -1.505920
98.505       -1.495636
98.520       -1.485408
98.535       -1.475236
98.550       -1.465122
98.565       -1.455066
98.580       -1.445070
98.595       -1.435136
98.610       -1.425263
98.625       -1.415453
98.640       -1.405708
98.655       -1.396028
98.670       -1.386414
98.685       -1.376868
98.700       -1.367390
98.715       -1.357982
98.730       -1.348644
98.745       -1.339378
98.760       -1.330184
98.775       -1.321064
98.790       -1.312018
98.805       -1.303048
98.820       -1.294154
98.835       -1.285338
98.850       -1.276601
98.865       -1.267942
98.880       -1.259365
98.895       -1.250868
98.910       -1.242454
98.925       -1.234123
98.940       -1.225876
98.955       -1.217714
98.970       -1.209638
98.985       -1.201649
99.000       -1.193747
99.015       -1.185934
99.030       -1.178210
99.045       -1.170577
99.060       -1.163034
99.075       -1.155584
99.090       -1.148226
99.105       -1.140962
99.120       -1.133792
99.135       -1.126717
99.150       -1.119738
99.165       -1.112855
99.180       -1.106070
99.195       -1.099384
99.210       -1.092796
99.225       -1.086307
99.240       -1.079919
99.255       -1.073632
99.270       -1.067447
99.285       -1.061363
99.300       -1.055383
99.315       -1.049507
99.330       -1.043735
99.345       -1.038068
99.360       -1.032507
99.375       -1.027052
99.390       -1.021703
99.405       -1.016462
99.420       -1.011329
99.435       -1.006305
99.450       -1.001389
99.465       -0.996583
99.480       -0.991888
99.495       -0.987303
99.510       -0.982829
99.525       -0.978466
99.540       -0.974216
99.555       -0.970079
99.570       -0.966054
99.585       -0.962143
99.600       -0.958346
99.615       -0.954664
99.630       -0.951096
99.645       -0.947643
99.660       -0.944306
99.675       -0.941084
99.690       -0.937979
99.705       -0.934990
99.720       -0.932118
99.735       -0.929364
99.750       -0.926727
99.765       -0.924208
99.780       -0.921806
99.795       -0.919524
99.810       -0.917359
99.825       -0.915314
99.840       -0.913388
99.855       -0.911581
99.870       -0.909893
99.885       -0.908325
99.900       -0.906877
99.915       -0.905549
99.930       -0.904341
99.945       -0.903253
99.960       -0.902285
99.975       -0.901439
99.990       -0.900712
100.005      -0.900107
100.020      -0.899622
100.035      -0.899257
100.050      -0.899014
100.065      -0.898891
100.080      -0.898890
100.095      -0.899009
100.110      -0.899249
100.125      -0.899610
100.140      -0.900091
100.155      -0.900694
100.170      -0.901417
100.185      -0.902260
100.200      -0.903224
100.215      -0.904309
100.230      -0.905513
100.245      -0.906838
100.260      -0.908283
100.275      -0.909848
100.290      -0.911532
100.305      -0.913336
100.320      -0.915259
100.335      -0.917301
100.350      -0.919462
100.365      -0.921741
100.380      -0.924139
100.395      -0.926655
100.410      -0.929289
100.425      -0.932040
100.440      -0.934909
100.455      -0.937894
100.470      -0.940996
100.485      -0.944214
100.500      -0.947548
100.515      -0.950998
100.530      -0.954563
100.545      -0.958242
100.560      -0.962036
100.575      -0.965944
100.590      -0.969965
100.605      -0.974100
100.620      -0.978347
100.635      -0.982706
100.650      -0.987177
100.665      -0.991759
100.680      -0.996451
100.695      -1.001254
100.710      -1.006166
100.725      -1.011188
100.740      -1.016318
100.755      -1.021556
100.770      -1.026901
100.785      -1.032354
100.800      -1.037912
100.815      -1.043576
100.830      -1.049345
100.845      -1.055219
100.860      -1.061196
100.875      -1.067276
100.890      -1.073459
100.905      -1.079743
100.920      -1.086128
100.935      -1.092614
100.950      -1.099199
100.965      -1.105883
100.980      -1.112665
100.995      -1.119545
101.010      -1.126521
101.025      -1.133594
101.040      -1.140761
101.055      -1.148023
101.070      -1.155378
101.085      -1.162826
101.100      -1.170366
101.115      -1.177997
101.130      -1.185718
101.145      -1.193529
101.160      -1.201428
101.175      -1.209415
101.190      -1.217488
101.205      -1.225648
101.220      -1.233892
101.235      -1.242221
101.250      -1.250633
101.265      -1.259127
101.280      -1.267703
101.295      -1.276359
101.310      -1.285094
101.325      -1.293908
101.340      -1.302799
101.355      -1.311767
101.370      -1.320811
101.385      -1.329929
101.400      -1.339121
101.415      -1.348385
101.430      -1.357721
101.445      -1.367128
101.460      -1.376604
101.475      -1.386148
101.490      -1.395760
101.505      -1.405438
101.520      -1.415182
101.535      -1.424989
101.550      -1.434860
101.565      -1.444793
101.580      -1.454787
101.595      -1.464841
101.610      -1.474954
101.625      -1.485124
101.640      -1.495351
101.655      -1.505633
101.670      -1.515970
101.685      -1.526360
101.700      -1.536802
101.715      -1.547295
101.730      -1.557837
101.745      -1.568428
101.760      -1.579067
101.775      -1.589752
101.790      -1.600482
101.805      -1.611256
101.820      -1.622072
101.835      -1.632930
101.850      -1.643829
101.865      -1.654767
101.880      -1.665742
101.895      -1.676755
101.910      -1.687803
101.925      -1.698885
101.940      -1.710000
101.955      -1.721148
101.970      -1.732326
101.985      -1.743533
102.000      -1.754769
102.015      -1.766032
102.030      -1.777320
102.045      -1.788633
102.060      -1.799970
102.075      -1.811328
102.090      -1.822707
102.105      -1.834106
102.120      -1.845523
102.135      -1.856957
102.150      -1.868407
102.165      -1.879871
102.180      -1.891349
102.195      -1.902838
102.210      -1.914339
102.225      -1.925848
102.240      -1.937367
102.255      -1.948892
102.270      -1.960423
102.285      -1.971958
102.300      -1.983496
102.315      -1.995037
102.330      -2.006578
102.345      -2.018118
102.360      -2.029657
102.375      -2.041192
102.390      -2.052723
102.405      -2.064248
102.420      -2.075767
102.435      -2.087277
102.450      -2.098778
102.465      -2.110268
102.480      -2.121746
102.495      -2.133210
102.510      -2.144661
102.525      -2.156095
102.540      -2.167512
102.555      -2.178912
102.570      -2.190291
102.585      -2.201650
102.600      -2.212987
102.615      -2.224301
102.630      -2.235590
102.645      -2.246854
102.660      -2.258090
102.675      -2.269298
102.690      -2.280477
102.705      -2.291625
102.720      -2.302742
102.735      -2.313825
102.750      -2.324874
102.765      -2.335887
102.780      -2.346864
102.795      -2.357803
102.810      -2.368702
102.825      -2.379562
102.840      -2.390380
102.855      -2.401155
102.870      -2.411886
102.885      -2.422572
102.900      -2.433212
102.915      -2.443804
102.930      -2.454348
102.945      -2.464842
102.960      -2.475286
102.975      -2.485677
102.990      -2.496015
103.005      -2.506299
103.020      -2.516528
103.035      -2.526700
103.050      -2.536814
103.065      -2.546870
103.080      -2.556865
103.095      -2.566800
103.110      -2.576673
103.125      -2.586482
103.140      -2.596227
103.155      -2.605907
103.170      -2.615521
103.185      -2.625067
103.200      -2.634545
103.215      -2.643954
103.230      -2.653292
103.245      -2.662558
103.260      -2.671752
103.275      -2.680872
103.290      -2.689918
103.305      -2.698888
103.320      -2.707781
103.335      -2.716597
103.350      -2.725335
103.365      -2.733993
103.380      -2.742571
103.395      -2.751067
103.410      -2.759482
103.425      -2.767813
103.440      -2.776060
103.455      -2.784221
103.470      -2.792298
103.485      -2.800287
103.500      -2.808188
103.515      -2.816001
103.530      -2.823725
103.545      -2.831359
103.560      -2.838901
103.575      -2.846352
103.590      -2.853709
103.605      -2.860974
103.620      -2.868144
103.635      -2.875219
103.650      -2.882198
103.665      -2.889080
103.680      -2.895865
103.695      -2.902552
103.710      -2.909140
103.725      -2.915628
103.740      -2.922016
103.755      -2.928304
103.770      -2.934489
103.785      -2.940572
103.800      -2.946552
103.815      -2.952428
103.830      -2.958200
103.845      -2.963867
103.860      -2.969429
103.875      -2.974884
103.890      -2.980232
103.905      -2.985473
103.920      -2.990606
103.935      -2.995631
103.950      -3.000546
103.965      -3.005352
103.980      -3.010048
103.995      -3.014633
104.010      -3.019107
104.025      -3.023469
104.040      -3.027719
104.055      -3.031857
104.070      -3.035881
104.085      -3.039792
104.100      -3.043589
104.115      -3.047272
104.130      -3.050840
104.145      -3.054293
104.160      -3.057630
104.175      -3.060851
104.190      -3.063957
104.205      -3.066945
104.220      -3.069817
104.235      -3.072572
104.250      -3.075209
104.265      -3.077728
104.280      -3.080129
104.295      -3.082412
104.310      -3.084576
104.325      -3.086622
104.340      -3.088548
104.355      -3.090355
104.370      -3.092043
104.385      -3.093611
104.400      -3.095059
104.415      -3.096387
104.430      -3.097595
104.445      -3.098683
104.460      -3.099650
104.475      -3.100497
104.490      -3.101223
104.505      -3.101829
104.520      -3.102314
104.535      -3.102678
104.550      -3.102922
104.565      -3.103044
104.580      -3.103046
104.595      -3.102927
104.610      -3.102687
104.625      -3.102326
104.640      -3.101844
104.655      -3.101242
104.670      -3.100519
104.685      -3.099675
104.700      -3.098711
104.715      -3.097627
104.730      -3.096422
104.745      -3.095097
104.760      -3.093652
104.775      -3.092088
104.790      -3.090404
104.805      -3.088600
104.820      -3.086677
104.835      -3.084635
104.850      -3.082474
104.865      -3.080194
104.880      -3.077796
104.895      -3.075280
104.910      -3.072647
104.925      -3.069895
104.940      -3.067027
104.955      -3.064041
104.970      -3.060939
104.985      -3.057721
105.000      -3.054387
105.015      -3.050937
105.030      -3.047373
105.045      -3.043693
105.060      -3.039899
105.075      -3.035991
105.090      -3.031970
105.105      -3.027836
105.120      -3.023589
105.135      -3.019230
105.150      -3.014759
105.165      -3.010177
105.180      -3.005484
105.195      -3.000682
105.210      -2.995769
105.225      -2.990748
105.240      -2.985618
105.255      -2.980380
105.270      -2.975034
105.285      -2.969582
105.300      -2.964023
105.315      -2.958359
105.330      -2.952590
105.345      -2.946717
105.360      -2.940740
105.375      -2.934660
105.390      -2.928477
105.405      -2.922193
105.420      -2.915807
105.435      -2.909322
105.450      -2.902737
105.465      -2.896052
105.480      -2.889270
105.495      -2.882390
105.510      -2.875414
105.525      -2.868342
105.540      -2.861174
105.555      -2.853913
105.570      -2.846558
105.585      -2.839110
105.600      -2.831570
105.615      -2.823939
105.630      -2.816218
105.645      -2.808407
105.660      -2.800508
105.675      -2.792521
105.690      -2.784447
105.705      -2.776288
105.720      -2.768043
105.735      -2.759714
105.750      -2.751303
105.765      -2.742808
105.780      -2.734233
105.795      -2.725577
105.810      -2.716842
105.825      -2.708028
105.840      -2.699136
105.855      -2.690168
105.870      -2.681125
105.885      -2.672006
105.900      -2.662815
105.915      -2.653550
105.930      -2.644214
105.945      -2.634808
105.960      -2.625332
105.975      -2.615788
105.990      -2.606176
106.005      -2.596498
106.020      -2.586754
106.035      -2.576946
106.050      -2.567075
106.065      -2.557142
106.080      -2.547148
106.095      -2.537095
106.110      -2.526982
106.125      -2.516811
106.140      -2.506585
106.155      -2.496302
106.170      -2.485965
106.185      -2.475576
106.200      -2.465134
106.215      -2.454641
106.230      -2.444098
106.245      -2.433507
106.260      -2.422869
106.275      -2.412184
106.290      -2.401454
106.305      -2.390680
106.320      -2.379863
106.335      -2.369005
106.350      -2.358107
106.365      -2.347169
106.380      -2.336193
106.395      -2.325181
106.410      -2.314133
106.425      -2.303051
106.440      -2.291935
106.455      -2.280788
106.470      -2.269610
106.485      -2.258402
106.500      -2.247166
106.515      -2.235904
106.530      -2.224615
106.545      -2.213302
106.560      -2.201966
106.575      -2.190608
106.590      -2.179229
106.605      -2.167830
106.620      -2.156413
106.635      -2.144979
106.650      -2.133529
106.665      -2.122065
106.680      -2.110587
106.695      -2.099097
106.710      -2.087597
106.725      -2.076087
106.740      -2.064569
106.755      -2.053044
106.770      -2.041513
106.785      -2.029978
106.800      -2.018439
106.815      -2.006899
106.830      -1.995358
106.845      -1.983817
106.860      -1.972279
106.875      -1.960743
106.890      -1.949212
106.905      -1.937687
106.920      -1.926169
106.935      -1.914659
106.950      -1.903158
106.965      -1.891668
106.980      -1.880190
106.995      -1.868725
107.010      -1.857275
107.025      -1.845841
107.040      -1.834423
107.055      -1.823024
107.070      -1.811644
107.085      -1.800285
107.100      -1.788948
107.115      -1.777635
107.130      -1.766345
107.145      -1.755082
107.160      -1.743846
107.175      -1.732637
107.190      -1.721458
107.205      -1.710310
107.220      -1.699194
107.235      -1.688111
107.250      -1.677062
107.265      -1.666048
107.280      -1.655072
107.295      -1.644133
107.310      -1.633233
107.325      -1.622374
107.340      -1.611556
107.355      -1.600781
107.370      -1.590050
107.385      -1.579364
107.400      -1.568724
107.415      -1.558131
107.430      -1.547587
107.445      -1.537093
107.460      -1.526650
107.475      -1.516258
107.490      -1.505920
107.505      -1.495636
107.520      -1.485408
107.535      -1.475236
107.550      -1.465122
107.565      -1.455066
107.580      -1.445070
107.595      -1.435136
107.610      -1.425263
107.625      -1.415453
107.640      -1.405708
107.655      -1.396028
107.670      -1.386414
107.685      -1.376868
107.700      -1.367390
107.715      -1.357982
107.730      -1.348644
107.745      -1.339378
107.760      -1.330184
107.775      -1.321064
107.790      -1.312018
107.805      -1.303048
107.820      -1.294154
107.835      -1.285338
107.850      -1.276601
107.865      -1.267942
107.880      -1.259365
107.895      -1.250868
107.910      -1.242454
107.925      -1.234123
107.940      -1.225876
107.955      -1.217714
107.970      -1.209638
107.985      -1.201649
108.000      -1.193747
108.015      -1.185934
108.030      -1.178210
108.045      -1.170577
108.060      -1.163034
108.075      -1.155584
108.090      -1.148226
108.105      -1.140962
108.120      -1.133792
108.135      -1.126717
108.150      -1.119738
108.165      -1.112855
108.180      -1.106070
108.195      -1.099384
108.210      -1.092796
108.225      -1.086307
108.240      -1.079919
108.255      -1.073632
108.270      -1.067447
108.285      -1.061363
108.300      -1.055383
108.315      -1.049507
108.330      -1.043735
108.345      -1.038068
108.360      -1.032507
108.375      -1.027052
108.390      -1.021703
108.405      -1.016462
108.420      -1.011329
108.435      -1.006305
108.450      -1.001389
108.465      -0.996583
108.480      -0.991888
108.495      -0.987303
108.510      -0.982829
108.525      -0.978466
108.540      -0.974216
108.555      -0.970079
108.570      -0.966054
108.585      -0.962143
108.600      -0.958346
108.615      -0.954664
108.630      -0.951096
108.645      -0.947643
108.660      -0.944306
108.675      -0.941084
108.690      -0.937979
108.705      -0.934990
108.720      -0.932118
108.735      -0.929364
108.750      -0.926727
108.765      -0.924208
108.780      -0.921806
108.795      -0.919524
108.810      -0.917359
108.825      -0.915314
108.840      -0.913388
108.855      -0.911581
108.870      -0.909893
108.885      -0.908325
108.900      -0.906877
108.915      -0.905549
108.930      -0.904341
108.945      -0.903253
108.960      -0.902285
108.975      -0.901439
108.990      -0.900712
109.005      -0.900107
109.020      -0.899622
109.035      -0.899257
109.050      -0.899014
109.065      -0.898891
109.080      -0.898890
109.095      -0.899009
109.110      -0.899249
109.125      -0.899610
109.140      -0.900091
109.155      -0.900694
109.170      -0.901417
109.185      -0.902260
109.200      -0.903224
109.215      -0.904309
109.230      -0.905513
109.245      -0.906838
109.260      -0.908283
109.275      -0.909848
109.290      -0.911532
109.305      -0.913336
109.320      -0.915259
109.335      -0.917301
109.350      -0.919462
109.365      -0.921741
109.380      -0.924139
109.395      -0.926655
109.410      -0.929289
109.425      -0.932040
109.440      -0.934909
109.455      -0.937894
109.470      -0.940996
109.485      -0.944214
109.500      -0.947548
109.515      -0.950998
109.530      -0.954563
109.545      -0.958242
109.560      -0.962036
109.575      -0.965944
109.590      -0.969965
109.605      -0.974100
109.620      -0.978347
109.635      -0.982706
109.650      -0.987177
109.665      -0.991759
109.680      -0.996451
109.695      -1.001254
109.710      -1.006166
109.725      -1.011188
109.740      -1.016318
109.755      -1.021556
109.770      -1.026901
109.785      -1.032354
109.800      -1.037912
109.815      -1.043576
109.830      -1.049345
109.845      -1.055219
109.860      -1.061196
109.875      -1.067276
109.890      -1.073459
109.905      -1.079743
109.920      -1.086128
109.935      -1.092614
109.950      -1.099199
109.965      -1.105883
109.980      -1.112665
109.995      -1.119545
110.010      -1.126521
110.025      -1.133594
110.040      -1.140761
110.055      -1.148023
110.070      -1.155378
110.085      -1.162826
110.100      -1.170366
110.115      -1.177997
110.130      -1.185718
110.145      -1.193529
110.160      -1.201428
110.175      -1.209415
110.190      -1.217488
110.205      -1.225648
110.220      -1.233892
110.235      -1.242221
110.250      -1.250633
110.265      -1.259127
110.280      -1.267703
110.295      -1.276359
110.310      -1.285094
110.325      -1.293908
110.340      -1.302799
110.355      -1.311767
110.370      -1.320811
110.385      -1.329929
110.400      -1.339121
110.415      -1.348385
110.430      -1.357721
110.445      -1.367128
110.460      -1.376604
110.475      -1.386148
110.490      -1.395760
110.505      -1.405438
110.520      -1.415182
110.535      -1.424989
110.550      -1.434860
110.565      -1.444793
110.580      -1.454787
110.595      -1.464841
110.610      -1.474954
110.625      -1.485124
110.640      -1.495351
110.655      -1.505633
110.670      -1.515970
110.685      -1.526360
110.700      -1.536802
110.715      -1.547295
110.730      -1.557837
110.745      -1.568428
110.760      -1.579067
110.775      -1.589752
110.790      -1.600482
110.805      -1.611256
110.820      -1.622072
110.835      -1.632930
110.850      -1.643829
110.865      -1.654767
110.880      -1.665742
110.895      -1.676755
110.910      -1.687803
110.925      -1.698885
110.940      -1.710000
110.955      -1.721148
110.970      -1.732326
110.985      -1.743533
111.000      -1.754769
111.015      -1.766032
111.030      -1.777320
111.045      -1.788633
111.060      -1.799970
111.075      -1.811328
111.090      -1.822707
111.105      -1.834106
111.120      -1.845523
111.135      -1.856957
111.150      -1.868407
111.165      -1.879871
111.180      -1.891349
111.195      -1.902838
111.210      -1.914339
111.225      -1.925848
111.240      -1.937367
111.255      -1.948892
111.270      -1.960423
111.285      -1.971958
111.300      -1.983496
111.315      -1.995037
111.330      -2.006578
111.345      -2.018118
111.360      -2.029657
111.375      -2.041192
111.390      -2.052723
111.405      -2.064248
111.420      -2.075767
111.435      -2.087277
111.450      -2.098778
111.465      -2.110268
111.480      -2.121746
111.495      -2.133210
111.510      -2.144661
111.525      -2.156095
111.540      -2.167512
111.555      -2.178912
111.570      -2.190291
111.585      -2.201650
111.600      -2.212987
111.615      -2.224301
111.630      -2.235590
111.645      -2.246854
111.660      -2.258090
111.675      -2.269298
111.690      -2.280477
111.705      -2.291625
111.720      -2.302742
111.735      -2.313825
111.750      -2.324874
111.765      -2.335887
111.780      -2.346864
111.795      -2.357803
111.810      -2.368702
111.825      -2.379562
111.840      -2.390380
111.855      -2.401155
111.870      -2.411886
111.885      -2.422572
111.900      -2.433212
111.915      -2.443804
111.930      -2.454348
111.945      -2.464842
111.960      -2.475286
111.975      -2.485677
111.990      -2.496015
112.005      -2.506299
112.020      -2.516528
112.035      -2.526700
112.050      -2.536814
112.065      -2.546870
112.080      -2.556865
112.095      -2.566800
112.110      -2.576673
112.125      -2.586482
112.140      -2.596227
112.155      -2.605907
112.170      -2.615521
112.185      -2.625067
112.200      -2.634545
112.215      -2.643954
112.230      -2.653292
112.245      -2.662558
112.260      -2.671752
112.275      -2.680872
112.290      -2.689918
112.305      -2.698888
112.320      -2.707781
112.335      -2.716597
112.350      -2.725335
112.365      -2.733993
112.380      -2.742571
112.395      -2.751067
112.410      -2.759482
112.425      -2.767813
112.440      -2.776060
112.455      -2.784221
112.470      -2.792298
112.485      -2.800287
112.500      -2.808188
112.515      -2.816001
112.530      -2.823725
112.545      -2.831359
112.560      -2.838901
112.575      -2.846352
112.590      -2.853709
112.605      -2.860974
112.620      -2.868144
112.635      -2.875219
112.650      -2.882198
112.665      -2.889080
112.680      -2.895865
112.695      -2.902552
112.710      -2.909140
112.725      -2.915628
112.740      -2.922016
112.755      -2.928304
112.770      -2.934489
112.785      -2.940572
112.800      -2.946552
112.815      -2.952428
112.830      -2.958200
112.845      -2.963867
112.860      -2.969429
112.875      -2.974884
112.890      -2.980232
112.905      -2.985473
112.920      -2.990606
112.935      -2.995631
112.950      -3.000546
112.965      -3.005352
112.980      -3.010048
112.995      -3.014633
113.010      -3.019107
113.025      -3.023469
113.040      -3.027719
113.055      -3.031857
113.070      -3.035881
113.085      -3.039792
113.100      -3.043589
113.115      -3.047272
113.130      -3.050840
113.145      -3.054293
113.160      -3.057630
113.175      -3.060851
113.190      -3.063957
113.205      -3.066945
113.220      -3.069817
113.235      -3.072572
113.250      -3.075209
113.265      -3.077728
113.280      -3.080129
113.295      -3.082412
113.310      -3.084576
113.325      -3.086622
113.340      -3.088548
113.355      -3.090355
113.370      -3.092043
113.385      -3.093611
113.400      -3.095059
113.415      -3.096387
113.430      -3.097595
113.445      -3.098683
113.460      -3.099650
113.475      -3.100497
113.490      -3.101223
113.505      -3.101829
113.520      -3.102314
113.535      -3.102678
113.550      -3.102922
113.565      -3.103044
113.580      -3.103046
113.595      -3.102927
113.610      -3.102687
113.625      -3.102326
113.640      -3.101844
113.655      -3.101242
113.670      -3.100519
113.685      -3.099675
113.700      -3.098711
113.715      -3.097627
113.730      -3.096422
113.745      -3.095097
113.760      -3.093652
113.775      -3.092088
113.790      -3.090404
113.805      -3.088600
113.820      -3.086677
113.835      -3.084635
113.850      -3.082474
113.865      -3.080194
113.880      -3.077796
113.895      -3.075280
113.910      -3.072647
113.925      -3.069895
113.940      -3.067027
113.955      -3.064041
113.970      -3.060939
113.985      -3.057721
114.000      -3.054387
114.015      -3.050937
114.030      -3.047373
114.045      -3.043693
114.060      -3.039899
114.075      -3.035991
114.090      -3.031970
114.105      -3.027836
114.120      -3.023589
114.135      -3.019230
114.150      -3.014759
114.165      -3.010177
114.180      -3.005484
114.195      -3.000682
114.210      -2.995769
114.225      -2.990748
114.240      -2.985618
114.255      -2.980380
114.270      -2.975034
114.285      -2.969582
114.300      -2.964023
114.315      -2.958359
114.330      -2.952590
114.345      -2.946717
114.360      -2.940740
114.375      -2.934660
114.390      -2.928477
114.405      -2.922193
114.420      -2.915807
114.435      -2.909322
114.450      -2.902737
114.465      -2.896052
114.480      -2.889270
114.495      -2.882390
114.510      -2.875414
114.525      -2.868342
114.540      -2.861174
114.555      -2.853913
114.570      -2.846558
114.585      -2.839110
114.600      -2.831570
114.615      -2.823939
114.630      -2.816218
114.645      -2.808407
114.660      -2.800508
114.675      -2.792521
114.690      -2.784447
114.705      -2.776288
114.720      -2.768043
114.735      -2.759714
114.750      -2.751303
114.765      -2.742808
114.780      -2.734233
114.795      -2.725577
114.810      -2.716842
114.825      -2.708028
114.840      -2.699136
114.855      -2.690168
114.870      -2.681125
114.885      -2.672006
114.900      -2.662815
114.915      -2.653550
114.930      -2.644214
114.945      -2.634808
114.960      -2.625332
114.975      -2.615788
114.990      -2.606176
115.005      -2.596498
115.020      -2.586754
115.035      -2.576946
115.050      -2.567075
115.065      -2.557142
115.080      -2.547148
115.095      -2.537095
115.110      -2.526982
115.125      -2.516811
115.140      -2.506585
115.155      -2.496302
115.170      -2.485965
115.185      -2.475576
115.200      -2.465134
115.215      -2.454641
115.230      -2.444098
115.245      -2.433507
115.260      -2.422869
115.275      -2.412184
115.290      -2.401454
115.305      -2.390680
115.320      -2.379863
115.335      -2.369005
115.350      -2.358107
115.365      -2.347169
115.380      -2.336193
115.395      -2.325181
115.410      -2.314133
115.425      -2.303050
115.440      -2.291935
115.455      -2.280788
115.470      -2.269610
115.485      -2.258402
115.500      -2.247166
115.515      -2.235904
115.530      -2.224615
115.545      -2.213302
115.560      -2.201966
115.575      -2.190608
115.590      -2.179229
115.605      -2.167830
115.620      -2.156413
115.635      -2.144979
115.650      -2.133529
115.665      -2.122065
115.680      -2.110587
115.695      -2.099097
115.710      -2.087597
115.725      -2.076087
115.740      -2.064569
115.755      -2.053044
115.770      -2.041513
115.785      -2.029978
115.800      -2.018439
115.815      -2.006899
115.830      -1.995358
115.845      -1.983817
115.860      -1.972279
115.875      -1.960743
115.890      -1.949212
115.905      -1.937687
115.920      -1.926169
115.935      -1.914659
115.950      -1.903158
115.965      -1.891668
115.980      -1.880190
115.995      -1.868725
116.010      -1.857275
116.025      -1.845841
116.040      -1.834423
116.055      -1.823024
116.070      -1.811644
116.085      -1.800285
116.100      -1.788948
116.115      -1.777635
116.130      -1.766345
116.145      -1.755082
116.160      -1.743846
116.175      -1.732637
116.190      -1.721458
116.205      -1.710310
116.220      -1.699194
116.235      -1.688111
116.250      -1.677062
116.265      -1.666048
116.280      -1.655072
116.295      -1.644133
116.310      -1.633233
116.325      -1.622374
116.340      -1.611556
116.355      -1.600781
116.370      -1.590050
116.385      -1.579364
116.400      -1.568724
116.415      -1.558131
116.430      -1.547587
116.445      -1.537093
116.460      -1.526650
116.475      -1.516258
116.490      -1.505920
116.505      -1.495636
116.520      -1.485408
116.535      -1.475236
116.550      -1.465122
116.565      -1.455066
116.580      -1.445070
116.595      -1.435136
116.610      -1.425263
116.625      -1.415453
116.640      -1.405708
116.655      -1.396028
116.670      -1.386414
116.685      -1.376868
116.700      -1.367390
116.715      -1.357982
116.730      -1.348644
116.745      -1.339378
116.760      -1.330184
116.775      -1.321064
116.790      -1.312018
116.805      -1.303048
116.820      -1.294154
116.835      -1.285338
116.850      -1.276601
116.865      -1.267942
116.880      -1.259365
116.895      -1.250868
116.910      -1.242454
116.925      -1.234123
116.940      -1.225876
116.955      -1.217714
116.970      -1.209638
116.985      -1.201649
117.000      -1.193747
117.015      -1.185934
117.030      -1.178210
117.045      -1.170577
117.060      -1.163034
117.075      -1.155584
117.090      -1.148226
117.105      -1.140962
117.120      -1.133792
117.135      -1.126717
117.150      -1.119738
117.165      -1.112855
117.180      -1.106070
117.195      -1.099384
117.210      -1.092796
117.225      -1.086307
117.240      -1.079919
117.255      -1.073632
117.270      -1.067447
117.285      -1.061363
117.300      -1.055383
117.315      -1.049507
117.330      -1.043735
117.345      -1.038068
117.360      -1.032507
117.375      -1.027052
117.390      -1.021703
117.405      -1.016462
117.420      -1.011329
117.435      -1.006305
117.450      -1.001389
117.465      -0.996583
117.480      -0.991888
117.495      -0.987303
117.510      -0.982829
117.525      -0.978466
117.540      -0.974216
117.555      -0.970079
117.570      -0.966054
117.585      -0.962143
117.600      -0.958346
117.615      -0.954664
117.630      -0.951096
117.645      -0.947643
117.660      -0.944306
117.675      -0.941084
117.690      -0.937979
117.705      -0.934990
117.720      -0.932118
117.735      -0.929364
117.750      -0.926727
117.765      -0.924208
117.780      -0.921806
117.795      -0.919524
117.810      -0.917359
117.825      -0.915314
117.840      -0.913388
117.855      -0.911581
117.870      -0.909893
117.885      -0.908325
117.900      -0.906877
117.915      -0.905549
117.930      -0.904341
117.945      -0.903253
117.960      -0.902285
117.975      -0.901439
117.990      -0.900712
118.005      -0.900107
118.020      -0.899622
118.035      -0.899257
118.050      -0.899014
118.065      -0.898891
118.080      -0.898890
118.095      -0.899009
118.110      -0.899249
118.125      -0.899610
118.140      -0.900091
118.155      -0.900694
118.170      -0.901417
118.185      -0.902260
118.200      -0.903224
118.215      -0.904309
118.230      -0.905513
118.245      -0.906838
118.260      -0.908283
118.275      -0.909848
118.290      -0.911532
118.305      -0.913336
118.320      -0.915259
118.335      -0.917301
118.350      -0.919462
118.365      -0.921741
118.380      -0.924139
118.395      -0.926655
118.410      -0.929289
118.425      -0.932040
118.440      -0.934909
118.455      -0.937894
118.470      -0.940996
118.485      -0.944214
118.500      -0.947548
118.515      -0.950998
118.530      -0.954563
118.545      -0.958242
118.560      -0.962036
118.575      -0.965944
118.590      -0.969965
118.605      -0.974100
118.620      -0.978347
118.635      -0.982706
118.650      -0.987177
118.665      -0.991759
118.680      -0.996451
118.695      -1.001254
118.710      -1.006166
118.725      -1.011188
118.740      -1.016318
118.755      -1.021556
118.770      -1.026901
118.785      -1.032354
118.800      -1.037912
118.815      -1.043576
118.830      -1.049345
118.845      -1.055219
118.860      -1.061196
118.875      -1.067276
118.890      -1.073459
118.905      -1.079743
118.920      -1.086128
118.935      -1.092614
118.950      -1.099199
118.965      -1.105883
118.980      -1.112665
118.995      -1.119545
119.010      -1.126521
119.025      -1.133594
119.040      -1.140761
119.055      -1.148023
119.070      -1.155378
119.085      -1.162826
119.100      -1.170366
119.115      -1.177997
119.130      -1.185718
119.145      -1.193529
119.160      -1.201428
119.175      -1.209415
119.190      -1.217488
119.205      -1.225648
119.220      -1.233892
119.235      -1.242221
119.250      -1.250633
119.265      -1.259127
119.280      -1.267703
119.295      -1.276359
119.310      -1.285094
119.325      -1.293908
119.340      -1.302799
119.355      -1.311767
119.370      -1.320811
119.385      -1.329929
119.400      -1.339121
119.415      -1.348385
119.430      -1.357721
119.445      -1.367128
119.460      -1.376604
119.475      -1.386148
119.490      -1.395760
119.505      -1.405438
119.520      -1.415182
119.535      -1.424989
119.550      -1.434860
119.565      -1.444793
119.580      -1.454787
119.595      -1.464841
119.610      -1.474954
119.625      -1.485124
119.640      -1.495351
119.655      -1.505633
119.670      -1.515970
119.685      -1.526360
119.700      -1.536802
119.715      -1.547295
119.730      -1.557837
119.745      -1.568428
119.760      -1.579067
119.775      -1.589752
119.790      -1.600482
119.805      -1.611256
119.820      -1.622072
119.835      -1.632930
119.850      -1.643829
119.865      -1.654767
119.880      -1.665742
119.895      -1.676755
119.910      -1.687803
119.925      -1.698885
119.940      -1.710000
119.955      -1.721148
119.970      -1.732326
119.985      -1.743533
120.000      -1.754769
120.015      -1.766032
120.030      -1.777320
120.045      -1.788633
120.060      -1.799970
120.075      -1.811328
120.090      -1.822707
120.105      -1.834106
120.120      -1.845523
120.135      -1.856957
120.150      -1.868407
120.165      -1.879871
120.180      -1.891349
120.195      -1.902838
120.210      -1.914339
120.225      -1.925848
120.240      -1.937367
120.255      -1.948892
120.270      -1.960423
120.285      -1.971958
120.300      -1.983496
120.315      -1.995037
120.330      -2.006578
120.345      -2.018118
120.360      -2.029657
120.375      -2.041192
120.390      -2.052723
120.405      -2.064248
120.420      -2.075767
120.435      -2.087277
120.450      -2.098778
120.465      -2.110268
120.480      -2.121746
120.495      -2.133210
120.510      -2.144661
120.525      -2.156095
120.540      -2.167512
120.555      -2.178912
120.570      -2.190291
120.585      -2.201650
120.600      -2.212987
120.615      -2.224301
120.630      -2.235590
120.645      -2.246854
120.660      -2.258090
120.675      -2.269298
120.690      -2.280477
120.705      -2.291625
120.720      -2.302742
120.735      -2.313825
120.750      -2.324874
120.765      -2.335887
120.780      -2.346864
120.795      -2.357803
120.810      -2.368702
120.825      -2.379562
120.840      -2.390380
120.855      -2.401155
120.870      -2.411886
120.885      -2.422572
120.900      -2.433212
120.915      -2.443804
120.930      -2.454348
120.945      -2.464842
120.960      -2.475286
120.975      -2.485677
120.990      -2.496015
121.005      -2.506299
121.020      -2.516528
121.035      -2.526700
121.050      -2.536814
121.065      -2.546870
121.080      -2.556865
121.095      -2.566800
121.110      -2.576673
121.125      -2.586482
121.140      -2.596227
121.155      -2.605907
121.170      -2.615521
121.185      -2.625067
121.200      -2.634545
121.215      -2.643954
121.230      -2.653292
121.245      -2.662558
121.260      -2.671752
121.275      -2.680872
121.290      -2.689918
121.305      -2.698888
121.320      -2.707781
121.335      -2.716597
121.350      -2.725335
121.365      -2.733993
121.380      -2.742571
121.395      -2.751067
121.410      -2.759482
121.425      -2.767813
121.440      -2.776060
121.455      -2.784221
121.470      -2.792298
121.485      -2.800287
121.500      -2.808188
121.515      -2.816001
121.530      -2.823725
121.545      -2.831359
121.560      -2.838901
121.575      -2.846352
121.590      -2.853709
121.605      -2.860974
121.620      -2.868144
121.635      -2.875219
121.650      -2.882198
121.665      -2.889080
121.680      -2.895865
121.695      -2.902552
121.710      -2.909140
121.725      -2.915628
121.740      -2.922016
121.755      -2.928304
121.770      -2.934489
121.785      -2.940572
121.800      -2.946552
121.815      -2.952428
121.830      -2.958200
121.845      -2.963867
121.860      -2.969429
121.875      -2.974884
121.890      -2.980232
121.905      -2.985473
121.920      -2.990606
121.935      -2.995631
121.950      -3.000546
121.965      -3.005352
121.980      -3.010048
121.995      -3.014633
122.010      -3.019107
122.025      -3.023469
122.040      -3.027719
122.055      -3.031857
122.070      -3.035881
122.085      -3.039792
122.100      -3.043589
122.115      -3.047272
122.130      -3.050840
122.145      -3.054293
122.160      -3.057630
122.175      -3.060851
122.190      -3.063957
122.205      -3.066945
122.220      -3.069817
122.235      -3.072572
122.250      -3.075209
122.265      -3.077728
122.280      -3.080129
122.295      -3.082412
122.310      -3.084576
122.325      -3.086622
122.340      -3.088548
122.355      -3.090355
122.370      -3.092043
122.385      -3.093611
122.400      -3.095059
122.415      -3.096387
122.430      -3.097595
122.445      -3.098683
122.460      -3.099650
122.475      -3.100497
122.490      -3.101223
122.505      -3.101829
122.520      -3.102314
122.535      -3.102678
122.550      -3.102922
122.565      -3.103044
122.580      -3.103046
122.595      -3.102927
122.610      -3.102687
122.625      -3.102326
122.640      -3.101844
122.655      -3.101242
122.670      -3.100519
122.685      -3.099675
122.700      -3.098711
122.715      -3.097627
122.730      -3.096422
122.745      -3.095097
122.760      -3.093652
122.775      -3.092088
122.790      -3.090404
122.805      -3.088600
122.820      -3.086677
122.835      -3.084635
122.850      -3.082474
122.865      -3.080194
122.880      -3.077796
122.895      -3.075280
122.910      -3.072647
122.925      -3.069895
122.940      -3.067027
122.955      -3.064041
122.970      -3.060939
122.985      -3.057721
123.000      -3.054387
123.015      -3.050937
123.030      -3.047373
123.045      -3.043693
123.060      -3.039899
123.075      -3.035991
123.090      -3.031970
123.105      -3.027836
123.120      -3.023589
123.135      -3.019230
123.150      -3.014759
123.165      -3.010177
123.180      -3.005484
123.195      -3.000682
123.210      -2.995769
123.225      -2.990748
123.240      -2.985618
123.255      -2.980380
123.270      -2.975034
123.285      -2.969582
123.300      -2.964023
123.315      -2.958359
123.330      -2.952590
123.345      -2.946717
123.360      -2.940740
123.375      -2.934660
123.390      -2.928477
123.405      -2.922193
123.420      -2.915807
123.435      -2.909322
123.450      -2.902737
123.465      -2.896052
123.480      -2.889270
123.495      -2.882390
123.510      -2.875414
123.525      -2.868342
123.540      -2.861174
123.555      -2.853913
123.570      -2.846558
123.585      -2.839110
123.600      -2.831570
123.615      -2.823939
123.630      -2.816218
123.645      -2.808407
123.660      -2.800508
123.675      -2.792521
123.690      -2.784447
123.705      -2.776288
123.720      -2.768043
123.735      -2.759714
123.750      -2.751303
123.765      -2.742808
123.780      -2.734233
123.795      -2.725577
123.810      -2.716842
123.825      -2.708028
123.840      -2.699136
123.855      -2.690168
123.870      -2.681125
123.885      -2.672006
123.900      -2.662815
123.915      -2.653550
123.930      -2.644214
123.945      -2.634808
123.960      -2.625332
123.975      -2.615788
123.990      -2.606176
124.005      -2.596498
124.020      -2.586754
124.035      -2.576946
124.050      -2.567075
124.065      -2.557142
124.080      -2.547148
124.095      -2.537095
124.110      -2.526982
124.125      -2.516811
124.140      -2.506585
124.155      -2.496302
124.170      -2.485965
124.185      -2.475576
124.200      -2.465134
124.215      -2.454641
124.230      -2.444098
124.245      -2.433507
124.260      -2.422869
124.275      -2.412184
124.290      -2.401454
124.305      -2.390680
124.320      -2.379863
124.335      -2.369005
124.350      -2.358107
124.365      -2.347169
124.380      -2.336193
124.395      -2.325181
124.410      -2.314133
124.425      -2.303050
124.440      -2.291935
124.455      -2.280788
124.470      -2.269610
124.485      -2.258402
124.500      -2.247166
124.515      -2.235904
124.530      -2.224615
124.545      -2.213302
124.560      -2.201966
124.575      -2.190608
124.590      -2.179229
124.605      -2.167830
124.620      -2.156413
124.635      -2.144979
124.650      -2.133529
124.665      -2.122065
124.680      -2.110587
124.695      -2.099097
124.710      -2.087597
124.725      -2.076087
124.740      -2.064569
124.755      -2.053044
124.770      -2.041513
124.785      -2.029978
124.800      -2.018439
124.815      -2.006899
124.830      -1.995358
124.845      -1.983817
124.860      -1.972279
124.875      -1.960743
124.890      -1.949212
124.905      -1.937687
124.920      -1.926169
124.935      -1.914659
124.950      -1.903158
124.965      -1.891668
124.980      -1.880190
124.995      -1.868725
125.010      -1.857275
125.025      -1.845841
125.040      -1.834423
125.055      -1.823024
125.070      -1.811644
125.085      -1.800285
125.100      -1.788948
125.115      -1.777635
125.130      -1.766345
125.145      -1.755082
125.160      -1.743846
125.175      -1.732637
125.190      -1.721458
125.205      -1.710310
125.220      -1.699194
125.235      -1.688111
125.250      -1.677062
125.265      -1.666048
125.280      -1.655072
125.295      -1.644133
125.310      -1.633233
125.325      -1.622374
125.340      -1.611556
125.355      -1.600781
125.370      -1.590050
125.385      -1.579364
125.400      -1.568724
125.415      -1.558131
125.430      -1.547587
125.445      -1.537093
125.460      -1.526650
125.475      -1.516258
125.490      -1.505920
125.505      -1.495636
125.520      -1.485408
125.535      -1.475236
125.550      -1.465122
125.565      -1.455066
125.580      -1.445070
125.595      -1.435136
125.610      -1.425263
125.625      -1.415453
125.640      -1.405708
125.655      -1.396028
125.670      -1.386414
125.685      -1.376868
125.700      -1.367390
125.715      -1.357982
125.730      -1.348644
125.745      -1.339378
125.760      -1.330184
125.775      -1.321064
125.790      -1.312018
125.805      -1.303048
125.820      -1.294154
125.835      -1.285338
125.850      -1.276601
125.865      -1.267942
125.880      -1.259365
125.895      -1.250868
125.910      -1.242454
125.925      -1.234123
125.940      -1.225876
125.955      -1.217714
125.970      -1.209638
125.985      -1.201649
126.000      -1.193747
126.015      -1.185934
126.030      -1.178210
126.045      -1.170577
126.060      -1.163034
126.075      -1.155584
126.090      -1.148226
126.105      -1.140962
126.120      -1.133792
126.135      -1.126717
126.150      -1.119738
126.165      -1.112855
126.180      -1.106070
126.195      -1.099384
126.210      -1.092796
126.225      -1.086307
126.240      -1.079919
126.255      -1.073632
126.270      -1.067447
126.285      -1.061363
126.300      -1.055383
126.315      -1.049507
126.330      -1.043735
126.345      -1.038068
126.360      -1.032507
126.375      -1.027052
126.390      -1.021703
126.405      -1.016462
126.420      -1.011329
126.435      -1.006305
126.450      -1.001389
126.465      -0.996583
126.480      -0.991888
126.495      -0.987303
126.510      -0.982829
126.525      -0.978466
126.540      -0.974216
126.555      -0.970079
126.570      -0.966054
126.585      -0.962143
126.600      -0.958346
126.615      -0.954664
126.630      -0.951096
126.645      -0.947643
126.660      -0.944306
126.675      -0.941084
126.690      -0.937979
126.705      -0.934990
126.720      -0.932118
126.735      -0.929364
126.750      -0.926727
126.765      -0.924208
126.780      -0.921806
126.795      -0.919524
126.810      -0.917359
126.825      -0.915314
126.840      -0.913388
126.855      -0.911581
126.870      -0.909893
126.885      -0.908325
126.900      -0.906877
126.915      -0.905549
126.930      -0.904341
126.945      -0.903253
126.960      -0.902285
126.975      -0.901439
126.990      -0.900712
127.005      -0.900107
127.020      -0.899622
127.035      -0.899257
127.050      -0.899014
127.065      -0.898891
127.080      -0.898890
127.095      -0.899009
127.110      -0.899249
127.125      -0.899610
127.140      -0.900091
127.155      -0.900694
127.170      -0.901417
127.185      -0.902260
127.200      -0.903224
127.215      -0.904309
127.230      -0.905513
127.245      -0.906838
127.260      -0.908283
127.275      -0.909848
127.290      -0.911532
127.305      -0.913336
127.320      -0.915259
127.335      -0.917301
127.350      -0.919462
127.365      -0.921741
127.380      -0.924139
127.395      -0.926655
127.410      -0.929289
127.425      -0.932040
127.440      -0.934909
127.455      -0.937894
127.470      -0.940996
127.485      -0.944214
127.500      -0.947548
127.515      -0.950998
127.530      -0.954563
127.545      -0.958242
127.560      -0.962036
127.575      -0.965944
127.590      -0.969965
127.605      -0.974100
127.620      -0.978347
127.635      -0.982706
127.650      -0.987177
127.665      -0.991759
127.680      -0.996451
127.695      -1.001254
127.710      -1.006166
127.725      -1.011188
127.740      -1.016318
127.755      -1.021556
127.770      -1.026901
127.785      -1.032354
127.800      -1.037912
127.815      -1.043576
127.830      -1.049345
127.845      -1.055219
127.860      -1.061196
127.875      -1.067276
127.890      -1.073459
127.905      -1.079743
127.920      -1.086128
127.935      -1.092614
127.950      -1.099199
127.965      -1.105883
127.980      -1.112665
127.995      -1.119545
128.010      -1.126521
128.025      -1.133594
128.040      -1.140761
128.055      -1.148023
128.070      -1.155378
128.085      -1.162826
128.100      -1.170366
128.115      -1.177997
128.130      -1.185718
128.145      -1.193529
128.160      -1.201428
128.175      -1.209415
128.190      -1.217488
128.205      -1.225648
128.220      -1.233892
128.235      -1.242221
128.250      -1.250633
128.265      -1.259127
128.280      -1.267703
128.295      -1.276359
128.310      -1.285094
128.325      -1.293908
128.340      -1.302799
128.355      -1.311767
128.370      -1.320811
128.385      -1.329929
128.400      -1.339121
128.415      -1.348385
128.430      -1.357721
128.445      -1.367128
128.460      -1.376604
128.475      -1.386148
128.490      -1.395760
128.505      -1.405438
128.520      -1.415182
128.535      -1.424989
128.550      -1.434860
128.565      -1.444793
128.580      -1.454787
128.595      -1.464841
128.610      -1.474954
128.625      -1.485124
128.640      -1.495351
128.655      -1.505633
128.670      -1.515970
128.685      -1.526360
128.700      -1.536802
128.715      -1.547295
128.730      -1.557837
128.745      -1.568428
128.760      -1.579067
128.775      -1.589752
128.790      -1.600482
128.805      -1.611256
128.820      -1.622072
128.835      -1.632930
128.850      -1.643829
128.865      -1.654767
128.880      -1.665742
128.895      -1.676755
128.910      -1.687803
128.925      -1.698885
128.940      -1.710000
128.955      -1.721148
128.970      -1.732326
128.985      -1.743533
129.000      -1.754769
129.015      -1.766032
129.030      -1.777320
129.045      -1.788633
129.060      -1.799970
129.075      -1.811328
129.090      -1.822707
129.105      -1.834106
129.120      -1.845523
129.135      -1.856957
129.150      -1.868407
129.165      -1.879871
129.180      -1.891349
129.195      -1.902838
129.210      -1.914339
129.225      -1.925848
129.240      -1.937367
129.255      -1.948892
129.270      -1.960423
129.285      -1.971958
129.300      -1.983496
129.315      -1.995037
129.330      -2.006578
129.345      -2.018118
129.360      -2.029657
129.375      -2.041192
129.390      -2.052723
129.405      -2.064248
129.420      -2.075767
129.435      -2.087277
129.450      -2.098778
129.465      -2.110268
129.480      -2.121746
129.495      -2.133210
129.510      -2.144661
129.525      -2.156095
129.540      -2.167512
129.555      -2.178912
129.570      -2.190291
129.585      -2.201650
129.600      -2.212987
129.615      -2.224301
129.630      -2.235590
129.645      -2.246854
129.660      -2.258090
129.675      -2.269298
129.690      -2.280477
129.705      -2.291625
129.720      -2.302742
129.735      -2.313825
129.750      -2.324874
129.765      -2.335887
129.780      -2.346864
129.795      -2.357803
129.810      -2.368702
129.825      -2.379562
129.840      -2.390380
129.855      -2.401155
129.870      -2.411886
129.885      -2.422572
129.900      -2.433212
129.915      -2.443804
129.930      -2.454348
129.945      -2.464842
129.960      -2.475286
129.975      -2.485677
129.990      -2.496015
130.005      -2.506299
130.020      -2.516528
130.035      -2.526700
130.050      -2.536814
130.065      -2.546870
130.080      -2.556865
130.095      -2.566800
130.110      -2.576673
130.125      -2.586482
130.140      -2.596227
130.155      -2.605907
130.170      -2.615521
130.185      -2.625067
130.200      -2.634545
130.215      -2.643954
130.230      -2.653292
130.245      -2.662558
130.260      -2.671752
130.275      -2.680872
130.290      -2.689918
130.305      -2.698888
130.320      -2.707781
130.335      -2.716597
130.350      -2.725335
130.365      -2.733993
130.380      -2.742571
130.395      -2.751067
130.410      -2.759482
130.425      -2.767813
130.440      -2.776060
130.455      -2.784221
130.470      -2.792298
130.485      -2.800287
130.500      -2.808188
130.515      -2.816001
130.530      -2.823725
130.545      -2.831359
130.560      -2.838901
130.575      -2.846352
130.590      -2.853709
130.605      -2.860974
130.620      -2.868144
130.635      -2.875219
130.650      -2.882198
130.665      -2.889080
130.680      -2.895865
130.695      -2.902552
130.710      -2.909140
130.725      -2.915628
130.740      -2.922016
130.755      -2.928304
130.770      -2.934489
130.785      -2.940572
130.800      -2.946552
130.815      -2.952428
130.830      -2.958200
130.845      -2.963867
130.860      -2.969429
130.875      -2.974884
130.890      -2.980232
130.905      -2.985473
130.920      -2.990606
130.935      -2.995631
130.950      -3.000546
130.965      -3.005352
130.980      -3.010048
130.995      -3.014633
131.010      -3.019107
131.025      -3.023469
131.040      -3.027719
131.055      -3.031857
131.070      -3.035881
131.085      -3.039792
131.100      -3.043589
131.115      -3.047272
131.130      -3.050840
131.145      -3.054293
131.160      -3.057630
131.175      -3.060851
131.190      -3.063957
131.205      -3.066945
131.220      -3.069817
131.235      -3.072572
131.250      -3.075209
131.265      -3.077728
131.280      -3.080129
131.295      -3.082412
131.310      -3.084576
131.325      -3.086622
131.340      -3.088548
131.355      -3.090355
131.370      -3.092043
131.385      -3.093611
131.400      -3.095059
131.415      -3.096387
131.430      -3.097595
131.445      -3.098683
131.460      -3.099650
131.475      -3.100497
131.490      -3.101223
131.505      -3.101829
131.520      -3.102314
131.535      -3.102678
131.550      -3.102922
131.565      -3.103044
131.580      -3.103046
131.595      -3.102927
131.610      -3.102687
131.625      -3.102326
131.640      -3.101844
131.655      -3.101242
131.670      -3.100519
131.685      -3.099675
131.700      -3.098711
131.715      -3.097627
131.730      -3.096422
131.745      -3.095097
131.760      -3.093652
131.775      -3.092088
131.790      -3.090404
131.805      -3.088600
131.820      -3.086677
131.835      -3.084635
131.850      -3.082474
131.865      -3.080194
131.880      -3.077796
131.895      -3.075280
131.910      -3.072647
131.925      -3.069895
131.940      -3.067027
131.955      -3.064041
131.970      -3.060939
131.985      -3.057721
132.000      -3.054387
132.015      -3.050937
132.030      -3.047373
132.045      -3.043693
132.060      -3.039899
132.075      -3.035991
132.090      -3.031970
132.105      -3.027836
132.120      -3.023589
132.135      -3.019230
132.150      -3.014759
132.165      -3.010177
132.180      -3.005484
132.195      -3.000682
132.210      -2.995769
132.225      -2.990748
132.240      -2.985618
132.255      -2.980380
132.270      -2.975034
132.285      -2.969582
132.300      -2.964023
132.315      -2.958359
132.330      -2.952590
132.345      -2.946717
132.360      -2.940740
132.375      -2.934660
132.390      -2.928477
132.405      -2.922193
132.420      -2.915807
132.435      -2.909322
132.450      -2.902737
132.465      -2.896052
132.480      -2.889270
132.495      -2.882390
132.510      -2.875414
132.525      -2.868342
132.540      -2.861174
132.555      -2.853913
132.570      -2.846558
132.585      -2.839110
132.600      -2.831570
132.615      -2.823939
132.630      -2.816218
132.645      -2.808407
132.660      -2.800508
132.675      -2.792521
132.690      -2.784447
132.705      -2.776288
132.720      -2.768043
132.735      -2.759714
132.750      -2.751303
132.765      -2.742808
132.780      -2.734233
132.795      -2.725577
132.810      -2.716842
132.825      -2.708028
132.840      -2.699136
132.855      -2.690168
132.870      -2.681125
132.885      -2.672006
132.900      -2.662815
132.915      -2.653550
132.930      -2.644214
132.945      -2.634808
132.960      -2.625332
132.975      -2.615788
132.990      -2.606176
133.005      -2.596498
133.020      -2.586754
133.035      -2.576946
133.050      -2.567075
133.065      -2.557142
133.080      -2.547148
133.095      -2.537095
133.110      -2.526982
133.125      -2.516811
133.140      -2.506585
133.155      -2.496302
133.170      -2.485965
133.185      -2.475576
133.200      -2.465134
133.215      -2.454641
133.230      -2.444098
133.245      -2.433507
133.260      -2.422869
133.275      -2.412184
133.290      -2.401454
133.305      -2.390680
133.320      -2.379863
133.335      -2.369005
133.350      -2.358107
133.365      -2.347169
133.380      -2.336193
133.395      -2.325181
133.410      -2.314133
133.425      -2.303050
133.440      -2.291935
133.455      -2.280788
133.470      -2.269610
133.485      -2.258402
133.500      -2.247166
133.515      -2.235904
133.530      -2.224615
133.545      -2.213302
133.560      -2.201966
133.575      -2.190608
133.590      -2.179229
133.605      -2.167830
133.620      -2.156413
133.635      -2.144979
133.650      -2.133529
133.665      -2.122065
133.680      -2.110587
133.695      -2.099097
133.710      -2.087597
133.725      -2.076087
133.740      -2.064569
133.755      -2.053044
133.770      -2.041513
133.785      -2.029978
133.800      -2.018439
133.815      -2.006899
133.830      -1.995358
133.845      -1.983817
133.860      -1.972279
133.875      -1.960743
133.890      -1.949212
133.905      -1.937687
133.920      -1.926169
133.935      -1.914659
133.950      -1.903158
133.965      -1.891668
133.980      -1.880190
133.995      -1.868725
134.010      -1.857275
134.025      -1.845841
134.040      -1.834423
134.055      -1.823024
134.070      -1.811644
134.085      -1.800285
134.100      -1.788948
134.115      -1.777635
134.130      -1.766345
134.145      -1.755082
134.160      -1.743846
134.175      -1.732637
134.190      -1.721458
134.205      -1.710310
134.220      -1.699194
134.235      -1.688111
134.250      -1.677062
134.265      -1.666048
134.280      -1.655072
134.295      -1.644133
134.310      -1.633233
134.325      -1.622374
134.340      -1.611556
134.355      -1.600781
134.370      -1.590050
134.385      -1.579364
134.400      -1.568724
134.415      -1.558131
134.430      -1.547587
134.445      -1.537093
134.460      -1.526650
134.475      -1.516258
134.490      -1.505920
134.505      -1.495636
134.520      -1.485408
134.535      -1.475236
134.550      -1.465122
134.565      -1.455066
134.580      -1.445070
134.595      -1.435136
134.610      -1.425263
134.625      -1.415453
134.640      -1.405708
134.655      -1.396028
134.670      -1.386414
134.685      -1.376868
134.700      -1.367390
134.715      -1.357982
134.730      -1.348644
134.745      -1.339378
134.760      -1.330184
134.775      -1.321064
134.790      -1.312018
134.805      -1.303048
134.820      -1.294154
134.835      -1.285338
134.850      -1.276601
134.865      -1.267942
134.880      -1.259365
134.895      -1.250868
134.910      -1.242454
134.925      -1.234123
134.940      -1.225876
134.955      -1.217714
134.970      -1.209638
134.985      -1.201649
135.000      -1.193747
135.015      -1.185934
135.030      -1.178210
135.045      -1.170577
135.060      -1.163034
135.075      -1.155584
135.090      -1.148226
135.105      -1.140962
135.120      -1.133792
135.135      -1.126717
135.150      -1.119738
135.165      -1.112855
135.180      -1.106070
135.195      -1.099384
135.210      -1.092796
135.225      -1.086307
135.240      -1.079919
135.255      -1.073632
135.270      -1.067447
135.285      -1.061363
135.300      -1.055383
135.315      -1.049507
135.330      -1.043735
135.345      -1.038068
135.360      -1.032507
135.375      -1.027052
135.390      -1.021703
135.405      -1.016462
135.420      -1.011329
135.435      -1.006305
135.450      -1.001389
135.465      -0.996583
135.480      -0.991888
135.495      -0.987303
135.510      -0.982829
135.525      -0.978466
135.540      -0.974216
135.555      -0.970079
135.570      -0.966054
135.585      -0.962143
135.600      -0.958346
135.615      -0.954664
135.630      -0.951096
135.645      -0.947643
135.660      -0.944306
135.675      -0.941084
135.690      -0.937979
135.705      -0.934990
135.720      -0.932118
135.735      -0.929364
135.750      -0.926727
135.765      -0.924208
135.780      -0.921806
135.795      -0.919524
135.810      -0.917359
135.825      -0.915314
135.840      -0.913388
135.855      -0.911581
135.870      -0.909893
135.885      -0.908325
135.900      -0.906877
135.915      -0.905549
135.930      -0.904341
135.945      -0.903253
135.960      -0.902285
135.975      -0.901439
135.990      -0.900712
136.005      -0.900107
136.020      -0.899622
136.035      -0.899257
136.050      -0.899014
136.065      -0.898891
136.080      -0.898890
136.095      -0.899009
136.110      -0.899249
136.125      -0.899610
136.140      -0.900091
136.155      -0.900694
136.170      -0.901417
136.185      -0.902260
136.200      -0.903224
136.215      -0.904309
136.230      -0.905513
136.245      -0.906838
136.260      -0.908283
136.275      -0.909848
136.290      -0.911532
136.305      -0.913336
136.320      -0.915259
136.335      -0.917301
136.350      -0.919462
136.365      -0.921741
136.380      -0.924139
136.395      -0.926655
136.410      -0.929289
136.425      -0.932040
136.440      -0.934909
136.455      -0.937894
136.470      -0.940996
136.485      -0.944214
136.500      -0.947548
136.515      -0.950998
136.530      -0.954563
136.545      -0.958242
136.560      -0.962036
136.575      -0.965944
136.590      -0.969965
136.605      -0.974100
136.620      -0.978347
136.635      -0.982706
136.650      -0.987177
136.665      -0.991759
136.680      -0.996451
136.695      -1.001254
136.710      -1.006166
136.725      -1.011188
136.740      -1.016318
136.755      -1.021556
136.770      -1.026901
136.785      -1.032354
136.800      -1.037912
136.815      -1.043576
136.830      -1.049345
136.845      -1.055219
136.860      -1.061196
136.875      -1.067276
136.890      -1.073459
136.905      -1.079743
136.920      -1.086128
136.935      -1.092614
136.950      -1.099199
136.965      -1.105883
136.980      -1.112665
136.995      -1.119545
137.010      -1.126521
137.025      -1.133594
137.040      -1.140761
137.055      -1.148023
137.070      -1.155378
137.085      -1.162826
137.100      -1.170366
137.115      -1.177997
137.130      -1.185718
137.145      -1.193529
137.160      -1.201428
137.175      -1.209415
137.190      -1.217488
137.205      -1.225648
137.220      -1.233892
137.235      -1.242221
137.250      -1.250633
137.265      -1.259127
137.280      -1.267703
137.295      -1.276359
137.310      -1.285094
137.325      -1.293908
137.340      -1.302799
137.355      -1.311767
137.370      -1.320811
137.385      -1.329929
137.400      -1.339121
137.415      -1.348385
137.430      -1.357721
137.445      -1.367128
137.460      -1.376604
137.475      -1.386148
137.490      -1.395760
137.505      -1.405438
137.520      -1.415182
137.535      -1.424989
137.550      -1.434860
137.565      -1.444793
137.580      -1.454787
137.595      -1.464841
137.610      -1.474954
137.625      -1.485124
137.640      -1.495351
137.655      -1.505633
137.670      -1.515970
137.685      -1.526360
137.700      -1.536802
137.715      -1.547295
137.730      -1.557837
137.745      -1.568428
137.760      -1.579067
137.775      -1.589752
137.790      -1.600482
137.805      -1.611256
137.820      -1.622072
137.835      -1.632930
137.850      -1.643829
137.865      -1.654767
137.880      -1.665742
137.895      -1.676755
137.910      -1.687803
137.925      -1.698885
137.940      -1.710000
137.955      -1.721148
137.970      -1.732326
137.985      -1.743533
138.000      -1.754769
138.015      -1.766032
138.030      -1.777320
138.045      -1.788633
138.060      -1.799970
138.075      -1.811328
138.090      -1.822707
138.105      -1.834106
138.120      -1.845523
138.135      -1.856957
138.150      -1.868407
138.165      -1.879871
138.180      -1.891349
138.195      -1.902838
138.210      -1.914339
138.225      -1.925848
138.240      -1.937367
138.255      -1.948892
138.270      -1.960423
138.285      -1.971958
138.300      -1.983496
138.315      -1.995037
138.330      -2.006578
138.345      -2.018118
138.360      -2.029657
138.375      -2.041192
138.390      -2.052723
138.405      -2.064248
138.420      -2.075767
138.435      -2.087277
138.450      -2.098778
138.465      -2.110268
138.480      -2.121746
138.495      -2.133210
138.510      -2.144661
138.525      -2.156095
138.540      -2.167512
138.555      -2.178912
138.570      -2.190291
138.585      -2.201650
138.600      -2.212987
138.615      -2.224301
138.630      -2.235590
138.645      -2.246854
138.660      -2.258090
138.675      -2.269298
138.690      -2.280477
138.705      -2.291625
138.720      -2.302742
138.735      -2.313825
138.750      -2.324874
138.765      -2.335887
138.780      -2.346864
138.795      -2.357803
138.810      -2.368702
138.825      -2.379562
138.840      -2.390380
138.855      -2.401155
138.870      -2.411886
138.885      -2.422572
138.900      -2.433212
138.915      -2.443804
138.930      -2.454348
138.945      -2.464842
138.960      -2.475286
138.975      -2.485677
138.990      -2.496015
139.005      -2.506299
139.020      -2.516528
139.035      -2.526700
139.050      -2.536814
139.065      -2.546870
139.080      -2.556865
139.095      -2.566800
139.110      -2.576673
139.125      -2.586482
139.140      -2.596227
139.155      -2.605907
139.170      -2.615521
139.185      -2.625067
139.200      -2.634545
139.215      -2.643954
139.230      -2.653292
139.245      -2.662558
139.260      -2.671752
139.275      -2.680872
139.290      -2.689918
139.305      -2.698888
139.320      -2.707781
139.335      -2.716597
139.350      -2.725335
139.365      -2.733993
139.380      -2.742571
139.395      -2.751067
139.410      -2.759482
139.425      -2.767813
139.440      -2.776060
139.455      -2.784221
139.470      -2.792298
139.485      -2.800287
139.500      -2.808188
139.515      -2.816001
139.530      -2.823725
139.545      -2.831359
139.560      -2.838901
139.575      -2.846352
139.590      -2.853709
139.605      -2.860974
139.620      -2.868144
139.635      -2.875219
139.650      -2.882198
139.665      -2.889080
139.680      -2.895865
139.695      -2.902552
139.710      -2.909140
139.725      -2.915628
139.740      -2.922016
139.755      -2.928304
139.770      -2.934489
139.785      -2.940572
139.800      -2.946552
139.815      -2.952428
139.830      -2.958200
139.845      -2.963867
139.860      -2.969429
139.875      -2.974884
139.890      -2.980232
139.905      -2.985473
139.920      -2.990606
139.935      -2.995631
139.950      -3.000546
139.965      -3.005352
139.980      -3.010048
139.995      -3.014633
140.010      -3.019107
140.025      -3.023469
140.040      -3.027719
140.055      -3.031857
140.070      -3.035881
140.085      -3.039792
140.100      -3.043589
140.115      -3.047272
140.130      -3.050840
140.145      -3.054293
140.160      -3.057630
140.175      -3.060851
140.190      -3.063957
140.205      -3.066945
140.220      -3.069817
140.235      -3.072572
140.250      -3.075209
140.265      -3.077728
140.280      -3.080129
140.295      -3.082412
140.310      -3.084576
140.325      -3.086622
140.340      -3.088548
140.355      -3.090355
140.370      -3.092043
140.385      -3.093611
140.400      -3.095059
140.415      -3.096387
140.430      -3.097595
140.445      -3.098683
140.460      -3.099650
140.475      -3.100497
140.490      -3.101223
140.505      -3.101829
140.520      -3.102314
140.535      -3.102678
140.550      -3.102922
140.565      -3.103044
140.580      -3.103046
140.595      -3.102927
140.610      -3.102687
140.625      -3.102326
140.640      -3.101844
140.655      -3.101242
140.670      -3.100519
140.685      -3.099675
140.700      -3.098711
140.715      -3.097627
140.730      -3.096422
140.745      -3.095097
140.760      -3.093652
140.775      -3.092088
140.790      -3.090404
140.805      -3.088600
140.820      -3.086677
140.835      -3.084635
140.850      -3.082474
140.865      -3.080194
140.880      -3.077796
140.895      -3.075280
140.910      -3.072647
140.925      -3.069895
140.940      -3.067027
140.955      -3.064041
140.970      -3.060939
140.985      -3.057721
141.000      -3.054387
141.015      -3.050937
141.030      -3.047373
141.045      -3.043693
141.060      -3.039899
141.075      -3.035991
141.090      -3.031970
141.105      -3.027836
141.120      -3.023589
141.135      -3.019230
141.150      -3.014759
141.165      -3.010177
141.180      -3.005484
141.195      -3.000682
141.210      -2.995769
141.225      -2.990748
141.240      -2.985618
141.255      -2.980380
141.270      -2.975034
141.285      -2.969582
141.300      -2.964023
141.315      -2.958359
141.330      -2.952590
141.345      -2.946717
141.360      -2.940740
141.375      -2.934660
141.390      -2.928477
141.405      -2.922193
141.420      -2.915807
141.435      -2.909322
141.450      -2.902737
141.465      -2.896052
141.480      -2.889270
141.495      -2.882390
141.510      -2.875414
141.525      -2.868342
141.540      -2.861174
141.555      -2.853913
141.570      -2.846558
141.585      -2.839110
141.600      -2.831570
141.615      -2.823939
141.630      -2.816218
141.645      -2.808407
141.660      -2.800508
141.675      -2.792521
141.690      -2.784447
141.705      -2.776288
141.720      -2.768043
141.735      -2.759714
141.750      -2.751303
141.765      -2.742808
141.780      -2.734233
141.795      -2.725577
141.810      -2.716842
141.825      -2.708028
141.840      -2.699136
141.855      -2.690168
141.870      -2.681125
141.885      -2.672006
141.900      -2.662815
141.915      -2.653550
141.930      -2.644214
141.945      -2.634808
141.960      -2.625332
141.975      -2.615788
141.990      -2.606176
142.005      -2.596498
142.020      -2.586754
142.035      -2.576946
142.050      -2.567075
142.065      -2.557142
142.080      -2.547148
142.095      -2.537095
142.110      -2.526982
142.125      -2.516811
142.140      -2.506585
142.155      -2.496302
142.170      -2.485965
142.185      -2.475576
142.200      -2.465134
142.215      -2.454641
142.230      -2.444098
142.245      -2.433507
142.260      -2.422869
142.275      -2.412184
142.290      -2.401454
142.305      -2.390680
142.320      -2.379863
142.335      -2.369005
142.350      -2.358107
142.365      -2.347169
142.380      -2.336193
142.395      -2.325181
142.410      -2.314133
142.425      -2.303050
142.440      -2.291935
142.455      -2.280788
142.470      -2.269610
142.485      -2.258402
142.500      -2.247166
142.515      -2.235904
142.530      -2.224615
142.545      -2.213302
142.560      -2.201966
142.575      -2.190608
142.590      -2.179229
142.605      -2.167830
142.620      -2.156413
142.635      -2.144979
142.650      -2.133529
142.665      -2.122065
142.680      -2.110587
142.695      -2.099097
142.710      -2.087597
142.725      -2.076087
142.740      -2.064569
142.755      -2.053044
142.770      -2.041513
142.785      -2.029978
142.800      -2.018439
142.815      -2.006899
142.830      -1.995358
142.845      -1.983817
142.860      -1.972279
142.875      -1.960743
142.890      -1.949212
142.905      -1.937687
142.920      -1.926169
142.935      -1.914659
142.950      -1.903158
142.965      -1.891668
142.980      -1.880190
142.995      -1.868725
143.010      -1.857275
143.025      -1.845841
143.040      -1.834423
143.055      -1.823024
143.070      -1.811644
143.085      -1.800285
143.100      -1.788948
143.115      -1.777635
143.130      -1.766345
143.145      -1.755082
143.160      -1.743846
143.175      -1.732637
143.190      -1.721458
143.205      -1.710310
143.220      -1.699194
143.235      -1.688111
143.250      -1.677062
143.265      -1.666048
143.280      -1.655072
143.295      -1.644133
143.310      -1.633233
143.325      -1.622374
143.340      -1.611556
143.355      -1.600781
143.370      -1.590050
143.385      -1.579364
143.400      -1.568724
143.415      -1.558131
143.430      -1.547587
143.445      -1.537093
143.460      -1.526650
143.475      -1.516258
143.490      -1.505920
143.505      -1.495636
143.520      -1.485408
143.535      -1.475236
143.550      -1.465122
143.565      -1.455066
143.580      -1.445070
143.595      -1.435136
143.610      -1.425263
143.625      -1.415453
143.640      -1.405708
143.655      -1.396028
143.670      -1.386414
143.685      -1.376868
143.700      -1.367390
143.715      -1.357982
143.730      -1.348644
143.745      -1.339378
143.760      -1.330184
143.775      -1.321064
143.790      -1.312018
143.805      -1.303048
143.820      -1.294154
143.835      -1.285338
143.850      -1.276601
143.865      -1.267942
143.880      -1.259365
143.895      -1.250868
143.910      -1.242454
143.925      -1.234123
143.940      -1.225876
143.955      -1.217714
143.970      -1.209638
143.985      -1.201649
144.000      -1.193747
144.015      -1.185934
144.030      -1.178210
144.045      -1.170577
144.060      -1.163034
144.075      -1.155584
144.090      -1.148226
144.105      -1.140962
144.120      -1.133792
144.135      -1.126717
144.150      -1.119738
144.165      -1.112855
144.180      -1.106070
144.195      -1.099384
144.210      -1.092796
144.225      -1.086307
144.240      -1.079919
144.255      -1.073632
144.270      -1.067447
144.285      -1.061363
144.300      -1.055383
144.315      -1.049507
144.330      -1.043735
144.345      -1.038068
144.360      -1.032507
144.375      -1.027052
144.390      -1.021703
144.405      -1.016462
144.420      -1.011329
144.435      -1.006305
144.450      -1.001389
144.465      -0.996583
144.480      -0.991888
144.495      -0.987303
144.510      -0.982829
144.525      -0.978466
144.540      -0.974216
144.555      -0.970079
144.570      -0.966054
144.585      -0.962143
144.600      -0.958346
144.615      -0.954664
144.630      -0.951096
144.645      -0.947643
144.660      -0.944306
144.675      -0.941084
144.690      -0.937979
144.705      -0.934990
144.720      -0.932118
144.735      -0.929364
144.750      -0.926727
144.765      -0.924208
144.780      -0.921806
144.795      -0.919524
144.810      -0.917359
144.825      -0.915314
144.840      -0.913388
144.855      -0.911581
144.870      -0.909893
144.885      -0.908325
144.900      -0.906877
144.915      -0.905549
144.930      -0.904341
144.945      -0.903253
144.960      -0.902285
144.975      -0.901439
144.990      -0.900712
145.005      -0.900107
145.020      -0.899622
145.035      -0.899257
145.050      -0.899014
145.065      -0.898891
145.080      -0.898890
145.095      -0.899009
145.110      -0.899249
145.125      -0.899610
145.140      -0.900091
145.155      -0.900694
145.170      -0.901417
145.185      -0.902260
145.200      -0.903224
145.215      -0.904309
145.230      -0.905513
145.245      -0.906838
145.260      -0.908283
145.275      -0.909848
145.290      -0.911532
145.305      -0.913336
145.320      -0.915259
145.335      -0.917301
145.350      -0.919462
145.365      -0.921741
145.380      -0.924139
145.395      -0.926655
145.410      -0.929289
145.425      -0.932040
145.440      -0.934909
145.455      -0.937894
145.470      -0.940996
145.485      -0.944214
145.500      -0.947548
145.515      -0.950998
145.530      -0.954563
145.545      -0.958242
145.560      -0.962036
145.575      -0.965944
145.590      -0.969965
145.605      -0.974100
145.620      -0.978347
145.635      -0.982706
145.650      -0.987177
145.665      -0.991759
145.680      -0.996451
145.695      -1.001254
145.710      -1.006166
145.725      -1.011188
145.740      -1.016318
145.755      -1.021556
145.770      -1.026901
145.785      -1.032354
145.800      -1.037912
145.815      -1.043576
145.830      -1.049345
145.845      -1.055219
145.860      -1.061196
145.875      -1.067276
145.890      -1.073459
145.905      -1.079743
145.920      -1.086128
145.935      -1.092614
145.950      -1.099199
145.965      -1.105883
145.980      -1.112665
145.995      -1.119545
146.010      -1.126521
146.025      -1.133594
146.040      -1.140761
146.055      -1.148023
146.070      -1.155378
146.085      -1.162826
146.100      -1.170366
146.115      -1.177997
146.130      -1.185718
146.145      -1.193529
146.160      -1.201428
146.175      -1.209415
146.190      -1.217488
146.205      -1.225648
146.220      -1.233892
146.235      -1.242221
146.250      -1.250633
146.265      -1.259127
146.280      -1.267703
146.295      -1.276359
146.310      -1.285094
146.325      -1.293908
146.340      -1.302799
146.355      -1.311767
146.370      -1.320811
146.385      -1.329929
146.400      -1.339121
146.415      -1.348385
146.430      -1.357721
146.445      -1.367128
146.460      -1.376604
146.475      -1.386148
146.490      -1.395760
146.505      -1.405438
146.520      -1.415182
146.535      -1.424989
146.550      -1.434860
146.565      -1.444793
146.580      -1.454787
146.595      -1.464841
146.610      -1.474954
146.625      -1.485124
146.640      -1.495351
146.655      -1.505633
146.670      -1.515970
146.685      -1.526360
146.700      -1.536802
146.715      -1.547295
146.730      -1.557837
146.745      -1.568428
146.760      -1.579067
146.775      -1.589752
146.790      -1.600482
146.805      -1.611256
146.820      -1.622072
146.835      -1.632930
146.850      -1.643829
146.865      -1.654767
146.880      -1.665742
146.895      -1.676755
146.910      -1.687803
146.925      -1.698885
146.940      -1.710000
146.955      -1.721148
146.970      -1.732326
146.985      -1.743533
147.000      -1.754769
147.015      -1.766032
147.030      -1.777320
147.045      -1.788633
147.060      -1.799970
147.075      -1.811328
147.090      -1.822707
147.105      -1.834106
147.120      -1.845523
147.135      -1.856957
147.150      -1.868407
147.165      -1.879871
147.180      -1.891349
147.195      -1.902838
147.210      -1.914339
147.225      -1.925848
147.240      -1.937367
147.255      -1.948892
147.270      -1.960423
147.285      -1.971958
147.300      -1.983496
147.315      -1.995037
147.330      -2.006578
147.345      -2.018118
147.360      -2.029657
147.375      -2.041192
147.390      -2.052723
147.405      -2.064248
147.420      -2.075767
147.435      -2.087277
147.450      -2.098778
147.465      -2.110268
147.480      -2.121746
147.495      -2.133210
147.510      -2.144661
147.525      -2.156095
147.540      -2.167512
147.555      -2.178912
147.570      -2.190291
147.585      -2.201650
147.600      -2.212987
147.615      -2.224301
147.630      -2.235590
147.645      -2.246854
147.660      -2.258090
147.675      -2.269298
147.690      -2.280477
147.705      -2.291625
147.720      -2.302742
147.735      -2.313825
147.750      -2.324874
147.765      -2.335887
147.780      -2.346864
147.795      -2.357803
147.810      -2.368702
147.825      -2.379562
147.840      -2.390380
147.855      -2.401155
147.870      -2.411886
147.885      -2.422572
147.900      -2.433212
147.915      -2.443804
147.930      -2.454348
147.945      -2.464842
147.960      -2.475286
147.975      -2.485677
147.990      -2.496015
148.005      -2.506299
148.020      -2.516528
148.035      -2.526700
148.050      -2.536814
148.065      -2.546870
148.080      -2.556865
148.095      -2.566800
148.110      -2.576673
148.125      -2.586482
148.140      -2.596227
148.155      -2.605907
148.170      -2.615521
148.185      -2.625067
148.200      -2.634545
148.215      -2.643954
148.230      -2.653292
148.245      -2.662558
148.260      -2.671752
148.275      -2.680872
148.290      -2.689918
148.305      -2.698888
148.320      -2.707781
148.335      -2.716597
148.350      -2.725335
148.365      -2.733993
148.380      -2.742571
148.395      -2.751067
148.410      -2.759482
148.425      -2.767813
148.440      -2.776060
148.455      -2.784221
148.470      -2.792298
148.485      -2.800287
148.500      -2.808188
148.515      -2.816001
148.530      -2.823725
148.545      -2.831359
148.560      -2.838901
148.575      -2.846352
148.590      -2.853709
148.605      -2.860974
148.620      -2.868144
148.635      -2.875219
148.650      -2.882198
148.665      -2.889080
148.680      -2.895865
148.695      -2.902552
148.710      -2.909140
148.725      -2.915628
148.740      -2.922016
148.755      -2.928304
148.770      -2.934489
148.785      -2.940572
148.800      -2.946552
148.815      -2.952428
148.830      -2.958200
148.845      -2.963867
148.860      -2.969429
148.875      -2.974884
148.890      -2.980232
148.905      -2.985473
148.920      -2.990606
148.935      -2.995631
148.950      -3.000546
148.965      -3.005352
148.980      -3.010048
148.995      -3.014633
149.010      -3.019107
149.025      -3.023469
149.040      -3.027719
149.055      -3.031857
149.070      -3.035881
149.085      -3.039792
149.100      -3.043589
149.115      -3.047272
149.130      -3.050840
149.145      -3.054293
149.160      -3.057630
149.175      -3.060851
149.190      -3.063957
149.205      -3.066945
149.220      -3.069817
149.235      -3.072572
149.250      -3.075209
149.265      -3.077728
149.280      -3.080129
149.295      -3.082412
149.310      -3.084576
149.325      -3.086622
149.340      -3.088548
149.355      -3.090355
149.370      -3.092043
149.385      -3.093611
149.400      -3.095059
149.415      -3.096387
149.430      -3.097595
149.445      -3.098683
149.460      -3.099650
149.475      -3.100497
149.490      -3.101223
149.505      -3.101829
149.520      -3.102314
149.535      -3.102678
149.550      -3.102922
149.565      -3.103044
149.580      -3.103046
149.595      -3.102927
149.610      -3.102687
149.625      -3.102326
149.640      -3.101844
149.655      -3.101242
149.670      -3.100519
149.685      -3.099675
149.700      -3.098711
149.715      -3.097627
149.730      -3.096422
149.745      -3.095097
149.760      -3.093652
149.775      -3.092088
149.790      -3.090404
149.805      -3.088600
149.820      -3.086677
149.835      -3.084635
149.850      -3.082474
149.865      -3.080194
149.880      -3.077796
149.895      -3.075280
149.910      -3.072647
149.925      -3.069895
149.940      -3.067027
149.955      -3.064041
149.970      -3.060939
149.985      -3.057721
150.000      -3.054387
150.015      -3.050937
150.030      -3.047373
150.045      -3.043693
150.060      -3.039899
150.075      -3.035991
150.090      -3.031970
150.105      -3.027836
150.120      -3.023589
150.135      -3.019230
150.150      -3.014759
150.165      -3.010177
150.180      -3.005484
150.195      -3.000682
150.210      -2.995769
150.225      -2.990748
150.240      -2.985618
150.255      -2.980380
150.270      -2.975034
150.285      -2.969582
150.300      -2.964023
150.315      -2.958359
150.330      -2.952590
150.345      -2.946717
150.360      -2.940740
150.375      -2.934660
150.390      -2.928477
150.405      -2.922193
150.420      -2.915807
150.435      -2.909322
150.450      -2.902737
150.465      -2.896052
150.480      -2.889270
150.495      -2.882390
150.510      -2.875414
150.525      -2.868342
150.540      -2.861174
150.555      -2.853913
150.570      -2.846558
150.585      -2.839110
150.600      -2.831570
150.615      -2.823939
150.630      -2.816218
150.645      -2.808407
150.660      -2.800508
150.675      -2.792521
150.690      -2.784447
150.705      -2.776288
150.720      -2.768043
150.735      -2.759714
150.750      -2.751303
150.765      -2.742808
150.780      -2.734233
150.795      -2.725577
150.810      -2.716842
150.825      -2.708028
150.840      -2.699136
150.855      -2.690168
150.870      -2.681125
150.885      -2.672006
150.900      -2.662815
150.915      -2.653550
150.930      -2.644214
150.945      -2.634808
150.960      -2.625332
150.975      -2.615788
150.990      -2.606176
151.005      -2.596498
151.020      -2.586754
151.035      -2.576946
151.050      -2.567075
151.065      -2.557142
151.080      -2.547148
151.095      -2.537095
151.110      -2.526982
151.125      -2.516811
151.140      -2.506585
151.155      -2.496302
151.170      -2.485965
151.185      -2.475576
151.200      -2.465134
151.215      -2.454641
151.230      -2.444098
151.245      -2.433507
151.260      -2.422869
151.275      -2.412184
151.290      -2.401454
151.305      -2.390680
151.320      -2.379863
151.335      -2.369005
151.350      -2.358107
151.365      -2.347169
151.380      -2.336193
151.395      -2.325181
151.410      -2.314133
151.425      -2.303050
151.440      -2.291935
151.455      -2.280788
151.470      -2.269610
151.485      -2.258402
151.500      -2.247166
151.515      -2.235904
151.530      -2.224615
151.545      -2.213302
151.560      -2.201966
151.575      -2.190608
151.590      -2.179229
151.605      -2.167830
151.620      -2.156413
151.635      -2.144979
151.650      -2.133529
151.665      -2.122065
151.680      -2.110587
151.695      -2.099097
151.710      -2.087597
151.725      -2.076087
151.740      -2.064569
151.755      -2.053044
151.770      -2.041513
151.785      -2.029978
151.800      -2.018439
151.815      -2.006899
151.830      -1.995358
151.845      -1.983817
151.860      -1.972279
151.875      -1.960743
151.890      -1.949212
151.905      -1.937687
151.920      -1.926169
151.935      -1.914659
151.950      -1.903158
151.965      -1.891668
151.980      -1.880190
151.995      -1.868725
152.010      -1.857275
152.025      -1.845841
152.040      -1.834423
152.055      -1.823024
152.070      -1.811644
152.085      -1.800285
152.100      -1.788948
152.115      -1.777635
152.130      -1.766345
152.145      -1.755082
152.160      -1.743846
152.175      -1.732637
152.190      -1.721458
152.205      -1.710310
152.220      -1.699194
152.235      -1.688111
152.250      -1.677062
152.265      -1.666048
152.280      -1.655072
152.295      -1.644133
152.310      -1.633233
152.325      -1.622374
152.340      -1.611556
152.355      -1.600781
152.370      -1.590050
152.385      -1.579364
152.400      -1.568724
152.415      -1.558131
152.430      -1.547587
152.445      -1.537093
152.460      -1.526650
152.475      -1.516258
152.490      -1.505920
152.505      -1.495636
152.520      -1.485408
152.535      -1.475236
152.550      -1.465122
152.565      -1.455066
152.580      -1.445070
152.595      -1.435136
152.610      -1.425263
152.625      -1.415453
152.640      -1.405708
152.655      -1.396028
152.670      -1.386414
152.685      -1.376868
152.700      -1.367390
152.715      -1.357982
152.730      -1.348644
152.745      -1.339378
152.760      -1.330184
152.775      -1.321064
152.790      -1.312018
152.805      -1.303048
152.820      -1.294154
152.835      -1.285338
152.850      -1.276601
152.865      -1.267942
152.880      -1.259365
152.895      -1.250868
152.910      -1.242454
152.925      -1.234123
152.940      -1.225876
152.955      -1.217714
152.970      -1.209638
152.985      -1.201649
153.000      -1.193747
153.015      -1.185934
153.030      -1.178210
153.045      -1.170577
153.060      -1.163034
153.075      -1.155584
153.090      -1.148226
153.105      -1.140962
153.120      -1.133792
153.135      -1.126717
153.150      -1.119738
153.165      -1.112855
153.180      -1.106070
153.195      -1.099384
153.210      -1.092796
153.225      -1.086307
153.240      -1.079919
153.255      -1.073632
153.270      -1.067447
153.285      -1.061363
153.300      -1.055383
153.315      -1.049507
153.330      -1.043735
153.345      -1.038068
153.360      -1.032507
153.375      -1.027052
153.390      -1.021703
153.405      -1.016462
153.420      -1.011329
153.435      -1.006305
153.450      -1.001389
153.465      -0.996583
153.480      -0.991888
153.495      -0.987303
153.510      -0.982829
153.525      -0.978466
153.540      -0.974216
153.555      -0.970079
153.570      -0.966054
153.585      -0.962143
153.600      -0.958346
153.615      -0.954664
153.630      -0.951096
153.645      -0.947643
153.660      -0.944306
153.675      -0.941084
153.690      -0.937979
153.705      -0.934990
153.720      -0.932118
153.735      -0.929364
153.750      -0.926727
153.765      -0.924208
153.780      -0.921806
153.795      -0.919524
153.810      -0.917359
153.825      -0.915314
153.840      -0.913388
153.855      -0.911581
153.870      -0.909893
153.885      -0.908325
153.900      -0.906877
153.915      -0.905549
153.930      -0.904341
153.945      -0.903253
153.960      -0.902285
153.975      -0.901439
153.990      -0.900712
154.005      -0.900107
154.020      -0.899622
154.035      -0.899257
154.050      -0.899014
154.065      -0.898891
154.080      -0.898890
154.095      -0.899009
154.110      -0.899249
154.125      -0.899610
154.140      -0.900091
154.155      -0.900694
154.170      -0.901417
154.185      -0.902260
154.200      -0.903224
154.215      -0.904309
154.230      -0.905513
154.245      -0.906838
154.260      -0.908283
154.275      -0.909848
154.290      -0.911532
154.305      -0.913336
154.320      -0.915259
154.335      -0.917301
154.350      -0.919462
154.365      -0.921741
154.380      -0.924139
154.395      -0.926655
154.410      -0.929289
154.425      -0.932040
154.440      -0.934909
154.455      -0.937894
154.470      -0.940996
154.485      -0.944214
154.500      -0.947548
154.515      -0.950998
154.530      -0.954563
154.545      -0.958242
154.560      -0.962036
154.575      -0.965944
154.590      -0.969965
154.605      -0.974100
154.620      -0.978347
154.635      -0.982706
154.650      -0.987177
154.665      -0.991759
154.680      -0.996451
154.695      -1.001254
154.710      -1.006166
154.725      -1.011188
154.740      -1.016318
154.755      -1.021556
154.770      -1.026901
154.785      -1.032354
154.800      -1.037912
154.815      -1.043576
154.830      -1.049345
154.845      -1.055219
154.860      -1.061196
154.875      -1.067276
154.890      -1.073459
154.905      -1.079743
154.920      -1.086128
154.935      -1.092614
154.950      -1.099199
154.965      -1.105883
154.980      -1.112665
154.995      -1.119545
155.010      -1.126521
155.025      -1.133594
155.040      -1.140761
155.055      -1.148023
155.070      -1.155378
155.085      -1.162826
155.100      -1.170366
155.115      -1.177997
155.130      -1.185718
155.145      -1.193529
155.160      -1.201428
155.175      -1.209415
155.190      -1.217488
155.205      -1.225648
155.220      -1.233892
155.235      -1.242221
155.250      -1.250633
155.265      -1.259127
155.280      -1.267703
155.295      -1.276359
155.310      -1.285094
155.325      -1.293908
155.340      -1.302799
155.355      -1.311767
155.370      -1.320811
155.385      -1.329929
155.400      -1.339121
155.415      -1.348385
155.430      -1.357721
155.445      -1.367128
155.460      -1.376604
155.475      -1.386148
155.490      -1.395760
155.505      -1.405438
155.520      -1.415182
155.535      -1.424989
155.550      -1.434860
155.565      -1.444793
155.580      -1.454787
155.595      -1.464841
155.610      -1.474954
155.625      -1.485124
155.640      -1.495351
155.655      -1.505633
155.670      -1.515970
155.685      -1.526360
155.700      -1.536802
155.715      -1.547295
155.730      -1.557837
155.745      -1.568428
155.760      -1.579067
155.775      -1.589752
155.790      -1.600482
155.805      -1.611256
155.820      -1.622072
155.835      -1.632930
155.850      -1.643829
155.865      -1.654767
155.880      -1.665742
155.895      -1.676755
155.910      -1.687803
155.925      -1.698885
155.940      -1.710000
155.955      -1.721148
155.970      -1.732326
155.985      -1.743533
156.000      -1.754769
156.015      -1.766032
156.030      -1.777320
156.045      -1.788633
156.060      -1.799970
156.075      -1.811328
156.090      -1.822707
156.105      -1.834106
156.120      -1.845523
156.135      -1.856957
156.150      -1.868407
156.165      -1.879871
156.180      -1.891349
156.195      -1.902838
156.210      -1.914339
156.225      -1.925848
156.240      -1.937367
156.255      -1.948892
156.270      -1.960423
156.285      -1.971958
156.300      -1.983496
156.315      -1.995037
156.330      -2.006578
156.345      -2.018118
156.360      -2.029657
156.375      -2.041192
156.390      -2.052723
156.405      -2.064248
156.420      -2.075767
156.435      -2.087277
156.450      -2.098778
156.465      -2.110268
156.480      -2.121746
156.495      -2.133210
156.510      -2.144661
156.525      -2.156095
156.540      -2.167512
156.555      -2.178912
156.570      -2.190291
156.585      -2.201650
156.600      -2.212987
156.615      -2.224301
156.630      -2.235590
156.645      -2.246854
156.660      -2.258090
156.675      -2.269298
156.690      -2.280477
156.705      -2.291625
156.720      -2.302742
156.735      -2.313825
156.750      -2.324874
156.765      -2.335887
156.780      -2.346864
156.795      -2.357803
156.810      -2.368702
156.825      -2.379562
156.840      -2.390380
156.855      -2.401155
156.870      -2.411886
156.885      -2.422572
156.900      -2.433212
156.915      -2.443804
156.930      -2.454348
156.945      -2.464842
156.960      -2.475286
156.975      -2.485677
156.990      -2.496015
157.005      -2.506299
157.020      -2.516528
157.035      -2.526700
157.050      -2.536814
157.065      -2.546870
157.080      -2.556865
157.095      -2.566800
157.110      -2.576673
157.125      -2.586482
157.140      -2.596227
157.155      -2.605907
157.170      -2.615521
157.185      -2.625067
157.200      -2.634545
157.215      -2.643954
157.230      -2.653292
157.245      -2.662558
157.260      -2.671752
157.275      -2.680872
157.290      -2.689918
157.305      -2.698888
157.320      -2.707781
157.335      -2.716597
157.350      -2.725335
157.365      -2.733993
157.380      -2.742571
157.395      -2.751067
157.410      -2.759482
157.425      -2.767813
157.440      -2.776060
157.455      -2.784221
157.470      -2.792298
157.485      -2.800287
157.500      -2.808188
157.515      -2.816001
157.530      -2.823725
157.545      -2.831359
157.560      -2.838901
157.575      -2.846352
157.590      -2.853709
157.605      -2.860974
157.620      -2.868144
157.635      -2.875219
157.650      -2.882198
157.665      -2.889080
157.680      -2.895865
157.695      -2.902552
157.710      -2.909140
157.725      -2.915628
157.740      -2.922016
157.755      -2.928304
157.770      -2.934489
157.785      -2.940572
157.800      -2.946552
157.815      -2.952428
157.830      -2.958200
157.845      -2.963867
157.860      -2.969429
157.875      -2.974884
157.890      -2.980232
157.905      -2.985473
157.920      -2.990606
157.935      -2.995631
157.950      -3.000546
157.965      -3.005352
157.980      -3.010048
157.995      -3.014633
158.010      -3.019107
158.025      -3.023469
158.040      -3.027719
158.055      -3.031857
158.070      -3.035881
158.085      -3.039792
158.100      -3.043589
158.115      -3.047272
158.130      -3.050840
158.145      -3.054293
158.160      -3.057630
158.175      -3.060851
158.190      -3.063957
158.205      -3.066945
158.220      -3.069817
158.235      -3.072572
158.250      -3.075209
158.265      -3.077728
158.280      -3.080129
158.295      -3.082412
158.310      -3.084576
158.325      -3.086622
158.340      -3.088548
158.355      -3.090355
158.370      -3.092043
158.385      -3.093611
158.400      -3.095059
158.415      -3.096387
158.430      -3.097595
158.445      -3.098683
158.460      -3.099650
158.475      -3.100497
158.490      -3.101223
158.505      -3.101829
158.520      -3.102314
158.535      -3.102678
158.550      -3.102922
158.565      -3.103044
158.580      -3.103046
158.595      -3.102927
158.610      -3.102687
158.625      -3.102326
158.640      -3.101844
158.655      -3.101242
158.670      -3.100519
158.685      -3.099675
158.700      -3.098711
158.715      -3.097627
158.730      -3.096422
158.745      -3.095097
158.760      -3.093652
158.775      -3.092088
158.790      -3.090404
158.805      -3.088600
158.820      -3.086677
158.835      -3.084635
158.850      -3.082474
158.865      -3.080194
158.880      -3.077796
158.895      -3.075280
158.910      -3.072647
158.925      -3.069895
158.940      -3.067027
158.955      -3.064041
158.970      -3.060939
158.985      -3.057721
159.000      -3.054387
159.015      -3.050937
159.030      -3.047373
159.045      -3.043693
159.060      -3.039899
159.075      -3.035991
159.090      -3.031970
159.105      -3.027836
159.120      -3.023589
159.135      -3.019230
159.150      -3.014759
159.165      -3.010177
159.180      -3.005484
159.195      -3.000682
159.210      -2.995769
159.225      -2.990748
159.240      -2.985618
159.255      -2.980380
159.270      -2.975034
159.285      -2.969582
159.300      -2.964023
159.315      -2.958359
159.330      -2.952590
159.345      -2.946717
159.360      -2.940740
159.375      -2.934660
159.390      -2.928477
159.405      -2.922193
159.420      -2.915807
159.435      -2.909322
159.450      -2.902737
159.465      -2.896052
159.480      -2.889270
159.495      -2.882390
159.510      -2.875414
159.525      -2.868342
159.540      -2.861174
159.555      -2.853913
159.570      -2.846558
159.585      -2.839110
159.600      -2.831570
159.615      -2.823939
159.630      -2.816218
159.645      -2.808407
159.660      -2.800508
159.675      -2.792521
159.690      -2.784447
159.705      -2.776288
159.720      -2.768043
159.735      -2.759714
159.750      -2.751303
159.765      -2.742808
159.780      -2.734233
159.795      -2.725577
159.810      -2.716842
159.825      -2.708028
159.840      -2.699136
159.855      -2.690168
159.870      -2.681125
159.885      -2.672006
159.900      -2.662815
159.915      -2.653550
159.930      -2.644214
159.945      -2.634808
159.960      -2.625332
159.975      -2.615788
159.990      -2.606176
160.005      -2.596498
160.020      -2.586754
160.035      -2.576946
160.050      -2.567075
160.065      -2.557142
160.080      -2.547148
160.095      -2.537094
160.110      -2.526982
160.125      -2.516811
160.140      -2.506585
160.155      -2.496302
160.170      -2.485965
160.185      -2.475576
160.200      -2.465134
160.215      -2.454641
160.230      -2.444098
160.245      -2.433507
160.260      -2.422869
160.275      -2.412184
160.290      -2.401454
160.305      -2.390680
160.320      -2.379863
160.335      -2.369005
160.350      -2.358107
160.365      -2.347169
160.380      -2.336193
160.395      -2.325181
160.410      -2.314133
160.425      -2.303050
160.440      -2.291935
160.455      -2.280788
160.470      -2.269610
160.485      -2.258402
160.500      -2.247166
160.515      -2.235904
160.530      -2.224615
160.545      -2.213302
160.560      -2.201966
160.575      -2.190608
160.590      -2.179229
160.605      -2.167830
160.620      -2.156413
160.635      -2.144979
160.650      -2.133529
160.665      -2.122065
160.680      -2.110587
160.695      -2.099097
160.710      -2.087597
160.725      -2.076087
160.740      -2.064569
160.755      -2.053044
160.770      -2.041513
160.785      -2.029978
160.800      -2.018439
160.815      -2.006899
160.830      -1.995358
160.845      -1.983817
160.860      -1.972279
160.875      -1.960743
160.890      -1.949212
160.905      -1.937687
160.920      -1.926169
160.935      -1.914659
160.950      -1.903158
160.965      -1.891668
160.980      -1.880190
160.995      -1.868725
161.010      -1.857275
161.025      -1.845841
161.040      -1.834423
161.055      -1.823024
161.070      -1.811644
161.085      -1.800285
161.100      -1.788948
161.115      -1.777635
161.130      -1.766345
161.145      -1.755082
161.160      -1.743846
161.175      -1.732637
161.190      -1.721458
161.205      -1.710310
161.220      -1.699194
161.235      -1.688111
161.250      -1.677062
161.265      -1.666048
161.280      -1.655072
161.295      -1.644133
161.310      -1.633233
161.325      -1.622374
161.340      -1.611556
161.355      -1.600781
161.370      -1.590050
161.385      -1.579364
161.400      -1.568724
161.415      -1.558131
161.430      -1.547587
161.445      -1.537093
161.460      -1.526650
161.475      -1.516258
161.490      -1.505920
161.505      -1.495636
161.520      -1.485408
161.535      -1.475236
161.550      -1.465122
161.565      -1.455066
161.580      -1.445070
161.595      -1.435136
161.610      -1.425263
161.625      -1.415453
161.640      -1.405708
161.655      -1.396028
161.670      -1.386414
161.685      -1.376868
161.700      -1.367390
161.715      -1.357982
161.730      -1.348644
161.745      -1.339378
161.760      -1.330184
161.775      -1.321064
161.790      -1.312018
161.805      -1.303048
161.820      -1.294154
161.835      -1.285338
161.850      -1.276601
161.865      -1.267942
161.880      -1.259365
161.895      -1.250868
161.910      -1.242454
161.925      -1.234123
161.940      -1.225876
161.955      -1.217714
161.970      -1.209638
161.985      -1.201649
162.000      -1.193747
162.015      -1.185934
162.030      -1.178210
162.045      -1.170577
162.060      -1.163034
162.075      -1.155584
162.090      -1.148226
162.105      -1.140962
162.120      -1.133792
162.135      -1.126717
162.150      -1.119738
162.165      -1.112855
162.180      -1.106070
162.195      -1.099384
162.210      -1.092796
162.225      -1.086307
162.240      -1.079919
162.255      -1.073632
162.270      -1.067447
162.285      -1.061363
162.300      -1.055383
162.315      -1.049507
162.330      -1.043735
162.345      -1.038068
162.360      -1.032507
162.375      -1.027052
162.390      -1.021703
162.405      -1.016462
162.420      -1.011329
162.435      -1.006305
162.450      -1.001389
162.465      -0.996583
162.480      -0.991888
162.495      -0.987303
162.510      -0.982829
162.525      -0.978466
162.540      -0.974216
162.555      -0.970079
162.570      -0.966054
162.585      -0.962143
162.600      -0.958346
162.615      -0.954664
162.630      -0.951096
162.645      -0.947643
162.660      -0.944306
162.675      -0.941084
162.690      -0.937979
162.705      -0.934990
162.720      -0.932118
162.735      -0.929364
162.750      -0.926727
162.765      -0.924208
162.780      -0.921806
162.795      -0.919524
162.810      -0.917359
162.825      -0.915314
162.840      -0.913388
162.855      -0.911581
162.870      -0.909893
162.885      -0.908325
162.900      -0.906877
162.915      -0.905549
162.930      -0.904341
162.945      -0.903253
162.960      -0.902285
162.975      -0.901439
162.990      -0.900712
163.005      -0.900107
163.020      -0.899622
163.035      -0.899257
163.050      -0.899014
163.065      -0.898891
163.080      -0.898890
163.095      -0.899009
163.110      -0.899249
163.125      -0.899610
163.140      -0.900091
163.155      -0.900694
163.170      -0.901417
163.185      -0.902260
163.200      -0.903224
163.215      -0.904309
163.230      -0.905513
163.245      -0.906838
163.260      -0.908283
163.275      -0.909848
163.290      -0.911532
163.305      -0.913336
163.320      -0.915259
163.335      -0.917301
163.350      -0.919462
163.365      -0.921741
163.380      -0.924139
163.395      -0.926655
163.410      -0.929289
163.425      -0.932040
163.440      -0.934909
163.455      -0.937894
163.470      -0.940996
163.485      -0.944214
163.500      -0.947548
163.515      -0.950998
163.530      -0.954563
163.545      -0.958242
163.560      -0.962036
163.575      -0.965944
163.590      -0.969965
163.605      -0.974100
163.620      -0.978347
163.635      -0.982706
163.650      -0.987177
163.665      -0.991759
163.680      -0.996451
163.695      -1.001254
163.710      -1.006166
163.725      -1.011188
163.740      -1.016318
163.755      -1.021556
163.770      -1.026901
163.785      -1.032354
163.800      -1.037912
163.815      -1.043576
163.830      -1.049345
163.845      -1.055219
163.860      -1.061196
163.875      -1.067276
163.890      -1.073459
163.905      -1.079743
163.920      -1.086128
163.935      -1.092614
163.950      -1.099199
163.965      -1.105883
163.980      -1.112665
163.995      -1.119545
164.010      -1.126521
164.025      -1.133594
164.040      -1.140761
164.055      -1.148023
164.070      -1.155378
164.085      -1.162826
164.100      -1.170366
164.115      -1.177997
164.130      -1.185718
164.145      -1.193529
164.160      -1.201428
164.175      -1.209415
164.190      -1.217488
164.205      -1.225648
164.220      -1.233892
164.235      -1.242221
164.250      -1.250633
164.265      -1.259127
164.280      -1.267703
164.295      -1.276359
164.310      -1.285094
164.325      -1.293908
164.340      -1.302799
164.355      -1.311767
164.370      -1.320811
164.385      -1.329929
164.400      -1.339121
164.415      -1.348385
164.430      -1.357721
164.445      -1.367128
164.460      -1.376604
164.475      -1.386148
164.490      -1.395760
164.505      -1.405438
164.520      -1.415182
164.535      -1.424989
164.550      -1.434860
164.565      -1.444793
164.580      -1.454787
164.595      -1.464841
164.610      -1.474954
164.625      -1.485124
164.640      -1.495351
164.655      -1.505633
164.670      -1.515970
164.685      -1.526360
164.700      -1.536802
164.715      -1.547295
164.730      -1.557837
164.745      -1.568428
164.760      -1.579067
164.775      -1.589752
164.790      -1.600482
164.805      -1.611256
164.820      -1.622072
164.835      -1.632930
164.850      -1.643829
164.865      -1.654767
164.880      -1.665742
164.895      -1.676755
164.910      -1.687803
164.925      -1.698885
164.940      -1.710000
164.955      -1.721148
164.970      -1.732326
164.985      -1.743533
165.000      -1.754769
165.015      -1.766032
165.030      -1.777320
165.045      -1.788633
165.060      -1.799970
165.075      -1.811328
165.090      -1.822707
165.105      -1.834106
165.120      -1.845523
165.135      -1.856957
165.150      -1.868407
165.165      -1.879871
165.180      -1.891349
165.195      -1.902838
165.210      -1.914339
165.225      -1.925848
165.240      -1.937367
165.255      -1.948892
165.270      -1.960423
165.285      -1.971958
165.300      -1.983496
165.315      -1.995037
165.330      -2.006578
165.345      -2.018118
165.360      -2.029657
165.375      -2.041192
165.390      -2.052723
165.405      -2.064248
165.420      -2.075767
165.435      -2.087277
165.450      -2.098778
165.465      -2.110268
165.480      -2.121746
165.495      -2.133210
165.510      -2.144661
165.525      -2.156095
165.540      -2.167512
165.555      -2.178912
165.570      -2.190291
165.585      -2.201650
165.600      -2.212987
165.615      -2.224301
165.630      -2.235590
165.645      -2.246854
165.660      -2.258090
165.675      -2.269298
165.690      -2.280477
165.705      -2.291625
165.720      -2.302742
165.735      -2.313825
165.750      -2.324874
165.765      -2.335887
165.780      -2.346864
165.795      -2.357803
165.810      -2.368702
165.825      -2.379562
165.840      -2.390380
165.855      -2.401155
165.870      -2.411886
165.885      -2.422572
165.900      -2.433212
165.915      -2.443804
165.930      -2.454348
165.945      -2.464842
165.960      -2.475286
165.975      -2.485677
165.990      -2.496015
166.005      -2.506299
166.020      -2.516528
166.035      -2.526700
166.050      -2.536814
166.065      -2.546870
166.080      -2.556865
166.095      -2.566800
166.110      -2.576673
166.125      -2.586482
166.140      -2.596227
166.155      -2.605907
166.170      -2.615521
166.185      -2.625067
166.200      -2.634545
166.215      -2.643954
166.230      -2.653292
166.245      -2.662558
166.260      -2.671752
166.275      -2.680872
166.290      -2.689918
166.305      -2.698888
166.320      -2.707781
166.335      -2.716597
166.350      -2.725335
166.365      -2.733993
166.380      -2.742571
166.395      -2.751067
166.410      -2.759482
166.425      -2.767813
166.440      -2.776060
166.455      -2.784221
166.470      -2.792298
166.485      -2.800287
166.500      -2.808188
166.515      -2.816001
166.530      -2.823725
166.545      -2.831359
166.560      -2.838901
166.575      -2.846352
166.590      -2.853709
166.605      -2.860974
166.620      -2.868144
166.635      -2.875219
166.650      -2.882198
166.665      -2.889080
166.680      -2.895865
166.695      -2.902552
166.710      -2.909140
166.725      -2.915628
166.740      -2.922016
166.755      -2.928304
166.770      -2.934489
166.785      -2.940572
166.800      -2.946552
166.815      -2.952428
166.830      -2.958200
166.845      -2.963867
166.860      -2.969429
166.875      -2.974884
166.890      -2.980232
166.905      -2.985473
166.920      -2.990606
166.935      -2.995631
166.950      -3.000546
166.965      -3.005352
166.980      -3.010048
166.995      -3.014633
167.010      -3.019107
167.025      -3.023469
167.040      -3.027719
167.055      -3.031857
167.070      -3.035881
167.085      -3.039792
167.100      -3.043589
167.115      -3.047272
167.130      -3.050840
167.145      -3.054293
167.160      -3.057630
167.175      -3.060851
167.190      -3.063957
167.205      -3.066945
167.220      -3.069817
167.235      -3.072572
167.250      -3.075209
167.265      -3.077728
167.280      -3.080129
167.295      -3.082412
167.310      -3.084576
167.325      -3.086622
167.340      -3.088548
167.355      -3.090355
167.370      -3.092043
167.385      -3.093611
167.400      -3.095059
167.415      -3.096387
167.430      -3.097595
167.445      -3.098683
167.460      -3.099650
167.475      -3.100497
167.490      -3.101223
167.505      -3.101829
167.520      -3.102314
167.535      -3.102678
167.550      -3.102922
167.565      -3.103044
167.580      -3.103046
167.595      -3.102927
167.610      -3.102687
167.625      -3.102326
167.640      -3.101844
167.655      -3.101242
167.670      -3.100519
167.685      -3.099675
167.700      -3.098711
167.715      -3.097627
167.730      -3.096422
167.745      -3.095097
167.760      -3.093652
167.775      -3.092088
167.790      -3.090404
167.805      -3.088600
167.820      -3.086677
167.835      -3.084635
167.850      -3.082474
167.865      -3.080194
167.880      -3.077796
167.895      -3.075280
167.910      -3.072647
167.925      -3.069895
167.940      -3.067027
167.955      -3.064041
167.970      -3.060939
167.985      -3.057721
168.000      -3.054387
168.015      -3.050937
168.030      -3.047373
168.045      -3.043693
168.060      -3.039899
168.075      -3.035991
168.090      -3.031970
168.105      -3.027836
168.120      -3.023589
168.135      -3.019230
168.150      -3.014759
168.165      -3.010177
168.180      -3.005484
168.195      -3.000682
168.210      -2.995769
168.225      -2.990748
168.240      -2.985618
168.255      -2.980380
168.270      -2.975034
168.285      -2.969582
168.300      -2.964023
168.315      -2.958359
168.330      -2.952590
168.345      -2.946717
168.360      -2.940740
168.375      -2.934660
168.390      -2.928477
168.405      -2.922193
168.420      -2.915807
168.435      -2.909322
168.450      -2.902737
168.465      -2.896052
168.480      -2.889270
168.495      -2.882390
168.510      -2.875414
168.525      -2.868342
168.540      -2.861174
168.555      -2.853913
168.570      -2.846558
168.585      -2.839110
168.600      -2.831570
168.615      -2.823939
168.630      -2.816218
168.645      -2.808407
168.660      -2.800508
168.675      -2.792521
168.690      -2.784447
168.705      -2.776288
168.720      -2.768043
168.735      -2.759714
168.750      -2.751303
168.765      -2.742808
168.780      -2.734233
168.795      -2.725577
168.810      -2.716842
168.825      -2.708028
168.840      -2.699136
168.855      -2.690168
168.870      -2.681125
168.885      -2.672006
168.900      -2.662815
168.915      -2.653550
168.930      -2.644214
168.945      -2.634808
168.960      -2.625332
168.975      -2.615788
168.990      -2.606176
169.005      -2.596498
169.020      -2.586754
169.035      -2.576946
169.050      -2.567075
169.065      -2.557142
169.080      -2.547148
169.095      -2.537094
169.110      -2.526982
169.125      -2.516811
169.140      -2.506585
169.155      -2.496302
169.170      -2.485965
169.185      -2.475576
169.200      -2.465134
169.215      -2.454641
169.230      -2.444098
169.245      -2.433507
169.260      -2.422869
169.275      -2.412184
169.290      -2.401454
169.305      -2.390680
169.320      -2.379863
169.335      -2.369005
169.350      -2.358107
169.365      -2.347169
169.380      -2.336193
169.395      -2.325181
169.410      -2.314133
169.425      -2.303050
169.440      -2.291935
169.455      -2.280788
169.470      -2.269610
169.485      -2.258402
169.500      -2.247166
169.515      -2.235904
169.530      -2.224615
169.545      -2.213302
169.560      -2.201966
169.575      -2.190608
169.590      -2.179229
169.605      -2.167830
169.620      -2.156413
169.635      -2.144979
169.650      -2.133529
169.665      -2.122065
169.680      -2.110587
169.695      -2.099097
169.710      -2.087597
169.725      -2.076087
169.740      -2.064569
169.755      -2.053044
169.770      -2.041513
169.785      -2.029978
169.800      -2.018439
169.815      -2.006899
169.830      -1.995358
169.845      -1.983817
169.860      -1.972279
169.875      -1.960743
169.890      -1.949212
169.905      -1.937687
169.920      -1.926169
169.935      -1.914659
169.950      -1.903158
169.965      -1.891668
169.980      -1.880190
169.995      -1.868725
170.010      -1.857275
170.025      -1.845841
170.040      -1.834423
170.055      -1.823024
170.070      -1.811644
170.085      -1.800285
170.100      -1.788948
170.115      -1.777635
170.130      -1.766345
170.145      -1.755082
170.160      -1.743846
170.175      -1.732637
170.190      -1.721458
170.205      -1.710310
170.220      -1.699194
170.235      -1.688111
170.250      -1.677062
170.265      -1.666048
170.280      -1.655072
170.295      -1.644133
170.310      -1.633233
170.325      -1.622374
170.340      -1.611556
170.355      -1.600781
170.370      -1.590050
170.385      -1.579364
170.400      -1.568724
170.415      -1.558131
170.430      -1.547587
170.445      -1.537093
170.460      -1.526650
170.475      -1.516258
170.490      -1.505920
170.505      -1.495636
170.520      -1.485408
170.535      -1.475236
170.550      -1.465122
170.565      -1.455066
170.580      -1.445070
170.595      -1.435136
170.610      -1.425263
170.625      -1.415453
170.640      -1.405708
170.655      -1.396028
170.670      -1.386414
170.685      -1.376868
170.700      -1.367390
170.715      -1.357982
170.730      -1.348644
170.745      -1.339378
170.760      -1.330184
170.775      -1.321064
170.790      -1.312018
170.805      -1.303048
170.820      -1.294154
170.835      -1.285338
170.850      -1.276601
170.865      -1.267942
170.880      -1.259365
170.895      -1.250868
170.910      -1.242454
170.925      -1.234123
170.940      -1.225876
170.955      -1.217714
170.970      -1.209638
170.985      -1.201649
171.000      -1.193747
171.015      -1.185934
171.030      -1.178210
171.045      -1.170577
171.060      -1.163034
171.075      -1.155584
171.090      -1.148226
171.105      -1.140962
171.120      -1.133792
171.135      -1.126717
171.150      -1.119738
171.165      -1.112855
171.180      -1.106070
171.195      -1.099384
171.210      -1.092796
171.225      -1.086307
171.240      -1.079919
171.255      -1.073632
171.270      -1.067447
171.285      -1.061363
171.300      -1.055383
171.315      -1.049507
171.330      -1.043735
171.345      -1.038068
171.360      -1.032507
171.375      -1.027052
171.390      -1.021703
171.405      -1.016462
171.420      -1.011329
171.435      -1.006305
171.450      -1.001389
171.465      -0.996583
171.480      -0.991888
171.495      -0.987303
171.510      -0.982829
171.525      -0.978466
171.540      -0.974216
171.555      -0.970079
171.570      -0.966054
171.585      -0.962143
171.600      -0.958346
171.615      -0.954664
171.630      -0.951096
171.645      -0.947643
171.660      -0.944306
171.675      -0.941084
171.690      -0.937979
171.705      -0.934990
171.720      -0.932118
171.735      -0.929364
171.750      -0.926727
171.765      -0.924208
171.780      -0.921806
171.795      -0.919524
171.810      -0.917359
171.825      -0.915314
171.840      -0.913388
171.855      -0.911581
171.870      -0.909893
171.885      -0.908325
171.900      -0.906877
171.915      -0.905549
171.930      -0.904341
171.945      -0.903253
171.960      -0.902285
171.975      -0.901439
171.990      -0.900712
172.005      -0.900107
172.020      -0.899622
172.035      -0.899257
172.050      -0.899014
172.065      -0.898891
172.080      -0.898890
172.095      -0.899009
172.110      -0.899249
172.125      -0.899610
172.140      -0.900091
172.155      -0.900694
172.170      -0.901417
172.185      -0.902260
172.200      -0.903224
172.215      -0.904309
172.230      -0.905513
172.245      -0.906838
172.260      -0.908283
172.275      -0.909848
172.290      -0.911532
172.305      -0.913336
172.320      -0.915259
172.335      -0.917301
172.350      -0.919462
172.365      -0.921741
172.380      -0.924139
172.395      -0.926655
172.410      -0.929289
172.425      -0.932040
172.440      -0.934909
172.455      -0.937894
172.470      -0.940996
172.485      -0.944214
172.500      -0.947548
172.515      -0.950998
172.530      -0.954563
172.545      -0.958242
172.560      -0.962036
172.575      -0.965944
172.590      -0.969965
172.605      -0.974100
172.620      -0.978347
172.635      -0.982706
172.650      -0.987177
172.665      -0.991759
172.680      -0.996451
172.695      -1.001254
172.710      -1.006166
172.725      -1.011188
172.740      -1.016318
172.755      -1.021556
172.770      -1.026901
172.785      -1.032354
172.800      -1.037912
172.815      -1.043576
172.830      -1.049345
172.845      -1.055219
172.860      -1.061196
172.875      -1.067276
172.890      -1.073459
172.905      -1.079743
172.920      -1.086128
172.935      -1.092614
172.950      -1.099199
172.965      -1.105883
172.980      -1.112665
172.995      -1.119545
173.010      -1.126521
173.025      -1.133594
173.040      -1.140761
173.055      -1.148023
173.070      -1.155378
173.085      -1.162826
173.100      -1.170366
173.115      -1.177997
173.130      -1.185718
173.145      -1.193529
173.160      -1.201428
173.175      -1.209415
173.190      -1.217488
173.205      -1.225648
173.220      -1.233892
173.235      -1.242221
173.250      -1.250633
173.265      -1.259127
173.280      -1.267703
173.295      -1.276359
173.310      -1.285094
173.325      -1.293908
173.340      -1.302799
173.355      -1.311767
173.370      -1.320811
173.385      -1.329929
173.400      -1.339121
173.415      -1.348385
173.430      -1.357721
173.445      -1.367128
173.460      -1.376604
173.475      -1.386148
173.490      -1.395760
173.505      -1.405438
173.520      -1.415182
173.535      -1.424989
173.550      -1.434860
173.565      -1.444793
173.580      -1.454787
173.595      -1.464841
173.610      -1.474954
173.625      -1.485124
173.640      -1.495351
173.655      -1.505633
173.670      -1.515970
173.685      -1.526360
173.700      -1.536802
173.715      -1.547295
173.730      -1.557837
173.745      -1.568428
173.760      -1.579067
173.775      -1.589752
173.790      -1.600482
173.805      -1.611256
173.820      -1.622072
173.835      -1.632930
173.850      -1.643829
173.865      -1.654767
173.880      -1.665742
173.895      -1.676755
173.910      -1.687803
173.925      -1.698885
173.940      -1.710000
173.955      -1.721148
173.970      -1.732326
173.985      -1.743533
174.000      -1.754769
174.015      -1.766032
174.030      -1.777320
174.045      -1.788633
174.060      -1.799970
174.075      -1.811328
174.090      -1.822707
174.105      -1.834106
174.120      -1.845523
174.135      -1.856957
174.150      -1.868407
174.165      -1.879871
174.180      -1.891349
174.195      -1.902838
174.210      -1.914339
174.225      -1.925849
174.240      -1.937367
174.255      -1.948892
174.270      -1.960423
174.285      -1.971958
174.300      -1.983496
174.315      -1.995037
174.330      -2.006578
174.345      -2.018118
174.360      -2.029657
174.375      -2.041192
174.390      -2.052723
174.405      -2.064248
174.420      -2.075767
174.435      -2.087277
174.450      -2.098778
174.465      -2.110268
174.480      -2.121746
174.495      -2.133210
174.510      -2.144661
174.525      -2.156095
174.540      -2.167512
174.555      -2.178912
174.570      -2.190291
174.585      -2.201650
174.600      -2.212987
174.615      -2.224301
174.630      -2.235590
174.645      -2.246854
174.660      -2.258090
174.675      -2.269298
174.690      -2.280477
174.705      -2.291625
174.720      -2.302742
174.735      -2.313825
174.750      -2.324874
174.765      -2.335887
174.780      -2.346864
174.795      -2.357803
174.810      -2.368702
174.825      -2.379562
174.840      -2.390380
174.855      -2.401155
174.870      -2.411886
174.885      -2.422572
174.900      -2.433212
174.915      -2.443804
174.930      -2.454348
174.945      -2.464843
174.960      -2.475286
174.975      -2.485677
174.990      -2.496015
175.005      -2.506299
175.020      -2.516528
175.035      -2.526700
175.050      -2.536814
175.065      -2.546870
175.080      -2.556865
175.095      -2.566800
175.110      -2.576673
175.125      -2.586482
175.140      -2.596227
175.155      -2.605907
175.170      -2.615521
175.185      -2.625067
175.200      -2.634545
175.215      -2.643954
175.230      -2.653292
175.245      -2.662558
175.260      -2.671752
175.275      -2.680872
175.290      -2.689918
175.305      -2.698888
175.320      -2.707781
175.335      -2.716597
175.350      -2.725335
175.365      -2.733993
175.380      -2.742571
175.395      -2.751067
175.410      -2.759482
175.425      -2.767813
175.440      -2.776060
175.455      -2.784221
175.470      -2.792298
175.485      -2.800287
175.500      -2.808188
175.515      -2.816001
175.530      -2.823725
175.545      -2.831359
175.560      -2.838901
175.575      -2.846352
175.590      -2.853709
175.605      -2.860974
175.620      -2.868144
175.635      -2.875219
175.650      -2.882198
175.665      -2.889080
175.680      -2.895865
175.695      -2.902552
175.710      -2.909140
175.725      -2.915628
175.740      -2.922016
175.755      -2.928304
175.770      -2.934489
175.785      -2.940572
175.800      -2.946552
175.815      -2.952428
175.830      -2.958200
175.845      -2.963867
175.860      -2.969429
175.875      -2.974884
175.890      -2.980232
175.905      -2.985473
175.920      -2.990606
175.935      -2.995631
175.950      -3.000546
175.965      -3.005352
175.980      -3.010048
175.995      -3.014633
176.010      -3.019107
176.025      -3.023469
176.040      -3.027719
176.055      -3.031857
176.070      -3.035881
176.085      -3.039792
176.100      -3.043589
176.115      -3.047272
176.130      -3.050840
176.145      -3.054293
176.160      -3.057630
176.175      -3.060851
176.190      -3.063957
176.205      -3.066945
176.220      -3.069817
176.235      -3.072572
176.250      -3.075209
176.265      -3.077728
176.280      -3.080129
176.295      -3.082412
176.310      -3.084576
176.325      -3.086622
176.340      -3.088548
176.355      -3.090355
176.370      -3.092043
176.385      -3.093611
176.400      -3.095059
176.415      -3.096387
176.430      -3.097595
176.445      -3.098683
176.460      -3.099650
176.475      -3.100497
176.490      -3.101223
176.505      -3.101829
176.520      -3.102314
176.535      -3.102678
176.550      -3.102922
176.565      -3.103044
176.580      -3.103046
176.595      -3.102927
176.610      -3.102687
176.625      -3.102326
176.640      -3.101844
176.655      -3.101242
176.670      -3.100519
176.685      -3.099675
176.700      -3.098711
176.715      -3.097627
176.730      -3.096422
176.745      -3.095097
176.760      -3.093652
176.775      -3.092088
176.790      -3.090404
176.805      -3.088600
176.820      -3.086677
176.835      -3.084635
176.850      -3.082474
176.865      -3.080194
176.880      -3.077796
176.895      -3.075280
176.910      -3.072647
176.925      -3.069895
176.940      -3.067027
176.955      -3.064041
176.970      -3.060939
176.985      -3.057721
177.000      -3.054387
177.015      -3.050937
177.030      -3.047373
177.045      -3.043693
177.060      -3.039899
177.075      -3.035991
177.090      -3.031970
177.105      -3.027836
177.120      -3.023589
177.135      -3.019230
177.150      -3.014759
177.165      -3.010177
177.180      -3.005484
177.195      -3.000682
177.210      -2.995769
177.225      -2.990748
177.240      -2.985618
177.255      -2.980380
177.270      -2.975034
177.285      -2.969582
177.300      -2.964023
177.315      -2.958359
177.330      -2.952590
177.345      -2.946717
177.360      -2.940740
177.375      -2.934660
177.390      -2.928477
177.405      -2.922193
177.420      -2.915807
177.435      -2.909322
177.450      -2.902737
177.465      -2.896052
177.480      -2.889270
177.495      -2.882390
177.510      -2.875414
177.525      -2.868342
177.540      -2.861174
177.555      -2.853913
177.570      -2.846558
177.585      -2.839110
177.600      -2.831570
177.615      -2.823939
177.630      -2.816218
177.645      -2.808407
177.660      -2.800508
177.675      -2.792521
177.690      -2.784447
177.705      -2.776288
177.720      -2.768043
177.735      -2.759714
177.750      -2.751303
177.765      -2.742808
177.780      -2.734233
177.795      -2.725577
177.810      -2.716842
177.825      -2.708028
177.840      -2.699136
177.855      -2.690168
177.870      -2.681125
177.885      -2.672006
177.900      -2.662815
177.915      -2.653550
177.930      -2.644214
177.945      -2.634808
177.960      -2.625332
177.975      -2.615788
177.990      -2.606176
178.005      -2.596498
178.020      -2.586754
178.035      -2.576946
178.050      -2.567075
178.065      -2.557142
178.080      -2.547148
178.095      -2.537094
178.110      -2.526982
178.125      -2.516811
178.140      -2.506585
178.155      -2.496302
178.170      -2.485965
178.185      -2.475576
178.200      -2.465134
178.215      -2.454641
178.230      -2.444098
178.245      -2.433507
178.260      -2.422869
178.275      -2.412184
178.290      -2.401454
178.305      -2.390680
178.320      -2.379863
178.335      -2.369005
178.350      -2.358107
178.365      -2.347169
178.380      -2.336193
178.395      -2.325181
178.410      -2.314133
178.425      -2.303050
178.440      -2.291935
178.455      -2.280788
178.470      -2.269610
178.485      -2.258402
178.500      -2.247166
178.515      -2.235904
178.530      -2.224615
178.545      -2.213302
178.560      -2.201966
178.575      -2.190608
178.590      -2.179228
178.605      -2.167830
178.620      -2.156413
178.635      -2.144979
178.650      -2.133529
178.665      -2.122065
178.680      -2.110587
178.695      -2.099097
178.710      -2.087597
178.725      -2.076087
178.740      -2.064569
178.755      -2.053044
178.770      -2.041513
178.785      -2.029978
178.800      -2.018439
178.815      -2.006899
178.830      -1.995358
178.845      -1.983817
178.860      -1.972279
178.875      -1.960743
178.890      -1.949212
178.905      -1.937687
178.920      -1.926169
178.935      -1.914659
178.950      -1.903158
178.965      -1.891668
178.980      -1.880190
178.995      -1.868725
179.010      -1.857275
179.025      -1.845841
179.040      -1.834423
179.055      -1.823024
179.070      -1.811644
179.085      -1.800285
179.100      -1.788948
179.115      -1.777635
179.130      -1.766345
179.145      -1.755082
179.160      -1.743846
179.175      -1.732637
179.190      -1.721458
179.205      -1.710310
179.220      -1.699194
179.235      -1.688111
179.250      -1.677062
179.265      -1.666048
179.280      -1.655072
179.295      -1.644133
179.310      -1.633233
179.325      -1.622374
179.340      -1.611556
179.355      -1.600781
179.370      -1.590050
179.385      -1.579364
179.400      -1.568724
179.415      -1.558131
179.430      -1.547587
179.445      -1.537093
179.460      -1.526650
179.475      -1.516258
179.490      -1.505920
179.505      -1.495636
179.520      -1.485408
179.535      -1.475236
179.550      -1.465122
179.565      -1.455066
179.580      -1.445070
179.595      -1.435136
179.610      -1.425263
179.625      -1.415453
179.640      -1.405708
179.655      -1.396028
179.670      -1.386414
179.685      -1.376868
179.700      -1.367390
179.715      -1.357982
179.730      -1.348644
179.745      -1.339378
179.760      -1.330184
179.775      -1.321064
179.790      -1.312018
179.805      -1.303048
179.820      -1.294154
179.835      -1.285338
179.850      -1.276601
179.865      -1.267942
179.880      -1.259365
179.895      -1.250868
179.910      -1.242454
179.925      -1.234123
179.940      -1.225876
179.955      -1.217714
179.970      -1.209638
179.985      -1.201649
180.000      -1.193747
180.015      -1.185934
180.030      -1.178210
180.045      -1.170577
180.060      -1.163034
180.075      -1.155584
180.090      -1.148226
180.105      -1.140962
180.120      -1.133792
180.135      -1.126717
180.150      -1.119738
180.165      -1.112855
180.180      -1.106070
180.195      -1.099384
180.210      -1.092796
180.225      -1.086307
180.240      -1.079919
180.255      -1.073632
180.270      -1.067447
180.285      -1.061363
180.300      -1.055383
180.315      -1.049507
180.330      -1.043735
180.345      -1.038068
180.360      -1.032507
180.375      -1.027052
180.390      -1.021703
180.405      -1.016462
180.420      -1.011329
180.435      -1.006305
180.450      -1.001389
180.465      -0.996583
180.480      -0.991888
180.495      -0.987303
180.510      -0.982829
180.525      -0.978466
180.540      -0.974216
180.555      -0.970079
180.570      -0.966054
180.585      -0.962143
180.600      -0.958346
180.615      -0.954664
180.630      -0.951096
180.645      -0.947643
180.660      -0.944306
180.675      -0.941084
180.690      -0.937979
180.705      -0.934990
180.720      -0.932118
180.735      -0.929364
180.750      -0.926727
180.765      -0.924208
180.780      -0.921806
180.795      -0.919524
180.810      -0.917359
180.825      -0.915314
180.840      -0.913388
180.855      -0.911581
180.870      -0.909893
180.885      -0.908325
180.900      -0.906877
180.915      -0.905549
180.930      -0.904341
180.945      -0.903253
180.960      -0.902285
180.975      -0.901439
180.990      -0.900712
181.005      -0.900107
181.020      -0.899622
181.035      -0.899257
181.050      -0.899014
181.065      -0.898891
181.080      -0.898890
181.095      -0.899009
181.110      -0.899249
181.125      -0.899610
181.140      -0.900091
181.155      -0.900694
181.170      -0.901417
181.185      -0.902260
181.200      -0.903224
181.215      -0.904309
181.230      -0.905513
181.245      -0.906838
181.260      -0.908283
181.275      -0.909848
181.290      -0.911532
181.305      -0.913336
181.320      -0.915259
181.335      -0.917301
181.350      -0.919462
181.365      -0.921741
181.380      -0.924139
181.395      -0.926655
181.410      -0.929289
181.425      -0.932040
181.440      -0.934909
181.455      -0.937894
181.470      -0.940996
181.485      -0.944214
181.500      -0.947548
181.515      -0.950998
181.530      -0.954563
181.545      -0.958242
181.560      -0.962036
181.575      -0.965944
181.590      -0.969965
181.605      -0.974100
181.620      -0.978347
181.635      -0.982706
181.650      -0.987177
181.665      -0.991759
181.680      -0.996451
181.695      -1.001254
181.710      -1.006166
181.725      -1.011188
181.740      -1.016318
181.755      -1.021556
181.770      -1.026901
181.785      -1.032354
181.800      -1.037912
181.815      -1.043576
181.830      -1.049345
181.845      -1.055219
181.860      -1.061196
181.875      -1.067276
181.890      -1.073459
181.905      -1.079743
181.920      -1.086128
181.935      -1.092614
181.950      -1.099199
181.965      -1.105883
181.980      -1.112665
181.995      -1.119545
182.010      -1.126521
182.025      -1.133594
182.040      -1.140761
182.055      -1.148023
182.070      -1.155378
182.085      -1.162826
182.100      -1.170366
182.115      -1.177997
182.130      -1.185718
182.145      -1.193529
182.160      -1.201428
182.175      -1.209415
182.190      -1.217488
182.205      -1.225648
182.220      -1.233892
182.235      -1.242221
182.250      -1.250633
182.265      -1.259127
182.280      -1.267703
182.295      -1.276359
182.310      -1.285094
182.325      -1.293908
182.340      -1.302799
182.355      -1.311767
182.370      -1.320811
182.385      -1.329929
182.400      -1.339121
182.415      -1.348385
182.430      -1.357721
182.445      -1.367128
182.460      -1.376604
182.475      -1.386148
182.490      -1.395760
182.505      -1.405438
182.520      -1.415182
182.535      -1.424989
182.550      -1.434860
182.565      -1.444793
182.580      -1.454787
182.595      -1.464841
182.610      -1.474954
182.625      -1.485124
182.640      -1.495351
182.655      -1.505633
182.670      -1.515970
182.685      -1.526360
182.700      -1.536802
182.715      -1.547295
182.730      -1.557837
182.745      -1.568428
182.760      -1.579067
182.775      -1.589752
182.790      -1.600482
182.805      -1.611256
182.820      -1.622072
182.835      -1.632930
182.850      -1.643829
182.865      -1.654767
182.880      -1.665742
182.895      -1.676755
182.910      -1.687803
182.925      -1.698885
182.940      -1.710000
182.955      -1.721148
182.970      -1.732326
182.985      -1.743533
183.000      -1.754769
183.015      -1.766032
183.030      -1.777320
183.045      -1.788633
183.060      -1.799970
183.075      -1.811328
183.090      -1.822707
183.105      -1.834106
183.120      -1.845523
183.135      -1.856957
183.150      -1.868407
183.165      -1.879871
183.180      -1.891349
183.195      -1.902838
183.210      -1.914339
183.225      -1.925849
183.240      -1.937367
183.255      -1.948892
183.270      -1.960423
183.285      -1.971958
183.300      -1.983496
183.315      -1.995037
183.330      -2.006578
183.345      -2.018118
183.360      -2.029657
183.375      -2.041192
183.390      -2.052723
183.405      -2.064248
183.420      -2.075767
183.435      -2.087277
183.450      -2.098778
183.465      -2.110268
183.480      -2.121746
183.495      -2.133210
183.510      -2.144661
183.525      -2.156095
183.540      -2.167512
183.555      -2.178912
183.570      -2.190291
183.585      -2.201650
183.600      -2.212987
183.615      -2.224301
183.630      -2.235590
183.645      -2.246854
183.660      -2.258090
183.675      -2.269298
183.690      -2.280477
183.705      -2.291625
183.720      -2.302742
183.735      -2.313825
183.750      -2.324874
183.765      -2.335887
183.780      -2.346864
183.795      -2.357803
183.810      -2.368702
183.825      -2.379562
183.840      -2.390380
183.855      -2.401155
183.870      -2.411886
183.885      -2.422572
183.900      -2.433212
183.915      -2.443804
183.930      -2.454348
183.945      -2.464843
183.960      -2.475286
183.975      -2.485677
183.990      -2.496015
184.005      -2.506299
184.020      -2.516528
184.035      -2.526700
184.050      -2.536814
184.065      -2.546870
184.080      -2.556865
184.095      -2.566800
184.110      -2.576673
184.125      -2.586482
184.140      -2.596227
184.155      -2.605907
184.170      -2.615521
184.185      -2.625067
184.200      -2.634545
184.215      -2.643954
184.230      -2.653292
184.245      -2.662558
184.260      -2.671752
184.275      -2.680872
184.290      -2.689918
184.305      -2.698888
184.320      -2.707781
184.335      -2.716597
184.350      -2.725335
184.365      -2.733993
184.380      -2.742571
184.395      -2.751067
184.410      -2.759482
184.425      -2.767813
184.440      -2.776060
184.455      -2.784221
184.470      -2.792298
184.485      -2.800287
184.500      -2.808188
184.515      -2.816001
184.530      -2.823725
184.545      -2.831359
184.560      -2.838901
184.575      -2.846352
184.590      -2.853709
184.605      -2.860974
184.620      -2.868144
184.635      -2.875219
184.650      -2.882198
184.665      -2.889080
184.680      -2.895865
184.695      -2.902552
184.710      -2.909140
184.725      -2.915628
184.740      -2.922016
184.755      -2.928304
184.770      -2.934489
184.785      -2.940572
184.800      -2.946552
184.815      -2.952428
184.830      -2.958200
184.845      -2.963867
184.860      -2.969429
184.875      -2.974884
184.890      -2.980232
184.905      -2.985473
184.920      -2.990606
184.935      -2.995631
184.950      -3.000546
184.965      -3.005352
184.980      -3.010048
184.995      -3.014633
185.010      -3.019107
185.025      -3.023469
185.040      -3.027719
185.055      -3.031857
185.070      -3.035881
185.085      -3.039792
185.100      -3.043589
185.115      -3.047272
185.130      -3.050840
185.145      -3.054293
185.160      -3.057630
185.175      -3.060851
185.190      -3.063957
185.205      -3.066945
185.220      -3.069817
185.235      -3.072572
185.250      -3.075209
185.265      -3.077728
185.280      -3.080129
185.295      -3.082412
185.310      -3.084576
185.325      -3.086622
185.340      -3.088548
185.355      -3.090355
185.370      -3.092043
185.385      -3.093611
185.400      -3.095059
185.415      -3.096387
185.430      -3.097595
185.445      -3.098683
185.460      -3.099650
185.475      -3.100497
185.490      -3.101223
185.505      -3.101829
185.520      -3.102314
185.535      -3.102678
185.550      -3.102922
185.565      -3.103044
185.580      -3.103046
185.595      -3.102927
185.610      -3.102687
185.625      -3.102326
185.640      -3.101844
185.655      -3.101242
185.670      -3.100519
185.685      -3.099675
185.700      -3.098711
185.715      -3.097627
185.730      -3.096422
185.745      -3.095097
185.760      -3.093652
185.775      -3.092088
185.790      -3.090404
185.805      -3.088600
185.820      -3.086677
185.835      -3.084635
185.850      -3.082474
185.865      -3.080194
185.880      -3.077796
185.895      -3.075280
185.910      -3.072647
185.925      -3.069895
185.940      -3.067027
185.955      -3.064041
185.970      -3.060939
185.985      -3.057721
186.000      -3.054387
186.015      -3.050937
186.030      -3.047373
186.045      -3.043693
186.060      -3.039899
186.075      -3.035991
186.090      -3.031970
186.105      -3.027836
186.120      -3.023589
186.135      -3.019230
186.150      -3.014759
186.165      -3.010177
186.180      -3.005484
186.195      -3.000682
186.210      -2.995769
186.225      -2.990748
186.240      -2.985618
186.255      -2.980380
186.270      -2.975034
186.285      -2.969582
186.300      -2.964023
186.315      -2.958359
186.330      -2.952590
186.345      -2.946717
186.360      -2.940740
186.375      -2.934660
186.390      -2.928477
186.405      -2.922193
186.420      -2.915807
186.435      -2.909322
186.450      -2.902737
186.465      -2.896052
186.480      -2.889270
186.495      -2.882390
186.510      -2.875414
186.525      -2.868342
186.540      -2.861174
186.555      -2.853913
186.570      -2.846558
186.585      -2.839110
186.600      -2.831570
186.615      -2.823939
186.630      -2.816218
186.645      -2.808407
186.660      -2.800508
186.675      -2.792521
186.690      -2.784447
186.705      -2.776288
186.720      -2.768043
186.735      -2.759714
186.750      -2.751303
186.765      -2.742808
186.780      -2.734233
186.795      -2.725577
186.810      -2.716842
186.825      -2.708028
186.840      -2.699136
186.855      -2.690168
186.870      -2.681125
186.885      -2.672006
186.900      -2.662815
186.915      -2.653550
186.930      -2.644214
186.945      -2.634808
186.960      -2.625332
186.975      -2.615788
186.990      -2.606176
187.005      -2.596498
187.020      -2.586754
187.035      -2.576946
187.050      -2.567075
187.065      -2.557142
187.080      -2.547148
187.095      -2.537094
187.110      -2.526982
187.125      -2.516811
187.140      -2.506585
187.155      -2.496302
187.170      -2.485965
187.185      -2.475576
187.200      -2.465134
187.215      -2.454641
187.230      -2.444098
187.245      -2.433507
187.260      -2.422869
187.275      -2.412184
187.290      -2.401454
187.305      -2.390680
187.320      -2.379863
187.335      -2.369005
187.350      -2.358107
187.365      -2.347169
187.380      -2.336193
187.395      -2.325181
187.410      -2.314133
187.425      -2.303050
187.440      -2.291935
187.455      -2.280788
187.470      -2.269610
187.485      -2.258402
187.500      -2.247166
187.515      -2.235904
187.530      -2.224615
187.545      -2.213302
187.560      -2.201966
187.575      -2.190608
187.590      -2.179228
187.605      -2.167830
187.620      -2.156413
187.635      -2.144979
187.650      -2.133529
187.665      -2.122065
187.680      -2.110587
187.695      -2.099097
187.710      -2.087597
187.725      -2.076087
187.740      -2.064569
187.755      -2.053044
187.770      -2.041513
187.785      -2.029978
187.800      -2.018439
187.815      -2.006899
187.830      -1.995358
187.845      -1.983817
187.860      -1.972279
187.875      -1.960743
187.890      -1.949212
187.905      -1.937687
187.920      -1.926169
187.935      -1.914659
187.950      -1.903158
187.965      -1.891668
187.980      -1.880190
187.995      -1.868725
188.010      -1.857275
188.025      -1.845841
188.040      -1.834423
188.055      -1.823024
188.070      -1.811644
188.085      -1.800285
188.100      -1.788948
188.115      -1.777635
188.130      -1.766345
188.145      -1.755082
188.160      -1.743846
188.175      -1.732637
188.190      -1.721458
188.205      -1.710310
188.220      -1.699194
188.235      -1.688111
188.250      -1.677062
188.265      -1.666048
188.280      -1.655071
188.295      -1.644133
188.310      -1.633233
188.325      -1.622374
188.340      -1.611556
188.355      -1.600781
188.370      -1.590050
188.385      -1.579364
188.400      -1.568724
188.415      -1.558131
188.430      -1.547587
188.445      -1.537093
188.460      -1.526650
188.475      -1.516258
188.490      -1.505920
188.505      -1.495636
188.520      -1.485408
188.535      -1.475236
188.550      -1.465122
188.565      -1.455066
188.580      -1.445070
188.595      -1.435136
188.610      -1.425263
188.625      -1.415453
188.640      -1.405708
188.655      -1.396028
188.670      -1.386414
188.685      -1.376868
188.700      -1.367390
188.715      -1.357982
188.730      -1.348644
188.745      -1.339378
188.760      -1.330184
188.775      -1.321064
188.790      -1.312018
188.805      -1.303048
188.820      -1.294154
188.835      -1.285338
188.850      -1.276601
188.865      -1.267942
188.880      -1.259365
188.895      -1.250868
188.910      -1.242454
188.925      -1.234123
188.940      -1.225876
188.955      -1.217714
188.970      -1.209638
188.985      -1.201649
189.000      -1.193747
189.015      -1.185934
189.030      -1.178210
189.045      -1.170577
189.060      -1.163034
189.075      -1.155584
189.090      -1.148226
189.105      -1.140962
189.120      -1.133792
189.135      -1.126717
189.150      -1.119738
189.165      -1.112855
189.180      -1.106070
189.195      -1.099384
189.210      -1.092796
189.225      -1.086307
189.240      -1.079919
189.255      -1.073632
189.270      -1.067447
189.285      -1.061363
189.300      -1.055383
189.315      -1.049507
189.330      -1.043735
189.345      -1.038068
189.360      -1.032507
189.375      -1.027052
189.390      -1.021703
189.405      -1.016462
189.420      -1.011329
189.435      -1.006305
189.450      -1.001389
189.465      -0.996583
189.480      -0.991888
189.495      -0.987303
189.510      -0.982829
189.525      -0.978466
189.540      -0.974216
189.555      -0.970079
189.570      -0.966054
189.585      -0.962143
189.600      -0.958346
189.615      -0.954664
189.630      -0.951096
189.645      -0.947643
189.660      -0.944306
189.675      -0.941084
189.690      -0.937979
189.705      -0.934990
189.720      -0.932118
189.735      -0.929364
189.750      -0.926727
189.765      -0.924208
189.780      -0.921806
189.795      -0.919524
189.810      -0.917359
189.825      -0.915314
189.840      -0.913388
189.855      -0.911581
189.870      -0.909893
189.885      -0.908325
189.900      -0.906877
189.915      -0.905549
189.930      -0.904341
189.945      -0.903253
189.960      -0.902285
189.975      -0.901439
189.990      -0.900712
190.005      -0.900107
190.020      -0.899622
190.035      -0.899257
190.050      -0.899014
190.065      -0.898891
190.080      -0.898890
190.095      -0.899009
190.110      -0.899249
190.125      -0.899610
190.140      -0.900091
190.155      -0.900694
190.170      -0.901417
190.185      -0.902260
190.200      -0.903224
190.215      -0.904309
190.230      -0.905513
190.245      -0.906838
190.260      -0.908283
190.275      -0.909848
190.290      -0.911532
190.305      -0.913336
190.320      -0.915259
190.335      -0.917301
190.350      -0.919462
190.365      -0.921741
190.380      -0.924139
190.395      -0.926655
190.410      -0.929289
190.425      -0.932040
190.440      -0.934909
190.455      -0.937894
190.470      -0.940996
190.485      -0.944214
190.500      -0.947548
190.515      -0.950998
190.530      -0.954563
190.545      -0.958242
190.560      -0.962036
190.575      -0.965944
190.590      -0.969965
190.605      -0.974100
190.620      -0.978347
190.635      -0.982706
190.650      -0.987177
190.665      -0.991759
190.680      -0.996451
190.695      -1.001254
190.710      -1.006166
190.725      -1.011188
190.740      -1.016318
190.755      -1.021556
190.770      -1.026901
190.785      -1.032354
190.800      -1.037912
190.815      -1.043576
190.830      -1.049345
190.845      -1.055219
190.860      -1.061196
190.875      -1.067276
190.890      -1.073459
190.905      -1.079743
190.920      -1.086128
190.935      -1.092614
190.950      -1.099199
190.965      -1.105883
190.980      -1.112665
190.995      -1.119545
191.010      -1.126521
191.025      -1.133594
191.040      -1.140761
191.055      -1.148023
191.070      -1.155378
191.085      -1.162826
191.100      -1.170366
191.115      -1.177997
191.130      -1.185718
191.145      -1.193529
191.160      -1.201428
191.175      -1.209415
191.190      -1.217488
191.205      -1.225648
191.220      -1.233892
191.235      -1.242221
191.250      -1.250633
191.265      -1.259127
191.280      -1.267703
191.295      -1.276359
191.310      -1.285094
191.325      -1.293908
191.340      -1.302799
191.355      -1.311767
191.370      -1.320811
191.385      -1.329929
191.400      -1.339121
191.415      -1.348385
191.430      -1.357721
191.445      -1.367128
191.460      -1.376604
191.475      -1.386148
191.490      -1.395760
191.505      -1.405438
191.520      -1.415182
191.535      -1.424989
191.550      -1.434860
191.565      -1.444793
191.580      -1.454787
191.595      -1.464841
191.610      -1.474954
191.625      -1.485124
191.640      -1.495351
191.655      -1.505633
191.670      -1.515970
191.685      -1.526360
191.700      -1.536802
191.715      -1.547295
191.730      -1.557837
191.745      -1.568428
191.760      -1.579067
191.775      -1.589752
191.790      -1.600482
191.805      -1.611256
191.820      -1.622072
191.835      -1.632931
191.850      -1.643829
191.865      -1.654767
191.880      -1.665742
191.895      -1.676755
191.910      -1.687803
191.925      -1.698885
191.940      -1.710000
191.955      -1.721148
191.970      -1.732326
191.985      -1.743533
192.000      -1.754769
192.015      -1.766032
192.030      -1.777320
192.045      -1.788633
192.060      -1.799970
192.075      -1.811328
192.090      -1.822707
192.105      -1.834106
192.120      -1.845523
192.135      -1.856957
192.150      -1.868407
192.165      -1.879871
192.180      -1.891349
192.195      -1.902838
192.210      -1.914339
192.225      -1.925849
192.240      -1.937367
192.255      -1.948892
192.270      -1.960423
192.285      -1.971958
192.300      -1.983496
192.315      -1.995037
192.330      -2.006578
192.345      -2.018118
192.360      -2.029657
192.375      -2.041192
192.390      -2.052723
192.405      -2.064248
192.420      -2.075767
192.435      -2.087277
192.450      -2.098778
192.465      -2.110268
192.480      -2.121746
192.495      -2.133210
192.510      -2.144661
192.525      -2.156095
192.540      -2.167512
192.555      -2.178912
192.570      -2.190291
192.585      -2.201650
192.600      -2.212987
192.615      -2.224301
192.630      -2.235590
192.645      -2.246854
192.660      -2.258090
192.675      -2.269298
192.690      -2.280477
192.705      -2.291625
192.720      -2.302742
192.735      -2.313825
192.750      -2.324874
192.765      -2.335887
192.780      -2.346864
192.795      -2.357803
192.810      -2.368702
192.825      -2.379562
192.840      -2.390380
192.855      -2.401155
192.870      -2.411886
192.885      -2.422572
192.900      -2.433212
192.915      -2.443804
192.930      -2.454348
192.945      -2.464843
192.960      -2.475286
192.975      -2.485677
192.990      -2.496015
193.005      -2.506299
193.020      -2.516528
193.035      -2.526700
193.050      -2.536814
193.065      -2.546870
193.080      -2.556865
193.095      -2.566800
193.110      -2.576673
193.125      -2.586482
193.140      -2.596227
193.155      -2.605907
193.170      -2.615521
193.185      -2.625067
193.200      -2.634545
193.215      -2.643954
193.230      -2.653292
193.245      -2.662558
193.260      -2.671752
193.275      -2.680872
193.290      -2.689918
193.305      -2.698888
193.320      -2.707781
193.335      -2.716597
193.350      -2.725335
193.365      -2.733993
193.380      -2.742571
193.395      -2.751067
193.410      -2.759482
193.425      -2.767813
193.440      -2.776060
193.455      -2.784221
193.470      -2.792298
193.485      -2.800287
193.500      -2.808188
193.515      -2.816001
193.530      -2.823725
193.545      -2.831359
193.560      -2.838901
193.575      -2.846352
193.590      -2.853709
193.605      -2.860974
193.620      -2.868144
193.635      -2.875219
193.650      -2.882198
193.665      -2.889080
193.680      -2.895865
193.695      -2.902552
193.710      -2.909140
193.725      -2.915628
193.740      -2.922016
193.755      -2.928304
193.770      -2.934489
193.785      -2.940572
193.800      -2.946552
193.815      -2.952428
193.830      -2.958200
193.845      -2.963867
193.860      -2.969429
193.875      -2.974884
193.890      -2.980232
193.905      -2.985473
193.920      -2.990606
193.935      -2.995631
193.950      -3.000546
193.965      -3.005352
193.980      -3.010048
193.995      -3.014633
194.010      -3.019107
194.025      -3.023469
194.040      -3.027719
194.055      -3.031857
194.070      -3.035881
194.085      -3.039792
194.100      -3.043589
194.115      -3.047272
194.130      -3.050840
194.145      -3.054293
194.160      -3.057630
194.175      -3.060851
194.190      -3.063957
194.205      -3.066945
194.220      -3.069817
194.235      -3.072572
194.250      -3.075209
194.265      -3.077728
194.280      -3.080129
194.295      -3.082412
194.310      -3.084576
194.325      -3.086622
194.340      -3.088548
194.355      -3.090355
194.370      -3.092043
194.385      -3.093611
194.400      -3.095059
194.415      -3.096387
194.430      -3.097595
194.445      -3.098683
194.460      -3.099650
194.475      -3.100497
194.490      -3.101223
194.505      -3.101829
194.520      -3.102314
194.535      -3.102678
194.550      -3.102922
194.565      -3.103044
194.580      -3.103046
194.595      -3.102927
194.610      -3.102687
194.625      -3.102326
194.640      -3.101844
194.655      -3.101242
194.670      -3.100519
194.685      -3.099675
194.700      -3.098711
194.715      -3.097627
194.730      -3.096422
194.745      -3.095097
194.760      -3.093652
194.775      -3.092088
194.790      -3.090404
194.805      -3.088600
194.820      -3.086677
194.835      -3.084635
194.850      -3.082474
194.865      -3.080194
194.880      -3.077796
194.895      -3.075280
194.910      -3.072647
194.925      -3.069895
194.940      -3.067027
194.955      -3.064041
194.970      -3.060939
194.985      -3.057721
195.000      -3.054387
195.015      -3.050937
195.030      -3.047373
195.045      -3.043693
195.060      -3.039899
195.075      -3.035991
195.090      -3.031970
195.105      -3.027836
195.120      -3.023589
195.135      -3.019230
195.150      -3.014759
195.165      -3.010177
195.180      -3.005484
195.195      -3.000682
195.210      -2.995769
195.225      -2.990748
195.240      -2.985618
195.255      -2.980380
195.270      -2.975034
195.285      -2.969582
195.300      -2.964023
195.315      -2.958359
195.330      -2.952590
195.345      -2.946717
195.360      -2.940740
195.375      -2.934660
195.390      -2.928477
195.405      -2.922193
195.420      -2.915807
195.435      -2.909322
195.450      -2.902737
195.465      -2.896052
195.480      -2.889270
195.495      -2.882390
195.510      -2.875414
195.525      -2.868342
195.540      -2.861174
195.555      -2.853913
195.570      -2.846558
195.585      -2.839110
195.600      -2.831570
195.615      -2.823939
195.630      -2.816218
195.645      -2.808407
195.660      -2.800508
195.675      -2.792521
195.690      -2.784447
195.705      -2.776288
195.720      -2.768043
195.735      -2.759714
195.750      -2.751303
195.765      -2.742808
195.780      -2.734233
195.795      -2.725577
195.810      -2.716842
195.825      -2.708028
195.840      -2.699136
195.855      -2.690168
195.870      -2.681125
195.885      -2.672006
195.900      -2.662815
195.915      -2.653550
195.930      -2.644214
195.945      -2.634808
195.960      -2.625332
195.975      -2.615788
195.990      -2.606176
196.005      -2.596498
196.020      -2.586754
196.035      -2.576946
196.050      -2.567075
196.065      -2.557142
196.080      -2.547148
196.095      -2.537094
196.110      -2.526982
196.125      -2.516811
196.140      -2.506585
196.155      -2.496302
196.170      -2.485965
196.185      -2.475576
196.200      -2.465134
196.215      -2.454641
196.230      -2.444098
196.245      -2.433507
196.260      -2.422869
196.275      -2.412184
196.290      -2.401454
196.305      -2.390680
196.320      -2.379863
196.335      -2.369005
196.350      -2.358107
196.365      -2.347169
196.380      -2.336193
196.395      -2.325181
196.410      -2.314133
196.425      -2.303050
196.440      -2.291935
196.455      -2.280788
196.470      -2.269610
196.485      -2.258402
196.500      -2.247166
196.515      -2.235904
196.530      -2.224615
196.545      -2.213302
196.560      -2.201966
196.575      -2.190608
196.590      -2.179228
196.605      -2.167830
196.620      -2.156413
196.635      -2.144979
196.650      -2.133529
196.665      -2.122065
196.680      -2.110587
196.695      -2.099097
196.710      -2.087597
196.725      -2.076087
196.740      -2.064569
196.755      -2.053044
196.770      -2.041513
196.785      -2.029978
196.800      -2.018439
196.815      -2.006899
196.830      -1.995358
196.845      -1.983817
196.860      -1.972279
196.875      -1.960743
196.890      -1.949212
196.905      -1.937687
196.920      -1.926169
196.935      -1.914659
196.950      -1.903158
196.965      -1.891668
196.980      -1.880190
196.995      -1.868725
197.010      -1.857275
197.025      -1.845841
197.040      -1.834423
197.055      -1.823024
197.070      -1.811644
197.085      -1.800285
197.100      -1.788948
197.115      -1.777635
197.130      -1.766345
197.145      -1.755082
197.160      -1.743846
197.175      -1.732637
197.190      -1.721458
197.205      -1.710310
197.220      -1.699194
197.235      -1.688111
197.250      -1.677062
197.265      -1.666048
197.280      -1.655071
197.295      -1.644133
197.310      -1.633233
197.325      -1.622374
197.340      -1.611556
197.355      -1.600781
197.370      -1.590050
197.385      -1.579364
197.400      -1.568724
197.415      -1.558131
197.430      -1.547587
197.445      -1.537093
197.460      -1.526650
197.475      -1.516258
197.490      -1.505920
197.505      -1.495636
197.520      -1.485408
197.535      -1.475236
197.550      -1.465122
197.565      -1.455066
197.580      -1.445070
197.595      -1.435136
197.610      -1.425263
197.625      -1.415453
197.640      -1.405708
197.655      -1.396028
197.670      -1.386414
197.685      -1.376868
197.700      -1.367390
197.715      -1.357982
197.730      -1.348644
197.745      -1.339378
197.760      -1.330184
197.775      -1.321064
197.790      -1.312018
197.805      -1.303048
197.820      -1.294154
197.835      -1.285338
197.850      -1.276601
197.865      -1.267942
197.880      -1.259365
197.895      -1.250868
197.910      -1.242454
197.925      -1.234123
197.940      -1.225876
197.955      -1.217714
197.970      -1.209638
197.985      -1.201649
198.000      -1.193747
198.015      -1.185934
198.030      -1.178210
198.045      -1.170577
198.060      -1.163034
198.075      -1.155584
198.090      -1.148226
198.105      -1.140962
198.120      -1.133792
198.135      -1.126717
198.150      -1.119738
198.165      -1.112855
198.180      -1.106070
198.195      -1.099384
198.210      -1.092796
198.225      -1.086307
198.240      -1.079919
198.255      -1.073632
198.270      -1.067447
198.285      -1.061363
198.300      -1.055383
198.315      -1.049507
198.330      -1.043735
198.345      -1.038068
198.360      -1.032507
198.375      -1.027052
198.390      -1.021703
198.405      -1.016462
198.420      -1.011329
198.435      -1.006305
198.450      -1.001389
198.465      -0.996583
198.480      -0.991888
198.495      -0.987303
198.510      -0.982829
198.525      -0.978466
198.540      -0.974216
198.555      -0.970079
198.570      -0.966054
198.585      -0.962143
198.600      -0.958346
198.615      -0.954664
198.630      -0.951096
198.645      -0.947643
198.660      -0.944306
198.675      -0.941084
198.690      -0.937979
198.705      -0.934990
198.720      -0.932118
198.735      -0.929364
198.750      -0.926727
198.765      -0.924208
198.780      -0.921806
198.795      -0.919524
198.810      -0.917359
198.825      -0.915314
198.840      -0.913388
198.855      -0.911581
198.870      -0.909893
198.885      -0.908325
198.900      -0.906877
198.915      -0.905549
198.930      -0.904341
198.945      -0.903253
198.960      -0.902285
198.975      -0.901439
198.990      -0.900712
199.005      -0.900107
199.020      -0.899622
199.035      -0.899257
199.050      -0.899014
199.065      -0.898891
199.080      -0.898890
199.095      -0.899009
199.110      -0.899249
199.125      -0.899610
199.140      -0.900091
199.155      -0.900694
199.170      -0.901417
199.185      -0.902260
199.200      -0.903224
199.215      -0.904309
199.230      -0.905513
199.245      -0.906838
199.260      -0.908283
199.275      -0.909848
199.290      -0.911532
199.305      -0.913336
199.320      -0.915259
199.335      -0.917301
199.350      -0.919462
199.365      -0.921741
199.380      -0.924139
199.395      -0.926655
199.410      -0.929289
199.425      -0.932040
199.440      -0.934909
199.455      -0.937894
199.470      -0.940996
199.485      -0.944214
199.500      -0.947548
199.515      -0.950998
199.530      -0.954563
199.545      -0.958242
199.560      -0.962036
199.575      -0.965944
199.590      -0.969965
199.605      -0.974100
199.620      -0.978347
199.635      -0.982706
199.650      -0.987177
199.665      -0.991759
199.680      -0.996451
199.695      -1.001254
199.710      -1.006166
199.725      -1.011188
199.740      -1.016318
199.755      -1.021556
199.770      -1.026901
199.785      -1.032354
199.800      -1.037912
199.815      -1.043576
199.830      -1.049345
199.845      -1.055219
199.860      -1.061196
199.875      -1.067276
199.890      -1.073459
199.905      -1.079743
199.920      -1.086128
199.935      -1.092614
199.950      -1.099199
199.965      -1.105883
199.980      -1.112665
199.995      -1.119545
200.010      -1.126521
200.025      -1.133594
200.040      -1.140761
200.055      -1.148023
200.070      -1.155378
200.085      -1.162826
200.100      -1.170366
200.115      -1.177997
200.130      -1.185718
200.145      -1.193529
200.160      -1.201428
200.175      -1.209415
200.190      -1.217488
200.205      -1.225648
200.220      -1.233892
200.235      -1.242221
200.250      -1.250633
200.265      -1.259127
200.280      -1.267703
200.295      -1.276359
200.310      -1.285094
200.325      -1.293908
200.340      -1.302799
200.355      -1.311767
200.370      -1.320811
200.385      -1.329929
200.400      -1.339121
200.415      -1.348385
200.430      -1.357721
200.445      -1.367128
200.460      -1.376604
200.475      -1.386148
200.490      -1.395760
200.505      -1.405438
200.520      -1.415182
200.535      -1.424989
200.550      -1.434860
200.565      -1.444793
200.580      -1.454787
200.595      -1.464841
200.610      -1.474954
200.625      -1.485124
200.640      -1.495351
200.655      -1.505633
200.670      -1.515970
200.685      -1.526360
200.700      -1.536802
200.715      -1.547295
200.730      -1.557837
200.745      -1.568428
200.760      -1.579067
200.775      -1.589752
200.790      -1.600482
200.805      -1.611256
200.820      -1.622072
200.835      -1.632931
200.850      -1.643829
200.865      -1.654767
200.880      -1.665742
200.895      -1.676755
200.910      -1.687803
200.925      -1.698885
200.940      -1.710000
200.955      -1.721148
200.970      -1.732326
200.985      -1.743533
201.000      -1.754769
201.015      -1.766032
201.030      -1.777320
201.045      -1.788633
201.060      -1.799970
201.075      -1.811328
201.090      -1.822707
201.105      -1.834106
201.120      -1.845523
201.135      -1.856957
201.150      -1.868407
201.165      -1.879871
201.180      -1.891349
201.195      -1.902838
201.210      -1.914339
201.225      -1.925849
201.240      -1.937367
201.255      -1.948892
201.270      -1.960423
201.285      -1.971958
201.300      -1.983496
201.315      -1.995037
201.330      -2.006578
201.345      -2.018118
201.360      -2.029657
201.375      -2.041192
201.390      -2.052723
201.405      -2.064248
201.420      -2.075767
201.435      -2.087277
201.450      -2.098778
201.465      -2.110268
201.480      -2.121746
201.495      -2.133210
201.510      -2.144661
201.525      -2.156095
201.540      -2.167512
201.555      -2.178912
201.570      -2.190291
201.585      -2.201650
201.600      -2.212987
201.615      -2.224301
201.630      -2.235590
201.645      -2.246854
201.660      -2.258090
201.675      -2.269298
201.690      -2.280477
201.705      -2.291625
201.720      -2.302742
201.735      -2.313825
201.750      -2.324874
201.765      -2.335887
201.780      -2.346864
201.795      -2.357803
201.810      -2.368702
201.825      -2.379562
201.840      -2.390380
201.855      -2.401155
201.870      -2.411886
201.885      -2.422572
201.900      -2.433212
201.915      -2.443804
201.930      -2.454348
201.945      -2.464843
201.960      -2.475286
201.975      -2.485677
201.990      -2.496015
202.005      -2.506299
202.020      -2.516528
202.035      -2.526700
202.050      -2.536814
202.065      -2.546870
202.080      -2.556865
202.095      -2.566800
202.110      -2.576673
202.125      -2.586482
202.140      -2.596227
202.155      -2.605907
202.170      -2.615521
202.185      -2.625067
202.200      -2.634545
202.215      -2.643954
202.230      -2.653292
202.245      -2.662558
202.260      -2.671752
202.275      -2.680872
202.290      -2.689918
202.305      -2.698888
202.320      -2.707781
202.335      -2.716597
202.350      -2.725335
202.365      -2.733993
202.380      -2.742571
202.395      -2.751067
202.410      -2.759482
202.425      -2.767813
202.440      -2.776060
202.455      -2.784221
202.470      -2.792298
202.485      -2.800287
202.500      -2.808188
202.515      -2.816001
202.530      -2.823725
202.545      -2.831359
202.560      -2.838901
202.575      -2.846352
202.590      -2.853709
202.605      -2.860974
202.620      -2.868144
202.635      -2.875219
202.650      -2.882198
202.665      -2.889080
202.680      -2.895865
202.695      -2.902552
202.710      -2.909140
202.725      -2.915628
202.740      -2.922016
202.755      -2.928304
202.770      -2.934489
202.785      -2.940572
202.800      -2.946552
202.815      -2.952428
202.830      -2.958200
202.845      -2.963867
202.860      -2.969429
202.875      -2.974884
202.890      -2.980232
202.905      -2.985473
202.920      -2.990606
202.935      -2.995631
202.950      -3.000546
202.965      -3.005352
202.980      -3.010048
202.995      -3.014633
203.010      -3.019107
203.025      -3.023469
203.040      -3.027719
203.055      -3.031857
203.070      -3.035881
203.085      -3.039792
203.100      -3.043589
203.115      -3.047272
203.130      -3.050840
203.145      -3.054293
203.160      -3.057630
203.175      -3.060851
203.190      -3.063957
203.205      -3.066945
203.220      -3.069817
203.235      -3.072572
203.250      -3.075209
203.265      -3.077728
203.280      -3.080129
203.295      -3.082412
203.310      -3.084576
203.325      -3.086622
203.340      -3.088548
203.355      -3.090355
203.370      -3.092043
203.385      -3.093611
203.400      -3.095059
203.415      -3.096387
203.430      -3.097595
203.445      -3.098683
203.460      -3.099650
203.475      -3.100497
203.490      -3.101223
203.505      -3.101829
203.520      -3.102314
203.535      -3.102678
203.550      -3.102922
203.565      -3.103044
203.580      -3.103046
203.595      -3.102927
203.610      -3.102687
203.625      -3.102326
203.640      -3.101844
203.655      -3.101242
203.670      -3.100519
203.685      -3.099675
203.700      -3.098711
203.715      -3.097627
203.730      -3.096422
203.745      -3.095097
203.760      -3.093652
203.775      -3.092088
203.790      -3.090404
203.805      -3.088600
203.820      -3.086677
203.835      -3.084635
203.850      -3.082474
203.865      -3.080194
203.880      -3.077796
203.895      -3.075280
203.910      -3.072647
203.925      -3.069895
203.940      -3.067027
203.955      -3.064041
203.970      -3.060939
203.985      -3.057721
204.000      -3.054387
204.015      -3.050937
204.030      -3.047373
204.045      -3.043693
204.060      -3.039899
204.075      -3.035991
204.090      -3.031970
204.105      -3.027836
204.120      -3.023589
204.135      -3.019230
204.150      -3.014759
204.165      -3.010177
204.180      -3.005484
204.195      -3.000682
204.210      -2.995769
204.225      -2.990748
204.240      -2.985618
204.255      -2.980380
204.270      -2.975034
204.285      -2.969582
204.300      -2.964023
204.315      -2.958359
204.330      -2.952590
204.345      -2.946717
204.360      -2.940740
204.375      -2.934660
204.390      -2.928477
204.405      -2.922193
204.420      -2.915807
204.435      -2.909322
204.450      -2.902737
204.465      -2.896052
204.480      -2.889270
204.495      -2.882390
204.510      -2.875414
204.525      -2.868342
204.540      -2.861174
204.555      -2.853913
204.570      -2.846558
204.585      -2.839110
204.600      -2.831570
204.615      -2.823939
204.630      -2.816218
204.645      -2.808407
204.660      -2.800508
204.675      -2.792521
204.690      -2.784447
204.705      -2.776288
204.720      -2.768043
204.735      -2.759714
204.750      -2.751303
204.765      -2.742808
204.780      -2.734233
204.795      -2.725577
204.810      -2.716842
204.825      -2.708028
204.840      -2.699136
204.855      -2.690168
204.870      -2.681125
204.885      -2.672006
204.900      -2.662815
204.915      -2.653550
204.930      -2.644214
204.945      -2.634808
204.960      -2.625332
204.975      -2.615788
204.990      -2.606176
205.005      -2.596498
205.020      -2.586754
205.035      -2.576946
205.050      -2.567075
205.065      -2.557142
205.080      -2.547148
205.095      -2.537094
205.110      -2.526982
205.125      -2.516811
205.140      -2.506585
205.155      -2.496302
205.170      -2.485965
205.185      -2.475576
205.200      -2.465134
205.215      -2.454641
205.230      -2.444098
205.245      -2.433507
205.260      -2.422869
205.275      -2.412184
205.290      -2.401454
205.305      -2.390680
205.320      -2.379863
205.335      -2.369005
205.350      -2.358107
205.365      -2.347169
205.380      -2.336193
205.395      -2.325181
205.410      -2.314133
205.425      -2.303050
205.440      -2.291935
205.455      -2.280788
205.470      -2.269610
205.485      -2.258402
205.500      -2.247166
205.515      -2.235904
205.530      -2.224615
205.545      -2.213302
205.560      -2.201966
205.575      -2.190608
205.590      -2.179228
205.605      -2.167830
205.620      -2.156413
205.635      -2.144979
205.650      -2.133529
205.665      -2.122065
205.680      -2.110587
205.695      -2.099097
205.710      -2.087597
205.725      -2.076087
205.740      -2.064569
205.755      -2.053044
205.770      -2.041513
205.785      -2.029978
205.800      -2.018439
205.815      -2.006899
205.830      -1.995358
205.845      -1.983817
205.860      -1.972279
205.875      -1.960743
205.890      -1.949212
205.905      -1.937687
205.920      -1.926169
205.935      -1.914659
205.950      -1.903158
205.965      -1.891668
205.980      -1.880190
205.995      -1.868725
206.010      -1.857275
206.025      -1.845841
206.040      -1.834423
206.055      -1.823024
206.070      -1.811644
206.085      -1.800285
206.100      -1.788948
206.115      -1.777635
206.130      -1.766345
206.145      -1.755082
206.160      -1.743846
206.175      -1.732637
206.190      -1.721458
206.205      -1.710310
206.220      -1.699194
206.235      -1.688111
206.250      -1.677062
206.265      -1.666048
206.280      -1.655071
206.295      -1.644133
206.310      -1.633233
206.325      -1.622374
206.340      -1.611556
206.355      -1.600781
206.370      -1.590050
206.385      -1.579364
206.400      -1.568724
206.415      -1.558131
206.430      -1.547587
206.445      -1.537093
206.460      -1.526650
206.475      -1.516258
206.490      -1.505920
206.505      -1.495636
206.520      -1.485408
206.535      -1.475236
206.550      -1.465122
206.565      -1.455066
206.580      -1.445070
206.595      -1.435136
206.610      -1.425263
206.625      -1.415453
206.640      -1.405708
206.655      -1.396028
206.670      -1.386414
206.685      -1.376868
206.700      -1.367390
206.715      -1.357982
206.730      -1.348644
206.745      -1.339378
206.760      -1.330184
206.775      -1.321064
206.790      -1.312018
206.805      -1.303048
206.820      -1.294154
206.835      -1.285338
206.850      -1.276601
206.865      -1.267942
206.880      -1.259365
206.895      -1.250868
206.910      -1.242454
206.925      -1.234123
206.940      -1.225876
206.955      -1.217714
206.970      -1.209638
206.985      -1.201649
207.000      -1.193747
207.015      -1.185934
207.030      -1.178210
207.045      -1.170577
207.060      -1.163034
207.075      -1.155584
207.090      -1.148226
207.105      -1.140962
207.120      -1.133792
207.135      -1.126717
207.150      -1.119738
207.165      -1.112855
207.180      -1.106070
207.195      -1.099384
207.210      -1.092796
207.225      -1.086307
207.240      -1.079919
207.255      -1.073632
207.270      -1.067447
207.285      -1.061363
207.300      -1.055383
207.315      -1.049507
207.330      -1.043735
207.345      -1.038068
207.360      -1.032507
207.375      -1.027052
207.390      -1.021703
207.405      -1.016462
207.420      -1.011329
207.435      -1.006305
207.450      -1.001389
207.465      -0.996583
207.480      -0.991888
207.495      -0.987303
207.510      -0.982829
207.525      -0.978466
207.540      -0.974216
207.555      -0.970079
207.570      -0.966054
207.585      -0.962143
207.600      -0.958346
207.615      -0.954664
207.630      -0.951096
207.645      -0.947643
207.660      -0.944306
207.675      -0.941084
207.690      -0.937979
207.705      -0.934990
207.720      -0.932118
207.735      -0.929364
207.750      -0.926727
207.765      -0.924208
207.780      -0.921806
207.795      -0.919524
207.810      -0.917359
207.825      -0.915314
207.840      -0.913388
207.855      -0.911581
207.870      -0.909893
207.885      -0.908325
207.900      -0.906877
207.915      -0.905549
207.930      -0.904341
207.945      -0.903253
207.960      -0.902285
207.975      -0.901439
207.990      -0.900712
208.005      -0.900107
208.020      -0.899622
208.035      -0.899257
208.050      -0.899014
208.065      -0.898891
208.080      -0.898890
208.095      -0.899009
208.110      -0.899249
208.125      -0.899610
208.140      -0.900091
208.155      -0.900694
208.170      -0.901417
208.185      -0.902260
208.200      -0.903224
208.215      -0.904309
208.230      -0.905513
208.245      -0.906838
208.260      -0.908283
208.275      -0.909848
208.290      -0.911532
208.305      -0.913336
208.320      -0.915259
208.335      -0.917301
208.350      -0.919462
208.365      -0.921741
208.380      -0.924139
208.395      -0.926655
208.410      -0.929289
208.425      -0.932040
208.440      -0.934909
208.455      -0.937894
208.470      -0.940996
208.485      -0.944214
208.500      -0.947548
208.515      -0.950998
208.530      -0.954563
208.545      -0.958242
208.560      -0.962036
208.575      -0.965944
208.590      -0.969965
208.605      -0.974100
208.620      -0.978347
208.635      -0.982706
208.650      -0.987177
208.665      -0.991759
208.680      -0.996451
208.695      -1.001254
208.710      -1.006166
208.725      -1.011188
208.740      -1.016318
208.755      -1.021556
208.770      -1.026901
208.785      -1.032354
208.800      -1.037912
208.815      -1.043576
208.830      -1.049345
208.845      -1.055219
208.860      -1.061196
208.875      -1.067276
208.890      -1.073459
208.905      -1.079743
208.920      -1.086128
208.935      -1.092614
208.950      -1.099199
208.965      -1.105883
208.980      -1.112665
208.995      -1.119545
209.010      -1.126521
209.025      -1.133594
209.040      -1.140761
209.055      -1.148023
209.070      -1.155378
209.085      -1.162826
209.100      -1.170366
209.115      -1.177997
209.130      -1.185718
209.145      -1.193529
209.160      -1.201428
209.175      -1.209415
209.190      -1.217488
209.205      -1.225648
209.220      -1.233892
209.235      -1.242221
209.250      -1.250633
209.265      -1.259127
209.280      -1.267703
209.295      -1.276359
209.310      -1.285094
209.325      -1.293908
209.340      -1.302799
209.355      -1.311767
209.370      -1.320811
209.385      -1.329929
209.400      -1.339121
209.415      -1.348385
209.430      -1.357721
209.445      -1.367128
209.460      -1.376604
209.475      -1.386148
209.490      -1.395760
209.505      -1.405438
209.520      -1.415182
209.535      -1.424989
209.550      -1.434860
209.565      -1.444793
209.580      -1.454787
209.595      -1.464841
209.610      -1.474954
209.625      -1.485124
209.640      -1.495351
209.655      -1.505633
209.670      -1.515970
209.685      -1.526360
209.700      -1.536802
209.715      -1.547295
209.730      -1.557837
209.745      -1.568428
209.760      -1.579067
209.775      -1.589752
209.790      -1.600482
209.805      -1.611256
209.820      -1.622072
209.835      -1.632931
209.850      -1.643829
209.865      -1.654767
209.880      -1.665742
209.895      -1.676755
209.910      -1.687803
209.925      -1.698885
209.940      -1.710000
209.955      -1.721148
209.970      -1.732326
209.985      -1.743533
210.000      -1.754769
210.015      -1.766032
210.030      -1.777320
210.045      -1.788633
210.060      -1.799970
210.075      -1.811328
210.090      -1.822707
210.105      -1.834106
210.120      -1.845523
210.135      -1.856957
210.150      -1.868407
210.165      -1.879871
210.180      -1.891349
210.195      -1.902838
210.210      -1.914339
210.225      -1.925849
210.240      -1.937367
210.255      -1.948892
210.270      -1.960423
210.285      -1.971958
210.300      -1.983496
210.315      -1.995037
210.330      -2.006578
210.345      -2.018118
210.360      -2.029657
210.375      -2.041192
210.390      -2.052723
210.405      -2.064248
210.420      -2.075767
210.435      -2.087277
210.450      -2.098778
210.465      -2.110268
210.480      -2.121746
210.495      -2.133210
210.510      -2.144661
210.525      -2.156095
210.540      -2.167512
210.555      -2.178912
210.570      -2.190291
210.585      -2.201650
210.600      -2.212987
210.615      -2.224301
210.630      -2.235590
210.645      -2.246854
210.660      -2.258090
210.675      -2.269298
210.690      -2.280477
210.705      -2.291625
210.720      -2.302742
210.735      -2.313825
210.750      -2.324874
210.765      -2.335887
210.780      -2.346864
210.795      -2.357803
210.810      -2.368702
210.825      -2.379562
210.840      -2.390380
210.855      -2.401155
210.870      -2.411886
210.885      -2.422572
210.900      -2.433212
210.915      -2.443804
210.930      -2.454348
210.945      -2.464843
210.960      -2.475286
210.975      -2.485677
210.990      -2.496015
211.005      -2.506299
211.020      -2.516528
211.035      -2.526700
211.050      -2.536814
211.065      -2.546870
211.080      -2.556865
211.095      -2.566800
211.110      -2.576673
211.125      -2.586482
211.140      -2.596227
211.155      -2.605907
211.170      -2.615521
211.185      -2.625067
211.200      -2.634545
211.215      -2.643954
211.230      -2.653292
211.245      -2.662558
211.260      -2.671752
211.275      -2.680872
211.290      -2.689918
211.305      -2.698888
211.320      -2.707781
211.335      -2.716597
211.350      -2.725335
211.365      -2.733993
211.380      -2.742571
211.395      -2.751067
211.410      -2.759482
211.425      -2.767813
211.440      -2.776060
211.455      -2.784221
211.470      -2.792298
211.485      -2.800287
211.500      -2.808188
211.515      -2.816001
211.530      -2.823725
211.545      -2.831359
211.560      -2.838901
211.575      -2.846352
211.590      -2.853709
211.605      -2.860974
211.620      -2.868144
211.635      -2.875219
211.650      -2.882198
211.665      -2.889080
211.680      -2.895865
211.695      -2.902552
211.710      -2.909140
211.725      -2.915628
211.740      -2.922016
211.755      -2.928304
211.770      -2.934489
211.785      -2.940572
211.800      -2.946552
211.815      -2.952428
211.830      -2.958200
211.845      -2.963867
211.860      -2.969429
211.875      -2.974884
211.890      -2.980232
211.905      -2.985473
211.920      -2.990606
211.935      -2.995631
211.950      -3.000546
211.965      -3.005352
211.980      -3.010048
211.995      -3.014633
212.010      -3.019107
212.025      -3.023469
212.040      -3.027719
212.055      -3.031857
212.070      -3.035881
212.085      -3.039792
212.100      -3.043589
212.115      -3.047272
212.130      -3.050840
212.145      -3.054293
212.160      -3.057630
212.175      -3.060851
212.190      -3.063957
212.205      -3.066945
212.220      -3.069817
212.235      -3.072572
212.250      -3.075209
212.265      -3.077728
212.280      -3.080129
212.295      -3.082412
212.310      -3.084576
212.325      -3.086622
212.340      -3.088548
212.355      -3.090355
212.370      -3.092043
212.385      -3.093611
212.400      -3.095059
212.415      -3.096387
212.430      -3.097595
212.445      -3.098683
212.460      -3.099650
212.475      -3.100497
212.490      -3.101223
212.505      -3.101829
212.520      -3.102314
212.535      -3.102678
212.550      -3.102922
212.565      -3.103044
212.580      -3.103046
212.595      -3.102927
212.610      -3.102687
212.625      -3.102326
212.640      -3.101844
212.655      -3.101242
212.670      -3.100519
212.685      -3.099675
212.700      -3.098711
212.715      -3.097627
212.730      -3.096422
212.745      -3.095097
212.760      -3.093652
212.775      -3.092088
212.790      -3.090404
212.805      -3.088600
212.820      -3.086677
212.835      -3.084635
212.850      -3.082474
212.865      -3.080194
212.880      -3.077796
212.895      -3.075280
212.910      -3.072647
212.925      -3.069895
212.940      -3.067027
212.955      -3.064041
212.970      -3.060939
212.985      -3.057721
213.000      -3.054387
213.015      -3.050937
213.030      -3.047373
213.045      -3.043693
213.060      -3.039899
213.075      -3.035991
213.090      -3.031970
213.105      -3.027836
213.120      -3.023589
213.135      -3.019230
213.150      -3.014759
213.165      -3.010177
213.180      -3.005484
213.195      -3.000682
213.210      -2.995769
213.225      -2.990748
213.240      -2.985618
213.255      -2.980380
213.270      -2.975034
213.285      -2.969582
213.300      -2.964023
213.315      -2.958359
213.330      -2.952590
213.345      -2.946717
213.360      -2.940740
213.375      -2.934660
213.390      -2.928477
213.405      -2.922193
213.420      -2.915807
213.435      -2.909322
213.450      -2.902737
213.465      -2.896052
213.480      -2.889270
213.495      -2.882390
213.510      -2.875414
213.525      -2.868342
213.540      -2.861174
213.555      -2.853913
213.570      -2.846558
213.585      -2.839110
213.600      -2.831570
213.615      -2.823939
213.630      -2.816218
213.645      -2.808407
213.660      -2.800508
213.675      -2.792521
213.690      -2.784447
213.705      -2.776288
213.720      -2.768043
213.735      -2.759714
213.750      -2.751303
213.765      -2.742808
213.780      -2.734233
213.795      -2.725577
213.810      -2.716842
213.825      -2.708028
213.840      -2.699136
213.855      -2.690168
213.870      -2.681125
213.885      -2.672006
213.900      -2.662815
213.915      -2.653550
213.930      -2.644214
213.945      -2.634808
213.960      -2.625332
213.975      -2.615788
213.990      -2.606176
214.005      -2.596498
214.020      -2.586754
214.035      -2.576946
214.050      -2.567075
214.065      -2.557142
214.080      -2.547148
214.095      -2.537094
214.110      -2.526982
214.125      -2.516811
214.140      -2.506585
214.155      -2.496302
214.170      -2.485965
214.185      -2.475576
214.200      -2.465134
214.215      -2.454641
214.230      -2.444098
214.245      -2.433507
214.260      -2.422869
214.275      -2.412184
214.290      -2.401454
214.305      -2.390680
214.320      -2.379863
214.335      -2.369005
214.350      -2.358107
214.365      -2.347169
214.380      -2.336193
214.395      -2.325181
214.410      -2.314133
214.425      -2.303050
214.440      -2.291935
214.455      -2.280788
214.470      -2.269610
214.485      -2.258402
214.500      -2.247166
214.515      -2.235904
214.530      -2.224615
214.545      -2.213302
214.560      -2.201966
214.575      -2.190608
214.590      -2.179228
214.605      -2.167830
214.620      -2.156413
214.635      -2.144979
214.650      -2.133529
214.665      -2.122065
214.680      -2.110587
214.695      -2.099097
214.710      -2.087597
214.725      -2.076087
214.740      -2.064569
214.755      -2.053044
214.770      -2.041513
214.785      -2.029978
214.800      -2.018439
214.815      -2.006899
214.830      -1.995358
214.845      -1.983817
214.860      -1.972279
214.875      -1.960743
214.890      -1.949212
214.905      -1.937687
214.920      -1.926169
214.935      -1.914659
214.950      -1.903158
214.965      -1.891668
214.980      -1.880190
214.995      -1.868725
215.010      -1.857275
215.025      -1.845841
215.040      -1.834423
215.055      -1.823024
215.070      -1.811644
215.085      -1.800285
215.100      -1.788948
215.115      -1.777635
215.130      -1.766345
215.145      -1.755082
215.160      -1.743846
215.175      -1.732637
215.190      -1.721458
215.205      -1.710310
215.220      -1.699194
215.235      -1.688111
215.250      -1.677062
215.265      -1.666048
215.280      -1.655071
215.295      -1.644133
215.310      -1.633233
215.325      -1.622374
215.340      -1.611556
215.355      -1.600781
215.370      -1.590050
215.385      -1.579364
215.400      -1.568724
215.415      -1.558131
215.430      -1.547587
215.445      -1.537093
215.460      -1.526650
215.475      -1.516258
215.490      -1.505920
215.505      -1.495636
215.520      -1.485408
215.535      -1.475236
215.550      -1.465122
215.565      -1.455066
215.580      -1.445070
215.595      -1.435136
215.610      -1.425263
215.625      -1.415453
215.640      -1.405708
215.655      -1.396028
215.670      -1.386414
215.685      -1.376868
215.700      -1.367390
215.715      -1.357982
215.730      -1.348644
215.745      -1.339378
215.760      -1.330184
215.775      -1.321064
215.790      -1.312018
215.805      -1.303048
215.820      -1.294154
215.835      -1.285338
215.850      -1.276601
215.865      -1.267942
215.880      -1.259365
215.895      -1.250868
215.910      -1.242454
215.925      -1.234123
215.940      -1.225876
215.955      -1.217714
215.970      -1.209638
215.985      -1.201649
216.000      -1.193747
216.015      -1.185934
216.030      -1.178210
216.045      -1.170577
216.060      -1.163034
216.075      -1.155584
216.090      -1.148226
216.105      -1.140962
216.120      -1.133792
216.135      -1.126717
216.150      -1.119738
216.165      -1.112855
216.180      -1.106070
216.195      -1.099384
216.210      -1.092796
216.225      -1.086307
216.240      -1.079919
216.255      -1.073632
216.270      -1.067447
216.285      -1.061363
216.300      -1.055383
216.315      -1.049507
216.330      -1.043735
216.345      -1.038068
216.360      -1.032507
216.375      -1.027052
216.390      -1.021703
216.405      -1.016462
216.420      -1.011329
216.435      -1.006305
216.450      -1.001389
216.465      -0.996583
216.480      -0.991888
216.495      -0.987303
216.510      -0.982829
216.525      -0.978466
216.540      -0.974216
216.555      -0.970079
216.570      -0.966054
216.585      -0.962143
216.600      -0.958346
216.615      -0.954664
216.630      -0.951096
216.645      -0.947643
216.660      -0.944306
216.675      -0.941084
216.690      -0.937979
216.705      -0.934990
216.720      -0.932118
216.735      -0.929364
216.750      -0.926727
216.765      -0.924208
216.780      -0.921806
216.795      -0.919524
216.810      -0.917359
216.825      -0.915314
216.840      -0.913388
216.855      -0.911581
216.870      -0.909893
216.885      -0.908325
216.900      -0.906877
216.915      -0.905549
216.930      -0.904341
216.945      -0.903253
216.960      -0.902285
216.975      -0.901439
216.990      -0.900712
217.005      -0.900107
217.020      -0.899622
217.035      -0.899257
217.050      -0.899014
217.065      -0.898891
217.080      -0.898890
217.095      -0.899009
217.110      -0.899249
217.125      -0.899610
217.140      -0.900091
217.155      -0.900694
217.170      -0.901417
217.185      -0.902260
217.200      -0.903224
217.215      -0.904309
217.230      -0.905513
217.245      -0.906838
217.260      -0.908283
217.275      -0.909848
217.290      -0.911532
217.305      -0.913336
217.320      -0.915259
217.335      -0.917301
217.350      -0.919462
217.365      -0.921741
217.380      -0.924139
217.395      -0.926655
217.410      -0.929289
217.425      -0.932040
217.440      -0.934909
217.455      -0.937894
217.470      -0.940996
217.485      -0.944214
217.500      -0.947548
217.515      -0.950998
217.530      -0.954563
217.545      -0.958242
217.560      -0.962036
217.575      -0.965944
217.590      -0.969965
217.605      -0.974100
217.620      -0.978347
217.635      -0.982706
217.650      -0.987177
217.665      -0.991759
217.680      -0.996451
217.695      -1.001254
217.710      -1.006166
217.725      -1.011188
217.740      -1.016318
217.755      -1.021556
217.770      -1.026901
217.785      -1.032354
217.800      -1.037912
217.815      -1.043576
217.830      -1.049345
217.845      -1.055219
217.860      -1.061196
217.875      -1.067276
217.890      -1.073459
217.905      -1.079743
217.920      -1.086128
217.935      -1.092614
217.950      -1.099199
217.965      -1.105883
217.980      -1.112665
217.995      -1.119545
218.010      -1.126521
218.025      -1.133594
218.040      -1.140761
218.055      -1.148023
218.070      -1.155378
218.085      -1.162826
218.100      -1.170366
218.115      -1.177997
218.130      -1.185718
218.145      -1.193529
218.160      -1.201428
218.175      -1.209415
218.190      -1.217488
218.205      -1.225648
218.220      -1.233892
218.235      -1.242221
218.250      -1.250633
218.265      -1.259127
218.280      -1.267703
218.295      -1.276359
218.310      -1.285094
218.325      -1.293908
218.340      -1.302799
218.355      -1.311767
218.370      -1.320811
218.385      -1.329929
218.400      -1.339121
218.415      -1.348385
218.430      -1.357721
218.445      -1.367128
218.460      -1.376604
218.475      -1.386148
218.490      -1.395760
218.505      -1.405438
218.520      -1.415182
218.535      -1.424989
218.550      -1.434860
218.565      -1.444793
218.580      -1.454787
218.595      -1.464841
218.610      -1.474954
218.625      -1.485124
218.640      -1.495351
218.655      -1.505633
218.670      -1.515970
218.685      -1.526360
218.700      -1.536802
218.715      -1.547295
218.730      -1.557837
218.745      -1.568428
218.760      -1.579067
218.775      -1.589752
218.790      -1.600482
218.805      -1.611256
218.820      -1.622072
218.835      -1.632931
218.850      -1.643829
218.865      -1.654767
218.880      -1.665742
218.895      -1.676755
218.910      -1.687803
218.925      -1.698885
218.940      -1.710001
218.955      -1.721148
218.970      -1.732326
218.985      -1.743533
219.000      -1.754769
219.015      -1.766032
219.030      -1.777320
219.045      -1.788633
219.060      -1.799970
219.075      -1.811328
219.090      -1.822707
219.105      -1.834106
219.120      -1.845523
219.135      -1.856957
219.150      -1.868407
219.165      -1.879871
219.180      -1.891349
219.195      -1.902838
219.210      -1.914339
219.225      -1.925849
219.240      -1.937367
219.255      -1.948892
219.270      -1.960423
219.285      -1.971958
219.300      -1.983496
219.315      -1.995037
219.330      -2.006578
219.345      -2.018118
219.360      -2.029657
219.375      -2.041192
219.390      -2.052723
219.405      -2.064248
219.420      -2.075767
219.435      -2.087277
219.450      -2.098778
219.465      -2.110268
219.480      -2.121746
219.495      -2.133210
219.510      -2.144661
219.525      -2.156095
219.540      -2.167512
219.555      -2.178912
219.570      -2.190291
219.585      -2.201650
219.600      -2.212987
219.615      -2.224301
219.630      -2.235590
219.645      -2.246854
219.660      -2.258090
219.675      -2.269298
219.690      -2.280477
219.705      -2.291625
219.720      -2.302742
219.735      -2.313825
219.750      -2.324874
219.765      -2.335887
219.780      -2.346864
219.795      -2.357803
219.810      -2.368702
219.825      -2.379562
219.840      -2.390380
219.855      -2.401155
219.870      -2.411886
219.885      -2.422572
219.900      -2.433212
219.915      -2.443804
219.930      -2.454348
219.945      -2.464843
219.960      -2.475286
219.975      -2.485677
219.990      -2.496015
220.005      -2.506299
220.020      -2.516528
220.035      -2.526700
220.050      -2.536814
220.065      -2.546870
220.080      -2.556865
220.095      -2.566800
220.110      -2.576673
220.125      -2.586482
220.140      -2.596227
220.155      -2.605907
220.170      -2.615521
220.185      -2.625067
220.200      -2.634545
220.215      -2.643954
220.230      -2.653292
220.245      -2.662558
220.260      -2.671752
220.275      -2.680872
220.290      -2.689918
220.305      -2.698888
220.320      -2.707781
220.335      -2.716597
220.350      -2.725335
220.365      -2.733993
220.380      -2.742571
220.395      -2.751067
220.410      -2.759482
220.425      -2.767813
220.440      -2.776060
220.455      -2.784221
220.470      -2.792298
220.485      -2.800287
220.500      -2.808188
220.515      -2.816001
220.530      -2.823725
220.545      -2.831359
220.560      -2.838901
220.575      -2.846352
220.590      -2.853709
220.605      -2.860974
220.620      -2.868144
220.635      -2.875219
220.650      -2.882198
220.665      -2.889080
220.680      -2.895865
220.695      -2.902552
220.710      -2.909140
220.725      -2.915628
220.740      -2.922016
220.755      -2.928304
220.770      -2.934489
220.785      -2.940572
220.800      -2.946552
220.815      -2.952428
220.830      -2.958200
220.845      -2.963867
220.860      -2.969429
220.875      -2.974884
220.890      -2.980232
220.905      -2.985473
220.920      -2.990606
220.935      -2.995631
220.950      -3.000546
220.965      -3.005352
220.980      -3.010048
220.995      -3.014633
221.010      -3.019107
221.025      -3.023469
221.040      -3.027719
221.055      -3.031857
221.070      -3.035881
221.085      -3.039792
221.100      -3.043589
221.115      -3.047272
221.130      -3.050840
221.145      -3.054293
221.160      -3.057630
221.175      -3.060851
221.190      -3.063957
221.205      -3.066945
221.220      -3.069817
221.235      -3.072572
221.250      -3.075209
221.265      -3.077728
221.280      -3.080129
221.295      -3.082412
221.310      -3.084576
221.325      -3.086622
221.340      -3.088548
221.355      -3.090355
221.370      -3.092043
221.385      -3.093611
221.400      -3.095059
221.415      -3.096387
221.430      -3.097595
221.445      -3.098683
221.460      -3.099650
221.475      -3.100497
221.490      -3.101223
221.505      -3.101829
221.520      -3.102314
221.535      -3.102678
221.550      -3.102922
221.565      -3.103044
221.580      -3.103046
221.595      -3.102927
221.610      -3.102687
221.625      -3.102326
221.640      -3.101844
221.655      -3.101242
221.670      -3.100519
221.685      -3.099675
221.700      -3.098711
221.715      -3.097627
221.730      -3.096422
221.745      -3.095097
221.760      -3.093652
221.775      -3.092088
221.790      -3.090404
221.805      -3.088600
221.820      -3.086677
221.835      -3.084635
221.850      -3.082474
221.865      -3.080194
221.880      -3.077796
221.895      -3.075280
221.910      -3.072647
221.925      -3.069895
221.940      -3.067027
221.955      -3.064041
221.970      -3.060939
221.985      -3.057721
222.000      -3.054387
222.015      -3.050937
222.030      -3.047373
222.045      -3.043693
222.060      -3.039899
222.075      -3.035991
222.090      -3.031970
222.105      -3.027836
222.120      -3.023589
222.135      -3.019230
222.150      -3.014759
222.165      -3.010177
222.180      -3.005484
222.195      -3.000682
222.210      -2.995769
222.225      -2.990748
222.240      -2.985618
222.255      -2.980380
222.270      -2.975034
222.285      -2.969582
222.300      -2.964023
222.315      -2.958359
222.330      -2.952590
222.345      -2.946717
222.360      -2.940740
222.375      -2.934660
222.390      -2.928477
222.405      -2.922193
222.420      -2.915807
222.435      -2.909322
222.450      -2.902737
222.465      -2.896052
222.480      -2.889270
222.495      -2.882390
222.510      -2.875414
222.525      -2.868342
222.540      -2.861174
222.555      -2.853913
222.570      -2.846558
222.585      -2.839110
222.600      -2.831570
222.615      -2.823939
222.630      -2.816218
222.645      -2.808407
222.660      -2.800508
222.675      -2.792521
222.690      -2.784447
222.705      -2.776288
222.720      -2.768043
222.735      -2.759714
222.750      -2.751303
222.765      -2.742808
222.780      -2.734233
222.795      -2.725577
222.810      -2.716842
222.825      -2.708028
222.840      -2.699136
222.855      -2.690168
222.870      -2.681125
222.885      -2.672006
222.900      -2.662815
222.915      -2.653550
222.930      -2.644214
222.945      -2.634808
222.960      -2.625332
222.975      -2.615788
222.990      -2.606176
223.005      -2.596498
223.020      -2.586754
223.035      -2.576946
223.050      -2.567075
223.065      -2.557142
223.080      -2.547148
223.095      -2.537094
223.110      -2.526982
223.125      -2.516811
223.140      -2.506585
223.155      -2.496302
223.170      -2.485965
223.185      -2.475576
223.200      -2.465134
223.215      -2.454641
223.230      -2.444098
223.245      -2.433507
223.260      -2.422869
223.275      -2.412184
223.290      -2.401454
223.305      -2.390680
223.320      -2.379863
223.335      -2.369005
223.350      -2.358107
223.365      -2.347169
223.380      -2.336193
223.395      -2.325181
223.410      -2.314133
223.425      -2.303050
223.440      -2.291935
223.455      -2.280788
223.470      -2.269610
223.485      -2.258402
223.500      -2.247166
223.515      -2.235904
223.530      -2.224615
223.545      -2.213302
223.560      -2.201966
223.575      -2.190608
223.590      -2.179228
223.605      -2.167830
223.620      -2.156413
223.635      -2.144979
223.650      -2.133529
223.665      -2.122065
223.680      -2.110587
223.695      -2.099097
223.710      -2.087597
223.725      -2.076087
223.740      -2.064569
223.755      -2.053044
223.770      -2.041513
223.785      -2.029978
223.800      -2.018439
223.815      -2.006899
223.830      -1.995358
223.845      -1.983817
223.860      -1.972279
223.875      -1.960743
223.890      -1.949212
223.905      -1.937687
223.920      -1.926169
223.935      -1.914659
223.950      -1.903158
223.965      -1.891668
223.980      -1.880190
223.995      -1.868725
224.010      -1.857275
224.025      -1.845841
224.040      -1.834423
224.055      -1.823024
224.070      -1.811644
224.085      -1.800285
224.100      -1.788948
224.115      -1.777635
224.130      -1.766345
224.145      -1.755082
224.160      -1.743846
224.175      -1.732637
224.190      -1.721458
224.205      -1.710310
224.220      -1.699194
224.235      -1.688111
224.250      -1.677062
224.265      -1.666048
224.280      -1.655071
224.295      -1.644133
224.310      -1.633233
224.325      -1.622374
224.340      -1.611556
224.355      -1.600781
224.370      -1.590050
224.385      -1.579364
224.400      -1.568724
224.415      -1.558131
224.430      -1.547587
224.445      -1.537093
224.460      -1.526650
224.475      -1.516258
224.490      -1.505920
224.505      -1.495636
224.520      -1.485408
224.535      -1.475236
224.550      -1.465122
224.565      -1.455066
224.580      -1.445070
224.595      -1.435136
224.610      -1.425263
224.625      -1.415453
224.640      -1.405708
224.655      -1.396028
224.670      -1.386414
224.685      -1.376868
224.700      -1.367390
224.715      -1.357982
224.730      -1.348644
224.745      -1.339378
224.760      -1.330184
224.775      -1.321064
224.790      -1.312018
224.805      -1.303048
224.820      -1.294154
224.835      -1.285338
224.850      -1.276601
224.865      -1.267942
224.880      -1.259365
224.895      -1.250868
224.910      -1.242454
224.925      -1.234123
224.940      -1.225876
224.955      -1.217714
224.970      -1.209638
224.985      -1.201649
225.000      -1.193747
225.015      -1.185934
225.030      -1.178210
225.045      -1.170577
225.060      -1.163034
225.075      -1.155584
225.090      -1.148226
225.105      -1.140962
225.120      -1.133792
225.135      -1.126717
225.150      -1.119738
225.165      -1.112855
225.180      -1.106070
225.195      -1.099384
225.210      -1.092796
225.225      -1.086307
225.240      -1.079919
225.255      -1.073632
225.270      -1.067447
225.285      -1.061363
225.300      -1.055383
225.315      -1.049507
225.330      -1.043735
225.345      -1.038068
225.360      -1.032507
225.375      -1.027052
225.390      -1.021703
225.405      -1.016462
225.420      -1.011329
225.435      -1.006305
225.450      -1.001389
225.465      -0.996583
225.480      -0.991888
225.495      -0.987303
225.510      -0.982829
225.525      -0.978466
225.540      -0.974216
225.555      -0.970079
225.570      -0.966054
225.585      -0.962143
225.600      -0.958346
225.615      -0.954664
225.630      -0.951096
225.645      -0.947643
225.660      -0.944306
225.675      -0.941084
225.690      -0.937979
225.705      -0.934990
225.720      -0.932118
225.735      -0.929364
225.750      -0.926727
225.765      -0.924208
225.780      -0.921806
225.795      -0.919524
225.810      -0.917359
225.825      -0.915314
225.840      -0.913388
225.855      -0.911581
225.870      -0.909893
225.885      -0.908325
225.900      -0.906877
225.915      -0.905549
225.930      -0.904341
225.945      -0.903253
225.960      -0.902285
225.975      -0.901439
225.990      -0.900712
226.005      -0.900107
226.020      -0.899622
226.035      -0.899257
226.050      -0.899014
226.065      -0.898891
226.080      -0.898890
226.095      -0.899009
226.110      -0.899249
226.125      -0.899610
226.140      -0.900091
226.155      -0.900694
226.170      -0.901417
226.185      -0.902260
226.200      -0.903224
226.215      -0.904309
226.230      -0.905513
226.245      -0.906838
226.260      -0.908283
226.275      -0.909848
226.290      -0.911532
226.305      -0.913336
226.320      -0.915259
226.335      -0.917301
226.350      -0.919462
226.365      -0.921741
226.380      -0.924139
226.395      -0.926655
226.410      -0.929289
226.425      -0.932040
226.440      -0.934909
226.455      -0.937894
226.470      -0.940996
226.485      -0.944214
226.500      -0.947548
226.515      -0.950998
226.530      -0.954563
226.545      -0.958242
226.560      -0.962036
226.575      -0.965944
226.590      -0.969965
226.605      -0.974100
226.620      -0.978347
226.635      -0.982706
226.650      -0.987177
226.665      -0.991759
226.680      -0.996451
226.695      -1.001254
226.710      -1.006166
226.725      -1.011188
226.740      -1.016318
226.755      -1.021556
226.770      -1.026901
226.785      -1.032354
226.800      -1.037912
226.815      -1.043576
226.830      -1.049345
226.845      -1.055219
226.860      -1.061196
226.875      -1.067276
226.890      -1.073459
226.905      -1.079743
226.920      -1.086128
226.935      -1.092614
226.950      -1.099199
226.965      -1.105883
226.980      -1.112665
226.995      -1.119545
227.010      -1.126521
227.025      -1.133594
227.040      -1.140761
227.055      -1.148023
227.070      -1.155378
227.085      -1.162826
227.100      -1.170366
227.115      -1.177997
227.130      -1.185718
227.145      -1.193529
227.160      -1.201428
227.175      -1.209415
227.190      -1.217488
227.205      -1.225648
227.220      -1.233892
227.235      -1.242221
227.250      -1.250633
227.265      -1.259127
227.280      -1.267703
227.295      -1.276359
227.310      -1.285094
227.325      -1.293908
227.340      -1.302799
227.355      -1.311767
227.370      -1.320811
227.385      -1.329929
227.400      -1.339121
227.415      -1.348385
227.430      -1.357721
227.445      -1.367128
227.460      -1.376604
227.475      -1.386148
227.490      -1.395760
227.505      -1.405438
227.520      -1.415182
227.535      -1.424989
227.550      -1.434860
227.565      -1.444793
227.580      -1.454787
227.595      -1.464841
227.610      -1.474954
227.625      -1.485124
227.640      -1.495351
227.655      -1.505633
227.670      -1.515970
227.685      -1.526360
227.700      -1.536802
227.715      -1.547295
227.730      -1.557837
227.745      -1.568428
227.760      -1.579067
227.775      -1.589752
227.790      -1.600482
227.805      -1.611256
227.820      -1.622072
227.835      -1.632931
227.850      -1.643829
227.865      -1.654767
227.880      -1.665742
227.895      -1.676755
227.910      -1.687803
227.925      -1.698885
227.940      -1.710001
227.955      -1.721148
227.970      -1.732326
227.985      -1.743533
228.000      -1.754769
228.015      -1.766032
228.030      -1.777320
228.045      -1.788633
228.060      -1.799970
228.075      -1.811328
228.090      -1.822707
228.105      -1.834106
228.120      -1.845523
228.135      -1.856957
228.150      -1.868407
228.165      -1.879871
228.180      -1.891349
228.195      -1.902838
228.210      -1.914339
228.225      -1.925849
228.240      -1.937367
228.255      -1.948892
228.270      -1.960423
228.285      -1.971958
228.300      -1.983496
228.315      -1.995037
228.330      -2.006578
228.345      -2.018118
228.360      -2.029657
228.375      -2.041192
228.390      -2.052723
228.405      -2.064248
228.420      -2.075767
228.435      -2.087277
228.450      -2.098778
228.465      -2.110268
228.480      -2.121746
228.495      -2.133210
228.510      -2.144661
228.525      -2.156095
228.540      -2.167512
228.555      -2.178912
228.570      -2.190291
228.585      -2.201650
228.600      -2.212987
228.615      -2.224301
228.630      -2.235590
228.645      -2.246854
228.660      -2.258090
228.675      -2.269298
228.690      -2.280477
228.705      -2.291625
228.720      -2.302742
228.735      -2.313825
228.750      -2.324874
228.765      -2.335887
228.780      -2.346864
228.795      -2.357803
228.810      -2.368702
228.825      -2.379562
228.840      -2.390380
228.855      -2.401155
228.870      -2.411886
228.885      -2.422572
228.900      -2.433212
228.915      -2.443804
228.930      -2.454348
228.945      -2.464843
228.960      -2.475286
228.975      -2.485677
228.990      -2.496015
229.005      -2.506299
229.020      -2.516528
229.035      -2.526700
229.050      -2.536814
229.065      -2.546870
229.080      -2.556865
229.095      -2.566800
229.110      -2.576673
229.125      -2.586482
229.140      -2.596227
229.155      -2.605907
229.170      -2.615521
229.185      -2.625067
229.200      -2.634545
229.215      -2.643954
229.230      -2.653292
229.245      -2.662558
229.260      -2.671752
229.275      -2.680872
229.290      -2.689918
229.305      -2.698888
229.320      -2.707781
229.335      -2.716597
229.350      -2.725335
229.365      -2.733993
229.380      -2.742571
229.395      -2.751067
229.410      -2.759482
229.425      -2.767813
229.440      -2.776060
229.455      -2.784221
229.470      -2.792298
229.485      -2.800287
229.500      -2.808188
229.515      -2.816001
229.530      -2.823725
229.545      -2.831359
229.560      -2.838901
229.575      -2.846352
229.590      -2.853709
229.605      -2.860974
229.620      -2.868144
229.635      -2.875219
229.650      -2.882198
229.665      -2.889080
229.680      -2.895865
229.695      -2.902552
229.710      -2.909140
229.725      -2.915628
229.740      -2.922016
229.755      -2.928304
229.770      -2.934489
229.785      -2.940572
229.800      -2.946552
229.815      -2.952428
229.830      -2.958200
229.845      -2.963867
229.860      -2.969429
229.875      -2.974884
229.890      -2.980232
229.905      -2.985473
229.920      -2.990606
229.935      -2.995631
229.950      -3.000546
229.965      -3.005352
229.980      -3.010048
229.995      -3.014633
230.010      -3.019107
230.025      -3.023469
230.040      -3.027719
230.055      -3.031857
230.070      -3.035881
230.085      -3.039792
230.100      -3.043589
230.115      -3.047272
230.130      -3.050840
230.145      -3.054293
230.160      -3.057630
230.175      -3.060851
230.190      -3.063957
230.205      -3.066945
230.220      -3.069817
230.235      -3.072572
230.250      -3.075209
230.265      -3.077728
230.280      -3.080129
230.295      -3.082412
230.310      -3.084576
230.325      -3.086622
230.340      -3.088548
230.355      -3.090355
230.370      -3.092043
230.385      -3.093611
230.400      -3.095059
230.415      -3.096387
230.430      -3.097595
230.445      -3.098683
230.460      -3.099650
230.475      -3.100497
230.490      -3.101223
230.505      -3.101829
230.520      -3.102314
230.535      -3.102678
230.550      -3.102922
230.565      -3.103044
230.580      -3.103046
230.595      -3.102927
230.610      -3.102687
230.625      -3.102326
230.640      -3.101844
230.655      -3.101242
230.670      -3.100519
230.685      -3.099675
230.700      -3.098711
230.715      -3.097627
230.730      -3.096422
230.745      -3.095097
230.760      -3.093652
230.775      -3.092088
230.790      -3.090404
230.805      -3.088600
230.820      -3.086677
230.835      -3.084635
230.850      -3.082474
230.865      -3.080194
230.880      -3.077796
230.895      -3.075280
230.910      -3.072647
230.925      -3.069895
230.940      -3.067027
230.955      -3.064041
230.970      -3.060939
230.985      -3.057721
231.000      -3.054387
231.015      -3.050937
231.030      -3.047373
231.045      -3.043693
231.060      -3.039899
231.075      -3.035991
231.090      -3.031970
231.105      -3.027836
231.120      -3.023589
231.135      -3.019230
231.150      -3.014759
231.165      -3.010177
231.180      -3.005484
231.195      -3.000682
231.210      -2.995769
231.225      -2.990748
231.240      -2.985618
231.255      -2.980380
231.270      -2.975034
231.285      -2.969582
231.300      -2.964023
231.315      -2.958359
231.330      -2.952590
231.345      -2.946717
231.360      -2.940740
231.375      -2.934660
231.390      -2.928477
231.405      -2.922193
231.420      -2.915807
231.435      -2.909322
231.450      -2.902737
231.465      -2.896052
231.480      -2.889270
231.495      -2.882390
231.510      -2.875414
231.525      -2.868342
231.540      -2.861174
231.555      -2.853913
231.570      -2.846558
231.585      -2.839110
231.600      -2.831570
231.615      -2.823939
231.630      -2.816218
231.645      -2.808407
231.660      -2.800508
231.675      -2.792521
231.690      -2.784447
231.705      -2.776288
231.720      -2.768043
231.735      -2.759714
231.750      -2.751303
231.765      -2.742808
231.780      -2.734233
231.795      -2.725577
231.810      -2.716842
231.825      -2.708028
231.840      -2.699136
231.855      -2.690168
231.870      -2.681125
231.885      -2.672006
231.900      -2.662815
231.915      -2.653550
231.930      -2.644214
231.945      -2.634808
231.960      -2.625332
231.975      -2.615788
231.990      -2.606176
232.005      -2.596498
232.020      -2.586754
232.035      -2.576946
232.050      -2.567075
232.065      -2.557142
232.080      -2.547148
232.095      -2.537094
232.110      -2.526982
232.125      -2.516811
232.140      -2.506585
232.155      -2.496302
232.170      -2.485965
232.185      -2.475576
232.200      -2.465134
232.215      -2.454641
232.230      -2.444098
232.245      -2.433507
232.260      -2.422869
232.275      -2.412184
232.290      -2.401454
232.305      -2.390680
232.320      -2.379863
232.335      -2.369005
232.350      -2.358107
232.365      -2.347169
232.380      -2.336193
232.395      -2.325181
232.410      -2.314133
232.425      -2.303050
232.440      -2.291935
232.455      -2.280788
232.470      -2.269610
232.485      -2.258402
232.500      -2.247166
232.515      -2.235904
232.530      -2.224615
232.545      -2.213302
232.560      -2.201966
232.575      -2.190608
232.590      -2.179228
232.605      -2.167830
232.620      -2.156413
232.635      -2.144979
232.650      -2.133529
232.665      -2.122065
232.680      -2.110587
232.695      -2.099097
232.710      -2.087597
232.725      -2.076087
232.740      -2.064569
232.755      -2.053044
232.770      -2.041513
232.785      -2.029978
232.800      -2.018439
232.815      -2.006899
232.830      -1.995358
232.845      -1.983817
232.860      -1.972279
232.875      -1.960743
232.890      -1.949212
232.905      -1.937687
232.920      -1.926169
232.935      -1.914659
232.950      -1.903158
232.965      -1.891668
232.980      -1.880190
232.995      -1.868725
233.010      -1.857275
233.025      -1.845841
233.040      -1.834423
233.055      -1.823024
233.070      -1.811644
233.085      -1.800285
233.100      -1.788948
233.115      -1.777635
233.130      -1.766345
233.145      -1.755082
233.160      -1.743846
233.175      -1.732637
233.190      -1.721458
233.205      -1.710310
233.220      -1.699194
233.235      -1.688111
233.250      -1.677062
233.265      -1.666048
233.280      -1.655071
233.295      -1.644133
233.310      -1.633233
233.325      -1.622374
233.340      -1.611556
233.355      -1.600781
233.370      -1.590050
233.385      -1.579364
233.400      -1.568724
233.415      -1.558131
233.430      -1.547587
233.445      -1.537093
233.460      -1.526650
233.475      -1.516258
233.490      -1.505920
233.505      -1.495636
233.520      -1.485408
233.535      -1.475236
233.550      -1.465122
233.565      -1.455066
233.580      -1.445070
233.595      -1.435136
233.610      -1.425263
233.625      -1.415453
233.640      -1.405708
233.655      -1.396028
233.670      -1.386414
233.685      -1.376868
233.700      -1.367390
233.715      -1.357982
233.730      -1.348644
233.745      -1.339378
233.760      -1.330184
233.775      -1.321064
233.790      -1.312018
233.805      -1.303048
233.820      -1.294154
233.835      -1.285338
233.850      -1.276601
233.865      -1.267942
233.880      -1.259365
233.895      -1.250868
233.910      -1.242454
233.925      -1.234123
233.940      -1.225876
233.955      -1.217714
233.970      -1.209638
233.985      -1.201649
234.000      -1.193747
234.015      -1.185934
234.030      -1.178210
234.045      -1.170577
234.060      -1.163034
234.075      -1.155584
234.090      -1.148226
234.105      -1.140962
234.120      -1.133792
234.135      -1.126717
234.150      -1.119738
234.165      -1.112855
234.180      -1.106070
234.195      -1.099384
234.210      -1.092796
234.225      -1.086307
234.240      -1.079919
234.255      -1.073632
234.270      -1.067447
234.285      -1.061363
234.300      -1.055383
234.315      -1.049507
234.330      -1.043735
234.345      -1.038068
234.360      -1.032507
234.375      -1.027052
234.390      -1.021703
234.405      -1.016462
234.420      -1.011329
234.435      -1.006305
234.450      -1.001389
234.465      -0.996583
234.480      -0.991888
234.495      -0.987303
234.510      -0.982829
234.525      -0.978466
234.540      -0.974216
234.555      -0.970079
234.570      -0.966054
234.585      -0.962143
234.600      -0.958346
234.615      -0.954664
234.630      -0.951096
234.645      -0.947643
234.660      -0.944306
234.675      -0.941084
234.690      -0.937979
234.705      -0.934990
234.720      -0.932118
234.735      -0.929364
234.750      -0.926727
234.765      -0.924208
234.780      -0.921806
234.795      -0.919524
234.810      -0.917359
234.825      -0.915314
234.840      -0.913388
234.855      -0.911581
234.870      -0.909893
234.885      -0.908325
234.900      -0.906877
234.915      -0.905549
234.930      -0.904341
234.945      -0.903253
234.960      -0.902285
234.975      -0.901439
234.990      -0.900712
235.005      -0.900107
235.020      -0.899622
235.035      -0.899257
235.050      -0.899014
235.065      -0.898891
235.080      -0.898890
235.095      -0.899009
235.110      -0.899249
235.125      -0.899610
235.140      -0.900091
235.155      -0.900694
235.170      -0.901417
235.185      -0.902260
235.200      -0.903224
235.215      -0.904309
235.230      -0.905513
235.245      -0.906838
235.260      -0.908283
235.275      -0.909848
235.290      -0.911532
235.305      -0.913336
235.320      -0.915259
235.335      -0.917301
235.350      -0.919462
235.365      -0.921741
235.380      -0.924139
235.395      -0.926655
235.410      -0.929289
235.425      -0.932040
235.440      -0.934909
235.455      -0.937894
235.470      -0.940996
235.485      -0.944214
235.500      -0.947548
235.515      -0.950998
235.530      -0.954563
235.545      -0.958242
235.560      -0.962036
235.575      -0.965944
235.590      -0.969965
235.605      -0.974100
235.620      -0.978347
235.635      -0.982706
235.650      -0.987177
235.665      -0.991759
235.680      -0.996451
235.695      -1.001254
235.710      -1.006166
235.725      -1.011188
235.740      -1.016318
235.755      -1.021556
235.770      -1.026901
235.785      -1.032354
235.800      -1.037912
235.815      -1.043576
235.830      -1.049345
235.845      -1.055219
235.860      -1.061196
235.875      -1.067276
235.890      -1.073459
235.905      -1.079743
235.920      -1.086128
235.935      -1.092614
235.950      -1.099199
235.965      -1.105883
235.980      -1.112665
235.995      -1.119545
236.010      -1.126521
236.025      -1.133594
236.040      -1.140761
236.055      -1.148023
236.070      -1.155378
236.085      -1.162826
236.100      -1.170366
236.115      -1.177997
236.130      -1.185718
236.145      -1.193529
236.160      -1.201428
236.175      -1.209415
236.190      -1.217488
236.205      -1.225648
236.220      -1.233892
236.235      -1.242221
236.250      -1.250633
236.265      -1.259127
236.280      -1.267703
236.295      -1.276359
236.310      -1.285094
236.325      -1.293908
236.340      -1.302799
236.355      -1.311767
236.370      -1.320811
236.385      -1.329929
236.400      -1.339121
236.415      -1.348385
236.430      -1.357721
236.445      -1.367128
236.460      -1.376604
236.475      -1.386148
236.490      -1.395760
236.505      -1.405438
236.520      -1.415182
236.535      -1.424989
236.550      -1.434860
236.565      -1.444793
236.580      -1.454787
236.595      -1.464841
236.610      -1.474954
236.625      -1.485124
236.640      -1.495351
236.655      -1.505633
236.670      -1.515970
236.685      -1.526360
236.700      -1.536802
236.715      -1.547295
236.730      -1.557837
236.745      -1.568428
236.760      -1.579067
236.775      -1.589752
236.790      -1.600482
236.805      -1.611256
236.820      -1.622072
236.835      -1.632931
236.850      -1.643829
236.865      -1.654767
236.880      -1.665742
236.895      -1.676755
236.910      -1.687803
236.925      -1.698885
236.940      -1.710001
236.955      -1.721148
236.970      -1.732326
236.985      -1.743533
237.000      -1.754769
237.015      -1.766032
237.030      -1.777320
237.045      -1.788633
237.060      -1.799970
237.075      -1.811328
237.090      -1.822707
237.105      -1.834106
237.120      -1.845523
237.135      -1.856957
237.150      -1.868407
237.165      -1.879871
237.180      -1.891349
237.195      -1.902838
237.210      -1.914339
237.225      -1.925849
237.240      -1.937367
237.255      -1.948892
237.270      -1.960423
237.285      -1.971958
237.300      -1.983496
237.315      -1.995037
237.330      -2.006578
237.345      -2.018118
237.360      -2.029657
237.375      -2.041192
237.390      -2.052723
237.405      -2.064248
237.420      -2.075767
237.435      -2.087277
237.450      -2.098778
237.465      -2.110268
237.480      -2.121746
237.495      -2.133210
237.510      -2.144661
237.525      -2.156095
237.540      -2.167513
237.555      -2.178912
237.570      -2.190291
237.585      -2.201650
237.600      -2.212987
237.615      -2.224301
237.630      -2.235590
237.645      -2.246854
237.660      -2.258090
237.675      -2.269298
237.690      -2.280477
237.705      -2.291625
237.720      -2.302742
237.735      -2.313825
237.750      -2.324874
237.765      -2.335887
237.780      -2.346864
237.795      -2.357803
237.810      -2.368702
237.825      -2.379562
237.840      -2.390380
237.855      -2.401155
237.870      -2.411886
237.885      -2.422572
237.900      -2.433212
237.915      -2.443804
237.930      -2.454348
237.945      -2.464843
237.960      -2.475286
237.975      -2.485677
237.990      -2.496015
238.005      -2.506299
238.020      -2.516528
238.035      -2.526700
238.050      -2.536814
238.065      -2.546870
238.080      -2.556865
238.095      -2.566800
238.110      -2.576673
238.125      -2.586482
238.140      -2.596227
238.155      -2.605907
238.170      -2.615521
238.185      -2.625067
238.200      -2.634545
238.215      -2.643954
238.230      -2.653292
238.245      -2.662558
238.260      -2.671752
238.275      -2.680872
238.290      -2.689918
238.305      -2.698888
238.320      -2.707781
238.335      -2.716597
238.350      -2.725335
238.365      -2.733993
238.380      -2.742571
238.395      -2.751067
238.410      -2.759482
238.425      -2.767813
238.440      -2.776060
238.455      -2.784221
238.470      -2.792298
238.485      -2.800287
238.500      -2.808188
238.515      -2.816001
238.530      -2.823725
238.545      -2.831359
238.560      -2.838901
238.575      -2.846352
238.590      -2.853709
238.605      -2.860974
238.620      -2.868144
238.635      -2.875219
238.650      -2.882198
238.665      -2.889080
238.680      -2.895865
238.695      -2.902552
238.710      -2.909140
238.725      -2.915628
238.740      -2.922017
238.755      -2.928304
238.770      -2.934489
238.785      -2.940572
238.800      -2.946552
238.815      -2.952428
238.830      -2.958200
238.845      -2.963867
238.860      -2.969429
238.875      -2.974884
238.890      -2.980232
238.905      -2.985473
238.920      -2.990606
238.935      -2.995631
238.950      -3.000546
238.965      -3.005352
238.980      -3.010048
238.995      -3.014633
239.010      -3.019107
239.025      -3.023469
239.040      -3.027719
239.055      -3.031857
239.070      -3.035881
239.085      -3.039792
239.100      -3.043589
239.115      -3.047272
239.130      -3.050840
239.145      -3.054293
239.160      -3.057630
239.175      -3.060851
239.190      -3.063957
239.205      -3.066945
239.220      -3.069817
239.235      -3.072572
239.250      -3.075209
239.265      -3.077728
239.280      -3.080129
239.295      -3.082412
239.310      -3.084576
239.325      -3.086622
239.340      -3.088548
239.355      -3.090355
239.370      -3.092043
239.385      -3.093611
239.400      -3.095059
239.415      -3.096387
239.430      -3.097595
239.445      -3.098683
239.460      -3.099650
239.475      -3.100497
239.490      -3.101223
239.505      -3.101829
239.520      -3.102314
239.535      -3.102678
239.550      -3.102922
239.565      -3.103044
239.580      -3.103046
239.595      -3.102927
239.610      -3.102687
239.625      -3.102326
239.640      -3.101844
239.655      -3.101242
239.670      -3.100519
239.685      -3.099675
239.700      -3.098711
239.715      -3.097627
239.730      -3.096422
239.745      -3.095097
239.760      -3.093652
239.775      -3.092088
239.790      -3.090404
239.805      -3.088600
239.820      -3.086677
239.835      -3.084635
239.850      -3.082474
239.865      -3.080194
239.880      -3.077796
239.895      -3.075280
239.910      -3.072647
239.925      -3.069895
239.940      -3.067027
239.955      -3.064041
239.970      -3.060939
239.985      -3.057721
240.000      -3.054387
