Time (s)   Float Heave (m) Plate Heave (m)Float Drift (x) (m)
0.01               -0.7200        -21.2900         -0.0000
0.02               -0.7200        -21.2900         -0.0000
0.03               -0.7200        -21.2900         -0.0001
0.04               -0.7200        -21.2900         -0.0001
0.05               -0.7201        -21.2900         -0.0002
0.06               -0.7201        -21.2900         -0.0003
0.07               -0.7202        -21.2900         -0.0003
0.08               -0.7202        -21.2900         -0.0004
0.09               -0.7203        -21.2900         -0.0006
0.10               -0.7203        -21.2900         -0.0007
0.11               -0.7204        -21.2900         -0.0008
0.12               -0.7204        -21.2900         -0.0010
0.13               -0.7205        -21.2900         -0.0012
0.14               -0.7206        -21.2900         -0.0013
0.15               -0.7207        -21.2900         -0.0015
0.16               -0.7208        -21.2900         -0.0017
0.17               -0.7209        -21.2900         -0.0019
0.18               -0.7210        -21.2900         -0.0021
0.19               -0.7211        -21.2900         -0.0024
0.20               -0.7212        -21.2900         -0.0026
0.21               -0.7213        -21.2900         -0.0028
0.22               -0.7214        -21.2900         -0.0031
0.23               -0.7215        -21.2900         -0.0033
0.24               -0.7216        -21.2900         -0.0036
0.25               -0.7218        -21.2900         -0.0038
0.26               -0.7219        -21.2900         -0.0041
0.27               -0.7220        -21.2900         -0.0044
0.28               -0.7221        -21.2900         -0.0047
0.29               -0.7223        -21.2900         -0.0049
0.30               -0.7224        -21.2900         -0.0052
0.31               -0.7225        -21.2900         -0.0055
0.32               -0.7227        -21.2900         -0.0058
0.33               -0.7228        -21.2900         -0.0061
0.34               -0.7230        -21.2900         -0.0064
0.35               -0.7231        -21.2900         -0.0066
0.36               -0.7232        -21.2900         -0.0069
0.37               -0.7234        -21.2900         -0.0072
0.38               -0.7235        -21.2900         -0.0075
0.39               -0.7237        -21.2900         -0.0078
0.40               -0.7238        -21.2900         -0.0081
0.41               -0.7240        -21.2900         -0.0083
0.42               -0.7241        -21.2900         -0.0086
0.43               -0.7242        -21.2900         -0.0089
0.44               -0.7244        -21.2900         -0.0091
0.45               -0.7245        -21.2900         -0.0094
0.46               -0.7246        -21.2900         -0.0097
0.47               -0.7248        -21.2900         -0.0099
0.48               -0.7249        -21.2900         -0.0102
0.49               -0.7250        -21.2900         -0.0104
0.50               -0.7252        -21.2900         -0.0106
0.51               -0.7253        -21.2900         -0.0108
0.52               -0.7254        -21.2900         -0.0111
0.53               -0.7255        -21.2900         -0.0113
0.54               -0.7256        -21.2900         -0.0114
0.55               -0.7258        -21.2900         -0.0116
0.56               -0.7259        -21.2900         -0.0118
0.57               -0.7260        -21.2900         -0.0120
0.58               -0.7261        -21.2900         -0.0121
0.59               -0.7262        -21.2900         -0.0123
0.60               -0.7262        -21.2900         -0.0124
0.61               -0.7263        -21.2900         -0.0125
0.62               -0.7264        -21.2900         -0.0126
0.63               -0.7265        -21.2900         -0.0127
0.64               -0.7266        -21.2900         -0.0128
0.65               -0.7266        -21.2900         -0.0128
0.66               -0.7267        -21.2900         -0.0129
0.67               -0.7267        -21.2900         -0.0129
0.68               -0.7268        -21.2900         -0.0129
0.69               -0.7268        -21.2900         -0.0129
0.70               -0.7269        -21.2900         -0.0129
0.71               -0.7269        -21.2900         -0.0129
0.72               -0.7269        -21.2900         -0.0128
0.73               -0.7269        -21.2900         -0.0127
0.74               -0.7269        -21.2900         -0.0127
0.75               -0.7269        -21.2900         -0.0125
0.76               -0.7269        -21.2900         -0.0124
0.77               -0.7269        -21.2900         -0.0123
0.78               -0.7269        -21.2900         -0.0121
0.79               -0.7269        -21.2900         -0.0119
0.80               -0.7268        -21.2900         -0.0117
0.81               -0.7268        -21.2900         -0.0115
0.82               -0.7267        -21.2900         -0.0113
0.83               -0.7267        -21.2900         -0.0110
0.84               -0.7266        -21.2900         -0.0107
0.85               -0.7265        -21.2900         -0.0104
0.86               -0.7264        -21.2900         -0.0101
0.87               -0.7263        -21.2900         -0.0098
0.88               -0.7262        -21.2900         -0.0094
0.89               -0.7261        -21.2900         -0.0090
0.90               -0.7260        -21.2900         -0.0086
0.91               -0.7259        -21.2900         -0.0082
0.92               -0.7257        -21.2900         -0.0077
0.93               -0.7256        -21.2900         -0.0073
0.94               -0.7254        -21.2900         -0.0068
0.95               -0.7252        -21.2900         -0.0062
0.96               -0.7251        -21.2900         -0.0057
0.97               -0.7249        -21.2900         -0.0051
0.98               -0.7247        -21.2900         -0.0045
0.99               -0.7245        -21.2900         -0.0039
1.00               -0.7243        -21.2900         -0.0033
1.01               -0.7240        -21.2900         -0.0026
1.02               -0.7238        -21.2900         -0.0019
1.03               -0.7235        -21.2900         -0.0012
1.04               -0.7233        -21.2900         -0.0005
1.05               -0.7230        -21.2900          0.0003
1.06               -0.7228        -21.2900          0.0010
1.07               -0.7225        -21.2900          0.0018
1.08               -0.7222        -21.2900          0.0027
1.09               -0.7219        -21.2900          0.0035
1.10               -0.7216        -21.2900          0.0044
1.11               -0.7213        -21.2900          0.0053
1.12               -0.7209        -21.2900          0.0062
1.13               -0.7206        -21.2900          0.0071
1.14               -0.7202        -21.2900          0.0081
1.15               -0.7199        -21.2900          0.0091
1.16               -0.7195        -21.2900          0.0101
1.17               -0.7191        -21.2900          0.0112
1.18               -0.7187        -21.2900          0.0122
1.19               -0.7184        -21.2900          0.0133
1.20               -0.7179        -21.2900          0.0144
1.21               -0.7175        -21.2900          0.0155
1.22               -0.7171        -21.2900          0.0167
1.23               -0.7167        -21.2900          0.0178
1.24               -0.7162        -21.2900          0.0190
1.25               -0.7158        -21.2900          0.0203
1.26               -0.7153        -21.2900          0.0215
1.27               -0.7149        -21.2900          0.0227
1.28               -0.7144        -21.2900          0.0240
1.29               -0.7139        -21.2900          0.0253
1.30               -0.7134        -21.2900          0.0267
1.31               -0.7129        -21.2900          0.0280
1.32               -0.7124        -21.2900          0.0294
1.33               -0.7119        -21.2900          0.0307
1.34               -0.7114        -21.2900          0.0321
1.35               -0.7109        -21.2900          0.0336
1.36               -0.7104        -21.2900          0.0350
1.37               -0.7098        -21.2900          0.0365
1.38               -0.7093        -21.2900          0.0379
1.39               -0.7087        -21.2900          0.0394
1.40               -0.7082        -21.2900          0.0409
1.41               -0.7076        -21.2900          0.0425
1.42               -0.7070        -21.2900          0.0440
1.43               -0.7065        -21.2900          0.0456
1.44               -0.7059        -21.2900          0.0472
1.45               -0.7053        -21.2900          0.0488
1.46               -0.7047        -21.2900          0.0504
1.47               -0.7041        -21.2900          0.0520
1.48               -0.7035        -21.2900          0.0536
1.49               -0.7029        -21.2900          0.0553
1.50               -0.7023        -21.2900          0.0570
1.51               -0.7017        -21.2900          0.0586
1.52               -0.7011        -21.2900          0.0603
1.53               -0.7005        -21.2900          0.0620
1.54               -0.6998        -21.2900          0.0638
1.55               -0.6992        -21.2900          0.0655
1.56               -0.6986        -21.2900          0.0672
1.57               -0.6979        -21.2900          0.0690
1.58               -0.6973        -21.2900          0.0708
1.59               -0.6967        -21.2900          0.0725
1.60               -0.6960        -21.2900          0.0743
1.61               -0.6954        -21.2900          0.0761
1.62               -0.6948        -21.2901          0.0779
1.63               -0.6941        -21.2901          0.0797
1.64               -0.6935        -21.2901          0.0815
1.65               -0.6928        -21.2901          0.0834
1.66               -0.6922        -21.2901          0.0852
1.67               -0.6916        -21.2901          0.0870
1.68               -0.6909        -21.2901          0.0889
1.69               -0.6903        -21.2901          0.0907
1.70               -0.6896        -21.2901          0.0926
1.71               -0.6890        -21.2901          0.0944
1.72               -0.6884        -21.2901          0.0963
1.73               -0.6877        -21.2901          0.0982
1.74               -0.6871        -21.2901          0.1000
1.75               -0.6865        -21.2901          0.1019
1.76               -0.6859        -21.2901          0.1038
1.77               -0.6852        -21.2901          0.1056
1.78               -0.6846        -21.2901          0.1075
1.79               -0.6840        -21.2901          0.1094
1.80               -0.6834        -21.2901          0.1112
1.81               -0.6828        -21.2901          0.1131
1.82               -0.6822        -21.2901          0.1150
1.83               -0.6816        -21.2901          0.1168
1.84               -0.6810        -21.2901          0.1187
1.85               -0.6804        -21.2901          0.1205
1.86               -0.6798        -21.2901          0.1224
1.87               -0.6793        -21.2901          0.1242
1.88               -0.6787        -21.2901          0.1261
1.89               -0.6781        -21.2902          0.1279
1.90               -0.6776        -21.2902          0.1297
1.91               -0.6770        -21.2902          0.1316
1.92               -0.6765        -21.2902          0.1334
1.93               -0.6759        -21.2902          0.1352
1.94               -0.6754        -21.2902          0.1370
1.95               -0.6749        -21.2902          0.1388
1.96               -0.6744        -21.2902          0.1406
1.97               -0.6739        -21.2902          0.1423
1.98               -0.6734        -21.2902          0.1441
1.99               -0.6729        -21.2902          0.1459
2.00               -0.6724        -21.2902          0.1476
2.01               -0.6720        -21.2902          0.1493
2.02               -0.6715        -21.2902          0.1511
2.03               -0.6711        -21.2902          0.1528
2.04               -0.6707        -21.2902          0.1544
2.05               -0.6702        -21.2902          0.1561
2.06               -0.6698        -21.2902          0.1578
2.07               -0.6694        -21.2902          0.1594
2.08               -0.6691        -21.2902          0.1611
2.09               -0.6687        -21.2902          0.1627
2.10               -0.6683        -21.2902          0.1643
2.11               -0.6680        -21.2903          0.1659
2.12               -0.6676        -21.2903          0.1675
2.13               -0.6673        -21.2903          0.1690
2.14               -0.6670        -21.2903          0.1706
2.15               -0.6667        -21.2903          0.1721
2.16               -0.6664        -21.2903          0.1736
2.17               -0.6661        -21.2903          0.1751
2.18               -0.6659        -21.2903          0.1765
2.19               -0.6656        -21.2903          0.1780
2.20               -0.6654        -21.2903          0.1794
2.21               -0.6652        -21.2903          0.1808
2.22               -0.6650        -21.2903          0.1822
2.23               -0.6648        -21.2903          0.1836
2.24               -0.6647        -21.2903          0.1849
2.25               -0.6645        -21.2903          0.1862
2.26               -0.6644        -21.2903          0.1875
2.27               -0.6642        -21.2903          0.1888
2.28               -0.6641        -21.2903          0.1901
2.29               -0.6640        -21.2904          0.1913
2.30               -0.6640        -21.2904          0.1925
2.31               -0.6639        -21.2904          0.1937
2.32               -0.6639        -21.2904          0.1948
2.33               -0.6638        -21.2904          0.1960
2.34               -0.6638        -21.2904          0.1971
2.35               -0.6638        -21.2904          0.1982
2.36               -0.6638        -21.2904          0.1993
2.37               -0.6639        -21.2904          0.2003
2.38               -0.6639        -21.2904          0.2013
2.39               -0.6640        -21.2904          0.2023
2.40               -0.6641        -21.2904          0.2033
2.41               -0.6642        -21.2904          0.2042
2.42               -0.6643        -21.2904          0.2052
2.43               -0.6645        -21.2904          0.2061
2.44               -0.6646        -21.2904          0.2069
2.45               -0.6648        -21.2904          0.2078
2.46               -0.6650        -21.2905          0.2086
2.47               -0.6652        -21.2905          0.2094
2.48               -0.6654        -21.2905          0.2101
2.49               -0.6657        -21.2905          0.2109
2.50               -0.6659        -21.2905          0.2116
2.51               -0.6662        -21.2905          0.2123
2.52               -0.6665        -21.2905          0.2129
2.53               -0.6668        -21.2905          0.2136
2.54               -0.6672        -21.2905          0.2142
2.55               -0.6675        -21.2905          0.2148
2.56               -0.6679        -21.2905          0.2153
2.57               -0.6683        -21.2905          0.2158
2.58               -0.6687        -21.2905          0.2164
2.59               -0.6691        -21.2905          0.2168
2.60               -0.6695        -21.2905          0.2173
2.61               -0.6700        -21.2905          0.2177
2.62               -0.6704        -21.2906          0.2181
2.63               -0.6709        -21.2906          0.2185
2.64               -0.6714        -21.2906          0.2188
2.65               -0.6719        -21.2906          0.2192
2.66               -0.6725        -21.2906          0.2195
2.67               -0.6730        -21.2906          0.2197
2.68               -0.6736        -21.2906          0.2200
2.69               -0.6742        -21.2906          0.2202
2.70               -0.6748        -21.2906          0.2204
2.71               -0.6754        -21.2906          0.2206
2.72               -0.6760        -21.2906          0.2207
2.73               -0.6767        -21.2906          0.2208
2.74               -0.6773        -21.2906          0.2209
2.75               -0.6780        -21.2906          0.2210
2.76               -0.6787        -21.2906          0.2211
2.77               -0.6794        -21.2907          0.2211
2.78               -0.6801        -21.2907          0.2211
2.79               -0.6809        -21.2907          0.2211
2.80               -0.6816        -21.2907          0.2210
2.81               -0.6824        -21.2907          0.2210
2.82               -0.6832        -21.2907          0.2209
2.83               -0.6840        -21.2907          0.2208
2.84               -0.6848        -21.2907          0.2207
2.85               -0.6856        -21.2907          0.2205
2.86               -0.6864        -21.2907          0.2203
2.87               -0.6873        -21.2907          0.2202
2.88               -0.6882        -21.2907          0.2199
2.89               -0.6890        -21.2907          0.2197
2.90               -0.6899        -21.2907          0.2195
2.91               -0.6908        -21.2908          0.2192
2.92               -0.6917        -21.2908          0.2189
2.93               -0.6926        -21.2908          0.2186
2.94               -0.6936        -21.2908          0.2183
2.95               -0.6945        -21.2908          0.2180
2.96               -0.6955        -21.2908          0.2176
2.97               -0.6964        -21.2908          0.2172
2.98               -0.6974        -21.2908          0.2168
2.99               -0.6984        -21.2908          0.2164
3.00               -0.6994        -21.2908          0.2160
3.01               -0.7004        -21.2908          0.2156
3.02               -0.7014        -21.2908          0.2151
3.03               -0.7024        -21.2908          0.2147
3.04               -0.7034        -21.2908          0.2142
3.05               -0.7045        -21.2909          0.2137
3.06               -0.7055        -21.2909          0.2132
3.07               -0.7065        -21.2909          0.2127
3.08               -0.7076        -21.2909          0.2121
3.09               -0.7087        -21.2909          0.2116
3.10               -0.7097        -21.2909          0.2111
3.11               -0.7108        -21.2909          0.2105
3.12               -0.7119        -21.2909          0.2099
3.13               -0.7130        -21.2909          0.2094
3.14               -0.7140        -21.2909          0.2088
3.15               -0.7151        -21.2909          0.2082
3.16               -0.7162        -21.2909          0.2076
3.17               -0.7173        -21.2909          0.2070
3.18               -0.7184        -21.2910          0.2063
3.19               -0.7195        -21.2910          0.2057
3.20               -0.7206        -21.2910          0.2051
3.21               -0.7218        -21.2910          0.2045
3.22               -0.7229        -21.2910          0.2038
3.23               -0.7240        -21.2910          0.2032
3.24               -0.7251        -21.2910          0.2026
3.25               -0.7262        -21.2910          0.2019
3.26               -0.7273        -21.2910          0.2013
3.27               -0.7284        -21.2910          0.2006
3.28               -0.7296        -21.2910          0.2000
3.29               -0.7307        -21.2910          0.1993
3.30               -0.7318        -21.2911          0.1987
3.31               -0.7329        -21.2911          0.1980
3.32               -0.7340        -21.2911          0.1973
3.33               -0.7351        -21.2911          0.1967
3.34               -0.7362        -21.2911          0.1961
3.35               -0.7373        -21.2911          0.1954
3.36               -0.7384        -21.2911          0.1948
3.37               -0.7395        -21.2911          0.1941
3.38               -0.7406        -21.2911          0.1935
3.39               -0.7417        -21.2911          0.1929
3.40               -0.7427        -21.2911          0.1922
3.41               -0.7438        -21.2911          0.1916
3.42               -0.7449        -21.2911          0.1910
3.43               -0.7459        -21.2912          0.1904
3.44               -0.7470        -21.2912          0.1898
3.45               -0.7480        -21.2912          0.1892
3.46               -0.7491        -21.2912          0.1886
3.47               -0.7501        -21.2912          0.1881
3.48               -0.7511        -21.2912          0.1875
3.49               -0.7521        -21.2912          0.1870
3.50               -0.7531        -21.2912          0.1864
3.51               -0.7541        -21.2912          0.1859
3.52               -0.7551        -21.2912          0.1854
3.53               -0.7561        -21.2912          0.1848
3.54               -0.7571        -21.2912          0.1844
3.55               -0.7580        -21.2913          0.1839
3.56               -0.7590        -21.2913          0.1834
3.57               -0.7599        -21.2913          0.1829
3.58               -0.7608        -21.2913          0.1825
3.59               -0.7617        -21.2913          0.1821
3.60               -0.7626        -21.2913          0.1816
3.61               -0.7635        -21.2913          0.1813
3.62               -0.7644        -21.2913          0.1809
3.63               -0.7653        -21.2913          0.1805
3.64               -0.7661        -21.2913          0.1801
3.65               -0.7669        -21.2913          0.1798
3.66               -0.7678        -21.2914          0.1795
3.67               -0.7686        -21.2914          0.1792
3.68               -0.7694        -21.2914          0.1789
3.69               -0.7701        -21.2914          0.1787
3.70               -0.7709        -21.2914          0.1784
3.71               -0.7716        -21.2914          0.1782
3.72               -0.7724        -21.2914          0.1780
3.73               -0.7731        -21.2914          0.1778
3.74               -0.7738        -21.2914          0.1776
3.75               -0.7744        -21.2914          0.1775
3.76               -0.7751        -21.2914          0.1774
3.77               -0.7758        -21.2915          0.1773
3.78               -0.7764        -21.2915          0.1772
3.79               -0.7770        -21.2915          0.1771
3.80               -0.7776        -21.2915          0.1771
3.81               -0.7782        -21.2915          0.1771
3.82               -0.7787        -21.2915          0.1771
3.83               -0.7793        -21.2915          0.1771
3.84               -0.7798        -21.2915          0.1772
3.85               -0.7803        -21.2915          0.1772
3.86               -0.7808        -21.2915          0.1773
3.87               -0.7812        -21.2915          0.1775
3.88               -0.7817        -21.2916          0.1776
3.89               -0.7821        -21.2916          0.1778
3.90               -0.7825        -21.2916          0.1780
3.91               -0.7829        -21.2916          0.1782
3.92               -0.7833        -21.2916          0.1784
3.93               -0.7836        -21.2916          0.1787
3.94               -0.7839        -21.2916          0.1790
3.95               -0.7842        -21.2916          0.1793
3.96               -0.7845        -21.2916          0.1796
3.97               -0.7848        -21.2916          0.1800
3.98               -0.7850        -21.2916          0.1804
3.99               -0.7853        -21.2917          0.1808
4.00               -0.7855        -21.2917          0.1812
4.01               -0.7857        -21.2917          0.1817
4.02               -0.7858        -21.2917          0.1822
4.03               -0.7860        -21.2917          0.1827
4.04               -0.7861        -21.2917          0.1833
4.05               -0.7862        -21.2917          0.1838
4.06               -0.7863        -21.2917          0.1844
4.07               -0.7863        -21.2917          0.1850
4.08               -0.7864        -21.2917          0.1857
4.09               -0.7864        -21.2918          0.1863
4.10               -0.7864        -21.2918          0.1870
4.11               -0.7864        -21.2918          0.1877
4.12               -0.7863        -21.2918          0.1885
4.13               -0.7862        -21.2918          0.1892
4.14               -0.7862        -21.2918          0.1900
4.15               -0.7861        -21.2918          0.1908
4.16               -0.7859        -21.2918          0.1917
4.17               -0.7858        -21.2918          0.1925
4.18               -0.7856        -21.2918          0.1934
4.19               -0.7854        -21.2918          0.1943
4.20               -0.7852        -21.2919          0.1952
4.21               -0.7850        -21.2919          0.1962
4.22               -0.7847        -21.2919          0.1972
4.23               -0.7845        -21.2919          0.1982
4.24               -0.7842        -21.2919          0.1992
4.25               -0.7839        -21.2919          0.2002
4.26               -0.7835        -21.2919          0.2013
4.27               -0.7832        -21.2919          0.2024
4.28               -0.7828        -21.2919          0.2035
4.29               -0.7824        -21.2919          0.2046
4.30               -0.7820        -21.2920          0.2058
4.31               -0.7816        -21.2920          0.2070
4.32               -0.7811        -21.2920          0.2082
4.33               -0.7807        -21.2920          0.2094
4.34               -0.7802        -21.2920          0.2106
4.35               -0.7797        -21.2920          0.2119
4.36               -0.7792        -21.2920          0.2132
4.37               -0.7786        -21.2920          0.2145
4.38               -0.7781        -21.2920          0.2158
4.39               -0.7775        -21.2920          0.2171
4.40               -0.7769        -21.2921          0.2185
4.41               -0.7763        -21.2921          0.2198
4.42               -0.7757        -21.2921          0.2212
4.43               -0.7750        -21.2921          0.2226
4.44               -0.7744        -21.2921          0.2240
4.45               -0.7737        -21.2921          0.2255
4.46               -0.7730        -21.2921          0.2269
4.47               -0.7723        -21.2921          0.2284
4.48               -0.7716        -21.2921          0.2298
4.49               -0.7708        -21.2921          0.2313
4.50               -0.7701        -21.2921          0.2329
4.51               -0.7693        -21.2922          0.2344
4.52               -0.7685        -21.2922          0.2359
4.53               -0.7677        -21.2922          0.2375
4.54               -0.7669        -21.2922          0.2390
4.55               -0.7661        -21.2922          0.2406
4.56               -0.7653        -21.2922          0.2422
4.57               -0.7644        -21.2922          0.2438
4.58               -0.7636        -21.2922          0.2454
4.59               -0.7627        -21.2922          0.2470
4.60               -0.7618        -21.2922          0.2486
4.61               -0.7609        -21.2922          0.2502
4.62               -0.7600        -21.2923          0.2519
4.63               -0.7591        -21.2923          0.2535
4.64               -0.7582        -21.2923          0.2551
4.65               -0.7573        -21.2923          0.2568
4.66               -0.7563        -21.2923          0.2585
4.67               -0.7554        -21.2923          0.2601
4.68               -0.7544        -21.2923          0.2618
4.69               -0.7534        -21.2923          0.2635
4.70               -0.7525        -21.2923          0.2652
4.71               -0.7515        -21.2923          0.2669
4.72               -0.7505        -21.2924          0.2686
4.73               -0.7495        -21.2924          0.2702
4.74               -0.7485        -21.2924          0.2719
4.75               -0.7475        -21.2924          0.2736
4.76               -0.7464        -21.2924          0.2753
4.77               -0.7454        -21.2924          0.2770
4.78               -0.7444        -21.2924          0.2787
4.79               -0.7434        -21.2924          0.2804
4.80               -0.7423        -21.2924          0.2821
4.81               -0.7413        -21.2924          0.2838
4.82               -0.7402        -21.2924          0.2855
4.83               -0.7392        -21.2924          0.2872
4.84               -0.7381        -21.2925          0.2888
4.85               -0.7371        -21.2925          0.2905
4.86               -0.7360        -21.2925          0.2922
4.87               -0.7350        -21.2925          0.2939
4.88               -0.7339        -21.2925          0.2955
4.89               -0.7328        -21.2925          0.2972
4.90               -0.7318        -21.2925          0.2988
4.91               -0.7307        -21.2925          0.3005
4.92               -0.7297        -21.2925          0.3021
4.93               -0.7286        -21.2925          0.3037
4.94               -0.7276        -21.2925          0.3053
4.95               -0.7265        -21.2925          0.3069
4.96               -0.7254        -21.2926          0.3085
4.97               -0.7244        -21.2926          0.3101
4.98               -0.7233        -21.2926          0.3117
4.99               -0.7223        -21.2926          0.3132
5.00               -0.7213        -21.2926          0.3148
5.01               -0.7202        -21.2926          0.3163
5.02               -0.7192        -21.2926          0.3178
5.03               -0.7182        -21.2926          0.3194
5.04               -0.7171        -21.2926          0.3208
5.05               -0.7161        -21.2926          0.3223
5.06               -0.7151        -21.2926          0.3238
5.07               -0.7141        -21.2926          0.3252
5.08               -0.7131        -21.2927          0.3267
5.09               -0.7121        -21.2927          0.3281
5.10               -0.7111        -21.2927          0.3295
5.11               -0.7101        -21.2927          0.3309
5.12               -0.7092        -21.2927          0.3323
5.13               -0.7082        -21.2927          0.3336
5.14               -0.7073        -21.2927          0.3349
5.15               -0.7063        -21.2927          0.3362
5.16               -0.7054        -21.2927          0.3375
5.17               -0.7044        -21.2927          0.3388
5.18               -0.7035        -21.2927          0.3401
5.19               -0.7026        -21.2927          0.3413
5.20               -0.7017        -21.2927          0.3425
5.21               -0.7008        -21.2927          0.3437
5.22               -0.7000        -21.2928          0.3449
5.23               -0.6991        -21.2928          0.3460
5.24               -0.6983        -21.2928          0.3471
5.25               -0.6974        -21.2928          0.3482
5.26               -0.6966        -21.2928          0.3493
5.27               -0.6958        -21.2928          0.3504
5.28               -0.6950        -21.2928          0.3514
5.29               -0.6942        -21.2928          0.3524
5.30               -0.6934        -21.2928          0.3534
5.31               -0.6927        -21.2928          0.3544
5.32               -0.6919        -21.2928          0.3553
5.33               -0.6912        -21.2928          0.3562
5.34               -0.6905        -21.2928          0.3571
5.35               -0.6898        -21.2928          0.3580
5.36               -0.6891        -21.2928          0.3588
5.37               -0.6884        -21.2928          0.3596
5.38               -0.6878        -21.2928          0.3604
5.39               -0.6871        -21.2929          0.3612
5.40               -0.6865        -21.2929          0.3619
5.41               -0.6859        -21.2929          0.3626
5.42               -0.6853        -21.2929          0.3633
5.43               -0.6847        -21.2929          0.3640
5.44               -0.6841        -21.2929          0.3646
5.45               -0.6836        -21.2929          0.3652
5.46               -0.6831        -21.2929          0.3658
5.47               -0.6826        -21.2929          0.3663
5.48               -0.6821        -21.2929          0.3668
5.49               -0.6816        -21.2929          0.3673
5.50               -0.6811        -21.2929          0.3678
5.51               -0.6807        -21.2929          0.3683
5.52               -0.6803        -21.2929          0.3687
5.53               -0.6799        -21.2929          0.3691
5.54               -0.6795        -21.2929          0.3694
5.55               -0.6791        -21.2929          0.3698
5.56               -0.6787        -21.2929          0.3701
5.57               -0.6784        -21.2929          0.3703
5.58               -0.6781        -21.2929          0.3706
5.59               -0.6778        -21.2930          0.3708
5.60               -0.6775        -21.2930          0.3710
5.61               -0.6772        -21.2930          0.3712
5.62               -0.6770        -21.2930          0.3713
5.63               -0.6768        -21.2930          0.3715
5.64               -0.6766        -21.2930          0.3716
5.65               -0.6764        -21.2930          0.3716
5.66               -0.6762        -21.2930          0.3717
5.67               -0.6760        -21.2930          0.3717
5.68               -0.6759        -21.2930          0.3717
5.69               -0.6758        -21.2930          0.3716
5.70               -0.6757        -21.2930          0.3716
5.71               -0.6756        -21.2930          0.3715
5.72               -0.6756        -21.2930          0.3714
5.73               -0.6755        -21.2930          0.3712
5.74               -0.6755        -21.2930          0.3711
5.75               -0.6755        -21.2930          0.3709
5.76               -0.6755        -21.2930          0.3707
5.77               -0.6755        -21.2930          0.3705
5.78               -0.6756        -21.2930          0.3702
5.79               -0.6756        -21.2930          0.3699
5.80               -0.6757        -21.2930          0.3696
5.81               -0.6758        -21.2930          0.3693
5.82               -0.6759        -21.2930          0.3689
5.83               -0.6761        -21.2930          0.3686
5.84               -0.6762        -21.2930          0.3682
5.85               -0.6764        -21.2930          0.3678
5.86               -0.6766        -21.2930          0.3673
5.87               -0.6768        -21.2930          0.3669
5.88               -0.6770        -21.2930          0.3664
5.89               -0.6772        -21.2931          0.3659
5.90               -0.6775        -21.2931          0.3654
5.91               -0.6777        -21.2931          0.3648
5.92               -0.6780        -21.2931          0.3643
5.93               -0.6783        -21.2931          0.3637
5.94               -0.6786        -21.2931          0.3631
5.95               -0.6790        -21.2931          0.3625
5.96               -0.6793        -21.2931          0.3619
5.97               -0.6797        -21.2931          0.3612
5.98               -0.6800        -21.2931          0.3606
5.99               -0.6804        -21.2931          0.3599
6.00               -0.6808        -21.2931          0.3592
6.01               -0.6813        -21.2931          0.3585
6.02               -0.6817        -21.2931          0.3578
6.03               -0.6821        -21.2931          0.3570
6.04               -0.6826        -21.2931          0.3563
6.05               -0.6831        -21.2931          0.3555
6.06               -0.6835        -21.2931          0.3547
6.07               -0.6840        -21.2931          0.3539
6.08               -0.6845        -21.2931          0.3531
6.09               -0.6851        -21.2931          0.3523
6.10               -0.6856        -21.2931          0.3515
6.11               -0.6861        -21.2931          0.3507
6.12               -0.6867        -21.2931          0.3498
6.13               -0.6873        -21.2931          0.3490
6.14               -0.6878        -21.2931          0.3481
6.15               -0.6884        -21.2931          0.3473
6.16               -0.6890        -21.2931          0.3464
6.17               -0.6896        -21.2931          0.3455
6.18               -0.6902        -21.2931          0.3446
6.19               -0.6909        -21.2931          0.3437
6.20               -0.6915        -21.2931          0.3428
6.21               -0.6921        -21.2931          0.3419
6.22               -0.6928        -21.2931          0.3410
6.23               -0.6935        -21.2931          0.3401
6.24               -0.6941        -21.2931          0.3391
6.25               -0.6948        -21.2931          0.3382
6.26               -0.6955        -21.2931          0.3373
6.27               -0.6962        -21.2931          0.3364
6.28               -0.6968        -21.2931          0.3355
6.29               -0.6975        -21.2931          0.3345
6.30               -0.6982        -21.2931          0.3336
6.31               -0.6990        -21.2931          0.3327
6.32               -0.6997        -21.2931          0.3317
6.33               -0.7004        -21.2931          0.3308
6.34               -0.7011        -21.2931          0.3299
6.35               -0.7018        -21.2931          0.3290
6.36               -0.7026        -21.2931          0.3281
6.37               -0.7033        -21.2931          0.3272
6.38               -0.7040        -21.2931          0.3262
6.39               -0.7048        -21.2931          0.3253
6.40               -0.7055        -21.2931          0.3244
6.41               -0.7062        -21.2931          0.3236
6.42               -0.7070        -21.2931          0.3227
6.43               -0.7077        -21.2931          0.3218
6.44               -0.7085        -21.2931          0.3209
6.45               -0.7092        -21.2931          0.3201
6.46               -0.7100        -21.2931          0.3192
6.47               -0.7107        -21.2931          0.3184
6.48               -0.7114        -21.2931          0.3175
6.49               -0.7122        -21.2931          0.3167
6.50               -0.7129        -21.2931          0.3159
6.51               -0.7137        -21.2931          0.3151
6.52               -0.7144        -21.2931          0.3143
6.53               -0.7151        -21.2931          0.3135
6.54               -0.7159        -21.2931          0.3127
6.55               -0.7166        -21.2931          0.3120
6.56               -0.7173        -21.2931          0.3112
6.57               -0.7180        -21.2931          0.3105
6.58               -0.7187        -21.2931          0.3098
6.59               -0.7195        -21.2931          0.3091
6.60               -0.7202        -21.2931          0.3084
6.61               -0.7209        -21.2931          0.3077
6.62               -0.7216        -21.2931          0.3071
6.63               -0.7223        -21.2931          0.3065
6.64               -0.7229        -21.2931          0.3058
6.65               -0.7236        -21.2931          0.3052
6.66               -0.7243        -21.2931          0.3047
6.67               -0.7250        -21.2931          0.3041
6.68               -0.7256        -21.2931          0.3035
6.69               -0.7263        -21.2931          0.3030
6.70               -0.7269        -21.2931          0.3025
6.71               -0.7275        -21.2931          0.3020
6.72               -0.7282        -21.2931          0.3015
6.73               -0.7288        -21.2931          0.3011
6.74               -0.7294        -21.2931          0.3007
6.75               -0.7300        -21.2931          0.3003
6.76               -0.7306        -21.2931          0.2999
6.77               -0.7312        -21.2931          0.2995
6.78               -0.7317        -21.2931          0.2992
6.79               -0.7323        -21.2931          0.2988
6.80               -0.7329        -21.2931          0.2985
6.81               -0.7334        -21.2931          0.2983
6.82               -0.7339        -21.2931          0.2980
6.83               -0.7344        -21.2931          0.2978
6.84               -0.7350        -21.2931          0.2976
6.85               -0.7354        -21.2931          0.2974
6.86               -0.7359        -21.2931          0.2972
6.87               -0.7364        -21.2931          0.2971
6.88               -0.7369        -21.2931          0.2970
6.89               -0.7373        -21.2931          0.2969
6.90               -0.7378        -21.2931          0.2968
6.91               -0.7382        -21.2931          0.2968
6.92               -0.7386        -21.2931          0.2967
6.93               -0.7390        -21.2931          0.2968
6.94               -0.7394        -21.2931          0.2968
6.95               -0.7397        -21.2931          0.2968
6.96               -0.7401        -21.2931          0.2969
6.97               -0.7405        -21.2931          0.2970
6.98               -0.7408        -21.2931          0.2972
6.99               -0.7411        -21.2931          0.2973
7.00               -0.7414        -21.2931          0.2975
7.01               -0.7417        -21.2931          0.2977
7.02               -0.7420        -21.2931          0.2980
7.03               -0.7422        -21.2931          0.2982
7.04               -0.7425        -21.2931          0.2985
7.05               -0.7427        -21.2931          0.2988
7.06               -0.7429        -21.2931          0.2991
7.07               -0.7432        -21.2931          0.2995
7.08               -0.7433        -21.2931          0.2999
7.09               -0.7435        -21.2931          0.3003
7.10               -0.7437        -21.2931          0.3007
7.11               -0.7438        -21.2931          0.3012
7.12               -0.7440        -21.2931          0.3017
7.13               -0.7441        -21.2931          0.3022
7.14               -0.7442        -21.2931          0.3027
7.15               -0.7443        -21.2931          0.3033
7.16               -0.7444        -21.2931          0.3039
7.17               -0.7444        -21.2931          0.3045
7.18               -0.7445        -21.2931          0.3051
7.19               -0.7445        -21.2931          0.3058
7.20               -0.7445        -21.2931          0.3065
7.21               -0.7445        -21.2931          0.3072
7.22               -0.7445        -21.2931          0.3079
7.23               -0.7445        -21.2931          0.3087
7.24               -0.7444        -21.2931          0.3094
7.25               -0.7444        -21.2931          0.3102
7.26               -0.7443        -21.2931          0.3111
7.27               -0.7442        -21.2931          0.3119
7.28               -0.7441        -21.2931          0.3128
7.29               -0.7440        -21.2931          0.3136
7.30               -0.7439        -21.2931          0.3146
7.31               -0.7437        -21.2931          0.3155
7.32               -0.7436        -21.2931          0.3164
7.33               -0.7434        -21.2931          0.3174
7.34               -0.7432        -21.2931          0.3184
7.35               -0.7430        -21.2931          0.3194
7.36               -0.7428        -21.2931          0.3204
7.37               -0.7426        -21.2931          0.3215
7.38               -0.7424        -21.2931          0.3226
7.39               -0.7421        -21.2931          0.3237
7.40               -0.7419        -21.2931          0.3248
7.41               -0.7416        -21.2931          0.3259
7.42               -0.7413        -21.2931          0.3270
7.43               -0.7410        -21.2931          0.3282
7.44               -0.7407        -21.2931          0.3294
7.45               -0.7404        -21.2931          0.3306
7.46               -0.7400        -21.2931          0.3318
7.47               -0.7397        -21.2931          0.3330
7.48               -0.7393        -21.2931          0.3342
7.49               -0.7390        -21.2931          0.3355
7.50               -0.7386        -21.2931          0.3368
7.51               -0.7382        -21.2931          0.3380
7.52               -0.7378        -21.2931          0.3393
7.53               -0.7374        -21.2931          0.3406
7.54               -0.7370        -21.2931          0.3420
7.55               -0.7366        -21.2931          0.3433
7.56               -0.7361        -21.2931          0.3446
7.57               -0.7357        -21.2931          0.3460
7.58               -0.7352        -21.2931          0.3474
7.59               -0.7347        -21.2931          0.3487
7.60               -0.7343        -21.2931          0.3501
7.61               -0.7338        -21.2931          0.3515
7.62               -0.7333        -21.2931          0.3529
7.63               -0.7328        -21.2931          0.3543
7.64               -0.7323        -21.2931          0.3557
7.65               -0.7318        -21.2931          0.3572
7.66               -0.7313        -21.2931          0.3586
7.67               -0.7307        -21.2931          0.3600
7.68               -0.7302        -21.2931          0.3615
7.69               -0.7297        -21.2931          0.3629
7.70               -0.7291        -21.2931          0.3644
7.71               -0.7286        -21.2931          0.3658
7.72               -0.7280        -21.2931          0.3673
7.73               -0.7275        -21.2931          0.3687
7.74               -0.7269        -21.2931          0.3702
7.75               -0.7263        -21.2931          0.3716
7.76               -0.7258        -21.2931          0.3731
7.77               -0.7252        -21.2931          0.3746
7.78               -0.7246        -21.2931          0.3760
7.79               -0.7240        -21.2931          0.3775
7.80               -0.7234        -21.2932          0.3790
7.81               -0.7228        -21.2932          0.3804
7.82               -0.7223        -21.2932          0.3819
7.83               -0.7217        -21.2932          0.3833
7.84               -0.7211        -21.2932          0.3848
7.85               -0.7205        -21.2932          0.3862
7.86               -0.7199        -21.2932          0.3877
7.87               -0.7193        -21.2932          0.3891
7.88               -0.7187        -21.2932          0.3906
7.89               -0.7181        -21.2932          0.3920
7.90               -0.7175        -21.2932          0.3934
7.91               -0.7169        -21.2932          0.3948
7.92               -0.7163        -21.2932          0.3962
7.93               -0.7157        -21.2932          0.3976
7.94               -0.7151        -21.2932          0.3990
7.95               -0.7145        -21.2932          0.4004
7.96               -0.7140        -21.2932          0.4018
7.97               -0.7134        -21.2932          0.4031
7.98               -0.7128        -21.2932          0.4045
7.99               -0.7122        -21.2932          0.4058
8.00               -0.7116        -21.2932          0.4072
8.01               -0.7111        -21.2932          0.4085
8.02               -0.7105        -21.2932          0.4098
8.03               -0.7099        -21.2932          0.4111
8.04               -0.7094        -21.2932          0.4124
8.05               -0.7088        -21.2932          0.4136
8.06               -0.7083        -21.2932          0.4149
8.07               -0.7077        -21.2932          0.4161
8.08               -0.7072        -21.2932          0.4173
8.09               -0.7067        -21.2932          0.4185
8.10               -0.7061        -21.2932          0.4197
8.11               -0.7056        -21.2932          0.4209
8.12               -0.7051        -21.2932          0.4221
8.13               -0.7046        -21.2932          0.4232
8.14               -0.7041        -21.2932          0.4243
8.15               -0.7036        -21.2932          0.4254
8.16               -0.7031        -21.2932          0.4265
8.17               -0.7027        -21.2932          0.4276
8.18               -0.7022        -21.2932          0.4286
8.19               -0.7017        -21.2932          0.4296
8.20               -0.7013        -21.2932          0.4306
8.21               -0.7009        -21.2932          0.4316
8.22               -0.7004        -21.2932          0.4326
8.23               -0.7000        -21.2932          0.4335
8.24               -0.6996        -21.2932          0.4345
8.25               -0.6992        -21.2932          0.4354
8.26               -0.6988        -21.2932          0.4362
8.27               -0.6985        -21.2932          0.4371
8.28               -0.6981        -21.2932          0.4379
8.29               -0.6977        -21.2932          0.4387
8.30               -0.6974        -21.2932          0.4395
8.31               -0.6971        -21.2932          0.4403
8.32               -0.6967        -21.2932          0.4410
8.33               -0.6964        -21.2932          0.4418
8.34               -0.6961        -21.2932          0.4425
8.35               -0.6958        -21.2932          0.4431
8.36               -0.6956        -21.2932          0.4438
8.37               -0.6953        -21.2932          0.4444
8.38               -0.6951        -21.2932          0.4450
8.39               -0.6948        -21.2932          0.4456
8.40               -0.6946        -21.2932          0.4461
8.41               -0.6944        -21.2932          0.4467
8.42               -0.6942        -21.2932          0.4472
8.43               -0.6940        -21.2932          0.4476
8.44               -0.6938        -21.2932          0.4481
8.45               -0.6937        -21.2932          0.4485
8.46               -0.6935        -21.2932          0.4489
8.47               -0.6934        -21.2932          0.4493
8.48               -0.6933        -21.2932          0.4496
8.49               -0.6932        -21.2932          0.4499
8.50               -0.6931        -21.2932          0.4502
8.51               -0.6930        -21.2932          0.4505
8.52               -0.6930        -21.2932          0.4507
8.53               -0.6929        -21.2932          0.4510
8.54               -0.6929        -21.2932          0.4512
8.55               -0.6929        -21.2932          0.4513
8.56               -0.6929        -21.2932          0.4515
8.57               -0.6929        -21.2932          0.4516
8.58               -0.6929        -21.2932          0.4517
8.59               -0.6929        -21.2932          0.4517
8.60               -0.6930        -21.2932          0.4518
8.61               -0.6931        -21.2932          0.4518
8.62               -0.6931        -21.2932          0.4518
8.63               -0.6932        -21.2932          0.4517
8.64               -0.6933        -21.2932          0.4517
8.65               -0.6935        -21.2932          0.4516
8.66               -0.6936        -21.2932          0.4515
8.67               -0.6938        -21.2932          0.4513
8.68               -0.6939        -21.2932          0.4512
8.69               -0.6941        -21.2932          0.4510
8.70               -0.6943        -21.2932          0.4508
8.71               -0.6945        -21.2932          0.4505
8.72               -0.6947        -21.2932          0.4503
8.73               -0.6950        -21.2932          0.4500
8.74               -0.6952        -21.2933          0.4497
8.75               -0.6955        -21.2933          0.4494
8.76               -0.6958        -21.2933          0.4490
8.77               -0.6960        -21.2933          0.4486
8.78               -0.6964        -21.2933          0.4483
8.79               -0.6967        -21.2933          0.4478
8.80               -0.6970        -21.2933          0.4474
8.81               -0.6973        -21.2933          0.4469
8.82               -0.6977        -21.2933          0.4465
8.83               -0.6981        -21.2933          0.4460
8.84               -0.6984        -21.2933          0.4454
8.85               -0.6988        -21.2933          0.4449
8.86               -0.6992        -21.2933          0.4443
8.87               -0.6997        -21.2933          0.4438
8.88               -0.7001        -21.2933          0.4432
8.89               -0.7005        -21.2933          0.4425
8.90               -0.7010        -21.2933          0.4419
8.91               -0.7014        -21.2933          0.4413
8.92               -0.7019        -21.2933          0.4406
8.93               -0.7024        -21.2933          0.4399
8.94               -0.7029        -21.2933          0.4392
8.95               -0.7034        -21.2933          0.4385
8.96               -0.7039        -21.2933          0.4377
8.97               -0.7044        -21.2933          0.4370
8.98               -0.7050        -21.2933          0.4362
8.99               -0.7055        -21.2933          0.4354
9.00               -0.7061        -21.2933          0.4346
9.01               -0.7066        -21.2933          0.4338
9.02               -0.7072        -21.2933          0.4330
9.03               -0.7078        -21.2933          0.4322
9.04               -0.7084        -21.2933          0.4313
9.05               -0.7090        -21.2933          0.4305
9.06               -0.7096        -21.2933          0.4296
9.07               -0.7102        -21.2933          0.4287
9.08               -0.7108        -21.2933          0.4279
9.09               -0.7114        -21.2933          0.4270
9.10               -0.7121        -21.2933          0.4260
9.11               -0.7127        -21.2933          0.4251
9.12               -0.7133        -21.2933          0.4242
9.13               -0.7140        -21.2933          0.4233
9.14               -0.7147        -21.2933          0.4223
9.15               -0.7153        -21.2933          0.4214
9.16               -0.7160        -21.2933          0.4204
9.17               -0.7167        -21.2933          0.4195
9.18               -0.7173        -21.2933          0.4185
9.19               -0.7180        -21.2933          0.4176
9.20               -0.7187        -21.2933          0.4166
9.21               -0.7194        -21.2933          0.4156
9.22               -0.7201        -21.2933          0.4146
9.23               -0.7208        -21.2933          0.4137
9.24               -0.7215        -21.2933          0.4127
9.25               -0.7222        -21.2933          0.4117
9.26               -0.7229        -21.2933          0.4107
9.27               -0.7236        -21.2933          0.4098
9.28               -0.7243        -21.2933          0.4088
9.29               -0.7250        -21.2933          0.4078
9.30               -0.7257        -21.2933          0.4068
9.31               -0.7264        -21.2933          0.4058
9.32               -0.7271        -21.2933          0.4049
9.33               -0.7278        -21.2933          0.4039
9.34               -0.7285        -21.2933          0.4029
9.35               -0.7292        -21.2933          0.4020
9.36               -0.7299        -21.2933          0.4010
9.37               -0.7306        -21.2933          0.4001
9.38               -0.7313        -21.2933          0.3991
9.39               -0.7320        -21.2933          0.3982
9.40               -0.7327        -21.2933          0.3973
9.41               -0.7334        -21.2933          0.3963
9.42               -0.7341        -21.2933          0.3954
9.43               -0.7348        -21.2933          0.3945
9.44               -0.7354        -21.2933          0.3936
9.45               -0.7361        -21.2933          0.3927
9.46               -0.7368        -21.2933          0.3919
9.47               -0.7375        -21.2933          0.3910
9.48               -0.7381        -21.2933          0.3901
9.49               -0.7388        -21.2933          0.3893
9.50               -0.7394        -21.2933          0.3885
9.51               -0.7401        -21.2933          0.3877
9.52               -0.7407        -21.2933          0.3869
9.53               -0.7413        -21.2933          0.3861
9.54               -0.7420        -21.2933          0.3853
9.55               -0.7426        -21.2933          0.3845
9.56               -0.7432        -21.2933          0.3838
9.57               -0.7438        -21.2933          0.3830
9.58               -0.7444        -21.2933          0.3823
9.59               -0.7450        -21.2933          0.3816
9.60               -0.7455        -21.2933          0.3809
9.61               -0.7461        -21.2933          0.3803
9.62               -0.7467        -21.2933          0.3796
9.63               -0.7472        -21.2933          0.3790
9.64               -0.7478        -21.2933          0.3784
9.65               -0.7483        -21.2933          0.3778
9.66               -0.7488        -21.2933          0.3772
9.67               -0.7493        -21.2933          0.3767
9.68               -0.7498        -21.2933          0.3761
9.69               -0.7503        -21.2933          0.3756
9.70               -0.7508        -21.2933          0.3751
9.71               -0.7513        -21.2933          0.3747
9.72               -0.7517        -21.2933          0.3742
9.73               -0.7521        -21.2933          0.3738
9.74               -0.7526        -21.2933          0.3734
9.75               -0.7530        -21.2933          0.3730
9.76               -0.7534        -21.2933          0.3726
9.77               -0.7538        -21.2933          0.3723
9.78               -0.7542        -21.2933          0.3720
9.79               -0.7545        -21.2933          0.3717
9.80               -0.7549        -21.2933          0.3714
9.81               -0.7552        -21.2933          0.3711
9.82               -0.7555        -21.2933          0.3709
9.83               -0.7559        -21.2933          0.3707
9.84               -0.7562        -21.2933          0.3706
9.85               -0.7564        -21.2933          0.3704
9.86               -0.7567        -21.2933          0.3703
9.87               -0.7570        -21.2933          0.3702
9.88               -0.7572        -21.2933          0.3701
9.89               -0.7574        -21.2933          0.3701
9.90               -0.7576        -21.2933          0.3700
9.91               -0.7578        -21.2933          0.3700
9.92               -0.7580        -21.2933          0.3701
9.93               -0.7582        -21.2933          0.3701
9.94               -0.7583        -21.2933          0.3702
9.95               -0.7585        -21.2933          0.3703
9.96               -0.7586        -21.2933          0.3705
9.97               -0.7587        -21.2933          0.3706
9.98               -0.7588        -21.2933          0.3708
9.99               -0.7588        -21.2933          0.3710
10.00              -0.7589        -21.2933          0.3713
10.01              -0.7589        -21.2933          0.3715
10.02              -0.7590        -21.2933          0.3718
10.03              -0.7590        -21.2933          0.3721
10.04              -0.7590        -21.2933          0.3725
10.05              -0.7589        -21.2933          0.3729
10.06              -0.7589        -21.2933          0.3733
10.07              -0.7588        -21.2933          0.3737
10.08              -0.7588        -21.2933          0.3741
10.09              -0.7587        -21.2933          0.3746
10.10              -0.7586        -21.2933          0.3751
10.11              -0.7585        -21.2933          0.3756
10.12              -0.7583        -21.2933          0.3762
10.13              -0.7582        -21.2933          0.3768
10.14              -0.7580        -21.2933          0.3774
10.15              -0.7578        -21.2933          0.3780
10.16              -0.7576        -21.2933          0.3787
10.17              -0.7574        -21.2933          0.3794
10.18              -0.7572        -21.2933          0.3801
10.19              -0.7569        -21.2933          0.3808
10.20              -0.7567        -21.2933          0.3816
10.21              -0.7564        -21.2933          0.3824
10.22              -0.7561        -21.2933          0.3832
10.23              -0.7558        -21.2933          0.3840
10.24              -0.7555        -21.2933          0.3849
10.25              -0.7551        -21.2933          0.3857
10.26              -0.7548        -21.2933          0.3867
10.27              -0.7544        -21.2933          0.3876
10.28              -0.7540        -21.2933          0.3885
10.29              -0.7536        -21.2933          0.3895
10.30              -0.7532        -21.2933          0.3905
10.31              -0.7528        -21.2933          0.3915
10.32              -0.7523        -21.2933          0.3926
10.33              -0.7519        -21.2933          0.3936
10.34              -0.7514        -21.2933          0.3947
10.35              -0.7509        -21.2933          0.3958
10.36              -0.7504        -21.2933          0.3969
10.37              -0.7499        -21.2933          0.3981
10.38              -0.7494        -21.2933          0.3993
10.39              -0.7489        -21.2933          0.4004
10.40              -0.7483        -21.2933          0.4016
10.41              -0.7478        -21.2933          0.4029
10.42              -0.7472        -21.2933          0.4041
10.43              -0.7466        -21.2933          0.4054
10.44              -0.7460        -21.2933          0.4066
10.45              -0.7454        -21.2933          0.4079
10.46              -0.7448        -21.2933          0.4092
10.47              -0.7442        -21.2933          0.4106
10.48              -0.7436        -21.2933          0.4119
10.49              -0.7429        -21.2933          0.4133
10.50              -0.7422        -21.2933          0.4146
10.51              -0.7416        -21.2933          0.4160
10.52              -0.7409        -21.2933          0.4174
10.53              -0.7402        -21.2933          0.4188
10.54              -0.7395        -21.2933          0.4203
10.55              -0.7388        -21.2933          0.4217
10.56              -0.7381        -21.2933          0.4232
10.57              -0.7374        -21.2933          0.4246
10.58              -0.7366        -21.2933          0.4261
10.59              -0.7359        -21.2933          0.4276
10.60              -0.7351        -21.2933          0.4291
10.61              -0.7344        -21.2933          0.4306
10.62              -0.7336        -21.2933          0.4321
10.63              -0.7329        -21.2933          0.4336
10.64              -0.7321        -21.2933          0.4352
10.65              -0.7313        -21.2933          0.4367
10.66              -0.7305        -21.2933          0.4383
10.67              -0.7297        -21.2933          0.4398
10.68              -0.7289        -21.2933          0.4414
10.69              -0.7281        -21.2933          0.4429
10.70              -0.7273        -21.2933          0.4445
10.71              -0.7265        -21.2933          0.4461
10.72              -0.7257        -21.2933          0.4477
10.73              -0.7249        -21.2933          0.4492
10.74              -0.7241        -21.2933          0.4508
10.75              -0.7233        -21.2933          0.4524
10.76              -0.7225        -21.2933          0.4540
10.77              -0.7216        -21.2933          0.4556
10.78              -0.7208        -21.2933          0.4572
10.79              -0.7200        -21.2933          0.4588
10.80              -0.7192        -21.2933          0.4604
10.81              -0.7183        -21.2933          0.4619
10.82              -0.7175        -21.2933          0.4635
10.83              -0.7167        -21.2933          0.4651
10.84              -0.7158        -21.2933          0.4667
10.85              -0.7150        -21.2933          0.4683
10.86              -0.7142        -21.2933          0.4699
10.87              -0.7134        -21.2933          0.4714
10.88              -0.7125        -21.2933          0.4730
10.89              -0.7117        -21.2933          0.4746
10.90              -0.7109        -21.2933          0.4761
10.91              -0.7101        -21.2933          0.4777
10.92              -0.7093        -21.2933          0.4792
10.93              -0.7085        -21.2933          0.4807
10.94              -0.7077        -21.2933          0.4823
10.95              -0.7069        -21.2933          0.4838
10.96              -0.7061        -21.2933          0.4853
10.97              -0.7053        -21.2933          0.4868
10.98              -0.7045        -21.2933          0.4883
10.99              -0.7037        -21.2933          0.4898
11.00              -0.7029        -21.2933          0.4912
11.01              -0.7022        -21.2933          0.4927
11.02              -0.7014        -21.2933          0.4942
11.03              -0.7007        -21.2933          0.4956
11.04              -0.6999        -21.2933          0.4970
11.05              -0.6992        -21.2933          0.4984
11.06              -0.6984        -21.2933          0.4998
11.07              -0.6977        -21.2932          0.5012
11.08              -0.6970        -21.2932          0.5026
11.09              -0.6963        -21.2932          0.5039
11.10              -0.6956        -21.2932          0.5053
11.11              -0.6949        -21.2932          0.5066
11.12              -0.6942        -21.2932          0.5079
11.13              -0.6936        -21.2932          0.5092
11.14              -0.6929        -21.2932          0.5104
11.15              -0.6922        -21.2932          0.5117
11.16              -0.6916        -21.2932          0.5129
11.17              -0.6910        -21.2932          0.5141
11.18              -0.6904        -21.2932          0.5153
11.19              -0.6898        -21.2932          0.5165
11.20              -0.6892        -21.2932          0.5177
11.21              -0.6886        -21.2932          0.5188
11.22              -0.6880        -21.2932          0.5200
11.23              -0.6875        -21.2932          0.5211
11.24              -0.6869        -21.2932          0.5221
11.25              -0.6864        -21.2932          0.5232
11.26              -0.6859        -21.2932          0.5242
11.27              -0.6854        -21.2932          0.5253
11.28              -0.6849        -21.2932          0.5263
11.29              -0.6844        -21.2932          0.5272
11.30              -0.6839        -21.2932          0.5282
11.31              -0.6835        -21.2932          0.5291
11.32              -0.6831        -21.2932          0.5300
11.33              -0.6827        -21.2932          0.5309
11.34              -0.6822        -21.2932          0.5318
11.35              -0.6819        -21.2932          0.5326
11.36              -0.6815        -21.2932          0.5334
11.37              -0.6811        -21.2932          0.5342
11.38              -0.6808        -21.2932          0.5350
11.39              -0.6805        -21.2932          0.5357
11.40              -0.6801        -21.2932          0.5365
11.41              -0.6798        -21.2932          0.5372
11.42              -0.6796        -21.2932          0.5378
11.43              -0.6793        -21.2932          0.5385
11.44              -0.6791        -21.2932          0.5391
11.45              -0.6788        -21.2932          0.5397
11.46              -0.6786        -21.2932          0.5403
11.47              -0.6784        -21.2932          0.5408
11.48              -0.6782        -21.2932          0.5414
11.49              -0.6781        -21.2932          0.5419
11.50              -0.6779        -21.2932          0.5423
11.51              -0.6778        -21.2932          0.5428
11.52              -0.6777        -21.2932          0.5432
11.53              -0.6776        -21.2932          0.5436
11.54              -0.6775        -21.2932          0.5440
11.55              -0.6774        -21.2932          0.5443
11.56              -0.6774        -21.2932          0.5447
11.57              -0.6774        -21.2932          0.5450
11.58              -0.6773        -21.2932          0.5453
11.59              -0.6773        -21.2932          0.5455
11.60              -0.6774        -21.2932          0.5457
11.61              -0.6774        -21.2932          0.5459
11.62              -0.6775        -21.2932          0.5461
11.63              -0.6775        -21.2932          0.5463
11.64              -0.6776        -21.2932          0.5464
11.65              -0.6777        -21.2932          0.5465
11.66              -0.6778        -21.2932          0.5466
11.67              -0.6780        -21.2931          0.5467
11.68              -0.6781        -21.2931          0.5467
11.69              -0.6783        -21.2931          0.5467
11.70              -0.6785        -21.2931          0.5467
11.71              -0.6787        -21.2931          0.5467
11.72              -0.6789        -21.2931          0.5466
11.73              -0.6792        -21.2931          0.5465
11.74              -0.6794        -21.2931          0.5464
11.75              -0.6797        -21.2931          0.5463
11.76              -0.6800        -21.2931          0.5462
11.77              -0.6803        -21.2931          0.5460
11.78              -0.6806        -21.2931          0.5458
11.79              -0.6809        -21.2931          0.5456
11.80              -0.6813        -21.2931          0.5454
11.81              -0.6817        -21.2931          0.5452
11.82              -0.6820        -21.2931          0.5449
11.83              -0.6824        -21.2931          0.5446
11.84              -0.6829        -21.2931          0.5443
11.85              -0.6833        -21.2931          0.5440
11.86              -0.6837        -21.2931          0.5436
11.87              -0.6842        -21.2931          0.5433
11.88              -0.6846        -21.2931          0.5429
11.89              -0.6851        -21.2931          0.5425
11.90              -0.6856        -21.2931          0.5421
11.91              -0.6861        -21.2931          0.5417
11.92              -0.6867        -21.2931          0.5412
11.93              -0.6872        -21.2931          0.5407
11.94              -0.6877        -21.2931          0.5403
11.95              -0.6883        -21.2931          0.5398
11.96              -0.6889        -21.2931          0.5393
11.97              -0.6895        -21.2931          0.5387
11.98              -0.6901        -21.2931          0.5382
11.99              -0.6907        -21.2931          0.5377
12.00              -0.6913        -21.2931          0.5371
12.01              -0.6919        -21.2931          0.5365
12.02              -0.6926        -21.2931          0.5359
12.03              -0.6932        -21.2931          0.5353
12.04              -0.6939        -21.2930          0.5347
12.05              -0.6946        -21.2930          0.5341
12.06              -0.6953        -21.2930          0.5335
12.07              -0.6960        -21.2930          0.5329
12.08              -0.6967        -21.2930          0.5322
12.09              -0.6974        -21.2930          0.5316
12.10              -0.6981        -21.2930          0.5309
12.11              -0.6988        -21.2930          0.5302
12.12              -0.6996        -21.2930          0.5295
12.13              -0.7003        -21.2930          0.5289
12.14              -0.7011        -21.2930          0.5282
12.15              -0.7018        -21.2930          0.5275
12.16              -0.7026        -21.2930          0.5268
12.17              -0.7034        -21.2930          0.5261
12.18              -0.7041        -21.2930          0.5254
12.19              -0.7049        -21.2930          0.5247
12.20              -0.7057        -21.2930          0.5239
12.21              -0.7065        -21.2930          0.5232
12.22              -0.7073        -21.2930          0.5225
12.23              -0.7081        -21.2930          0.5218
12.24              -0.7089        -21.2930          0.5211
12.25              -0.7097        -21.2930          0.5204
12.26              -0.7106        -21.2930          0.5196
12.27              -0.7114        -21.2930          0.5189
12.28              -0.7122        -21.2930          0.5182
12.29              -0.7130        -21.2930          0.5175
12.30              -0.7138        -21.2930          0.5168
12.31              -0.7147        -21.2930          0.5161
12.32              -0.7155        -21.2930          0.5154
12.33              -0.7163        -21.2930          0.5147
12.34              -0.7172        -21.2930          0.5140
12.35              -0.7180        -21.2929          0.5133
12.36              -0.7188        -21.2929          0.5126
12.37              -0.7196        -21.2929          0.5119
12.38              -0.7205        -21.2929          0.5113
12.39              -0.7213        -21.2929          0.5106
12.40              -0.7221        -21.2929          0.5099
12.41              -0.7230        -21.2929          0.5093
12.42              -0.7238        -21.2929          0.5087
12.43              -0.7246        -21.2929          0.5080
12.44              -0.7254        -21.2929          0.5074
12.45              -0.7262        -21.2929          0.5068
12.46              -0.7270        -21.2929          0.5062
12.47              -0.7278        -21.2929          0.5056
12.48              -0.7286        -21.2929          0.5051
12.49              -0.7294        -21.2929          0.5045
12.50              -0.7302        -21.2929          0.5040
12.51              -0.7310        -21.2929          0.5034
12.52              -0.7318        -21.2929          0.5029
12.53              -0.7326        -21.2929          0.5024
12.54              -0.7334        -21.2929          0.5019
12.55              -0.7341        -21.2929          0.5014
12.56              -0.7349        -21.2929          0.5010
12.57              -0.7356        -21.2929          0.5005
12.58              -0.7364        -21.2929          0.5001
12.59              -0.7371        -21.2929          0.4997
12.60              -0.7378        -21.2929          0.4993
12.61              -0.7385        -21.2929          0.4989
12.62              -0.7393        -21.2929          0.4986
12.63              -0.7400        -21.2929          0.4983
12.64              -0.7406        -21.2929          0.4979
12.65              -0.7413        -21.2928          0.4976
12.66              -0.7420        -21.2928          0.4974
12.67              -0.7427        -21.2928          0.4971
12.68              -0.7433        -21.2928          0.4969
12.69              -0.7439        -21.2928          0.4967
12.70              -0.7446        -21.2928          0.4965
12.71              -0.7452        -21.2928          0.4963
12.72              -0.7458        -21.2928          0.4961
12.73              -0.7464        -21.2928          0.4960
12.74              -0.7470        -21.2928          0.4959
12.75              -0.7475        -21.2928          0.4958
12.76              -0.7481        -21.2928          0.4958
12.77              -0.7487        -21.2928          0.4957
12.78              -0.7492        -21.2928          0.4957
12.79              -0.7497        -21.2928          0.4957
12.80              -0.7502        -21.2928          0.4958
12.81              -0.7507        -21.2928          0.4958
12.82              -0.7512        -21.2928          0.4959
12.83              -0.7517        -21.2928          0.4960
12.84              -0.7521        -21.2928          0.4962
12.85              -0.7525        -21.2928          0.4963
12.86              -0.7530        -21.2928          0.4965
12.87              -0.7534        -21.2928          0.4967
12.88              -0.7538        -21.2928          0.4970
12.89              -0.7541        -21.2928          0.4972
12.90              -0.7545        -21.2928          0.4975
12.91              -0.7549        -21.2928          0.4978
12.92              -0.7552        -21.2928          0.4982
12.93              -0.7555        -21.2928          0.4986
12.94              -0.7558        -21.2927          0.4989
12.95              -0.7561        -21.2927          0.4994
12.96              -0.7564        -21.2927          0.4998
12.97              -0.7566        -21.2927          0.5003
12.98              -0.7569        -21.2927          0.5008
12.99              -0.7571        -21.2927          0.5013
13.00              -0.7573        -21.2927          0.5019
13.01              -0.7575        -21.2927          0.5025
13.02              -0.7577        -21.2927          0.5031
13.03              -0.7578        -21.2927          0.5037
13.04              -0.7580        -21.2927          0.5044
13.05              -0.7581        -21.2927          0.5051
13.06              -0.7582        -21.2927          0.5058
13.07              -0.7583        -21.2927          0.5065
13.08              -0.7584        -21.2927          0.5073
13.09              -0.7584        -21.2927          0.5081
13.10              -0.7585        -21.2927          0.5089
13.11              -0.7585        -21.2927          0.5098
13.12              -0.7585        -21.2927          0.5106
13.13              -0.7585        -21.2927          0.5115
13.14              -0.7585        -21.2927          0.5125
13.15              -0.7584        -21.2927          0.5134
13.16              -0.7584        -21.2927          0.5144
13.17              -0.7583        -21.2927          0.5154
13.18              -0.7582        -21.2927          0.5164
13.19              -0.7581        -21.2927          0.5175
13.20              -0.7580        -21.2927          0.5186
13.21              -0.7578        -21.2927          0.5197
13.22              -0.7577        -21.2927          0.5208
13.23              -0.7575        -21.2927          0.5219
13.24              -0.7573        -21.2927          0.5231
13.25              -0.7571        -21.2926          0.5243
13.26              -0.7569        -21.2926          0.5255
13.27              -0.7567        -21.2926          0.5268
13.28              -0.7564        -21.2926          0.5281
13.29              -0.7561        -21.2926          0.5293
13.30              -0.7559        -21.2926          0.5307
13.31              -0.7556        -21.2926          0.5320
13.32              -0.7552        -21.2926          0.5334
13.33              -0.7549        -21.2926          0.5347
13.34              -0.7546        -21.2926          0.5361
13.35              -0.7542        -21.2926          0.5376
13.36              -0.7539        -21.2926          0.5390
13.37              -0.7535        -21.2926          0.5405
13.38              -0.7531        -21.2926          0.5420
13.39              -0.7527        -21.2926          0.5435
13.40              -0.7522        -21.2926          0.5450
13.41              -0.7518        -21.2926          0.5465
13.42              -0.7513        -21.2926          0.5481
13.43              -0.7509        -21.2926          0.5496
13.44              -0.7504        -21.2926          0.5512
13.45              -0.7499        -21.2926          0.5528
13.46              -0.7494        -21.2926          0.5545
13.47              -0.7489        -21.2926          0.5561
13.48              -0.7484        -21.2926          0.5578
13.49              -0.7478        -21.2926          0.5594
13.50              -0.7473        -21.2926          0.5611
13.51              -0.7467        -21.2926          0.5628
13.52              -0.7461        -21.2926          0.5645
13.53              -0.7456        -21.2926          0.5663
13.54              -0.7450        -21.2926          0.5680
13.55              -0.7444        -21.2926          0.5698
13.56              -0.7437        -21.2925          0.5715
13.57              -0.7431        -21.2925          0.5733
13.58              -0.7425        -21.2925          0.5751
13.59              -0.7418        -21.2925          0.5769
13.60              -0.7412        -21.2925          0.5787
13.61              -0.7405        -21.2925          0.5805
13.62              -0.7399        -21.2925          0.5823
13.63              -0.7392        -21.2925          0.5842
13.64              -0.7385        -21.2925          0.5860
13.65              -0.7378        -21.2925          0.5879
13.66              -0.7371        -21.2925          0.5897
13.67              -0.7364        -21.2925          0.5916
13.68              -0.7357        -21.2925          0.5934
13.69              -0.7350        -21.2925          0.5953
13.70              -0.7343        -21.2925          0.5972
13.71              -0.7336        -21.2925          0.5991
13.72              -0.7328        -21.2925          0.6010
13.73              -0.7321        -21.2925          0.6028
13.74              -0.7313        -21.2925          0.6047
13.75              -0.7306        -21.2925          0.6066
13.76              -0.7299        -21.2925          0.6085
13.77              -0.7291        -21.2925          0.6104
13.78              -0.7284        -21.2925          0.6123
13.79              -0.7276        -21.2925          0.6142
13.80              -0.7268        -21.2925          0.6161
13.81              -0.7261        -21.2925          0.6180
13.82              -0.7253        -21.2925          0.6199
13.83              -0.7246        -21.2925          0.6217
13.84              -0.7238        -21.2925          0.6236
13.85              -0.7230        -21.2925          0.6255
13.86              -0.7223        -21.2925          0.6274
13.87              -0.7215        -21.2925          0.6292
13.88              -0.7207        -21.2925          0.6311
13.89              -0.7200        -21.2924          0.6330
13.90              -0.7192        -21.2924          0.6348
13.91              -0.7184        -21.2924          0.6367
13.92              -0.7177        -21.2924          0.6385
13.93              -0.7169        -21.2924          0.6403
13.94              -0.7162        -21.2924          0.6422
13.95              -0.7154        -21.2924          0.6440
13.96              -0.7147        -21.2924          0.6458
13.97              -0.7139        -21.2924          0.6476
13.98              -0.7132        -21.2924          0.6493
13.99              -0.7124        -21.2924          0.6511
14.00              -0.7117        -21.2924          0.6529
14.01              -0.7110        -21.2924          0.6546
14.02              -0.7102        -21.2924          0.6564
14.03              -0.7095        -21.2924          0.6581
14.04              -0.7088        -21.2924          0.6598
14.05              -0.7081        -21.2924          0.6615
14.06              -0.7074        -21.2924          0.6632
14.07              -0.7067        -21.2924          0.6648
14.08              -0.7060        -21.2924          0.6665
14.09              -0.7053        -21.2924          0.6681
14.10              -0.7047        -21.2924          0.6698
14.11              -0.7040        -21.2924          0.6714
14.12              -0.7034        -21.2924          0.6730
14.13              -0.7027        -21.2924          0.6745
14.14              -0.7021        -21.2924          0.6761
14.15              -0.7014        -21.2924          0.6776
14.16              -0.7008        -21.2924          0.6791
14.17              -0.7002        -21.2924          0.6806
14.18              -0.6996        -21.2924          0.6821
14.19              -0.6990        -21.2924          0.6836
14.20              -0.6984        -21.2924          0.6850
14.21              -0.6979        -21.2923          0.6864
14.22              -0.6973        -21.2923          0.6878
14.23              -0.6968        -21.2923          0.6892
14.24              -0.6962        -21.2923          0.6906
14.25              -0.6957        -21.2923          0.6919
14.26              -0.6952        -21.2923          0.6932
14.27              -0.6947        -21.2923          0.6945
14.28              -0.6942        -21.2923          0.6958
14.29              -0.6937        -21.2923          0.6970
14.30              -0.6932        -21.2923          0.6983
14.31              -0.6928        -21.2923          0.6995
14.32              -0.6923        -21.2923          0.7007
14.33              -0.6919        -21.2923          0.7018
14.34              -0.6915        -21.2923          0.7029
14.35              -0.6911        -21.2923          0.7041
14.36              -0.6907        -21.2923          0.7051
14.37              -0.6904        -21.2923          0.7062
14.38              -0.6900        -21.2923          0.7072
14.39              -0.6897        -21.2923          0.7083
14.40              -0.6893        -21.2923          0.7093
14.41              -0.6890        -21.2923          0.7102
14.42              -0.6887        -21.2923          0.7112
14.43              -0.6884        -21.2923          0.7121
14.44              -0.6882        -21.2923          0.7130
14.45              -0.6879        -21.2923          0.7138
14.46              -0.6877        -21.2923          0.7147
14.47              -0.6874        -21.2923          0.7155
14.48              -0.6872        -21.2923          0.7163
14.49              -0.6870        -21.2922          0.7170
14.50              -0.6869        -21.2922          0.7178
14.51              -0.6867        -21.2922          0.7185
14.52              -0.6865        -21.2922          0.7192
14.53              -0.6864        -21.2922          0.7199
14.54              -0.6863        -21.2922          0.7205
14.55              -0.6862        -21.2922          0.7211
14.56              -0.6861        -21.2922          0.7217
14.57              -0.6860        -21.2922          0.7223
14.58              -0.6860        -21.2922          0.7228
14.59              -0.6859        -21.2922          0.7233
14.60              -0.6859        -21.2922          0.7238
14.61              -0.6859        -21.2922          0.7243
14.62              -0.6859        -21.2922          0.7247
14.63              -0.6860        -21.2922          0.7251
14.64              -0.6860        -21.2922          0.7255
14.65              -0.6861        -21.2922          0.7259
14.66              -0.6861        -21.2922          0.7262
14.67              -0.6862        -21.2922          0.7265
14.68              -0.6863        -21.2922          0.7268
14.69              -0.6864        -21.2922          0.7271
14.70              -0.6866        -21.2922          0.7273
14.71              -0.6867        -21.2922          0.7276
14.72              -0.6869        -21.2922          0.7278
14.73              -0.6871        -21.2921          0.7279
14.74              -0.6873        -21.2921          0.7281
14.75              -0.6875        -21.2921          0.7282
14.76              -0.6877        -21.2921          0.7283
14.77              -0.6880        -21.2921          0.7284
14.78              -0.6882        -21.2921          0.7285
14.79              -0.6885        -21.2921          0.7285
14.80              -0.6888        -21.2921          0.7286
14.81              -0.6891        -21.2921          0.7286
14.82              -0.6894        -21.2921          0.7286
14.83              -0.6897        -21.2921          0.7285
14.84              -0.6901        -21.2921          0.7285
14.85              -0.6904        -21.2921          0.7284
14.86              -0.6908        -21.2921          0.7283
14.87              -0.6912        -21.2921          0.7282
14.88              -0.6916        -21.2921          0.7281
14.89              -0.6920        -21.2921          0.7279
14.90              -0.6924        -21.2921          0.7277
14.91              -0.6928        -21.2921          0.7276
14.92              -0.6933        -21.2921          0.7274
14.93              -0.6937        -21.2921          0.7272
14.94              -0.6942        -21.2921          0.7269
14.95              -0.6947        -21.2920          0.7267
14.96              -0.6952        -21.2920          0.7264
14.97              -0.6957        -21.2920          0.7261
14.98              -0.6962        -21.2920          0.7259
14.99              -0.6967        -21.2920          0.7255
15.00              -0.6973        -21.2920          0.7252
15.01              -0.6978        -21.2920          0.7249
15.02              -0.6984        -21.2920          0.7246
15.03              -0.6990        -21.2920          0.7242
15.04              -0.6995        -21.2920          0.7238
15.05              -0.7001        -21.2920          0.7235
15.06              -0.7007        -21.2920          0.7231
15.07              -0.7013        -21.2920          0.7227
15.08              -0.7020        -21.2920          0.7223
15.09              -0.7026        -21.2920          0.7219
15.10              -0.7032        -21.2920          0.7215
15.11              -0.7039        -21.2920          0.7210
15.12              -0.7045        -21.2920          0.7206
15.13              -0.7052        -21.2920          0.7202
15.14              -0.7058        -21.2920          0.7197
15.15              -0.7065        -21.2920          0.7192
15.16              -0.7072        -21.2919          0.7188
15.17              -0.7078        -21.2919          0.7183
15.18              -0.7085        -21.2919          0.7179
15.19              -0.7092        -21.2919          0.7174
15.20              -0.7099        -21.2919          0.7169
15.21              -0.7106        -21.2919          0.7164
15.22              -0.7113        -21.2919          0.7160
15.23              -0.7120        -21.2919          0.7155
15.24              -0.7127        -21.2919          0.7150
15.25              -0.7134        -21.2919          0.7145
15.26              -0.7142        -21.2919          0.7140
15.27              -0.7149        -21.2919          0.7135
15.28              -0.7156        -21.2919          0.7131
15.29              -0.7163        -21.2919          0.7126
15.30              -0.7171        -21.2919          0.7121
15.31              -0.7178        -21.2919          0.7116
15.32              -0.7185        -21.2919          0.7112
15.33              -0.7193        -21.2919          0.7107
15.34              -0.7200        -21.2919          0.7102
15.35              -0.7207        -21.2918          0.7098
15.36              -0.7214        -21.2918          0.7093
15.37              -0.7222        -21.2918          0.7089
15.38              -0.7229        -21.2918          0.7085
15.39              -0.7236        -21.2918          0.7080
15.40              -0.7244        -21.2918          0.7076
15.41              -0.7251        -21.2918          0.7072
15.42              -0.7258        -21.2918          0.7068
15.43              -0.7265        -21.2918          0.7064
15.44              -0.7272        -21.2918          0.7060
15.45              -0.7279        -21.2918          0.7056
15.46              -0.7287        -21.2918          0.7053
15.47              -0.7294        -21.2918          0.7049
15.48              -0.7301        -21.2918          0.7046
15.49              -0.7308        -21.2918          0.7042
15.50              -0.7315        -21.2918          0.7039
15.51              -0.7321        -21.2918          0.7036
15.52              -0.7328        -21.2918          0.7033
15.53              -0.7335        -21.2918          0.7030
15.54              -0.7342        -21.2917          0.7028
15.55              -0.7348        -21.2917          0.7025
15.56              -0.7355        -21.2917          0.7023
15.57              -0.7361        -21.2917          0.7021
15.58              -0.7368        -21.2917          0.7019
15.59              -0.7374        -21.2917          0.7017
15.60              -0.7380        -21.2917          0.7015
15.61              -0.7386        -21.2917          0.7014
15.62              -0.7393        -21.2917          0.7012
15.63              -0.7399        -21.2917          0.7011
15.64              -0.7404        -21.2917          0.7010
15.65              -0.7410        -21.2917          0.7010
15.66              -0.7416        -21.2917          0.7009
15.67              -0.7422        -21.2917          0.7009
15.68              -0.7427        -21.2917          0.7008
15.69              -0.7433        -21.2917          0.7008
15.70              -0.7438        -21.2917          0.7009
15.71              -0.7443        -21.2917          0.7009
15.72              -0.7448        -21.2916          0.7010
15.73              -0.7453        -21.2916          0.7011
15.74              -0.7458        -21.2916          0.7012
15.75              -0.7463        -21.2916          0.7013
15.76              -0.7467        -21.2916          0.7015
15.77              -0.7472        -21.2916          0.7016
15.78              -0.7476        -21.2916          0.7018
15.79              -0.7481        -21.2916          0.7021
15.80              -0.7485        -21.2916          0.7023
15.81              -0.7489        -21.2916          0.7026
15.82              -0.7493        -21.2916          0.7029
15.83              -0.7496        -21.2916          0.7032
15.84              -0.7500        -21.2916          0.7035
15.85              -0.7503        -21.2916          0.7039
15.86              -0.7507        -21.2916          0.7043
15.87              -0.7510        -21.2916          0.7047
15.88              -0.7513        -21.2916          0.7051
15.89              -0.7516        -21.2916          0.7056
15.90              -0.7519        -21.2916          0.7061
15.91              -0.7521        -21.2915          0.7066
15.92              -0.7524        -21.2915          0.7072
15.93              -0.7526        -21.2915          0.7077
15.94              -0.7528        -21.2915          0.7083
15.95              -0.7530        -21.2915          0.7089
15.96              -0.7532        -21.2915          0.7096
15.97              -0.7534        -21.2915          0.7103
15.98              -0.7535        -21.2915          0.7109
15.99              -0.7537        -21.2915          0.7117
16.00              -0.7538        -21.2915          0.7124
16.01              -0.7539        -21.2915          0.7132
16.02              -0.7540        -21.2915          0.7140
16.03              -0.7541        -21.2915          0.7148
16.04              -0.7542        -21.2915          0.7157
16.05              -0.7542        -21.2915          0.7165
16.06              -0.7542        -21.2915          0.7174
16.07              -0.7543        -21.2915          0.7184
16.08              -0.7543        -21.2915          0.7193
16.09              -0.7542        -21.2915          0.7203
16.10              -0.7542        -21.2914          0.7213
16.11              -0.7542        -21.2914          0.7223
16.12              -0.7541        -21.2914          0.7234
16.13              -0.7540        -21.2914          0.7245
16.14              -0.7539        -21.2914          0.7256
16.15              -0.7538        -21.2914          0.7267
16.16              -0.7537        -21.2914          0.7279
16.17              -0.7536        -21.2914          0.7290
16.18              -0.7534        -21.2914          0.7302
16.19              -0.7532        -21.2914          0.7315
16.20              -0.7531        -21.2914          0.7327
16.21              -0.7529        -21.2914          0.7340
16.22              -0.7526        -21.2914          0.7353
16.23              -0.7524        -21.2914          0.7366
16.24              -0.7522        -21.2914          0.7380
16.25              -0.7519        -21.2914          0.7393
16.26              -0.7516        -21.2914          0.7407
16.27              -0.7513        -21.2914          0.7421
16.28              -0.7510        -21.2914          0.7436
16.29              -0.7507        -21.2914          0.7450
16.30              -0.7504        -21.2913          0.7465
16.31              -0.7500        -21.2913          0.7480
16.32              -0.7497        -21.2913          0.7495
16.33              -0.7493        -21.2913          0.7510
16.34              -0.7489        -21.2913          0.7526
16.35              -0.7485        -21.2913          0.7542
16.36              -0.7481        -21.2913          0.7558
16.37              -0.7477        -21.2913          0.7574
16.38              -0.7472        -21.2913          0.7590
16.39              -0.7468        -21.2913          0.7606
16.40              -0.7463        -21.2913          0.7623
16.41              -0.7458        -21.2913          0.7640
16.42              -0.7454        -21.2913          0.7657
16.43              -0.7449        -21.2913          0.7674
16.44              -0.7443        -21.2913          0.7691
16.45              -0.7438        -21.2913          0.7709
16.46              -0.7433        -21.2913          0.7727
16.47              -0.7427        -21.2913          0.7744
16.48              -0.7422        -21.2913          0.7762
16.49              -0.7416        -21.2913          0.7780
16.50              -0.7410        -21.2912          0.7798
16.51              -0.7404        -21.2912          0.7817
16.52              -0.7398        -21.2912          0.7835
16.53              -0.7392        -21.2912          0.7854
16.54              -0.7386        -21.2912          0.7872
16.55              -0.7380        -21.2912          0.7891
16.56              -0.7374        -21.2912          0.7910
16.57              -0.7367        -21.2912          0.7929
16.58              -0.7361        -21.2912          0.7948
16.59              -0.7354        -21.2912          0.7967
16.60              -0.7347        -21.2912          0.7987
16.61              -0.7341        -21.2912          0.8006
16.62              -0.7334        -21.2912          0.8025
16.63              -0.7327        -21.2912          0.8045
16.64              -0.7320        -21.2912          0.8064
16.65              -0.7313        -21.2912          0.8084
16.66              -0.7306        -21.2912          0.8103
16.67              -0.7299        -21.2912          0.8123
16.68              -0.7292        -21.2912          0.8143
16.69              -0.7285        -21.2912          0.8162
16.70              -0.7277        -21.2912          0.8182
16.71              -0.7270        -21.2911          0.8202
16.72              -0.7263        -21.2911          0.8222
16.73              -0.7256        -21.2911          0.8242
16.74              -0.7248        -21.2911          0.8262
16.75              -0.7241        -21.2911          0.8281
16.76              -0.7233        -21.2911          0.8301
16.77              -0.7226        -21.2911          0.8321
16.78              -0.7218        -21.2911          0.8341
16.79              -0.7211        -21.2911          0.8361
16.80              -0.7203        -21.2911          0.8380
16.81              -0.7196        -21.2911          0.8400
16.82              -0.7188        -21.2911          0.8420
16.83              -0.7181        -21.2911          0.8439
16.84              -0.7173        -21.2911          0.8459
16.85              -0.7166        -21.2911          0.8479
16.86              -0.7158        -21.2911          0.8498
16.87              -0.7151        -21.2911          0.8518
16.88              -0.7144        -21.2911          0.8537
16.89              -0.7136        -21.2911          0.8556
16.90              -0.7129        -21.2911          0.8575
16.91              -0.7121        -21.2911          0.8595
16.92              -0.7114        -21.2910          0.8614
16.93              -0.7107        -21.2910          0.8633
16.94              -0.7099        -21.2910          0.8651
16.95              -0.7092        -21.2910          0.8670
16.96              -0.7085        -21.2910          0.8689
16.97              -0.7078        -21.2910          0.8707
16.98              -0.7071        -21.2910          0.8726
16.99              -0.7063        -21.2910          0.8744
17.00              -0.7056        -21.2910          0.8762
17.01              -0.7050        -21.2910          0.8780
17.02              -0.7043        -21.2910          0.8798
17.03              -0.7036        -21.2910          0.8816
17.04              -0.7029        -21.2910          0.8833
17.05              -0.7022        -21.2910          0.8851
17.06              -0.7016        -21.2910          0.8868
17.07              -0.7009        -21.2910          0.8885
17.08              -0.7003        -21.2910          0.8902
17.09              -0.6996        -21.2910          0.8919
17.10              -0.6990        -21.2910          0.8935
17.11              -0.6984        -21.2910          0.8952
17.12              -0.6978        -21.2909          0.8968
17.13              -0.6972        -21.2909          0.8984
17.14              -0.6966        -21.2909          0.9000
17.15              -0.6960        -21.2909          0.9015
17.16              -0.6954        -21.2909          0.9031
17.17              -0.6949        -21.2909          0.9046
17.18              -0.6943        -21.2909          0.9061
17.19              -0.6938        -21.2909          0.9076
17.20              -0.6932        -21.2909          0.9091
17.21              -0.6927        -21.2909          0.9105
17.22              -0.6922        -21.2909          0.9119
17.23              -0.6917        -21.2909          0.9133
17.24              -0.6913        -21.2909          0.9147
17.25              -0.6908        -21.2909          0.9161
17.26              -0.6903        -21.2909          0.9174
17.27              -0.6899        -21.2909          0.9187
17.28              -0.6894        -21.2909          0.9200
17.29              -0.6890        -21.2909          0.9212
17.30              -0.6886        -21.2909          0.9225
17.31              -0.6882        -21.2908          0.9237
17.32              -0.6879        -21.2908          0.9249
17.33              -0.6875        -21.2908          0.9260
17.34              -0.6871        -21.2908          0.9272
17.35              -0.6868        -21.2908          0.9283
17.36              -0.6865        -21.2908          0.9293
17.37              -0.6862        -21.2908          0.9304
17.38              -0.6859        -21.2908          0.9314
17.39              -0.6856        -21.2908          0.9325
17.40              -0.6854        -21.2908          0.9334
17.41              -0.6851        -21.2908          0.9344
17.42              -0.6849        -21.2908          0.9353
17.43              -0.6847        -21.2908          0.9362
17.44              -0.6845        -21.2908          0.9371
17.45              -0.6843        -21.2908          0.9380
17.46              -0.6841        -21.2908          0.9388
17.47              -0.6839        -21.2908          0.9396
17.48              -0.6838        -21.2908          0.9404
17.49              -0.6837        -21.2907          0.9411
17.50              -0.6836        -21.2907          0.9418
17.51              -0.6835        -21.2907          0.9425
17.52              -0.6834        -21.2907          0.9432
17.53              -0.6834        -21.2907          0.9438
17.54              -0.6833        -21.2907          0.9444
17.55              -0.6833        -21.2907          0.9450
17.56              -0.6833        -21.2907          0.9456
17.57              -0.6833        -21.2907          0.9461
17.58              -0.6833        -21.2907          0.9466
17.59              -0.6833        -21.2907          0.9471
17.60              -0.6834        -21.2907          0.9476
17.61              -0.6835        -21.2907          0.9480
17.62              -0.6835        -21.2907          0.9484
17.63              -0.6836        -21.2907          0.9488
17.64              -0.6838        -21.2907          0.9491
17.65              -0.6839        -21.2907          0.9494
17.66              -0.6840        -21.2906          0.9497
17.67              -0.6842        -21.2906          0.9500
17.68              -0.6844        -21.2906          0.9503
17.69              -0.6846        -21.2906          0.9505
17.70              -0.6848        -21.2906          0.9507
17.71              -0.6850        -21.2906          0.9509
17.72              -0.6853        -21.2906          0.9510
17.73              -0.6855        -21.2906          0.9512
17.74              -0.6858        -21.2906          0.9513
17.75              -0.6861        -21.2906          0.9514
17.76              -0.6864        -21.2906          0.9514
17.77              -0.6867        -21.2906          0.9515
17.78              -0.6870        -21.2906          0.9515
17.79              -0.6874        -21.2906          0.9515
17.80              -0.6878        -21.2906          0.9514
17.81              -0.6881        -21.2906          0.9514
17.82              -0.6885        -21.2905          0.9513
17.83              -0.6889        -21.2905          0.9512
17.84              -0.6893        -21.2905          0.9511
17.85              -0.6898        -21.2905          0.9510
17.86              -0.6902        -21.2905          0.9508
17.87              -0.6907        -21.2905          0.9506
17.88              -0.6911        -21.2905          0.9504
17.89              -0.6916        -21.2905          0.9502
17.90              -0.6921        -21.2905          0.9500
17.91              -0.6926        -21.2905          0.9498
17.92              -0.6932        -21.2905          0.9495
17.93              -0.6937        -21.2905          0.9492
17.94              -0.6942        -21.2905          0.9489
17.95              -0.6948        -21.2905          0.9486
17.96              -0.6954        -21.2905          0.9483
17.97              -0.6959        -21.2904          0.9479
17.98              -0.6965        -21.2904          0.9476
17.99              -0.6971        -21.2904          0.9472
18.00              -0.6977        -21.2904          0.9468
18.01              -0.6984        -21.2904          0.9464
18.02              -0.6990        -21.2904          0.9460
18.03              -0.6996        -21.2904          0.9455
18.04              -0.7003        -21.2904          0.9451
18.05              -0.7009        -21.2904          0.9447
18.06              -0.7016        -21.2904          0.9442
18.07              -0.7023        -21.2904          0.9437
18.08              -0.7030        -21.2904          0.9432
18.09              -0.7037        -21.2904          0.9427
18.10              -0.7044        -21.2904          0.9422
18.11              -0.7051        -21.2904          0.9417
18.12              -0.7058        -21.2903          0.9412
18.13              -0.7065        -21.2903          0.9407
18.14              -0.7072        -21.2903          0.9401
18.15              -0.7079        -21.2903          0.9396
18.16              -0.7087        -21.2903          0.9391
18.17              -0.7094        -21.2903          0.9385
18.18              -0.7102        -21.2903          0.9380
18.19              -0.7109        -21.2903          0.9374
18.20              -0.7117        -21.2903          0.9368
18.21              -0.7124        -21.2903          0.9363
18.22              -0.7132        -21.2903          0.9357
18.23              -0.7140        -21.2903          0.9351
18.24              -0.7147        -21.2903          0.9345
18.25              -0.7155        -21.2903          0.9340
18.26              -0.7163        -21.2903          0.9334
18.27              -0.7170        -21.2902          0.9328
18.28              -0.7178        -21.2902          0.9322
18.29              -0.7186        -21.2902          0.9317
18.30              -0.7194        -21.2902          0.9311
18.31              -0.7202        -21.2902          0.9305
18.32              -0.7209        -21.2902          0.9300
18.33              -0.7217        -21.2902          0.9294
18.34              -0.7225        -21.2902          0.9288
18.35              -0.7233        -21.2902          0.9283
18.36              -0.7241        -21.2902          0.9277
18.37              -0.7248        -21.2902          0.9272
18.38              -0.7256        -21.2902          0.9266
18.39              -0.7264        -21.2902          0.9261
18.40              -0.7272        -21.2902          0.9256
18.41              -0.7279        -21.2901          0.9251
18.42              -0.7287        -21.2901          0.9246
18.43              -0.7295        -21.2901          0.9241
18.44              -0.7302        -21.2901          0.9236
18.45              -0.7310        -21.2901          0.9231
18.46              -0.7317        -21.2901          0.9226
18.47              -0.7325        -21.2901          0.9221
18.48              -0.7332        -21.2901          0.9217
18.49              -0.7339        -21.2901          0.9212
18.50              -0.7347        -21.2901          0.9208
18.51              -0.7354        -21.2901          0.9204
18.52              -0.7361        -21.2901          0.9200
18.53              -0.7368        -21.2901          0.9196
18.54              -0.7375        -21.2901          0.9192
18.55              -0.7382        -21.2901          0.9189
18.56              -0.7389        -21.2900          0.9185
18.57              -0.7396        -21.2900          0.9182
18.58              -0.7402        -21.2900          0.9179
18.59              -0.7409        -21.2900          0.9176
18.60              -0.7415        -21.2900          0.9173
18.61              -0.7422        -21.2900          0.9170
18.62              -0.7428        -21.2900          0.9167
18.63              -0.7434        -21.2900          0.9165
18.64              -0.7441        -21.2900          0.9163
18.65              -0.7447        -21.2900          0.9161
18.66              -0.7453        -21.2900          0.9159
18.67              -0.7458        -21.2900          0.9158
18.68              -0.7464        -21.2900          0.9156
18.69              -0.7470        -21.2900          0.9155
18.70              -0.7475        -21.2900          0.9154
18.71              -0.7481        -21.2899          0.9153
18.72              -0.7486        -21.2899          0.9152
18.73              -0.7491        -21.2899          0.9152
18.74              -0.7496        -21.2899          0.9152
18.75              -0.7501        -21.2899          0.9152
18.76              -0.7506        -21.2899          0.9152
18.77              -0.7510        -21.2899          0.9153
18.78              -0.7515        -21.2899          0.9153
18.79              -0.7519        -21.2899          0.9154
18.80              -0.7523        -21.2899          0.9155
18.81              -0.7528        -21.2899          0.9157
18.82              -0.7531        -21.2899          0.9158
18.83              -0.7535        -21.2899          0.9160
18.84              -0.7539        -21.2899          0.9162
18.85              -0.7542        -21.2899          0.9164
18.86              -0.7546        -21.2899          0.9167
18.87              -0.7549        -21.2898          0.9170
18.88              -0.7552        -21.2898          0.9173
18.89              -0.7555        -21.2898          0.9176
18.90              -0.7558        -21.2898          0.9179
18.91              -0.7560        -21.2898          0.9183
18.92              -0.7563        -21.2898          0.9187
18.93              -0.7565        -21.2898          0.9191
18.94              -0.7567        -21.2898          0.9196
18.95              -0.7569        -21.2898          0.9200
18.96              -0.7571        -21.2898          0.9205
18.97              -0.7573        -21.2898          0.9211
18.98              -0.7574        -21.2898          0.9216
18.99              -0.7576        -21.2898          0.9222
19.00              -0.7577        -21.2898          0.9228
19.01              -0.7578        -21.2898          0.9234
19.02              -0.7579        -21.2898          0.9240
19.03              -0.7579        -21.2898          0.9247
19.04              -0.7580        -21.2897          0.9254
19.05              -0.7580        -21.2897          0.9261
19.06              -0.7581        -21.2897          0.9269
19.07              -0.7581        -21.2897          0.9276
19.08              -0.7581        -21.2897          0.9284
19.09              -0.7580        -21.2897          0.9292
19.10              -0.7580        -21.2897          0.9301
19.11              -0.7579        -21.2897          0.9310
19.12              -0.7578        -21.2897          0.9318
19.13              -0.7578        -21.2897          0.9328
19.14              -0.7576        -21.2897          0.9337
19.15              -0.7575        -21.2897          0.9347
19.16              -0.7574        -21.2897          0.9356
19.17              -0.7572        -21.2897          0.9367
19.18              -0.7570        -21.2897          0.9377
19.19              -0.7569        -21.2897          0.9387
19.20              -0.7567        -21.2897          0.9398
19.21              -0.7564        -21.2896          0.9409
19.22              -0.7562        -21.2896          0.9420
19.23              -0.7559        -21.2896          0.9432
19.24              -0.7557        -21.2896          0.9444
19.25              -0.7554        -21.2896          0.9455
19.26              -0.7551        -21.2896          0.9467
19.27              -0.7548        -21.2896          0.9480
19.28              -0.7544        -21.2896          0.9492
19.29              -0.7541        -21.2896          0.9505
19.30              -0.7537        -21.2896          0.9518
19.31              -0.7534        -21.2896          0.9531
19.32              -0.7530        -21.2896          0.9544
19.33              -0.7526        -21.2896          0.9558
19.34              -0.7522        -21.2896          0.9571
19.35              -0.7517        -21.2896          0.9585
19.36              -0.7513        -21.2896          0.9599
19.37              -0.7508        -21.2896          0.9614
19.38              -0.7504        -21.2896          0.9628
19.39              -0.7499        -21.2896          0.9642
19.40              -0.7494        -21.2895          0.9657
19.41              -0.7489        -21.2895          0.9672
19.42              -0.7484        -21.2895          0.9687
19.43              -0.7478        -21.2895          0.9702
19.44              -0.7473        -21.2895          0.9718
19.45              -0.7467        -21.2895          0.9733
19.46              -0.7462        -21.2895          0.9749
19.47              -0.7456        -21.2895          0.9764
19.48              -0.7450        -21.2895          0.9780
19.49              -0.7444        -21.2895          0.9796
19.50              -0.7438        -21.2895          0.9812
19.51              -0.7432        -21.2895          0.9829
19.52              -0.7425        -21.2895          0.9845
19.53              -0.7419        -21.2895          0.9861
19.54              -0.7412        -21.2895          0.9878
19.55              -0.7406        -21.2895          0.9894
19.56              -0.7399        -21.2895          0.9911
19.57              -0.7392        -21.2895          0.9928
19.58              -0.7385        -21.2895          0.9945
19.59              -0.7379        -21.2895          0.9962
19.60              -0.7372        -21.2895          0.9979
19.61              -0.7364        -21.2894          0.9996
19.62              -0.7357        -21.2894          1.0013
19.63              -0.7350        -21.2894          1.0030
19.64              -0.7343        -21.2894          1.0048
19.65              -0.7335        -21.2894          1.0065
19.66              -0.7328        -21.2894          1.0082
19.67              -0.7321        -21.2894          1.0100
19.68              -0.7313        -21.2894          1.0117
19.69              -0.7306        -21.2894          1.0135
19.70              -0.7298        -21.2894          1.0152
19.71              -0.7290        -21.2894          1.0169
19.72              -0.7283        -21.2894          1.0187
19.73              -0.7275        -21.2894          1.0204
19.74              -0.7267        -21.2894          1.0222
19.75              -0.7259        -21.2894          1.0239
19.76              -0.7252        -21.2894          1.0257
19.77              -0.7244        -21.2894          1.0274
19.78              -0.7236        -21.2894          1.0292
19.79              -0.7228        -21.2894          1.0309
19.80              -0.7220        -21.2894          1.0326
19.81              -0.7212        -21.2894          1.0344
19.82              -0.7205        -21.2893          1.0361
19.83              -0.7197        -21.2893          1.0378
19.84              -0.7189        -21.2893          1.0395
19.85              -0.7181        -21.2893          1.0412
19.86              -0.7173        -21.2893          1.0429
19.87              -0.7165        -21.2893          1.0446
19.88              -0.7157        -21.2893          1.0463
19.89              -0.7150        -21.2893          1.0480
19.90              -0.7142        -21.2893          1.0496
19.91              -0.7134        -21.2893          1.0513
19.92              -0.7126        -21.2893          1.0529
19.93              -0.7119        -21.2893          1.0546
19.94              -0.7111        -21.2893          1.0562
19.95              -0.7103        -21.2893          1.0578
19.96              -0.7096        -21.2893          1.0594
19.97              -0.7088        -21.2893          1.0610
19.98              -0.7081        -21.2893          1.0626
19.99              -0.7073        -21.2893          1.0641
20.00              -0.7066        -21.2893          1.0657
20.01              -0.7059        -21.2893          1.0672
20.02              -0.7052        -21.2893          1.0687
20.03              -0.7044        -21.2893          1.0702
20.04              -0.7037        -21.2892          1.0717
20.05              -0.7030        -21.2892          1.0732
20.06              -0.7023        -21.2892          1.0746
20.07              -0.7016        -21.2892          1.0761
20.08              -0.7010        -21.2892          1.0775
20.09              -0.7003        -21.2892          1.0789
20.10              -0.6996        -21.2892          1.0803
20.11              -0.6990        -21.2892          1.0816
20.12              -0.6983        -21.2892          1.0830
20.13              -0.6977        -21.2892          1.0843
20.14              -0.6971        -21.2892          1.0856
20.15              -0.6965        -21.2892          1.0869
20.16              -0.6959        -21.2892          1.0882
20.17              -0.6953        -21.2892          1.0894
20.18              -0.6947        -21.2892          1.0906
20.19              -0.6941        -21.2892          1.0918
20.20              -0.6936        -21.2892          1.0930
20.21              -0.6930        -21.2892          1.0941
20.22              -0.6925        -21.2892          1.0953
20.23              -0.6919        -21.2892          1.0964
20.24              -0.6914        -21.2892          1.0975
20.25              -0.6909        -21.2891          1.0985
20.26              -0.6904        -21.2891          1.0996
20.27              -0.6900        -21.2891          1.1006
20.28              -0.6895        -21.2891          1.1016
20.29              -0.6891        -21.2891          1.1025
20.30              -0.6886        -21.2891          1.1035
20.31              -0.6882        -21.2891          1.1044
20.32              -0.6878        -21.2891          1.1053
20.33              -0.6874        -21.2891          1.1062
20.34              -0.6870        -21.2891          1.1070
20.35              -0.6867        -21.2891          1.1078
20.36              -0.6863        -21.2891          1.1086
20.37              -0.6860        -21.2891          1.1094
20.38              -0.6857        -21.2891          1.1101
20.39              -0.6854        -21.2891          1.1108
20.40              -0.6851        -21.2891          1.1115
20.41              -0.6848        -21.2891          1.1121
20.42              -0.6846        -21.2891          1.1128
20.43              -0.6843        -21.2891          1.1134
20.44              -0.6841        -21.2890          1.1139
20.45              -0.6839        -21.2890          1.1145
20.46              -0.6837        -21.2890          1.1150
20.47              -0.6835        -21.2890          1.1155
20.48              -0.6833        -21.2890          1.1160
20.49              -0.6832        -21.2890          1.1164
20.50              -0.6831        -21.2890          1.1168
20.51              -0.6830        -21.2890          1.1172
20.52              -0.6829        -21.2890          1.1176
20.53              -0.6828        -21.2890          1.1179
20.54              -0.6827        -21.2890          1.1182
20.55              -0.6827        -21.2890          1.1185
20.56              -0.6826        -21.2890          1.1187
20.57              -0.6826        -21.2890          1.1190
20.58              -0.6826        -21.2890          1.1192
20.59              -0.6826        -21.2890          1.1193
20.60              -0.6827        -21.2890          1.1195
20.61              -0.6827        -21.2890          1.1196
20.62              -0.6828        -21.2889          1.1197
20.63              -0.6829        -21.2889          1.1198
20.64              -0.6830        -21.2889          1.1198
20.65              -0.6831        -21.2889          1.1198
20.66              -0.6832        -21.2889          1.1198
20.67              -0.6834        -21.2889          1.1198
20.68              -0.6835        -21.2889          1.1197
20.69              -0.6837        -21.2889          1.1196
20.70              -0.6839        -21.2889          1.1195
20.71              -0.6841        -21.2889          1.1194
20.72              -0.6843        -21.2889          1.1192
20.73              -0.6846        -21.2889          1.1191
20.74              -0.6848        -21.2889          1.1188
20.75              -0.6851        -21.2889          1.1186
20.76              -0.6854        -21.2889          1.1184
20.77              -0.6857        -21.2889          1.1181
20.78              -0.6860        -21.2889          1.1178
20.79              -0.6863        -21.2888          1.1175
20.80              -0.6867        -21.2888          1.1171
20.81              -0.6870        -21.2888          1.1168
20.82              -0.6874        -21.2888          1.1164
20.83              -0.6878        -21.2888          1.1160
20.84              -0.6882        -21.2888          1.1155
20.85              -0.6886        -21.2888          1.1151
20.86              -0.6891        -21.2888          1.1146
20.87              -0.6895        -21.2888          1.1141
20.88              -0.6900        -21.2888          1.1136
20.89              -0.6904        -21.2888          1.1131
20.90              -0.6909        -21.2888          1.1126
20.91              -0.6914        -21.2888          1.1120
20.92              -0.6919        -21.2888          1.1114
20.93              -0.6924        -21.2888          1.1108
20.94              -0.6930        -21.2888          1.1102
20.95              -0.6935        -21.2887          1.1096
20.96              -0.6941        -21.2887          1.1090
20.97              -0.6946        -21.2887          1.1083
20.98              -0.6952        -21.2887          1.1076
20.99              -0.6958        -21.2887          1.1069
21.00              -0.6964        -21.2887          1.1062
21.01              -0.6970        -21.2887          1.1055
21.02              -0.6976        -21.2887          1.1048
21.03              -0.6983        -21.2887          1.1041
21.04              -0.6989        -21.2887          1.1033
21.05              -0.6995        -21.2887          1.1026
21.06              -0.7002        -21.2887          1.1018
21.07              -0.7009        -21.2887          1.1010
21.08              -0.7015        -21.2887          1.1002
21.09              -0.7022        -21.2887          1.0994
21.10              -0.7029        -21.2886          1.0986
21.11              -0.7036        -21.2886          1.0978
21.12              -0.7043        -21.2886          1.0969
21.13              -0.7050        -21.2886          1.0961
21.14              -0.7057        -21.2886          1.0953
21.15              -0.7065        -21.2886          1.0944
21.16              -0.7072        -21.2886          1.0936
21.17              -0.7079        -21.2886          1.0927
21.18              -0.7087        -21.2886          1.0918
21.19              -0.7094        -21.2886          1.0910
21.20              -0.7101        -21.2886          1.0901
21.21              -0.7109        -21.2886          1.0892
21.22              -0.7116        -21.2886          1.0884
21.23              -0.7124        -21.2886          1.0875
21.24              -0.7132        -21.2886          1.0866
21.25              -0.7139        -21.2885          1.0857
21.26              -0.7147        -21.2885          1.0848
21.27              -0.7155        -21.2885          1.0840
21.28              -0.7162        -21.2885          1.0831
21.29              -0.7170        -21.2885          1.0822
21.30              -0.7178        -21.2885          1.0813
21.31              -0.7186        -21.2885          1.0805
21.32              -0.7193        -21.2885          1.0796
21.33              -0.7201        -21.2885          1.0787
21.34              -0.7209        -21.2885          1.0779
21.35              -0.7217        -21.2885          1.0770
21.36              -0.7224        -21.2885          1.0762
21.37              -0.7232        -21.2885          1.0753
21.38              -0.7240        -21.2885          1.0745
21.39              -0.7247        -21.2885          1.0737
21.40              -0.7255        -21.2885          1.0728
21.41              -0.7263        -21.2884          1.0720
21.42              -0.7270        -21.2884          1.0712
21.43              -0.7278        -21.2884          1.0704
21.44              -0.7285        -21.2884          1.0696
21.45              -0.7293        -21.2884          1.0688
21.46              -0.7300        -21.2884          1.0681
21.47              -0.7308        -21.2884          1.0673
21.48              -0.7315        -21.2884          1.0666
21.49              -0.7322        -21.2884          1.0658
21.50              -0.7329        -21.2884          1.0651
21.51              -0.7337        -21.2884          1.0644
21.52              -0.7344        -21.2884          1.0637
21.53              -0.7351        -21.2884          1.0630
21.54              -0.7358        -21.2884          1.0623
21.55              -0.7365        -21.2884          1.0617
21.56              -0.7372        -21.2884          1.0611
21.57              -0.7378        -21.2883          1.0604
21.58              -0.7385        -21.2883          1.0598
21.59              -0.7392        -21.2883          1.0592
21.60              -0.7398        -21.2883          1.0587
21.61              -0.7404        -21.2883          1.0581
21.62              -0.7411        -21.2883          1.0576
21.63              -0.7417        -21.2883          1.0570
21.64              -0.7423        -21.2883          1.0565
21.65              -0.7429        -21.2883          1.0560
21.66              -0.7435        -21.2883          1.0556
21.67              -0.7441        -21.2883          1.0551
21.68              -0.7447        -21.2883          1.0547
21.69              -0.7452        -21.2883          1.0543
21.70              -0.7458        -21.2883          1.0539
21.71              -0.7463        -21.2883          1.0535
21.72              -0.7468        -21.2883          1.0532
21.73              -0.7473        -21.2882          1.0529
21.74              -0.7478        -21.2882          1.0526
21.75              -0.7483        -21.2882          1.0523
21.76              -0.7488        -21.2882          1.0520
21.77              -0.7493        -21.2882          1.0518
21.78              -0.7497        -21.2882          1.0516
21.79              -0.7502        -21.2882          1.0514
21.80              -0.7506        -21.2882          1.0512
21.81              -0.7510        -21.2882          1.0511
21.82              -0.7514        -21.2882          1.0509
21.83              -0.7518        -21.2882          1.0509
21.84              -0.7521        -21.2882          1.0508
21.85              -0.7525        -21.2882          1.0507
21.86              -0.7528        -21.2882          1.0507
21.87              -0.7532        -21.2882          1.0507
21.88              -0.7535        -21.2882          1.0507
21.89              -0.7538        -21.2882          1.0508
21.90              -0.7540        -21.2881          1.0508
21.91              -0.7543        -21.2881          1.0509
21.92              -0.7546        -21.2881          1.0511
21.93              -0.7548        -21.2881          1.0512
21.94              -0.7550        -21.2881          1.0514
21.95              -0.7552        -21.2881          1.0516
21.96              -0.7554        -21.2881          1.0518
21.97              -0.7556        -21.2881          1.0520
21.98              -0.7557        -21.2881          1.0523
21.99              -0.7559        -21.2881          1.0526
22.00              -0.7560        -21.2881          1.0529
22.01              -0.7561        -21.2881          1.0533
22.02              -0.7562        -21.2881          1.0536
22.03              -0.7563        -21.2881          1.0540
22.04              -0.7563        -21.2881          1.0545
22.05              -0.7564        -21.2881          1.0549
22.06              -0.7564        -21.2881          1.0554
22.07              -0.7564        -21.2881          1.0559
22.08              -0.7564        -21.2881          1.0564
22.09              -0.7564        -21.2880          1.0569
22.10              -0.7563        -21.2880          1.0575
22.11              -0.7563        -21.2880          1.0581
22.12              -0.7562        -21.2880          1.0587
22.13              -0.7561        -21.2880          1.0594
22.14              -0.7560        -21.2880          1.0600
22.15              -0.7559        -21.2880          1.0607
22.16              -0.7558        -21.2880          1.0614
22.17              -0.7556        -21.2880          1.0622
22.18              -0.7555        -21.2880          1.0629
22.19              -0.7553        -21.2880          1.0637
22.20              -0.7551        -21.2880          1.0645
22.21              -0.7549        -21.2880          1.0654
22.22              -0.7546        -21.2880          1.0662
22.23              -0.7544        -21.2880          1.0671
22.24              -0.7541        -21.2880          1.0680
22.25              -0.7539        -21.2880          1.0689
22.26              -0.7536        -21.2880          1.0699
22.27              -0.7533        -21.2880          1.0708
22.28              -0.7530        -21.2880          1.0718
22.29              -0.7526        -21.2880          1.0728
22.30              -0.7523        -21.2879          1.0738
22.31              -0.7519        -21.2879          1.0749
22.32              -0.7515        -21.2879          1.0759
22.33              -0.7512        -21.2879          1.0770
22.34              -0.7507        -21.2879          1.0781
22.35              -0.7503        -21.2879          1.0792
22.36              -0.7499        -21.2879          1.0804
22.37              -0.7495        -21.2879          1.0815
22.38              -0.7490        -21.2879          1.0827
22.39              -0.7485        -21.2879          1.0839
22.40              -0.7481        -21.2879          1.0851
22.41              -0.7476        -21.2879          1.0863
22.42              -0.7471        -21.2879          1.0875
22.43              -0.7465        -21.2879          1.0888
22.44              -0.7460        -21.2879          1.0900
22.45              -0.7455        -21.2879          1.0913
22.46              -0.7449        -21.2879          1.0926
22.47              -0.7443        -21.2879          1.0939
22.48              -0.7438        -21.2879          1.0952
22.49              -0.7432        -21.2879          1.0966
22.50              -0.7426        -21.2879          1.0979
22.51              -0.7420        -21.2879          1.0993
22.52              -0.7414        -21.2879          1.1006
22.53              -0.7408        -21.2878          1.1020
22.54              -0.7401        -21.2878          1.1034
22.55              -0.7395        -21.2878          1.1048
22.56              -0.7388        -21.2878          1.1062
22.57              -0.7382        -21.2878          1.1076
22.58              -0.7375        -21.2878          1.1091
22.59              -0.7368        -21.2878          1.1105
22.60              -0.7361        -21.2878          1.1119
22.61              -0.7355        -21.2878          1.1134
22.62              -0.7348        -21.2878          1.1148
22.63              -0.7341        -21.2878          1.1163
22.64              -0.7333        -21.2878          1.1178
22.65              -0.7326        -21.2878          1.1192
22.66              -0.7319        -21.2878          1.1207
22.67              -0.7312        -21.2878          1.1222
22.68              -0.7305        -21.2878          1.1236
22.69              -0.7297        -21.2878          1.1251
22.70              -0.7290        -21.2878          1.1266
22.71              -0.7282        -21.2878          1.1281
22.72              -0.7275        -21.2878          1.1296
22.73              -0.7267        -21.2878          1.1311
22.74              -0.7260        -21.2878          1.1325
22.75              -0.7252        -21.2878          1.1340
22.76              -0.7245        -21.2878          1.1355
22.77              -0.7237        -21.2878          1.1370
22.78              -0.7230        -21.2877          1.1385
22.79              -0.7222        -21.2877          1.1399
22.80              -0.7214        -21.2877          1.1414
22.81              -0.7207        -21.2877          1.1429
22.82              -0.7199        -21.2877          1.1443
22.83              -0.7192        -21.2877          1.1458
22.84              -0.7184        -21.2877          1.1473
22.85              -0.7176        -21.2877          1.1487
22.86              -0.7169        -21.2877          1.1501
22.87              -0.7161        -21.2877          1.1516
22.88              -0.7153        -21.2877          1.1530
22.89              -0.7146        -21.2877          1.1544
22.90              -0.7138        -21.2877          1.1558
22.91              -0.7131        -21.2877          1.1572
22.92              -0.7123        -21.2877          1.1586
22.93              -0.7116        -21.2877          1.1600
22.94              -0.7109        -21.2877          1.1613
22.95              -0.7101        -21.2877          1.1627
22.96              -0.7094        -21.2877          1.1640
22.97              -0.7087        -21.2877          1.1654
22.98              -0.7079        -21.2877          1.1667
22.99              -0.7072        -21.2877          1.1680
23.00              -0.7065        -21.2877          1.1693
23.01              -0.7058        -21.2877          1.1706
23.02              -0.7051        -21.2877          1.1718
23.03              -0.7044        -21.2877          1.1731
23.04              -0.7037        -21.2877          1.1743
23.05              -0.7031        -21.2876          1.1755
23.06              -0.7024        -21.2876          1.1767
23.07              -0.7017        -21.2876          1.1779
23.08              -0.7011        -21.2876          1.1791
23.09              -0.7004        -21.2876          1.1802
23.10              -0.6998        -21.2876          1.1814
23.11              -0.6992        -21.2876          1.1825
23.12              -0.6986        -21.2876          1.1836
23.13              -0.6979        -21.2876          1.1846
23.14              -0.6974        -21.2876          1.1857
23.15              -0.6968        -21.2876          1.1867
23.16              -0.6962        -21.2876          1.1877
23.17              -0.6956        -21.2876          1.1887
23.18              -0.6951        -21.2876          1.1897
23.19              -0.6945        -21.2876          1.1907
23.20              -0.6940        -21.2876          1.1916
23.21              -0.6935        -21.2876          1.1925
23.22              -0.6930        -21.2876          1.1934
23.23              -0.6925        -21.2876          1.1942
23.24              -0.6920        -21.2876          1.1951
23.25              -0.6915        -21.2876          1.1959
23.26              -0.6910        -21.2876          1.1967
23.27              -0.6906        -21.2876          1.1975
23.28              -0.6902        -21.2876          1.1982
23.29              -0.6897        -21.2876          1.1990
23.30              -0.6893        -21.2876          1.1997
23.31              -0.6889        -21.2875          1.2003
23.32              -0.6885        -21.2875          1.2010
23.33              -0.6882        -21.2875          1.2016
23.34              -0.6878        -21.2875          1.2022
23.35              -0.6875        -21.2875          1.2028
23.36              -0.6872        -21.2875          1.2033
23.37              -0.6869        -21.2875          1.2039
23.38              -0.6866        -21.2875          1.2044
23.39              -0.6863        -21.2875          1.2048
23.40              -0.6860        -21.2875          1.2053
23.41              -0.6858        -21.2875          1.2057
23.42              -0.6855        -21.2875          1.2061
23.43              -0.6853        -21.2875          1.2065
23.44              -0.6851        -21.2875          1.2068
23.45              -0.6849        -21.2875          1.2072
23.46              -0.6848        -21.2875          1.2075
23.47              -0.6846        -21.2875          1.2077
23.48              -0.6845        -21.2875          1.2080
23.49              -0.6843        -21.2875          1.2082
23.50              -0.6842        -21.2875          1.2084
23.51              -0.6841        -21.2875          1.2085
23.52              -0.6841        -21.2875          1.2087
23.53              -0.6840        -21.2875          1.2088
23.54              -0.6840        -21.2875          1.2089
23.55              -0.6839        -21.2875          1.2089
23.56              -0.6839        -21.2874          1.2090
23.57              -0.6839        -21.2874          1.2090
23.58              -0.6839        -21.2874          1.2090
23.59              -0.6840        -21.2874          1.2089
23.60              -0.6840        -21.2874          1.2089
23.61              -0.6841        -21.2874          1.2088
23.62              -0.6842        -21.2874          1.2087
23.63              -0.6843        -21.2874          1.2085
23.64              -0.6844        -21.2874          1.2083
23.65              -0.6845        -21.2874          1.2082
23.66              -0.6847        -21.2874          1.2079
23.67              -0.6848        -21.2874          1.2077
23.68              -0.6850        -21.2874          1.2074
23.69              -0.6852        -21.2874          1.2071
23.70              -0.6854        -21.2874          1.2068
23.71              -0.6857        -21.2874          1.2065
23.72              -0.6859        -21.2874          1.2061
23.73              -0.6862        -21.2874          1.2058
23.74              -0.6864        -21.2874          1.2054
23.75              -0.6867        -21.2874          1.2049
23.76              -0.6870        -21.2874          1.2045
23.77              -0.6873        -21.2874          1.2040
23.78              -0.6877        -21.2874          1.2035
23.79              -0.6880        -21.2873          1.2030
23.80              -0.6884        -21.2873          1.2025
23.81              -0.6887        -21.2873          1.2019
23.82              -0.6891        -21.2873          1.2014
23.83              -0.6895        -21.2873          1.2008
23.84              -0.6899        -21.2873          1.2002
23.85              -0.6904        -21.2873          1.1995
23.86              -0.6908        -21.2873          1.1989
23.87              -0.6913        -21.2873          1.1982
23.88              -0.6917        -21.2873          1.1976
23.89              -0.6922        -21.2873          1.1969
23.90              -0.6927        -21.2873          1.1961
23.91              -0.6932        -21.2873          1.1954
23.92              -0.6937        -21.2873          1.1947
23.93              -0.6942        -21.2873          1.1939
23.94              -0.6948        -21.2873          1.1931
23.95              -0.6953        -21.2873          1.1923
23.96              -0.6959        -21.2873          1.1915
23.97              -0.6965        -21.2873          1.1907
23.98              -0.6970        -21.2873          1.1899
23.99              -0.6976        -21.2873          1.1890
24.00              -0.6982        -21.2873          1.1881
24.01              -0.6989        -21.2873          1.1873
24.02              -0.6995        -21.2872          1.1864
24.03              -0.7001        -21.2872          1.1855
24.04              -0.7007        -21.2872          1.1846
24.05              -0.7014        -21.2872          1.1837
24.06              -0.7021        -21.2872          1.1827
24.07              -0.7027        -21.2872          1.1818
24.08              -0.7034        -21.2872          1.1809
24.09              -0.7041        -21.2872          1.1799
24.10              -0.7048        -21.2872          1.1790
24.11              -0.7055        -21.2872          1.1780
24.12              -0.7062        -21.2872          1.1770
24.13              -0.7069        -21.2872          1.1761
24.14              -0.7076        -21.2872          1.1751
24.15              -0.7083        -21.2872          1.1741
24.16              -0.7090        -21.2872          1.1731
24.17              -0.7097        -21.2872          1.1721
24.18              -0.7105        -21.2872          1.1711
24.19              -0.7112        -21.2872          1.1701
24.20              -0.7120        -21.2872          1.1691
24.21              -0.7127        -21.2872          1.1681
24.22              -0.7135        -21.2872          1.1671
24.23              -0.7142        -21.2872          1.1661
24.24              -0.7150        -21.2871          1.1651
24.25              -0.7157        -21.2871          1.1641
24.26              -0.7165        -21.2871          1.1631
24.27              -0.7172        -21.2871          1.1621
24.28              -0.7180        -21.2871          1.1611
24.29              -0.7188        -21.2871          1.1601
24.30              -0.7195        -21.2871          1.1592
24.31              -0.7203        -21.2871          1.1582
24.32              -0.7210        -21.2871          1.1572
24.33              -0.7218        -21.2871          1.1562
24.34              -0.7226        -21.2871          1.1553
24.35              -0.7233        -21.2871          1.1543
24.36              -0.7241        -21.2871          1.1533
24.37              -0.7249        -21.2871          1.1524
24.38              -0.7256        -21.2871          1.1515
24.39              -0.7264        -21.2871          1.1505
24.40              -0.7271        -21.2871          1.1496
24.41              -0.7279        -21.2871          1.1487
24.42              -0.7286        -21.2871          1.1478
24.43              -0.7293        -21.2871          1.1469
24.44              -0.7301        -21.2871          1.1460
24.45              -0.7308        -21.2871          1.1451
24.46              -0.7315        -21.2871          1.1443
24.47              -0.7323        -21.2870          1.1434
24.48              -0.7330        -21.2870          1.1426
24.49              -0.7337        -21.2870          1.1418
24.50              -0.7344        -21.2870          1.1410
24.51              -0.7351        -21.2870          1.1402
24.52              -0.7358        -21.2870          1.1394
24.53              -0.7365        -21.2870          1.1387
24.54              -0.7372        -21.2870          1.1379
24.55              -0.7378        -21.2870          1.1372
24.56              -0.7385        -21.2870          1.1365
24.57              -0.7392        -21.2870          1.1358
24.58              -0.7398        -21.2870          1.1351
24.59              -0.7404        -21.2870          1.1344
24.60              -0.7411        -21.2870          1.1338
24.61              -0.7417        -21.2870          1.1332
24.62              -0.7423        -21.2870          1.1326
24.63              -0.7429        -21.2870          1.1320
24.64              -0.7435        -21.2870          1.1314
24.65              -0.7441        -21.2870          1.1309
24.66              -0.7447        -21.2870          1.1303
24.67              -0.7452        -21.2870          1.1298
24.68              -0.7458        -21.2870          1.1293
24.69              -0.7463        -21.2870          1.1289
24.70              -0.7468        -21.2870          1.1284
24.71              -0.7473        -21.2870          1.1280
24.72              -0.7478        -21.2869          1.1276
24.73              -0.7483        -21.2869          1.1273
24.74              -0.7488        -21.2869          1.1269
24.75              -0.7493        -21.2869          1.1266
24.76              -0.7497        -21.2869          1.1263
24.77              -0.7502        -21.2869          1.1260
24.78              -0.7506        -21.2869          1.1257
24.79              -0.7510        -21.2869          1.1255
24.80              -0.7514        -21.2869          1.1253
24.81              -0.7518        -21.2869          1.1251
24.82              -0.7522        -21.2869          1.1250
24.83              -0.7525        -21.2869          1.1248
24.84              -0.7529        -21.2869          1.1247
24.85              -0.7532        -21.2869          1.1246
24.86              -0.7535        -21.2869          1.1246
24.87              -0.7538        -21.2869          1.1245
24.88              -0.7541        -21.2869          1.1245
24.89              -0.7544        -21.2869          1.1245
24.90              -0.7546        -21.2869          1.1246
24.91              -0.7548        -21.2869          1.1247
24.92              -0.7551        -21.2869          1.1248
24.93              -0.7553        -21.2869          1.1249
24.94              -0.7555        -21.2869          1.1250
24.95              -0.7556        -21.2869          1.1252
24.96              -0.7558        -21.2869          1.1254
24.97              -0.7560        -21.2869          1.1256
24.98              -0.7561        -21.2869          1.1259
24.99              -0.7562        -21.2869          1.1262
25.00              -0.7563        -21.2868          1.1265
25.01              -0.7564        -21.2868          1.1268
25.02              -0.7564        -21.2868          1.1272
25.03              -0.7565        -21.2868          1.1275
25.04              -0.7565        -21.2868          1.1280
25.05              -0.7565        -21.2868          1.1284
25.06              -0.7565        -21.2868          1.1289
25.07              -0.7565        -21.2868          1.1293
25.08              -0.7565        -21.2868          1.1299
25.09              -0.7565        -21.2868          1.1304
25.10              -0.7564        -21.2868          1.1310
25.11              -0.7563        -21.2868          1.1316
25.12              -0.7562        -21.2868          1.1322
25.13              -0.7561        -21.2868          1.1328
25.14              -0.7560        -21.2868          1.1335
25.15              -0.7558        -21.2868          1.1342
25.16              -0.7557        -21.2868          1.1349
25.17              -0.7555        -21.2868          1.1356
25.18              -0.7553        -21.2868          1.1364
25.19              -0.7551        -21.2868          1.1372
25.20              -0.7549        -21.2868          1.1380
25.21              -0.7547        -21.2868          1.1389
25.22              -0.7544        -21.2868          1.1397
25.23              -0.7541        -21.2868          1.1406
25.24              -0.7539        -21.2868          1.1415
25.25              -0.7536        -21.2868          1.1424
25.26              -0.7533        -21.2868          1.1434
25.27              -0.7529        -21.2868          1.1444
25.28              -0.7526        -21.2868          1.1454
25.29              -0.7522        -21.2868          1.1464
25.30              -0.7519        -21.2868          1.1474
25.31              -0.7515        -21.2868          1.1485
25.32              -0.7511        -21.2868          1.1496
25.33              -0.7507        -21.2867          1.1507
25.34              -0.7503        -21.2867          1.1518
25.35              -0.7498        -21.2867          1.1529
25.36              -0.7494        -21.2867          1.1541
25.37              -0.7489        -21.2867          1.1552
25.38              -0.7484        -21.2867          1.1564
25.39              -0.7480        -21.2867          1.1576
25.40              -0.7474        -21.2867          1.1589
25.41              -0.7469        -21.2867          1.1601
25.42              -0.7464        -21.2867          1.1614
25.43              -0.7459        -21.2867          1.1627
25.44              -0.7453        -21.2867          1.1640
25.45              -0.7448        -21.2867          1.1653
25.46              -0.7442        -21.2867          1.1666
25.47              -0.7436        -21.2867          1.1679
25.48              -0.7430        -21.2867          1.1693
25.49              -0.7424        -21.2867          1.1706
25.50              -0.7418        -21.2867          1.1720
25.51              -0.7412        -21.2867          1.1734
25.52              -0.7406        -21.2867          1.1748
25.53              -0.7399        -21.2867          1.1762
25.54              -0.7393        -21.2867          1.1777
25.55              -0.7386        -21.2867          1.1791
25.56              -0.7380        -21.2867          1.1805
25.57              -0.7373        -21.2867          1.1820
25.58              -0.7366        -21.2867          1.1835
25.59              -0.7359        -21.2867          1.1849
25.60              -0.7352        -21.2867          1.1864
25.61              -0.7345        -21.2867          1.1879
25.62              -0.7338        -21.2867          1.1894
25.63              -0.7331        -21.2867          1.1909
25.64              -0.7324        -21.2867          1.1924
25.65              -0.7317        -21.2867          1.1939
25.66              -0.7309        -21.2867          1.1954
25.67              -0.7302        -21.2867          1.1969
25.68              -0.7295        -21.2867          1.1985
25.69              -0.7287        -21.2867          1.2000
25.70              -0.7280        -21.2867          1.2015
25.71              -0.7272        -21.2867          1.2031
25.72              -0.7265        -21.2867          1.2046
25.73              -0.7257        -21.2867          1.2061
25.74              -0.7250        -21.2867          1.2077
25.75              -0.7242        -21.2866          1.2092
25.76              -0.7234        -21.2866          1.2107
25.77              -0.7227        -21.2866          1.2123
25.78              -0.7219        -21.2866          1.2138
25.79              -0.7211        -21.2866          1.2153
25.80              -0.7204        -21.2866          1.2169
25.81              -0.7196        -21.2866          1.2184
25.82              -0.7188        -21.2866          1.2199
25.83              -0.7181        -21.2866          1.2214
25.84              -0.7173        -21.2866          1.2229
25.85              -0.7165        -21.2866          1.2244
25.86              -0.7158        -21.2866          1.2259
25.87              -0.7150        -21.2866          1.2274
25.88              -0.7142        -21.2866          1.2289
25.89              -0.7135        -21.2866          1.2304
25.90              -0.7127        -21.2866          1.2319
25.91              -0.7120        -21.2866          1.2333
25.92              -0.7112        -21.2866          1.2348
25.93              -0.7105        -21.2866          1.2362
25.94              -0.7097        -21.2866          1.2377
25.95              -0.7090        -21.2866          1.2391
25.96              -0.7083        -21.2866          1.2405
25.97              -0.7076        -21.2866          1.2419
25.98              -0.7068        -21.2866          1.2433
25.99              -0.7061        -21.2866          1.2447
26.00              -0.7054        -21.2866          1.2460
26.01              -0.7047        -21.2866          1.2474
26.02              -0.7040        -21.2866          1.2487
26.03              -0.7033        -21.2866          1.2500
26.04              -0.7026        -21.2866          1.2514
26.05              -0.7020        -21.2866          1.2526
26.06              -0.7013        -21.2866          1.2539
26.07              -0.7007        -21.2866          1.2552
26.08              -0.7000        -21.2866          1.2564
26.09              -0.6994        -21.2866          1.2577
26.10              -0.6987        -21.2866          1.2589
26.11              -0.6981        -21.2866          1.2601
26.12              -0.6975        -21.2866          1.2612
26.13              -0.6969        -21.2866          1.2624
26.14              -0.6963        -21.2866          1.2635
26.15              -0.6957        -21.2866          1.2647
26.16              -0.6952        -21.2866          1.2658
26.17              -0.6946        -21.2866          1.2668
26.18              -0.6941        -21.2866          1.2679
26.19              -0.6935        -21.2866          1.2690
26.20              -0.6930        -21.2866          1.2700
26.21              -0.6925        -21.2866          1.2710
26.22              -0.6920        -21.2866          1.2720
26.23              -0.6915        -21.2866          1.2729
26.24              -0.6910        -21.2866          1.2738
26.25              -0.6905        -21.2866          1.2748
26.26              -0.6901        -21.2866          1.2757
26.27              -0.6897        -21.2866          1.2765
26.28              -0.6892        -21.2865          1.2774
26.29              -0.6888        -21.2865          1.2782
26.30              -0.6884        -21.2865          1.2790
26.31              -0.6880        -21.2865          1.2798
26.32              -0.6877        -21.2865          1.2805
26.33              -0.6873        -21.2865          1.2813
26.34              -0.6870        -21.2865          1.2820
26.35              -0.6867        -21.2865          1.2826
26.36              -0.6863        -21.2865          1.2833
26.37              -0.6860        -21.2865          1.2839
26.38              -0.6858        -21.2865          1.2845
26.39              -0.6855        -21.2865          1.2851
26.40              -0.6852        -21.2865          1.2857
26.41              -0.6850        -21.2865          1.2862
26.42              -0.6848        -21.2865          1.2867
26.43              -0.6846        -21.2865          1.2872
26.44              -0.6844        -21.2865          1.2877
26.45              -0.6842        -21.2865          1.2881
26.46              -0.6841        -21.2865          1.2885
26.47              -0.6839        -21.2865          1.2889
26.48              -0.6838        -21.2865          1.2893
26.49              -0.6837        -21.2865          1.2896
26.50              -0.6836        -21.2865          1.2899
26.51              -0.6835        -21.2865          1.2902
26.52              -0.6834        -21.2865          1.2905
26.53              -0.6834        -21.2865          1.2907
26.54              -0.6834        -21.2865          1.2909
26.55              -0.6834        -21.2865          1.2911
26.56              -0.6834        -21.2865          1.2913
26.57              -0.6834        -21.2865          1.2914
26.58              -0.6834        -21.2865          1.2916
26.59              -0.6835        -21.2865          1.2916
26.60              -0.6835        -21.2865          1.2917
26.61              -0.6836        -21.2865          1.2918
26.62              -0.6837        -21.2865          1.2918
26.63              -0.6838        -21.2865          1.2918
26.64              -0.6839        -21.2865          1.2917
26.65              -0.6841        -21.2865          1.2917
26.66              -0.6843        -21.2865          1.2916
26.67              -0.6844        -21.2865          1.2915
26.68              -0.6846        -21.2865          1.2914
26.69              -0.6848        -21.2865          1.2913
26.70              -0.6851        -21.2865          1.2911
26.71              -0.6853        -21.2865          1.2909
26.72              -0.6855        -21.2865          1.2907
26.73              -0.6858        -21.2865          1.2905
26.74              -0.6861        -21.2865          1.2902
26.75              -0.6864        -21.2865          1.2900
26.76              -0.6867        -21.2865          1.2897
26.77              -0.6870        -21.2865          1.2893
26.78              -0.6874        -21.2865          1.2890
26.79              -0.6877        -21.2865          1.2887
26.80              -0.6881        -21.2865          1.2883
26.81              -0.6885        -21.2865          1.2879
26.82              -0.6889        -21.2865          1.2875
26.83              -0.6893        -21.2865          1.2871
26.84              -0.6897        -21.2865          1.2866
26.85              -0.6902        -21.2864          1.2862
26.86              -0.6906        -21.2864          1.2857
26.87              -0.6911        -21.2864          1.2852
26.88              -0.6916        -21.2864          1.2847
26.89              -0.6921        -21.2864          1.2841
26.90              -0.6926        -21.2864          1.2836
26.91              -0.6931        -21.2864          1.2830
26.92              -0.6936        -21.2864          1.2825
26.93              -0.6942        -21.2864          1.2819
26.94              -0.6947        -21.2864          1.2813
26.95              -0.6953        -21.2864          1.2807
26.96              -0.6958        -21.2864          1.2800
26.97              -0.6964        -21.2864          1.2794
26.98              -0.6970        -21.2864          1.2787
26.99              -0.6976        -21.2864          1.2781
27.00              -0.6982        -21.2864          1.2774
27.01              -0.6989        -21.2864          1.2767
27.02              -0.6995        -21.2864          1.2760
27.03              -0.7001        -21.2864          1.2753
27.04              -0.7008        -21.2864          1.2746
27.05              -0.7014        -21.2864          1.2739
27.06              -0.7021        -21.2864          1.2732
27.07              -0.7028        -21.2864          1.2724
27.08              -0.7035        -21.2864          1.2717
27.09              -0.7042        -21.2864          1.2709
27.10              -0.7049        -21.2864          1.2702
27.11              -0.7056        -21.2864          1.2694
27.12              -0.7063        -21.2864          1.2686
27.13              -0.7070        -21.2864          1.2679
27.14              -0.7077        -21.2864          1.2671
27.15              -0.7084        -21.2864          1.2663
27.16              -0.7092        -21.2864          1.2655
27.17              -0.7099        -21.2864          1.2647
27.18              -0.7106        -21.2864          1.2640
27.19              -0.7114        -21.2864          1.2632
27.20              -0.7121        -21.2864          1.2624
27.21              -0.7129        -21.2864          1.2616
27.22              -0.7136        -21.2864          1.2608
27.23              -0.7144        -21.2864          1.2600
27.24              -0.7151        -21.2864          1.2592
27.25              -0.7159        -21.2864          1.2585
27.26              -0.7167        -21.2864          1.2577
27.27              -0.7174        -21.2864          1.2569
27.28              -0.7182        -21.2864          1.2561
27.29              -0.7190        -21.2864          1.2554
27.30              -0.7197        -21.2864          1.2546
27.31              -0.7205        -21.2864          1.2539
27.32              -0.7213        -21.2864          1.2531
27.33              -0.7220        -21.2864          1.2524
27.34              -0.7228        -21.2864          1.2516
27.35              -0.7236        -21.2864          1.2509
27.36              -0.7243        -21.2864          1.2502
27.37              -0.7251        -21.2864          1.2495
27.38              -0.7259        -21.2864          1.2488
27.39              -0.7266        -21.2864          1.2481
27.40              -0.7274        -21.2864          1.2474
27.41              -0.7281        -21.2864          1.2467
27.42              -0.7289        -21.2864          1.2460
27.43              -0.7296        -21.2864          1.2454
27.44              -0.7303        -21.2864          1.2448
27.45              -0.7311        -21.2864          1.2441
27.46              -0.7318        -21.2864          1.2435
27.47              -0.7325        -21.2863          1.2429
27.48              -0.7332        -21.2863          1.2423
27.49              -0.7340        -21.2863          1.2418
27.50              -0.7347        -21.2863          1.2412
27.51              -0.7354        -21.2863          1.2407
27.52              -0.7361        -21.2863          1.2401
27.53              -0.7367        -21.2863          1.2396
27.54              -0.7374        -21.2863          1.2391
27.55              -0.7381        -21.2863          1.2387
27.56              -0.7388        -21.2863          1.2382
27.57              -0.7394        -21.2863          1.2378
27.58              -0.7401        -21.2863          1.2373
27.59              -0.7407        -21.2863          1.2369
27.60              -0.7413        -21.2863          1.2366
27.61              -0.7419        -21.2863          1.2362
27.62              -0.7425        -21.2863          1.2359
27.63              -0.7431        -21.2863          1.2355
27.64              -0.7437        -21.2863          1.2352
27.65              -0.7443        -21.2863          1.2349
27.66              -0.7449        -21.2863          1.2347
27.67              -0.7454        -21.2863          1.2345
27.68              -0.7460        -21.2863          1.2342
27.69              -0.7465        -21.2863          1.2340
27.70              -0.7470        -21.2863          1.2339
27.71              -0.7475        -21.2863          1.2337
27.72              -0.7480        -21.2863          1.2336
27.73              -0.7485        -21.2863          1.2335
27.74              -0.7490        -21.2863          1.2334
27.75              -0.7495        -21.2863          1.2334
27.76              -0.7499        -21.2863          1.2333
27.77              -0.7503        -21.2863          1.2333
27.78              -0.7508        -21.2863          1.2333
27.79              -0.7512        -21.2863          1.2334
27.80              -0.7516        -21.2863          1.2335
27.81              -0.7519        -21.2863          1.2336
27.82              -0.7523        -21.2863          1.2337
27.83              -0.7527        -21.2863          1.2338
27.84              -0.7530        -21.2863          1.2340
27.85              -0.7533        -21.2863          1.2342
27.86              -0.7536        -21.2863          1.2344
27.87              -0.7539        -21.2863          1.2347
27.88              -0.7542        -21.2863          1.2349
27.89              -0.7545        -21.2863          1.2352
27.90              -0.7547        -21.2863          1.2356
27.91              -0.7549        -21.2863          1.2359
27.92              -0.7552        -21.2863          1.2363
27.93              -0.7554        -21.2863          1.2367
27.94              -0.7555        -21.2863          1.2372
27.95              -0.7557        -21.2863          1.2376
27.96              -0.7559        -21.2863          1.2381
27.97              -0.7560        -21.2863          1.2386
27.98              -0.7561        -21.2863          1.2392
27.99              -0.7562        -21.2863          1.2397
28.00              -0.7563        -21.2863          1.2403
28.01              -0.7564        -21.2863          1.2410
28.02              -0.7565        -21.2863          1.2416
28.03              -0.7565        -21.2863          1.2423
28.04              -0.7565        -21.2863          1.2430
28.05              -0.7565        -21.2863          1.2437
28.06              -0.7565        -21.2863          1.2445
28.07              -0.7565        -21.2863          1.2453
28.08              -0.7565        -21.2863          1.2461
28.09              -0.7564        -21.2863          1.2469
28.10              -0.7564        -21.2863          1.2478
28.11              -0.7563        -21.2863          1.2487
28.12              -0.7562        -21.2863          1.2496
28.13              -0.7561        -21.2863          1.2505
28.14              -0.7559        -21.2863          1.2515
28.15              -0.7558        -21.2863          1.2525
28.16              -0.7556        -21.2863          1.2535
28.17              -0.7554        -21.2863          1.2545
28.18              -0.7552        -21.2863          1.2556
28.19              -0.7550        -21.2863          1.2567
28.20              -0.7548        -21.2863          1.2578
28.21              -0.7546        -21.2863          1.2589
28.22              -0.7543        -21.2863          1.2601
28.23              -0.7540        -21.2863          1.2613
28.24              -0.7537        -21.2863          1.2625
28.25              -0.7534        -21.2863          1.2637
28.26              -0.7531        -21.2863          1.2650
28.27              -0.7528        -21.2863          1.2662
28.28              -0.7524        -21.2863          1.2675
28.29              -0.7521        -21.2863          1.2688
28.30              -0.7517        -21.2863          1.2702
28.31              -0.7513        -21.2863          1.2715
28.32              -0.7509        -21.2863          1.2729
28.33              -0.7505        -21.2863          1.2743
28.34              -0.7501        -21.2863          1.2757
28.35              -0.7496        -21.2863          1.2772
28.36              -0.7492        -21.2863          1.2786
28.37              -0.7487        -21.2863          1.2801
28.38              -0.7482        -21.2863          1.2816
28.39              -0.7477        -21.2863          1.2831
28.40              -0.7472        -21.2863          1.2847
28.41              -0.7467        -21.2863          1.2862
28.42              -0.7462        -21.2863          1.2878
28.43              -0.7456        -21.2863          1.2894
28.44              -0.7451        -21.2863          1.2909
28.45              -0.7445        -21.2863          1.2926
28.46              -0.7440        -21.2863          1.2942
28.47              -0.7434        -21.2863          1.2958
28.48              -0.7428        -21.2863          1.2975
28.49              -0.7422        -21.2863          1.2991
28.50              -0.7416        -21.2863          1.3008
28.51              -0.7409        -21.2863          1.3025
28.52              -0.7403        -21.2863          1.3042
28.53              -0.7397        -21.2863          1.3059
28.54              -0.7390        -21.2863          1.3077
28.55              -0.7384        -21.2863          1.3094
28.56              -0.7377        -21.2863          1.3112
28.57              -0.7370        -21.2863          1.3129
28.58              -0.7363        -21.2863          1.3147
28.59              -0.7356        -21.2863          1.3164
28.60              -0.7349        -21.2863          1.3182
28.61              -0.7342        -21.2863          1.3200
28.62              -0.7335        -21.2863          1.3218
28.63              -0.7328        -21.2863          1.3236
28.64              -0.7321        -21.2863          1.3254
28.65              -0.7314        -21.2863          1.3272
28.66              -0.7306        -21.2863          1.3291
28.67              -0.7299        -21.2863          1.3309
28.68              -0.7292        -21.2863          1.3327
28.69              -0.7284        -21.2863          1.3345
28.70              -0.7277        -21.2863          1.3364
28.71              -0.7269        -21.2863          1.3382
28.72              -0.7262        -21.2863          1.3400
28.73              -0.7254        -21.2863          1.3419
28.74              -0.7247        -21.2863          1.3437
28.75              -0.7239        -21.2863          1.3455
28.76              -0.7231        -21.2863          1.3474
28.77              -0.7224        -21.2863          1.3492
28.78              -0.7216        -21.2863          1.3510
28.79              -0.7209        -21.2863          1.3528
28.80              -0.7201        -21.2863          1.3547
28.81              -0.7193        -21.2863          1.3565
28.82              -0.7186        -21.2863          1.3583
28.83              -0.7178        -21.2863          1.3601
28.84              -0.7170        -21.2863          1.3619
28.85              -0.7163        -21.2863          1.3637
28.86              -0.7155        -21.2863          1.3655
28.87              -0.7148        -21.2863          1.3673
28.88              -0.7140        -21.2863          1.3691
28.89              -0.7132        -21.2863          1.3709
28.90              -0.7125        -21.2863          1.3726
28.91              -0.7117        -21.2863          1.3744
28.92              -0.7110        -21.2863          1.3762
28.93              -0.7103        -21.2863          1.3779
28.94              -0.7095        -21.2863          1.3796
28.95              -0.7088        -21.2863          1.3813
28.96              -0.7081        -21.2863          1.3830
28.97              -0.7074        -21.2863          1.3847
28.98              -0.7066        -21.2863          1.3864
28.99              -0.7059        -21.2863          1.3881
29.00              -0.7052        -21.2863          1.3897
29.01              -0.7045        -21.2863          1.3914
29.02              -0.7039        -21.2863          1.3930
29.03              -0.7032        -21.2863          1.3946
29.04              -0.7025        -21.2863          1.3962
29.05              -0.7018        -21.2863          1.3978
29.06              -0.7012        -21.2863          1.3994
29.07              -0.7005        -21.2863          1.4009
29.08              -0.6999        -21.2863          1.4025
29.09              -0.6993        -21.2863          1.4040
29.10              -0.6986        -21.2863          1.4055
29.11              -0.6980        -21.2864          1.4070
29.12              -0.6974        -21.2864          1.4085
29.13              -0.6968        -21.2864          1.4099
29.14              -0.6962        -21.2864          1.4113
29.15              -0.6957        -21.2864          1.4127
29.16              -0.6951        -21.2864          1.4141
29.17              -0.6946        -21.2864          1.4155
29.18              -0.6940        -21.2864          1.4169
29.19              -0.6935        -21.2864          1.4182
29.20              -0.6930        -21.2864          1.4195
29.21              -0.6925        -21.2864          1.4208
29.22              -0.6920        -21.2864          1.4220
29.23              -0.6915        -21.2864          1.4233
29.24              -0.6910        -21.2864          1.4245
29.25              -0.6906        -21.2864          1.4257
29.26              -0.6901        -21.2864          1.4269
29.27              -0.6897        -21.2864          1.4281
29.28              -0.6893        -21.2864          1.4292
29.29              -0.6889        -21.2864          1.4303
29.30              -0.6885        -21.2864          1.4314
29.31              -0.6881        -21.2864          1.4324
29.32              -0.6878        -21.2864          1.4335
29.33              -0.6874        -21.2864          1.4345
29.34              -0.6871        -21.2864          1.4355
29.35              -0.6868        -21.2864          1.4365
29.36              -0.6865        -21.2864          1.4374
29.37              -0.6862        -21.2864          1.4383
29.38              -0.6859        -21.2864          1.4392
29.39              -0.6857        -21.2864          1.4401
29.40              -0.6854        -21.2864          1.4409
29.41              -0.6852        -21.2864          1.4418
29.42              -0.6850        -21.2864          1.4425
29.43              -0.6848        -21.2864          1.4433
29.44              -0.6846        -21.2864          1.4441
29.45              -0.6845        -21.2864          1.4448
29.46              -0.6843        -21.2864          1.4455
29.47              -0.6842        -21.2864          1.4461
29.48              -0.6841        -21.2864          1.4468
29.49              -0.6840        -21.2864          1.4474
29.50              -0.6839        -21.2864          1.4480
29.51              -0.6838        -21.2864          1.4486
29.52              -0.6838        -21.2864          1.4491
29.53              -0.6837        -21.2864          1.4496
29.54              -0.6837        -21.2864          1.4501
29.55              -0.6837        -21.2864          1.4506
29.56              -0.6837        -21.2864          1.4511
29.57              -0.6838        -21.2864          1.4515
29.58              -0.6838        -21.2864          1.4519
29.59              -0.6839        -21.2864          1.4523
29.60              -0.6839        -21.2864          1.4526
29.61              -0.6840        -21.2864          1.4529
29.62              -0.6841        -21.2864          1.4532
29.63              -0.6843        -21.2864          1.4535
29.64              -0.6844        -21.2864          1.4538
29.65              -0.6846        -21.2864          1.4540
29.66              -0.6847        -21.2864          1.4542
29.67              -0.6849        -21.2864          1.4544
29.68              -0.6851        -21.2864          1.4545
29.69              -0.6853        -21.2864          1.4547
29.70              -0.6856        -21.2864          1.4548
29.71              -0.6858        -21.2864          1.4549
29.72              -0.6861        -21.2864          1.4550
29.73              -0.6864        -21.2864          1.4550
29.74              -0.6867        -21.2864          1.4550
29.75              -0.6870        -21.2864          1.4550
29.76              -0.6873        -21.2864          1.4550
29.77              -0.6876        -21.2864          1.4550
29.78              -0.6880        -21.2864          1.4549
29.79              -0.6883        -21.2864          1.4549
29.80              -0.6887        -21.2864          1.4548
29.81              -0.6891        -21.2864          1.4547
29.82              -0.6895        -21.2864          1.4545
29.83              -0.6900        -21.2864          1.4544
29.84              -0.6904        -21.2864          1.4542
29.85              -0.6908        -21.2864          1.4541
29.86              -0.6913        -21.2864          1.4539
29.87              -0.6918        -21.2864          1.4536
29.88              -0.6923        -21.2864          1.4534
29.89              -0.6928        -21.2864          1.4532
29.90              -0.6933        -21.2864          1.4529
29.91              -0.6938        -21.2864          1.4526
29.92              -0.6943        -21.2864          1.4523
29.93              -0.6949        -21.2864          1.4520
29.94              -0.6954        -21.2864          1.4517
29.95              -0.6960        -21.2864          1.4513
29.96              -0.6966        -21.2864          1.4510
29.97              -0.6972        -21.2864          1.4506
29.98              -0.6978        -21.2865          1.4503
29.99              -0.6984        -21.2865          1.4499
30.00              -0.6990        -21.2865          1.4495
30.01              -0.6996        -21.2865          1.4491
30.02              -0.7002        -21.2865          1.4487
30.03              -0.7009        -21.2865          1.4482
30.04              -0.7015        -21.2865          1.4478
30.05              -0.7022        -21.2865          1.4474
30.06              -0.7029        -21.2865          1.4469
30.07              -0.7036        -21.2865          1.4465
30.08              -0.7042        -21.2865          1.4460
30.09              -0.7049        -21.2865          1.4455
30.10              -0.7056        -21.2865          1.4450
30.11              -0.7063        -21.2865          1.4446
30.12              -0.7070        -21.2865          1.4441
30.13              -0.7078        -21.2865          1.4436
30.14              -0.7085        -21.2865          1.4431
30.15              -0.7092        -21.2865          1.4426
30.16              -0.7099        -21.2865          1.4421
30.17              -0.7107        -21.2865          1.4416
30.18              -0.7114        -21.2865          1.4411
30.19              -0.7122        -21.2865          1.4406
30.20              -0.7129        -21.2865          1.4401
30.21              -0.7137        -21.2865          1.4395
30.22              -0.7144        -21.2865          1.4390
30.23              -0.7152        -21.2865          1.4385
30.24              -0.7159        -21.2865          1.4380
30.25              -0.7167        -21.2865          1.4375
30.26              -0.7174        -21.2865          1.4370
30.27              -0.7182        -21.2865          1.4365
30.28              -0.7190        -21.2865          1.4360
30.29              -0.7197        -21.2865          1.4355
30.30              -0.7205        -21.2865          1.4351
30.31              -0.7213        -21.2865          1.4346
30.32              -0.7220        -21.2865          1.4341
30.33              -0.7228        -21.2865          1.4336
30.34              -0.7236        -21.2865          1.4332
30.35              -0.7243        -21.2865          1.4327
30.36              -0.7251        -21.2865          1.4323
30.37              -0.7258        -21.2865          1.4318
30.38              -0.7266        -21.2865          1.4314
30.39              -0.7273        -21.2865          1.4310
30.40              -0.7281        -21.2865          1.4306
30.41              -0.7288        -21.2865          1.4302
30.42              -0.7296        -21.2865          1.4298
30.43              -0.7303        -21.2865          1.4294
30.44              -0.7310        -21.2865          1.4291
30.45              -0.7317        -21.2865          1.4287
30.46              -0.7325        -21.2865          1.4284
30.47              -0.7332        -21.2865          1.4280
30.48              -0.7339        -21.2865          1.4277
30.49              -0.7346        -21.2865          1.4274
30.50              -0.7353        -21.2865          1.4271
30.51              -0.7360        -21.2865          1.4269
30.52              -0.7367        -21.2865          1.4266
30.53              -0.7373        -21.2865          1.4264
30.54              -0.7380        -21.2865          1.4262
30.55              -0.7387        -21.2865          1.4260
30.56              -0.7393        -21.2865          1.4258
30.57              -0.7400        -21.2865          1.4256
30.58              -0.7406        -21.2865          1.4255
30.59              -0.7412        -21.2865          1.4253
30.60              -0.7418        -21.2865          1.4252
30.61              -0.7425        -21.2865          1.4251
30.62              -0.7431        -21.2865          1.4251
30.63              -0.7436        -21.2865          1.4250
30.64              -0.7442        -21.2865          1.4250
30.65              -0.7448        -21.2865          1.4250
30.66              -0.7453        -21.2865          1.4250
30.67              -0.7459        -21.2865          1.4250
30.68              -0.7464        -21.2865          1.4250
30.69              -0.7469        -21.2866          1.4251
30.70              -0.7474        -21.2866          1.4252
30.71              -0.7479        -21.2866          1.4253
30.72              -0.7484        -21.2866          1.4255
30.73              -0.7489        -21.2866          1.4256
30.74              -0.7494        -21.2866          1.4258
30.75              -0.7498        -21.2866          1.4260
30.76              -0.7502        -21.2866          1.4263
30.77              -0.7507        -21.2866          1.4265
30.78              -0.7511        -21.2866          1.4268
30.79              -0.7515        -21.2866          1.4271
30.80              -0.7518        -21.2866          1.4274
30.81              -0.7522        -21.2866          1.4278
30.82              -0.7525        -21.2866          1.4282
30.83              -0.7529        -21.2866          1.4286
30.84              -0.7532        -21.2866          1.4290
30.85              -0.7535        -21.2866          1.4295
30.86              -0.7538        -21.2866          1.4300
30.87              -0.7541        -21.2866          1.4305
30.88              -0.7543        -21.2866          1.4310
30.89              -0.7546        -21.2866          1.4316
30.90              -0.7548        -21.2866          1.4321
30.91              -0.7550        -21.2866          1.4327
30.92              -0.7552        -21.2866          1.4334
30.93              -0.7554        -21.2866          1.4340
30.94              -0.7556        -21.2866          1.4347
30.95              -0.7557        -21.2866          1.4354
30.96              -0.7559        -21.2866          1.4362
30.97              -0.7560        -21.2866          1.4370
30.98              -0.7561        -21.2866          1.4377
30.99              -0.7562        -21.2866          1.4386
31.00              -0.7563        -21.2866          1.4394
31.01              -0.7563        -21.2866          1.4403
31.02              -0.7564        -21.2866          1.4412
31.03              -0.7564        -21.2866          1.4421
31.04              -0.7564        -21.2866          1.4430
31.05              -0.7564        -21.2866          1.4440
31.06              -0.7564        -21.2866          1.4450
31.07              -0.7563        -21.2866          1.4460
31.08              -0.7563        -21.2866          1.4471
31.09              -0.7562        -21.2866          1.4482
31.10              -0.7561        -21.2866          1.4493
31.11              -0.7560        -21.2866          1.4504
31.12              -0.7559        -21.2866          1.4515
31.13              -0.7558        -21.2867          1.4527
31.14              -0.7556        -21.2867          1.4539
31.15              -0.7555        -21.2867          1.4551
31.16              -0.7553        -21.2867          1.4564
31.17              -0.7551        -21.2867          1.4577
31.18              -0.7549        -21.2867          1.4590
31.19              -0.7547        -21.2867          1.4603
31.20              -0.7544        -21.2867          1.4616
31.21              -0.7542        -21.2867          1.4630
31.22              -0.7539        -21.2867          1.4644
31.23              -0.7536        -21.2867          1.4658
31.24              -0.7533        -21.2867          1.4672
31.25              -0.7530        -21.2867          1.4687
31.26              -0.7526        -21.2867          1.4701
31.27              -0.7523        -21.2867          1.4716
31.28              -0.7519        -21.2867          1.4731
31.29              -0.7516        -21.2867          1.4747
31.30              -0.7512        -21.2867          1.4762
31.31              -0.7508        -21.2867          1.4778
31.32              -0.7504        -21.2867          1.4794
31.33              -0.7499        -21.2867          1.4810
31.34              -0.7495        -21.2867          1.4827
31.35              -0.7490        -21.2867          1.4843
31.36              -0.7486        -21.2867          1.4860
31.37              -0.7481        -21.2867          1.4877
31.38              -0.7476        -21.2867          1.4894
31.39              -0.7471        -21.2867          1.4911
31.40              -0.7466        -21.2867          1.4928
31.41              -0.7460        -21.2867          1.4946
31.42              -0.7455        -21.2867          1.4963
31.43              -0.7449        -21.2867          1.4981
31.44              -0.7444        -21.2867          1.4999
31.45              -0.7438        -21.2868          1.5017
31.46              -0.7432        -21.2868          1.5036
31.47              -0.7426        -21.2868          1.5054
31.48              -0.7420        -21.2868          1.5072
31.49              -0.7414        -21.2868          1.5091
31.50              -0.7408        -21.2868          1.5110
31.51              -0.7401        -21.2868          1.5129
31.52              -0.7395        -21.2868          1.5148
31.53              -0.7388        -21.2868          1.5167
31.54              -0.7382        -21.2868          1.5186
31.55              -0.7375        -21.2868          1.5205
31.56              -0.7368        -21.2868          1.5224
31.57              -0.7362        -21.2868          1.5244
31.58              -0.7355        -21.2868          1.5263
31.59              -0.7348        -21.2868          1.5283
31.60              -0.7341        -21.2868          1.5302
31.61              -0.7334        -21.2868          1.5322
31.62              -0.7326        -21.2868          1.5342
31.63              -0.7319        -21.2868          1.5361
31.64              -0.7312        -21.2868          1.5381
31.65              -0.7305        -21.2868          1.5401
31.66              -0.7297        -21.2868          1.5421
31.67              -0.7290        -21.2868          1.5441
31.68              -0.7282        -21.2868          1.5461
31.69              -0.7275        -21.2868          1.5481
31.70              -0.7267        -21.2868          1.5501
31.71              -0.7260        -21.2868          1.5521
31.72              -0.7252        -21.2869          1.5541
31.73              -0.7245        -21.2869          1.5560
31.74              -0.7237        -21.2869          1.5580
31.75              -0.7230        -21.2869          1.5600
31.76              -0.7222        -21.2869          1.5620
31.77              -0.7214        -21.2869          1.5640
31.78              -0.7207        -21.2869          1.5660
31.79              -0.7199        -21.2869          1.5680
31.80              -0.7191        -21.2869          1.5699
31.81              -0.7184        -21.2869          1.5719
31.82              -0.7176        -21.2869          1.5739
31.83              -0.7168        -21.2869          1.5758
31.84              -0.7161        -21.2869          1.5778
31.85              -0.7153        -21.2869          1.5797
31.86              -0.7145        -21.2869          1.5817
31.87              -0.7138        -21.2869          1.5836
31.88              -0.7130        -21.2869          1.5855
31.89              -0.7123        -21.2869          1.5874
31.90              -0.7115        -21.2869          1.5893
31.91              -0.7108        -21.2869          1.5912
31.92              -0.7101        -21.2869          1.5931
31.93              -0.7093        -21.2869          1.5950
31.94              -0.7086        -21.2869          1.5968
31.95              -0.7079        -21.2869          1.5987
31.96              -0.7071        -21.2869          1.6005
31.97              -0.7064        -21.2869          1.6023
31.98              -0.7057        -21.2870          1.6041
31.99              -0.7050        -21.2870          1.6059
32.00              -0.7043        -21.2870          1.6077
32.01              -0.7036        -21.2870          1.6095
32.02              -0.7030        -21.2870          1.6112
32.03              -0.7023        -21.2870          1.6129
32.04              -0.7016        -21.2870          1.6146
32.05              -0.7010        -21.2870          1.6163
32.06              -0.7003        -21.2870          1.6180
32.07              -0.6997        -21.2870          1.6197
32.08              -0.6990        -21.2870          1.6213
32.09              -0.6984        -21.2870          1.6230
32.10              -0.6978        -21.2870          1.6246
32.11              -0.6972        -21.2870          1.6262
32.12              -0.6966        -21.2870          1.6277
32.13              -0.6960        -21.2870          1.6293
32.14              -0.6954        -21.2870          1.6308
32.15              -0.6949        -21.2870          1.6323
32.16              -0.6943        -21.2870          1.6338
32.17              -0.6938        -21.2870          1.6353
32.18              -0.6933        -21.2870          1.6367
32.19              -0.6927        -21.2870          1.6381
32.20              -0.6922        -21.2870          1.6395
32.21              -0.6917        -21.2870          1.6409
32.22              -0.6913        -21.2870          1.6423
32.23              -0.6908        -21.2871          1.6436
32.24              -0.6903        -21.2871          1.6449
32.25              -0.6899        -21.2871          1.6462
32.26              -0.6895        -21.2871          1.6474
32.27              -0.6891        -21.2871          1.6487
32.28              -0.6887        -21.2871          1.6499
32.29              -0.6883        -21.2871          1.6511
32.30              -0.6879        -21.2871          1.6522
32.31              -0.6875        -21.2871          1.6534
32.32              -0.6872        -21.2871          1.6545
32.33              -0.6869        -21.2871          1.6556
32.34              -0.6866        -21.2871          1.6566
32.35              -0.6863        -21.2871          1.6577
32.36              -0.6860        -21.2871          1.6587
32.37              -0.6857        -21.2871          1.6597
32.38              -0.6854        -21.2871          1.6606
32.39              -0.6852        -21.2871          1.6616
32.40              -0.6850        -21.2871          1.6625
32.41              -0.6848        -21.2871          1.6634
32.42              -0.6846        -21.2871          1.6642
32.43              -0.6844        -21.2871          1.6650
32.44              -0.6842        -21.2871          1.6659
32.45              -0.6841        -21.2871          1.6666
32.46              -0.6840        -21.2871          1.6674
32.47              -0.6838        -21.2871          1.6681
32.48              -0.6837        -21.2871          1.6688
32.49              -0.6837        -21.2872          1.6695
32.50              -0.6836        -21.2872          1.6701
32.51              -0.6836        -21.2872          1.6707
32.52              -0.6835        -21.2872          1.6713
32.53              -0.6835        -21.2872          1.6719
32.54              -0.6835        -21.2872          1.6724
32.55              -0.6835        -21.2872          1.6730
32.56              -0.6835        -21.2872          1.6734
32.57              -0.6836        -21.2872          1.6739
32.58              -0.6836        -21.2872          1.6744
32.59              -0.6837        -21.2872          1.6748
32.60              -0.6838        -21.2872          1.6752
32.61              -0.6839        -21.2872          1.6755
32.62              -0.6841        -21.2872          1.6759
32.63              -0.6842        -21.2872          1.6762
32.64              -0.6844        -21.2872          1.6765
32.65              -0.6845        -21.2872          1.6767
32.66              -0.6847        -21.2872          1.6770
32.67              -0.6849        -21.2872          1.6772
32.68              -0.6852        -21.2872          1.6774
32.69              -0.6854        -21.2872          1.6775
32.70              -0.6856        -21.2872          1.6777
32.71              -0.6859        -21.2872          1.6778
32.72              -0.6862        -21.2872          1.6779
32.73              -0.6865        -21.2872          1.6780
32.74              -0.6868        -21.2872          1.6780
32.75              -0.6871        -21.2872          1.6780
32.76              -0.6875        -21.2872          1.6781
32.77              -0.6878        -21.2873          1.6780
32.78              -0.6882        -21.2873          1.6780
32.79              -0.6886        -21.2873          1.6780
32.80              -0.6890        -21.2873          1.6779
32.81              -0.6894        -21.2873          1.6778
32.82              -0.6898        -21.2873          1.6777
32.83              -0.6902        -21.2873          1.6775
32.84              -0.6907        -21.2873          1.6774
32.85              -0.6912        -21.2873          1.6772
32.86              -0.6916        -21.2873          1.6770
32.87              -0.6921        -21.2873          1.6768
32.88              -0.6926        -21.2873          1.6766
32.89              -0.6931        -21.2873          1.6764
32.90              -0.6937        -21.2873          1.6761
32.91              -0.6942        -21.2873          1.6758
32.92              -0.6948        -21.2873          1.6755
32.93              -0.6953        -21.2873          1.6752
32.94              -0.6959        -21.2873          1.6749
32.95              -0.6965        -21.2873          1.6746
32.96              -0.6971        -21.2873          1.6743
32.97              -0.6977        -21.2873          1.6739
32.98              -0.6983        -21.2873          1.6735
32.99              -0.6989        -21.2873          1.6731
33.00              -0.6995        -21.2873          1.6727
33.01              -0.7002        -21.2873          1.6723
33.02              -0.7008        -21.2873          1.6719
33.03              -0.7015        -21.2873          1.6715
33.04              -0.7022        -21.2873          1.6710
33.05              -0.7028        -21.2873          1.6706
33.06              -0.7035        -21.2873          1.6701
33.07              -0.7042        -21.2873          1.6697
33.08              -0.7049        -21.2874          1.6692
33.09              -0.7056        -21.2874          1.6687
33.10              -0.7063        -21.2874          1.6682
33.11              -0.7070        -21.2874          1.6677
33.12              -0.7077        -21.2874          1.6672
33.13              -0.7085        -21.2874          1.6667
33.14              -0.7092        -21.2874          1.6662
33.15              -0.7099        -21.2874          1.6657
33.16              -0.7107        -21.2874          1.6652
33.17              -0.7114        -21.2874          1.6647
33.18              -0.7122        -21.2874          1.6642
33.19              -0.7129        -21.2874          1.6636
33.20              -0.7137        -21.2874          1.6631
33.21              -0.7144        -21.2874          1.6626
33.22              -0.7152        -21.2874          1.6621
33.23              -0.7160        -21.2874          1.6615
33.24              -0.7167        -21.2874          1.6610
33.25              -0.7175        -21.2874          1.6605
33.26              -0.7183        -21.2874          1.6600
33.27              -0.7190        -21.2874          1.6594
33.28              -0.7198        -21.2874          1.6589
33.29              -0.7206        -21.2874          1.6584
33.30              -0.7213        -21.2874          1.6579
33.31              -0.7221        -21.2874          1.6574
33.32              -0.7229        -21.2874          1.6569
33.33              -0.7237        -21.2874          1.6564
33.34              -0.7244        -21.2874          1.6559
33.35              -0.7252        -21.2874          1.6554
33.36              -0.7259        -21.2874          1.6549
33.37              -0.7267        -21.2874          1.6545
33.38              -0.7275        -21.2874          1.6540
33.39              -0.7282        -21.2875          1.6536
33.40              -0.7290        -21.2875          1.6531
33.41              -0.7297        -21.2875          1.6527
33.42              -0.7304        -21.2875          1.6523
33.43              -0.7312        -21.2875          1.6518
33.44              -0.7319        -21.2875          1.6514
33.45              -0.7326        -21.2875          1.6511
33.46              -0.7334        -21.2875          1.6507
33.47              -0.7341        -21.2875          1.6503
33.48              -0.7348        -21.2875          1.6500
33.49              -0.7355        -21.2875          1.6496
33.50              -0.7362        -21.2875          1.6493
33.51              -0.7369        -21.2875          1.6490
33.52              -0.7375        -21.2875          1.6487
33.53              -0.7382        -21.2875          1.6484
33.54              -0.7389        -21.2875          1.6482
33.55              -0.7395        -21.2875          1.6479
33.56              -0.7402        -21.2875          1.6477
33.57              -0.7408        -21.2875          1.6475
33.58              -0.7415        -21.2875          1.6473
33.59              -0.7421        -21.2875          1.6471
33.60              -0.7427        -21.2875          1.6469
33.61              -0.7433        -21.2875          1.6468
33.62              -0.7439        -21.2875          1.6466
33.63              -0.7445        -21.2875          1.6465
33.64              -0.7450        -21.2875          1.6465
33.65              -0.7456        -21.2875          1.6464
33.66              -0.7462        -21.2875          1.6463
33.67              -0.7467        -21.2876          1.6463
33.68              -0.7472        -21.2876          1.6463
33.69              -0.7477        -21.2876          1.6463
33.70              -0.7482        -21.2876          1.6464
33.71              -0.7487        -21.2876          1.6464
33.72              -0.7492        -21.2876          1.6465
33.73              -0.7497        -21.2876          1.6466
33.74              -0.7501        -21.2876          1.6467
33.75              -0.7505        -21.2876          1.6469
33.76              -0.7510        -21.2876          1.6470
33.77              -0.7514        -21.2876          1.6472
33.78              -0.7518        -21.2876          1.6474
33.79              -0.7522        -21.2876          1.6477
33.80              -0.7525        -21.2876          1.6479
33.81              -0.7529        -21.2876          1.6482
33.82              -0.7532        -21.2876          1.6485
33.83              -0.7535        -21.2876          1.6489
33.84              -0.7538        -21.2876          1.6492
33.85              -0.7541        -21.2876          1.6496
33.86              -0.7544        -21.2876          1.6500
33.87              -0.7547        -21.2876          1.6505
33.88              -0.7549        -21.2876          1.6509
33.89              -0.7552        -21.2876          1.6514
33.90              -0.7554        -21.2876          1.6519
33.91              -0.7556        -21.2877          1.6524
33.92              -0.7558        -21.2877          1.6530
33.93              -0.7560        -21.2877          1.6536
33.94              -0.7561        -21.2877          1.6542
33.95              -0.7563        -21.2877          1.6548
33.96              -0.7564        -21.2877          1.6554
33.97              -0.7565        -21.2877          1.6561
33.98              -0.7566        -21.2877          1.6568
33.99              -0.7567        -21.2877          1.6576
34.00              -0.7567        -21.2877          1.6583
34.01              -0.7568        -21.2877          1.6591
34.02              -0.7568        -21.2877          1.6599
34.03              -0.7568        -21.2877          1.6607
34.04              -0.7568        -21.2877          1.6616
34.05              -0.7568        -21.2877          1.6625
34.06              -0.7567        -21.2877          1.6634
34.07              -0.7567        -21.2877          1.6643
34.08              -0.7566        -21.2877          1.6652
34.09              -0.7565        -21.2877          1.6662
34.10              -0.7564        -21.2877          1.6672
34.11              -0.7563        -21.2877          1.6682
34.12              -0.7562        -21.2878          1.6693
34.13              -0.7560        -21.2878          1.6704
34.14              -0.7559        -21.2878          1.6715
34.15              -0.7557        -21.2878          1.6726
34.16              -0.7555        -21.2878          1.6737
34.17              -0.7553        -21.2878          1.6749
34.18              -0.7550        -21.2878          1.6761
34.19              -0.7548        -21.2878          1.6773
34.20              -0.7545        -21.2878          1.6785
34.21              -0.7543        -21.2878          1.6797
34.22              -0.7540        -21.2878          1.6810
34.23              -0.7537        -21.2878          1.6823
34.24              -0.7534        -21.2878          1.6836
34.25              -0.7530        -21.2878          1.6849
34.26              -0.7527        -21.2878          1.6863
34.27              -0.7523        -21.2878          1.6877
34.28              -0.7519        -21.2878          1.6891
34.29              -0.7515        -21.2878          1.6905
34.30              -0.7511        -21.2878          1.6919
34.31              -0.7507        -21.2879          1.6933
34.32              -0.7503        -21.2879          1.6948
34.33              -0.7499        -21.2879          1.6963
34.34              -0.7494        -21.2879          1.6978
34.35              -0.7489        -21.2879          1.6993
34.36              -0.7484        -21.2879          1.7009
34.37              -0.7479        -21.2879          1.7024
34.38              -0.7474        -21.2879          1.7040
34.39              -0.7469        -21.2879          1.7055
34.40              -0.7464        -21.2879          1.7071
34.41              -0.7458        -21.2879          1.7088
34.42              -0.7453        -21.2879          1.7104
34.43              -0.7447        -21.2879          1.7120
34.44              -0.7441        -21.2879          1.7137
34.45              -0.7435        -21.2879          1.7153
34.46              -0.7430        -21.2879          1.7170
34.47              -0.7423        -21.2879          1.7187
34.48              -0.7417        -21.2879          1.7204
34.49              -0.7411        -21.2880          1.7221
34.50              -0.7405        -21.2880          1.7238
34.51              -0.7398        -21.2880          1.7255
34.52              -0.7392        -21.2880          1.7273
34.53              -0.7385        -21.2880          1.7290
34.54              -0.7378        -21.2880          1.7308
34.55              -0.7371        -21.2880          1.7325
34.56              -0.7365        -21.2880          1.7343
34.57              -0.7358        -21.2880          1.7361
34.58              -0.7351        -21.2880          1.7379
34.59              -0.7344        -21.2880          1.7396
34.60              -0.7336        -21.2880          1.7414
34.61              -0.7329        -21.2880          1.7432
34.62              -0.7322        -21.2880          1.7450
34.63              -0.7315        -21.2880          1.7468
34.64              -0.7307        -21.2880          1.7486
34.65              -0.7300        -21.2881          1.7505
34.66              -0.7292        -21.2881          1.7523
34.67              -0.7285        -21.2881          1.7541
34.68              -0.7277        -21.2881          1.7559
34.69              -0.7270        -21.2881          1.7577
34.70              -0.7262        -21.2881          1.7595
34.71              -0.7255        -21.2881          1.7613
34.72              -0.7247        -21.2881          1.7631
34.73              -0.7239        -21.2881          1.7649
34.74              -0.7232        -21.2881          1.7667
34.75              -0.7224        -21.2881          1.7685
34.76              -0.7216        -21.2881          1.7703
34.77              -0.7208        -21.2881          1.7721
34.78              -0.7201        -21.2881          1.7739
34.79              -0.7193        -21.2881          1.7757
34.80              -0.7185        -21.2881          1.7775
34.81              -0.7178        -21.2882          1.7793
34.82              -0.7170        -21.2882          1.7810
34.83              -0.7162        -21.2882          1.7828
34.84              -0.7154        -21.2882          1.7845
34.85              -0.7147        -21.2882          1.7863
34.86              -0.7139        -21.2882          1.7880
34.87              -0.7132        -21.2882          1.7897
34.88              -0.7124        -21.2882          1.7914
34.89              -0.7116        -21.2882          1.7931
34.90              -0.7109        -21.2882          1.7948
34.91              -0.7102        -21.2882          1.7965
34.92              -0.7094        -21.2882          1.7982
34.93              -0.7087        -21.2882          1.7998
34.94              -0.7079        -21.2882          1.8015
34.95              -0.7072        -21.2882          1.8031
34.96              -0.7065        -21.2882          1.8047
34.97              -0.7058        -21.2883          1.8063
34.98              -0.7051        -21.2883          1.8079
34.99              -0.7044        -21.2883          1.8095
35.00              -0.7037        -21.2883          1.8110
35.01              -0.7030        -21.2883          1.8125
35.02              -0.7023        -21.2883          1.8141
35.03              -0.7016        -21.2883          1.8156
35.04              -0.7010        -21.2883          1.8171
35.05              -0.7003        -21.2883          1.8185
35.06              -0.6997        -21.2883          1.8200
35.07              -0.6990        -21.2883          1.8214
35.08              -0.6984        -21.2883          1.8228
35.09              -0.6978        -21.2883          1.8242
35.10              -0.6972        -21.2883          1.8256
35.11              -0.6966        -21.2883          1.8269
35.12              -0.6960        -21.2883          1.8283
35.13              -0.6954        -21.2883          1.8296
35.14              -0.6948        -21.2884          1.8309
35.15              -0.6943        -21.2884          1.8321
35.16              -0.6937        -21.2884          1.8334
35.17              -0.6932        -21.2884          1.8346
35.18              -0.6926        -21.2884          1.8358
35.19              -0.6921        -21.2884          1.8370
35.20              -0.6916        -21.2884          1.8381
35.21              -0.6912        -21.2884          1.8392
35.22              -0.6907        -21.2884          1.8403
35.23              -0.6902        -21.2884          1.8414
35.24              -0.6898        -21.2884          1.8425
35.25              -0.6893        -21.2884          1.8435
35.26              -0.6889        -21.2884          1.8445
35.27              -0.6885        -21.2884          1.8455
35.28              -0.6881        -21.2884          1.8465
35.29              -0.6877        -21.2884          1.8474
35.30              -0.6874        -21.2885          1.8483
35.31              -0.6870        -21.2885          1.8492
35.32              -0.6867        -21.2885          1.8500
35.33              -0.6864        -21.2885          1.8509
35.34              -0.6861        -21.2885          1.8517
35.35              -0.6858        -21.2885          1.8524
35.36              -0.6855        -21.2885          1.8532
35.37              -0.6852        -21.2885          1.8539
35.38              -0.6850        -21.2885          1.8546
35.39              -0.6848        -21.2885          1.8553
35.40              -0.6845        -21.2885          1.8559
35.41              -0.6843        -21.2885          1.8565
35.42              -0.6842        -21.2885          1.8571
35.43              -0.6840        -21.2885          1.8577
35.44              -0.6838        -21.2885          1.8582
35.45              -0.6837        -21.2885          1.8587
35.46              -0.6836        -21.2885          1.8592
35.47              -0.6835        -21.2885          1.8596
35.48              -0.6834        -21.2886          1.8601
35.49              -0.6833        -21.2886          1.8605
35.50              -0.6833        -21.2886          1.8608
35.51              -0.6832        -21.2886          1.8612
35.52              -0.6832        -21.2886          1.8615
35.53              -0.6832        -21.2886          1.8618
35.54              -0.6832        -21.2886          1.8621
35.55              -0.6832        -21.2886          1.8623
35.56              -0.6833        -21.2886          1.8625
35.57              -0.6833        -21.2886          1.8627
35.58              -0.6834        -21.2886          1.8628
35.59              -0.6835        -21.2886          1.8630
35.60              -0.6836        -21.2886          1.8631
35.61              -0.6837        -21.2886          1.8632
35.62              -0.6839        -21.2886          1.8632
35.63              -0.6840        -21.2886          1.8633
35.64              -0.6842        -21.2886          1.8633
35.65              -0.6844        -21.2886          1.8632
35.66              -0.6846        -21.2886          1.8632
35.67              -0.6848        -21.2887          1.8631
35.68              -0.6850        -21.2887          1.8630
35.69              -0.6853        -21.2887          1.8629
35.70              -0.6855        -21.2887          1.8628
35.71              -0.6858        -21.2887          1.8626
35.72              -0.6861        -21.2887          1.8624
35.73              -0.6864        -21.2887          1.8622
35.74              -0.6867        -21.2887          1.8620
35.75              -0.6871        -21.2887          1.8617
35.76              -0.6874        -21.2887          1.8614
35.77              -0.6878        -21.2887          1.8611
35.78              -0.6882        -21.2887          1.8608
35.79              -0.6886        -21.2887          1.8605
35.80              -0.6890        -21.2887          1.8601
35.81              -0.6894        -21.2887          1.8597
35.82              -0.6898        -21.2887          1.8593
35.83              -0.6903        -21.2887          1.8589
35.84              -0.6907        -21.2887          1.8585
35.85              -0.6912        -21.2887          1.8580
35.86              -0.6917        -21.2887          1.8575
35.87              -0.6922        -21.2888          1.8570
35.88              -0.6927        -21.2888          1.8565
35.89              -0.6933        -21.2888          1.8560
35.90              -0.6938        -21.2888          1.8554
35.91              -0.6943        -21.2888          1.8549
35.92              -0.6949        -21.2888          1.8543
35.93              -0.6955        -21.2888          1.8537
35.94              -0.6960        -21.2888          1.8531
35.95              -0.6966        -21.2888          1.8525
35.96              -0.6972        -21.2888          1.8518
35.97              -0.6979        -21.2888          1.8512
35.98              -0.6985        -21.2888          1.8505
35.99              -0.6991        -21.2888          1.8498
36.00              -0.6997        -21.2888          1.8491
36.01              -0.7004        -21.2888          1.8484
36.02              -0.7011        -21.2888          1.8477
36.03              -0.7017        -21.2888          1.8470
36.04              -0.7024        -21.2888          1.8463
36.05              -0.7031        -21.2888          1.8455
36.06              -0.7038        -21.2888          1.8448
36.07              -0.7045        -21.2888          1.8440
36.08              -0.7052        -21.2889          1.8433
36.09              -0.7059        -21.2889          1.8425
36.10              -0.7066        -21.2889          1.8417
36.11              -0.7073        -21.2889          1.8409
36.12              -0.7080        -21.2889          1.8401
36.13              -0.7088        -21.2889          1.8393
36.14              -0.7095        -21.2889          1.8385
36.15              -0.7103        -21.2889          1.8377
36.16              -0.7110        -21.2889          1.8369
36.17              -0.7118        -21.2889          1.8361
36.18              -0.7125        -21.2889          1.8353
36.19              -0.7133        -21.2889          1.8345
36.20              -0.7140        -21.2889          1.8337
36.21              -0.7148        -21.2889          1.8328
36.22              -0.7156        -21.2889          1.8320
36.23              -0.7163        -21.2889          1.8312
36.24              -0.7171        -21.2889          1.8304
36.25              -0.7179        -21.2889          1.8296
36.26              -0.7186        -21.2889          1.8288
36.27              -0.7194        -21.2889          1.8279
36.28              -0.7202        -21.2889          1.8271
36.29              -0.7210        -21.2889          1.8263
36.30              -0.7217        -21.2890          1.8255
36.31              -0.7225        -21.2890          1.8247
36.32              -0.7233        -21.2890          1.8239
36.33              -0.7240        -21.2890          1.8232
36.34              -0.7248        -21.2890          1.8224
36.35              -0.7256        -21.2890          1.8216
36.36              -0.7263        -21.2890          1.8208
36.37              -0.7271        -21.2890          1.8201
36.38              -0.7278        -21.2890          1.8193
36.39              -0.7286        -21.2890          1.8186
36.40              -0.7293        -21.2890          1.8179
36.41              -0.7301        -21.2890          1.8171
36.42              -0.7308        -21.2890          1.8164
36.43              -0.7316        -21.2890          1.8157
36.44              -0.7323        -21.2890          1.8150
36.45              -0.7330        -21.2890          1.8144
36.46              -0.7337        -21.2890          1.8137
36.47              -0.7345        -21.2890          1.8130
36.48              -0.7352        -21.2890          1.8124
36.49              -0.7359        -21.2890          1.8118
36.50              -0.7366        -21.2890          1.8112
36.51              -0.7372        -21.2891          1.8106
36.52              -0.7379        -21.2891          1.8100
36.53              -0.7386        -21.2891          1.8094
36.54              -0.7393        -21.2891          1.8089
36.55              -0.7399        -21.2891          1.8083
36.56              -0.7405        -21.2891          1.8078
36.57              -0.7412        -21.2891          1.8073
36.58              -0.7418        -21.2891          1.8068
36.59              -0.7424        -21.2891          1.8063
36.60              -0.7430        -21.2891          1.8059
36.61              -0.7436        -21.2891          1.8055
36.62              -0.7442        -21.2891          1.8050
36.63              -0.7448        -21.2891          1.8047
36.64              -0.7454        -21.2891          1.8043
36.65              -0.7459        -21.2891          1.8039
36.66              -0.7465        -21.2891          1.8036
36.67              -0.7470        -21.2891          1.8033
36.68              -0.7475        -21.2891          1.8030
36.69              -0.7480        -21.2891          1.8027
36.70              -0.7485        -21.2891          1.8025
36.71              -0.7490        -21.2892          1.8022
36.72              -0.7495        -21.2892          1.8020
36.73              -0.7499        -21.2892          1.8018
36.74              -0.7504        -21.2892          1.8017
36.75              -0.7508        -21.2892          1.8015
36.76              -0.7512        -21.2892          1.8014
36.77              -0.7516        -21.2892          1.8013
36.78              -0.7520        -21.2892          1.8013
36.79              -0.7524        -21.2892          1.8012
36.80              -0.7527        -21.2892          1.8012
36.81              -0.7531        -21.2892          1.8012
36.82              -0.7534        -21.2892          1.8012
36.83              -0.7537        -21.2892          1.8013
36.84              -0.7540        -21.2892          1.8013
36.85              -0.7543        -21.2892          1.8014
36.86              -0.7546        -21.2892          1.8016
36.87              -0.7548        -21.2892          1.8017
36.88              -0.7551        -21.2892          1.8019
36.89              -0.7553        -21.2892          1.8021
36.90              -0.7555        -21.2893          1.8023
36.91              -0.7557        -21.2893          1.8025
36.92              -0.7559        -21.2893          1.8028
36.93              -0.7560        -21.2893          1.8031
36.94              -0.7562        -21.2893          1.8034
36.95              -0.7563        -21.2893          1.8038
36.96              -0.7564        -21.2893          1.8041
36.97              -0.7565        -21.2893          1.8045
36.98              -0.7566        -21.2893          1.8050
36.99              -0.7567        -21.2893          1.8054
37.00              -0.7567        -21.2893          1.8059
37.01              -0.7568        -21.2893          1.8064
37.02              -0.7568        -21.2893          1.8069
37.03              -0.7568        -21.2893          1.8074
37.04              -0.7568        -21.2893          1.8080
37.05              -0.7567        -21.2893          1.8086
37.06              -0.7567        -21.2893          1.8092
37.07              -0.7566        -21.2894          1.8099
37.08              -0.7566        -21.2894          1.8105
37.09              -0.7565        -21.2894          1.8112
37.10              -0.7564        -21.2894          1.8119
37.11              -0.7562        -21.2894          1.8127
37.12              -0.7561        -21.2894          1.8134
37.13              -0.7559        -21.2894          1.8142
37.14              -0.7558        -21.2894          1.8150
37.15              -0.7556        -21.2894          1.8158
37.16              -0.7554        -21.2894          1.8167
37.17              -0.7551        -21.2894          1.8176
37.18              -0.7549        -21.2894          1.8185
37.19              -0.7546        -21.2894          1.8194
37.20              -0.7544        -21.2894          1.8203
37.21              -0.7541        -21.2894          1.8213
37.22              -0.7538        -21.2894          1.8223
37.23              -0.7535        -21.2895          1.8233
37.24              -0.7532        -21.2895          1.8243
37.25              -0.7528        -21.2895          1.8254
37.26              -0.7525        -21.2895          1.8264
37.27              -0.7521        -21.2895          1.8275
37.28              -0.7517        -21.2895          1.8286
37.29              -0.7513        -21.2895          1.8297
37.30              -0.7509        -21.2895          1.8309
37.31              -0.7505        -21.2895          1.8320
37.32              -0.7500        -21.2895          1.8332
37.33              -0.7496        -21.2895          1.8344
37.34              -0.7491        -21.2895          1.8356
37.35              -0.7486        -21.2895          1.8369
37.36              -0.7481        -21.2895          1.8381
37.37              -0.7476        -21.2895          1.8394
37.38              -0.7471        -21.2895          1.8406
37.39              -0.7466        -21.2896          1.8419
37.40              -0.7461        -21.2896          1.8432
37.41              -0.7455        -21.2896          1.8446
37.42              -0.7449        -21.2896          1.8459
37.43              -0.7444        -21.2896          1.8472
37.44              -0.7438        -21.2896          1.8486
37.45              -0.7432        -21.2896          1.8500
37.46              -0.7426        -21.2896          1.8514
37.47              -0.7420        -21.2896          1.8528
37.48              -0.7413        -21.2896          1.8542
37.49              -0.7407        -21.2896          1.8556
37.50              -0.7401        -21.2896          1.8570
37.51              -0.7394        -21.2896          1.8584
37.52              -0.7388        -21.2896          1.8599
37.53              -0.7381        -21.2896          1.8613
37.54              -0.7374        -21.2897          1.8628
37.55              -0.7367        -21.2897          1.8643
37.56              -0.7360        -21.2897          1.8657
37.57              -0.7353        -21.2897          1.8672
37.58              -0.7346        -21.2897          1.8687
37.59              -0.7339        -21.2897          1.8702
37.60              -0.7332        -21.2897          1.8717
37.61              -0.7325        -21.2897          1.8732
37.62              -0.7318        -21.2897          1.8747
37.63              -0.7310        -21.2897          1.8762
37.64              -0.7303        -21.2897          1.8777
37.65              -0.7296        -21.2897          1.8793
37.66              -0.7288        -21.2897          1.8808
37.67              -0.7281        -21.2897          1.8823
37.68              -0.7273        -21.2897          1.8838
37.69              -0.7265        -21.2898          1.8853
37.70              -0.7258        -21.2898          1.8869
37.71              -0.7250        -21.2898          1.8884
37.72              -0.7243        -21.2898          1.8899
37.73              -0.7235        -21.2898          1.8914
37.74              -0.7227        -21.2898          1.8929
37.75              -0.7219        -21.2898          1.8944
37.76              -0.7212        -21.2898          1.8959
37.77              -0.7204        -21.2898          1.8974
37.78              -0.7196        -21.2898          1.8989
37.79              -0.7189        -21.2898          1.9004
37.80              -0.7181        -21.2898          1.9019
37.81              -0.7173        -21.2898          1.9034
37.82              -0.7166        -21.2898          1.9048
37.83              -0.7158        -21.2899          1.9063
37.84              -0.7150        -21.2899          1.9077
37.85              -0.7143        -21.2899          1.9092
37.86              -0.7135        -21.2899          1.9106
37.87              -0.7127        -21.2899          1.9121
37.88              -0.7120        -21.2899          1.9135
37.89              -0.7112        -21.2899          1.9149
37.90              -0.7105        -21.2899          1.9163
37.91              -0.7098        -21.2899          1.9177
37.92              -0.7090        -21.2899          1.9190
37.93              -0.7083        -21.2899          1.9204
37.94              -0.7076        -21.2899          1.9217
37.95              -0.7068        -21.2899          1.9231
37.96              -0.7061        -21.2899          1.9244
37.97              -0.7054        -21.2899          1.9257
37.98              -0.7047        -21.2900          1.9270
37.99              -0.7040        -21.2900          1.9283
38.00              -0.7033        -21.2900          1.9295
38.01              -0.7026        -21.2900          1.9308
38.02              -0.7020        -21.2900          1.9320
38.03              -0.7013        -21.2900          1.9332
38.04              -0.7006        -21.2900          1.9344
38.05              -0.7000        -21.2900          1.9356
38.06              -0.6993        -21.2900          1.9367
38.07              -0.6987        -21.2900          1.9379
38.08              -0.6981        -21.2900          1.9390
38.09              -0.6975        -21.2900          1.9401
38.10              -0.6969        -21.2900          1.9411
38.11              -0.6963        -21.2900          1.9422
38.12              -0.6957        -21.2901          1.9432
38.13              -0.6951        -21.2901          1.9443
38.14              -0.6946        -21.2901          1.9453
38.15              -0.6940        -21.2901          1.9462
38.16              -0.6935        -21.2901          1.9472
38.17              -0.6930        -21.2901          1.9481
38.18              -0.6924        -21.2901          1.9490
38.19              -0.6919        -21.2901          1.9499
38.20              -0.6915        -21.2901          1.9508
38.21              -0.6910        -21.2901          1.9516
38.22              -0.6905        -21.2901          1.9524
38.23              -0.6901        -21.2901          1.9532
38.24              -0.6896        -21.2901          1.9540
38.25              -0.6892        -21.2901          1.9547
38.26              -0.6888        -21.2901          1.9555
38.27              -0.6884        -21.2901          1.9562
38.28              -0.6880        -21.2902          1.9568
38.29              -0.6876        -21.2902          1.9575
38.30              -0.6873        -21.2902          1.9581
38.31              -0.6870        -21.2902          1.9587
38.32              -0.6866        -21.2902          1.9593
38.33              -0.6863        -21.2902          1.9598
38.34              -0.6860        -21.2902          1.9603
38.35              -0.6857        -21.2902          1.9608
38.36              -0.6855        -21.2902          1.9613
38.37              -0.6852        -21.2902          1.9617
38.38              -0.6850        -21.2902          1.9621
38.39              -0.6848        -21.2902          1.9625
38.40              -0.6846        -21.2902          1.9629
38.41              -0.6844        -21.2902          1.9632
38.42              -0.6842        -21.2902          1.9635
38.43              -0.6840        -21.2902          1.9638
38.44              -0.6839        -21.2903          1.9641
38.45              -0.6838        -21.2903          1.9643
38.46              -0.6837        -21.2903          1.9645
38.47              -0.6836        -21.2903          1.9647
38.48              -0.6835        -21.2903          1.9648
38.49              -0.6834        -21.2903          1.9650
38.50              -0.6834        -21.2903          1.9651
38.51              -0.6834        -21.2903          1.9651
38.52              -0.6834        -21.2903          1.9652
38.53              -0.6834        -21.2903          1.9652
38.54              -0.6834        -21.2903          1.9652
38.55              -0.6834        -21.2903          1.9652
38.56              -0.6835        -21.2903          1.9651
38.57              -0.6835        -21.2903          1.9651
38.58              -0.6836        -21.2903          1.9649
38.59              -0.6837        -21.2903          1.9648
38.60              -0.6838        -21.2903          1.9647
38.61              -0.6840        -21.2904          1.9645
38.62              -0.6841        -21.2904          1.9643
38.63              -0.6843        -21.2904          1.9640
38.64              -0.6845        -21.2904          1.9638
38.65              -0.6847        -21.2904          1.9635
38.66              -0.6849        -21.2904          1.9632
38.67              -0.6851        -21.2904          1.9629
38.68              -0.6853        -21.2904          1.9625
38.69              -0.6856        -21.2904          1.9622
38.70              -0.6859        -21.2904          1.9618
38.71              -0.6862        -21.2904          1.9613
38.72              -0.6865        -21.2904          1.9609
38.73              -0.6868        -21.2904          1.9604
38.74              -0.6871        -21.2904          1.9600
38.75              -0.6875        -21.2904          1.9595
38.76              -0.6878        -21.2904          1.9589
38.77              -0.6882        -21.2904          1.9584
38.78              -0.6886        -21.2905          1.9578
38.79              -0.6890        -21.2905          1.9572
38.80              -0.6894        -21.2905          1.9566
38.81              -0.6898        -21.2905          1.9560
38.82              -0.6903        -21.2905          1.9554
38.83              -0.6907        -21.2905          1.9547
38.84              -0.6912        -21.2905          1.9540
38.85              -0.6917        -21.2905          1.9533
38.86              -0.6922        -21.2905          1.9526
38.87              -0.6927        -21.2905          1.9519
38.88              -0.6932        -21.2905          1.9511
38.89              -0.6937        -21.2905          1.9504
38.90              -0.6943        -21.2905          1.9496
38.91              -0.6948        -21.2905          1.9488
38.92              -0.6954        -21.2905          1.9480
38.93              -0.6960        -21.2905          1.9472
38.94              -0.6966        -21.2905          1.9463
38.95              -0.6972        -21.2905          1.9455
38.96              -0.6978        -21.2905          1.9446
38.97              -0.6984        -21.2906          1.9438
38.98              -0.6990        -21.2906          1.9429
38.99              -0.6996        -21.2906          1.9420
39.00              -0.7003        -21.2906          1.9411
39.01              -0.7009        -21.2906          1.9402
39.02              -0.7016        -21.2906          1.9392
39.03              -0.7023        -21.2906          1.9383
39.04              -0.7029        -21.2906          1.9374
39.05              -0.7036        -21.2906          1.9364
39.06              -0.7043        -21.2906          1.9355
39.07              -0.7050        -21.2906          1.9345
39.08              -0.7057        -21.2906          1.9335
39.09              -0.7064        -21.2906          1.9325
39.10              -0.7072        -21.2906          1.9316
39.11              -0.7079        -21.2906          1.9306
39.12              -0.7086        -21.2906          1.9296
39.13              -0.7093        -21.2906          1.9286
39.14              -0.7101        -21.2906          1.9276
39.15              -0.7108        -21.2906          1.9266
39.16              -0.7116        -21.2906          1.9256
39.17              -0.7123        -21.2907          1.9246
39.18              -0.7131        -21.2907          1.9236
39.19              -0.7138        -21.2907          1.9225
39.20              -0.7146        -21.2907          1.9215
39.21              -0.7154        -21.2907          1.9205
39.22              -0.7161        -21.2907          1.9195
39.23              -0.7169        -21.2907          1.9185
39.24              -0.7176        -21.2907          1.9175
39.25              -0.7184        -21.2907          1.9165
39.26              -0.7192        -21.2907          1.9155
39.27              -0.7200        -21.2907          1.9145
39.28              -0.7207        -21.2907          1.9136
39.29              -0.7215        -21.2907          1.9126
39.30              -0.7223        -21.2907          1.9116
39.31              -0.7230        -21.2907          1.9106
39.32              -0.7238        -21.2907          1.9097
39.33              -0.7246        -21.2907          1.9087
39.34              -0.7253        -21.2907          1.9077
39.35              -0.7261        -21.2907          1.9068
39.36              -0.7268        -21.2907          1.9059
39.37              -0.7276        -21.2907          1.9050
39.38              -0.7283        -21.2908          1.9040
39.39              -0.7291        -21.2908          1.9031
39.40              -0.7298        -21.2908          1.9022
39.41              -0.7306        -21.2908          1.9014
39.42              -0.7313        -21.2908          1.9005
39.43              -0.7320        -21.2908          1.8996
39.44              -0.7328        -21.2908          1.8988
39.45              -0.7335        -21.2908          1.8980
39.46              -0.7342        -21.2908          1.8971
39.47              -0.7349        -21.2908          1.8963
39.48              -0.7356        -21.2908          1.8955
39.49              -0.7363        -21.2908          1.8948
39.50              -0.7370        -21.2908          1.8940
39.51              -0.7376        -21.2908          1.8933
39.52              -0.7383        -21.2908          1.8925
39.53              -0.7390        -21.2908          1.8918
39.54              -0.7396        -21.2908          1.8911
39.55              -0.7403        -21.2908          1.8905
39.56              -0.7409        -21.2908          1.8898
39.57              -0.7415        -21.2908          1.8892
39.58              -0.7422        -21.2909          1.8885
39.59              -0.7428        -21.2909          1.8879
39.60              -0.7434        -21.2909          1.8873
39.61              -0.7439        -21.2909          1.8868
39.62              -0.7445        -21.2909          1.8862
39.63              -0.7451        -21.2909          1.8857
39.64              -0.7456        -21.2909          1.8852
39.65              -0.7462        -21.2909          1.8847
39.66              -0.7467        -21.2909          1.8843
39.67              -0.7472        -21.2909          1.8838
39.68              -0.7477        -21.2909          1.8834
39.69              -0.7482        -21.2909          1.8830
39.70              -0.7487        -21.2909          1.8827
39.71              -0.7492        -21.2909          1.8823
39.72              -0.7497        -21.2909          1.8820
39.73              -0.7501        -21.2909          1.8817
39.74              -0.7505        -21.2909          1.8814
39.75              -0.7509        -21.2909          1.8812
39.76              -0.7514        -21.2909          1.8809
39.77              -0.7517        -21.2910          1.8807
39.78              -0.7521        -21.2910          1.8805
39.79              -0.7525        -21.2910          1.8804
39.80              -0.7528        -21.2910          1.8803
39.81              -0.7532        -21.2910          1.8802
39.82              -0.7535        -21.2910          1.8801
39.83              -0.7538        -21.2910          1.8800
39.84              -0.7541        -21.2910          1.8800
39.85              -0.7544        -21.2910          1.8800
39.86              -0.7546        -21.2910          1.8800
39.87              -0.7549        -21.2910          1.8800
39.88              -0.7551        -21.2910          1.8801
39.89              -0.7553        -21.2910          1.8802
39.90              -0.7555        -21.2910          1.8803
39.91              -0.7557        -21.2910          1.8805
39.92              -0.7558        -21.2910          1.8807
39.93              -0.7560        -21.2910          1.8809
39.94              -0.7561        -21.2910          1.8811
39.95              -0.7562        -21.2910          1.8814
39.96              -0.7564        -21.2910          1.8816
39.97              -0.7564        -21.2911          1.8819
39.98              -0.7565        -21.2911          1.8823
39.99              -0.7566        -21.2911          1.8826
40.00              -0.7566        -21.2911          1.8830
