   Wave #: 	15
Wave amplitude (m): 	0.01
Wave omega (rad/s): 	0.2855993321
Time (s)  Pitch (rads)
0.03            0.0000
0.06            0.0000
0.09            0.0000
0.12            0.0000
0.15            0.0000
0.18            0.0000
0.21            0.0000
0.24            0.0000
0.27            0.0000
0.30            0.0000
0.33            0.0000
0.36            0.0000
0.39            0.0000
0.42           -0.0000
0.45           -0.0000
0.48           -0.0000
0.51           -0.0000
0.54           -0.0000
0.57           -0.0000
0.60           -0.0000
0.63           -0.0000
0.66           -0.0000
0.69           -0.0000
0.72           -0.0000
0.75           -0.0000
0.78           -0.0000
0.81           -0.0000
0.84           -0.0000
0.87           -0.0000
0.90           -0.0000
0.93           -0.0000
0.96           -0.0000
0.99           -0.0000
1.02           -0.0000
1.05           -0.0001
1.08           -0.0001
1.11           -0.0001
1.14           -0.0001
1.17           -0.0001
1.20           -0.0001
1.23           -0.0001
1.26           -0.0001
1.29           -0.0001
1.32           -0.0001
1.35           -0.0001
1.38           -0.0001
1.41           -0.0001
1.44           -0.0001
1.47           -0.0001
1.50           -0.0001
1.53           -0.0002
1.56           -0.0002
1.59           -0.0002
1.62           -0.0002
1.65           -0.0002
1.68           -0.0002
1.71           -0.0002
1.74           -0.0002
1.77           -0.0002
1.80           -0.0002
1.83           -0.0003
1.86           -0.0003
1.89           -0.0003
1.92           -0.0003
1.95           -0.0003
1.98           -0.0003
2.01           -0.0003
2.04           -0.0003
2.07           -0.0004
2.10           -0.0004
2.13           -0.0004
2.16           -0.0004
2.19           -0.0004
2.22           -0.0004
2.25           -0.0004
2.28           -0.0005
2.31           -0.0005
2.34           -0.0005
2.37           -0.0005
2.40           -0.0005
2.43           -0.0005
2.46           -0.0005
2.49           -0.0006
2.52           -0.0006
2.55           -0.0006
2.58           -0.0006
2.61           -0.0006
2.64           -0.0006
2.67           -0.0007
2.70           -0.0007
2.73           -0.0007
2.76           -0.0007
2.79           -0.0007
2.82           -0.0008
2.85           -0.0008
2.88           -0.0008
2.91           -0.0008
2.94           -0.0008
2.97           -0.0009
3.00           -0.0009
3.03           -0.0009
3.06           -0.0009
3.09           -0.0009
3.12           -0.0010
3.15           -0.0010
3.18           -0.0010
3.21           -0.0010
3.24           -0.0011
3.27           -0.0011
3.30           -0.0011
3.33           -0.0011
3.36           -0.0012
3.39           -0.0012
3.42           -0.0012
3.45           -0.0012
3.48           -0.0013
3.51           -0.0013
3.54           -0.0013
3.57           -0.0013
3.60           -0.0014
3.63           -0.0014
3.66           -0.0014
3.69           -0.0015
3.72           -0.0015
3.75           -0.0015
3.78           -0.0015
3.81           -0.0016
3.84           -0.0016
3.87           -0.0016
3.90           -0.0017
3.93           -0.0017
3.96           -0.0017
3.99           -0.0017
4.02           -0.0018
4.05           -0.0018
4.08           -0.0018
4.11           -0.0019
4.14           -0.0019
4.17           -0.0019
4.20           -0.0020
4.23           -0.0020
4.26           -0.0020
4.29           -0.0021
4.32           -0.0021
4.35           -0.0021
4.38           -0.0022
4.41           -0.0022
4.44           -0.0023
4.47           -0.0023
4.50           -0.0023
4.53           -0.0024
4.56           -0.0024
4.59           -0.0024
4.62           -0.0025
4.65           -0.0025
4.68           -0.0025
4.71           -0.0026
4.74           -0.0026
4.77           -0.0027
4.80           -0.0027
4.83           -0.0027
4.86           -0.0028
4.89           -0.0028
4.92           -0.0029
4.95           -0.0029
4.98           -0.0029
5.01           -0.0030
5.04           -0.0030
5.07           -0.0031
5.10           -0.0031
5.13           -0.0031
5.16           -0.0032
5.19           -0.0032
5.22           -0.0033
5.25           -0.0033
5.28           -0.0033
5.31           -0.0034
5.34           -0.0034
5.37           -0.0035
5.40           -0.0035
5.43           -0.0036
5.46           -0.0036
5.49           -0.0036
5.52           -0.0037
5.55           -0.0037
5.58           -0.0038
5.61           -0.0038
5.64           -0.0039
5.67           -0.0039
5.70           -0.0040
5.73           -0.0040
5.76           -0.0040
5.79           -0.0041
5.82           -0.0041
5.85           -0.0042
5.88           -0.0042
5.91           -0.0043
5.94           -0.0043
5.97           -0.0044
6.00           -0.0044
6.03           -0.0044
6.06           -0.0045
6.09           -0.0045
6.12           -0.0046
6.15           -0.0046
6.18           -0.0047
6.21           -0.0047
6.24           -0.0048
6.27           -0.0048
6.30           -0.0049
6.33           -0.0049
6.36           -0.0049
6.39           -0.0050
6.42           -0.0050
6.45           -0.0051
6.48           -0.0051
6.51           -0.0052
6.54           -0.0052
6.57           -0.0053
6.60           -0.0053
6.63           -0.0054
6.66           -0.0054
6.69           -0.0054
6.72           -0.0055
6.75           -0.0055
6.78           -0.0056
6.81           -0.0056
6.84           -0.0057
6.87           -0.0057
6.90           -0.0058
6.93           -0.0058
6.96           -0.0059
6.99           -0.0059
7.02           -0.0059
7.05           -0.0060
7.08           -0.0060
7.11           -0.0061
7.14           -0.0061
7.17           -0.0062
7.20           -0.0062
7.23           -0.0063
7.26           -0.0063
7.29           -0.0063
7.32           -0.0064
7.35           -0.0064
7.38           -0.0065
7.41           -0.0065
7.44           -0.0066
7.47           -0.0066
7.50           -0.0066
7.53           -0.0067
7.56           -0.0067
7.59           -0.0068
7.62           -0.0068
7.65           -0.0068
7.68           -0.0069
7.71           -0.0069
7.74           -0.0070
7.77           -0.0070
7.80           -0.0070
7.83           -0.0071
7.86           -0.0071
7.89           -0.0072
7.92           -0.0072
7.95           -0.0072
7.98           -0.0073
8.01           -0.0073
8.04           -0.0074
8.07           -0.0074
8.10           -0.0074
8.13           -0.0075
8.16           -0.0075
8.19           -0.0075
8.22           -0.0076
8.25           -0.0076
8.28           -0.0076
8.31           -0.0077
8.34           -0.0077
8.37           -0.0077
8.40           -0.0078
8.43           -0.0078
8.46           -0.0078
8.49           -0.0079
8.52           -0.0079
8.55           -0.0079
8.58           -0.0080
8.61           -0.0080
8.64           -0.0080
8.67           -0.0081
8.70           -0.0081
8.73           -0.0081
8.76           -0.0081
8.79           -0.0082
8.82           -0.0082
8.85           -0.0082
8.88           -0.0082
8.91           -0.0083
8.94           -0.0083
8.97           -0.0083
9.00           -0.0083
9.03           -0.0084
9.06           -0.0084
9.09           -0.0084
9.12           -0.0084
9.15           -0.0085
9.18           -0.0085
9.21           -0.0085
9.24           -0.0085
9.27           -0.0085
9.30           -0.0085
9.33           -0.0086
9.36           -0.0086
9.39           -0.0086
9.42           -0.0086
9.45           -0.0086
9.48           -0.0086
9.51           -0.0087
9.54           -0.0087
9.57           -0.0087
9.60           -0.0087
9.63           -0.0087
9.66           -0.0087
9.69           -0.0087
9.72           -0.0087
9.75           -0.0087
9.78           -0.0088
9.81           -0.0088
9.84           -0.0088
9.87           -0.0088
9.90           -0.0088
9.93           -0.0088
9.96           -0.0088
9.99           -0.0088
10.02          -0.0088
10.05          -0.0088
10.08          -0.0088
10.11          -0.0088
10.14          -0.0088
10.17          -0.0088
10.20          -0.0088
10.23          -0.0088
10.26          -0.0088
10.29          -0.0088
10.32          -0.0088
10.35          -0.0088
10.38          -0.0088
10.41          -0.0088
10.44          -0.0088
10.47          -0.0088
10.50          -0.0087
10.53          -0.0087
10.56          -0.0087
10.59          -0.0087
10.62          -0.0087
10.65          -0.0087
10.68          -0.0087
10.71          -0.0087
10.74          -0.0086
10.77          -0.0086
10.80          -0.0086
10.83          -0.0086
10.86          -0.0086
10.89          -0.0086
10.92          -0.0085
10.95          -0.0085
10.98          -0.0085
11.01          -0.0085
11.04          -0.0085
11.07          -0.0084
11.10          -0.0084
11.13          -0.0084
11.16          -0.0084
11.19          -0.0083
11.22          -0.0083
11.25          -0.0083
11.28          -0.0082
11.31          -0.0082
11.34          -0.0082
11.37          -0.0081
11.40          -0.0081
11.43          -0.0081
11.46          -0.0080
11.49          -0.0080
11.52          -0.0080
11.55          -0.0079
11.58          -0.0079
11.61          -0.0079
11.64          -0.0078
11.67          -0.0078
11.70          -0.0077
11.73          -0.0077
11.76          -0.0077
11.79          -0.0076
11.82          -0.0076
11.85          -0.0075
11.88          -0.0075
11.91          -0.0074
11.94          -0.0074
11.97          -0.0073
12.00          -0.0073
12.03          -0.0072
12.06          -0.0072
12.09          -0.0071
12.12          -0.0071
12.15          -0.0070
12.18          -0.0070
12.21          -0.0069
12.24          -0.0069
12.27          -0.0068
12.30          -0.0068
12.33          -0.0067
12.36          -0.0066
12.39          -0.0066
12.42          -0.0065
12.45          -0.0065
12.48          -0.0064
12.51          -0.0063
12.54          -0.0063
12.57          -0.0062
12.60          -0.0061
12.63          -0.0061
12.66          -0.0060
12.69          -0.0059
12.72          -0.0059
12.75          -0.0058
12.78          -0.0057
12.81          -0.0057
12.84          -0.0056
12.87          -0.0055
12.90          -0.0054
12.93          -0.0054
12.96          -0.0053
12.99          -0.0052
13.02          -0.0051
13.05          -0.0051
13.08          -0.0050
13.11          -0.0049
13.14          -0.0048
13.17          -0.0047
13.20          -0.0047
13.23          -0.0046
13.26          -0.0045
13.29          -0.0044
13.32          -0.0043
13.35          -0.0043
13.38          -0.0042
13.41          -0.0041
13.44          -0.0040
13.47          -0.0039
13.50          -0.0038
13.53          -0.0037
13.56          -0.0036
13.59          -0.0036
13.62          -0.0035
13.65          -0.0034
13.68          -0.0033
13.71          -0.0032
13.74          -0.0031
13.77          -0.0030
13.80          -0.0029
13.83          -0.0028
13.86          -0.0027
13.89          -0.0026
13.92          -0.0025
13.95          -0.0024
13.98          -0.0023
14.01          -0.0022
14.04          -0.0021
14.07          -0.0020
14.10          -0.0019
14.13          -0.0018
14.16          -0.0017
14.19          -0.0016
14.22          -0.0015
14.25          -0.0014
14.28          -0.0013
14.31          -0.0012
14.34          -0.0011
14.37          -0.0010
14.40          -0.0009
14.43          -0.0008
14.46          -0.0007
14.49          -0.0006
14.52          -0.0005
14.55          -0.0004
14.58          -0.0003
14.61          -0.0002
14.64          -0.0001
14.67           0.0001
14.70           0.0002
14.73           0.0003
14.76           0.0004
14.79           0.0005
14.82           0.0006
14.85           0.0007
14.88           0.0008
14.91           0.0009
14.94           0.0011
14.97           0.0012
15.00           0.0013
15.03           0.0014
15.06           0.0015
15.09           0.0016
15.12           0.0017
15.15           0.0018
15.18           0.0020
15.21           0.0021
15.24           0.0022
15.27           0.0023
15.30           0.0024
15.33           0.0025
15.36           0.0027
15.39           0.0028
15.42           0.0029
15.45           0.0030
15.48           0.0031
15.51           0.0032
15.54           0.0034
15.57           0.0035
15.60           0.0036
15.63           0.0037
15.66           0.0038
15.69           0.0039
15.72           0.0041
15.75           0.0042
15.78           0.0043
15.81           0.0044
15.84           0.0045
15.87           0.0047
15.90           0.0048
15.93           0.0049
15.96           0.0050
15.99           0.0051
16.02           0.0052
16.05           0.0054
16.08           0.0055
16.11           0.0056
16.14           0.0057
16.17           0.0058
16.20           0.0059
16.23           0.0061
16.26           0.0062
16.29           0.0063
16.32           0.0064
16.35           0.0065
16.38           0.0067
16.41           0.0068
16.44           0.0069
16.47           0.0070
16.50           0.0071
16.53           0.0072
16.56           0.0073
16.59           0.0075
16.62           0.0076
16.65           0.0077
16.68           0.0078
16.71           0.0079
16.74           0.0080
16.77           0.0082
16.80           0.0083
16.83           0.0084
16.86           0.0085
16.89           0.0086
16.92           0.0087
16.95           0.0088
16.98           0.0089
17.01           0.0091
17.04           0.0092
17.07           0.0093
17.10           0.0094
17.13           0.0095
17.16           0.0096
17.19           0.0097
17.22           0.0098
17.25           0.0099
17.28           0.0100
17.31           0.0101
17.34           0.0102
17.37           0.0104
17.40           0.0105
17.43           0.0106
17.46           0.0107
17.49           0.0108
17.52           0.0109
17.55           0.0110
17.58           0.0111
17.61           0.0112
17.64           0.0113
17.67           0.0114
17.70           0.0115
17.73           0.0116
17.76           0.0117
17.79           0.0118
17.82           0.0119
17.85           0.0120
17.88           0.0121
17.91           0.0122
17.94           0.0123
17.97           0.0123
18.00           0.0124
18.03           0.0125
18.06           0.0126
18.09           0.0127
18.12           0.0128
18.15           0.0129
18.18           0.0130
18.21           0.0131
18.24           0.0132
18.27           0.0132
18.30           0.0133
18.33           0.0134
18.36           0.0135
18.39           0.0136
18.42           0.0137
18.45           0.0137
18.48           0.0138
18.51           0.0139
18.54           0.0140
18.57           0.0140
18.60           0.0141
18.63           0.0142
18.66           0.0143
18.69           0.0143
18.72           0.0144
18.75           0.0145
18.78           0.0146
18.81           0.0146
18.84           0.0147
18.87           0.0148
18.90           0.0148
18.93           0.0149
18.96           0.0150
18.99           0.0150
19.02           0.0151
19.05           0.0151
19.08           0.0152
19.11           0.0153
19.14           0.0153
19.17           0.0154
19.20           0.0154
19.23           0.0155
19.26           0.0155
19.29           0.0156
19.32           0.0156
19.35           0.0157
19.38           0.0157
19.41           0.0158
19.44           0.0158
19.47           0.0159
19.50           0.0159
19.53           0.0160
19.56           0.0160
19.59           0.0160
19.62           0.0161
19.65           0.0161
19.68           0.0161
19.71           0.0162
19.74           0.0162
19.77           0.0162
19.80           0.0163
19.83           0.0163
19.86           0.0163
19.89           0.0164
19.92           0.0164
19.95           0.0164
19.98           0.0164
20.01           0.0165
20.04           0.0165
20.07           0.0165
20.10           0.0165
20.13           0.0165
20.16           0.0166
20.19           0.0166
20.22           0.0166
20.25           0.0166
20.28           0.0166
20.31           0.0166
20.34           0.0166
20.37           0.0166
20.40           0.0166
20.43           0.0166
20.46           0.0166
20.49           0.0166
20.52           0.0166
20.55           0.0166
20.58           0.0166
20.61           0.0166
20.64           0.0166
20.67           0.0166
20.70           0.0166
20.73           0.0166
20.76           0.0166
20.79           0.0166
20.82           0.0166
20.85           0.0165
20.88           0.0165
20.91           0.0165
20.94           0.0165
20.97           0.0165
21.00           0.0164
21.03           0.0164
21.06           0.0164
21.09           0.0164
21.12           0.0163
21.15           0.0163
21.18           0.0163
21.21           0.0162
21.24           0.0162
21.27           0.0162
21.30           0.0161
21.33           0.0161
21.36           0.0161
21.39           0.0160
21.42           0.0160
21.45           0.0159
21.48           0.0159
21.51           0.0158
21.54           0.0158
21.57           0.0157
21.60           0.0157
21.63           0.0156
21.66           0.0156
21.69           0.0155
21.72           0.0155
21.75           0.0154
21.78           0.0153
21.81           0.0153
21.84           0.0152
21.87           0.0152
21.90           0.0151
21.93           0.0150
21.96           0.0150
21.99           0.0149
22.02           0.0148
22.05           0.0147
22.08           0.0147
22.11           0.0146
22.14           0.0145
22.17           0.0144
22.20           0.0144
22.23           0.0143
22.26           0.0142
22.29           0.0141
22.32           0.0140
22.35           0.0139
22.38           0.0139
22.41           0.0138
22.44           0.0137
22.47           0.0136
22.50           0.0135
22.53           0.0134
22.56           0.0133
22.59           0.0132
22.62           0.0131
22.65           0.0130
22.68           0.0129
22.71           0.0128
22.74           0.0127
22.77           0.0126
22.80           0.0125
22.83           0.0124
22.86           0.0123
22.89           0.0122
22.92           0.0121
22.95           0.0119
22.98           0.0118
23.01           0.0117
23.04           0.0116
23.07           0.0115
23.10           0.0114
23.13           0.0113
23.16           0.0111
23.19           0.0110
23.22           0.0109
23.25           0.0108
23.28           0.0106
23.31           0.0105
23.34           0.0104
23.37           0.0103
23.40           0.0101
23.43           0.0100
23.46           0.0099
23.49           0.0097
23.52           0.0096
23.55           0.0095
23.58           0.0093
23.61           0.0092
23.64           0.0090
23.67           0.0089
23.70           0.0088
23.73           0.0086
23.76           0.0085
23.79           0.0083
23.82           0.0082
23.85           0.0080
23.88           0.0079
23.91           0.0078
23.94           0.0076
23.97           0.0075
24.00           0.0073
24.03           0.0072
24.06           0.0070
24.09           0.0068
24.12           0.0067
24.15           0.0065
24.18           0.0064
24.21           0.0062
24.24           0.0061
24.27           0.0059
24.30           0.0057
24.33           0.0056
24.36           0.0054
24.39           0.0053
24.42           0.0051
24.45           0.0049
24.48           0.0048
24.51           0.0046
24.54           0.0044
24.57           0.0043
24.60           0.0041
24.63           0.0039
24.66           0.0038
24.69           0.0036
24.72           0.0034
24.75           0.0033
24.78           0.0031
24.81           0.0029
24.84           0.0028
24.87           0.0026
24.90           0.0024
24.93           0.0022
24.96           0.0021
24.99           0.0019
25.02           0.0017
25.05           0.0015
25.08           0.0014
25.11           0.0012
25.14           0.0010
25.17           0.0008
25.20           0.0007
25.23           0.0005
25.26           0.0003
25.29           0.0001
25.32          -0.0001
25.35          -0.0002
25.38          -0.0004
25.41          -0.0006
25.44          -0.0008
25.47          -0.0010
25.50          -0.0011
25.53          -0.0013
25.56          -0.0015
25.59          -0.0017
25.62          -0.0019
25.65          -0.0021
25.68          -0.0022
25.71          -0.0024
25.74          -0.0026
25.77          -0.0028
25.80          -0.0030
25.83          -0.0031
25.86          -0.0033
25.89          -0.0035
25.92          -0.0037
25.95          -0.0039
25.98          -0.0041
26.01          -0.0043
26.04          -0.0044
26.07          -0.0046
26.10          -0.0048
26.13          -0.0050
26.16          -0.0052
26.19          -0.0054
26.22          -0.0055
26.25          -0.0057
26.28          -0.0059
26.31          -0.0061
26.34          -0.0063
26.37          -0.0064
26.40          -0.0066
26.43          -0.0068
26.46          -0.0070
26.49          -0.0072
26.52          -0.0074
26.55          -0.0075
26.58          -0.0077
26.61          -0.0079
26.64          -0.0081
26.67          -0.0083
26.70          -0.0084
26.73          -0.0086
26.76          -0.0088
26.79          -0.0090
26.82          -0.0092
26.85          -0.0093
26.88          -0.0095
26.91          -0.0097
26.94          -0.0099
26.97          -0.0100
27.00          -0.0102
27.03          -0.0104
27.06          -0.0106
27.09          -0.0107
27.12          -0.0109
27.15          -0.0111
27.18          -0.0113
27.21          -0.0114
27.24          -0.0116
27.27          -0.0118
27.30          -0.0119
27.33          -0.0121
27.36          -0.0123
27.39          -0.0124
27.42          -0.0126
27.45          -0.0128
27.48          -0.0129
27.51          -0.0131
27.54          -0.0133
27.57          -0.0134
27.60          -0.0136
27.63          -0.0138
27.66          -0.0139
27.69          -0.0141
27.72          -0.0142
27.75          -0.0144
27.78          -0.0145
27.81          -0.0147
27.84          -0.0149
27.87          -0.0150
27.90          -0.0152
27.93          -0.0153
27.96          -0.0155
27.99          -0.0156
28.02          -0.0158
28.05          -0.0159
28.08          -0.0161
28.11          -0.0162
28.14          -0.0163
28.17          -0.0165
28.20          -0.0166
28.23          -0.0168
28.26          -0.0169
28.29          -0.0171
28.32          -0.0172
28.35          -0.0173
28.38          -0.0175
28.41          -0.0176
28.44          -0.0177
28.47          -0.0179
28.50          -0.0180
28.53          -0.0181
28.56          -0.0182
28.59          -0.0184
28.62          -0.0185
28.65          -0.0186
28.68          -0.0187
28.71          -0.0189
28.74          -0.0190
28.77          -0.0191
28.80          -0.0192
28.83          -0.0193
28.86          -0.0195
28.89          -0.0196
28.92          -0.0197
28.95          -0.0198
28.98          -0.0199
29.01          -0.0200
29.04          -0.0201
29.07          -0.0202
29.10          -0.0203
29.13          -0.0204
29.16          -0.0205
29.19          -0.0206
29.22          -0.0207
29.25          -0.0208
29.28          -0.0209
29.31          -0.0210
29.34          -0.0211
29.37          -0.0212
29.40          -0.0213
29.43          -0.0214
29.46          -0.0214
29.49          -0.0215
29.52          -0.0216
29.55          -0.0217
29.58          -0.0218
29.61          -0.0218
29.64          -0.0219
29.67          -0.0220
29.70          -0.0220
29.73          -0.0221
29.76          -0.0222
29.79          -0.0223
29.82          -0.0223
29.85          -0.0224
29.88          -0.0224
29.91          -0.0225
29.94          -0.0226
29.97          -0.0226
30.00          -0.0227
30.03          -0.0227
30.06          -0.0228
30.09          -0.0228
30.12          -0.0229
30.15          -0.0229
30.18          -0.0229
30.21          -0.0230
30.24          -0.0230
30.27          -0.0231
30.30          -0.0231
30.33          -0.0231
30.36          -0.0232
30.39          -0.0232
30.42          -0.0232
30.45          -0.0232
30.48          -0.0233
30.51          -0.0233
30.54          -0.0233
30.57          -0.0233
30.60          -0.0234
30.63          -0.0234
30.66          -0.0234
30.69          -0.0234
30.72          -0.0234
30.75          -0.0234
30.78          -0.0234
30.81          -0.0234
30.84          -0.0234
30.87          -0.0234
30.90          -0.0234
30.93          -0.0234
30.96          -0.0234
30.99          -0.0234
31.02          -0.0234
31.05          -0.0234
31.08          -0.0234
31.11          -0.0233
31.14          -0.0233
31.17          -0.0233
31.20          -0.0233
31.23          -0.0233
31.26          -0.0232
31.29          -0.0232
31.32          -0.0232
31.35          -0.0231
31.38          -0.0231
31.41          -0.0231
31.44          -0.0230
31.47          -0.0230
31.50          -0.0230
31.53          -0.0229
31.56          -0.0229
31.59          -0.0228
31.62          -0.0228
31.65          -0.0227
31.68          -0.0227
31.71          -0.0226
31.74          -0.0226
31.77          -0.0225
31.80          -0.0224
31.83          -0.0224
31.86          -0.0223
31.89          -0.0222
31.92          -0.0222
31.95          -0.0221
31.98          -0.0220
32.01          -0.0220
32.04          -0.0219
32.07          -0.0218
32.10          -0.0217
32.13          -0.0216
32.16          -0.0216
32.19          -0.0215
32.22          -0.0214
32.25          -0.0213
32.28          -0.0212
32.31          -0.0211
32.34          -0.0210
32.37          -0.0209
32.40          -0.0208
32.43          -0.0207
32.46          -0.0206
32.49          -0.0205
32.52          -0.0204
32.55          -0.0203
32.58          -0.0202
32.61          -0.0201
32.64          -0.0200
32.67          -0.0198
32.70          -0.0197
32.73          -0.0196
32.76          -0.0195
32.79          -0.0194
32.82          -0.0192
32.85          -0.0191
32.88          -0.0190
32.91          -0.0189
32.94          -0.0187
32.97          -0.0186
33.00          -0.0185
33.03          -0.0183
33.06          -0.0182
33.09          -0.0180
33.12          -0.0179
33.15          -0.0178
33.18          -0.0176
33.21          -0.0175
33.24          -0.0173
33.27          -0.0172
33.30          -0.0170
33.33          -0.0169
33.36          -0.0167
33.39          -0.0166
33.42          -0.0164
33.45          -0.0162
33.48          -0.0161
33.51          -0.0159
33.54          -0.0158
33.57          -0.0156
33.60          -0.0154
33.63          -0.0153
33.66          -0.0151
33.69          -0.0149
33.72          -0.0147
33.75          -0.0146
33.78          -0.0144
33.81          -0.0142
33.84          -0.0140
33.87          -0.0139
33.90          -0.0137
33.93          -0.0135
33.96          -0.0133
33.99          -0.0131
34.02          -0.0129
34.05          -0.0128
34.08          -0.0126
34.11          -0.0124
34.14          -0.0122
34.17          -0.0120
34.20          -0.0118
34.23          -0.0116
34.26          -0.0114
34.29          -0.0112
34.32          -0.0110
34.35          -0.0108
34.38          -0.0106
34.41          -0.0104
34.44          -0.0102
34.47          -0.0100
34.50          -0.0098
34.53          -0.0096
34.56          -0.0094
34.59          -0.0092
34.62          -0.0090
34.65          -0.0087
34.68          -0.0085
34.71          -0.0083
34.74          -0.0081
34.77          -0.0079
34.80          -0.0077
34.83          -0.0075
34.86          -0.0072
34.89          -0.0070
34.92          -0.0068
34.95          -0.0066
34.98          -0.0064
35.01          -0.0061
35.04          -0.0059
35.07          -0.0057
35.10          -0.0055
35.13          -0.0052
35.16          -0.0050
35.19          -0.0048
35.22          -0.0046
35.25          -0.0043
35.28          -0.0041
35.31          -0.0039
35.34          -0.0037
35.37          -0.0034
35.40          -0.0032
35.43          -0.0030
35.46          -0.0027
35.49          -0.0025
35.52          -0.0023
35.55          -0.0020
35.58          -0.0018
35.61          -0.0016
35.64          -0.0013
35.67          -0.0011
35.70          -0.0009
35.73          -0.0006
35.76          -0.0004
35.79          -0.0002
35.82           0.0001
35.85           0.0003
35.88           0.0006
35.91           0.0008
35.94           0.0010
35.97           0.0013
36.00           0.0015
36.03           0.0017
36.06           0.0020
36.09           0.0022
36.12           0.0025
36.15           0.0027
36.18           0.0029
36.21           0.0032
36.24           0.0034
36.27           0.0036
36.30           0.0039
36.33           0.0041
36.36           0.0044
36.39           0.0046
36.42           0.0048
36.45           0.0051
36.48           0.0053
36.51           0.0056
36.54           0.0058
36.57           0.0060
36.60           0.0063
36.63           0.0065
36.66           0.0067
36.69           0.0070
36.72           0.0072
36.75           0.0074
36.78           0.0077
36.81           0.0079
36.84           0.0082
36.87           0.0084
36.90           0.0086
36.93           0.0089
36.96           0.0091
36.99           0.0093
37.02           0.0096
37.05           0.0098
37.08           0.0100
37.11           0.0102
37.14           0.0105
37.17           0.0107
37.20           0.0109
37.23           0.0112
37.26           0.0114
37.29           0.0116
37.32           0.0118
37.35           0.0121
37.38           0.0123
37.41           0.0125
37.44           0.0127
37.47           0.0130
37.50           0.0132
37.53           0.0134
37.56           0.0136
37.59           0.0138
37.62           0.0141
37.65           0.0143
37.68           0.0145
37.71           0.0147
37.74           0.0149
37.77           0.0151
37.80           0.0153
37.83           0.0156
37.86           0.0158
37.89           0.0160
37.92           0.0162
37.95           0.0164
37.98           0.0166
38.01           0.0168
38.04           0.0170
38.07           0.0172
38.10           0.0174
38.13           0.0176
38.16           0.0178
38.19           0.0180
38.22           0.0182
38.25           0.0184
38.28           0.0186
38.31           0.0188
38.34           0.0190
38.37           0.0192
38.40           0.0194
38.43           0.0195
38.46           0.0197
38.49           0.0199
38.52           0.0201
38.55           0.0203
38.58           0.0205
38.61           0.0206
38.64           0.0208
38.67           0.0210
38.70           0.0212
38.73           0.0213
38.76           0.0215
38.79           0.0217
38.82           0.0218
38.85           0.0220
38.88           0.0222
38.91           0.0223
38.94           0.0225
38.97           0.0226
39.00           0.0228
39.03           0.0230
39.06           0.0231
39.09           0.0233
39.12           0.0234
39.15           0.0236
39.18           0.0237
39.21           0.0239
39.24           0.0240
39.27           0.0241
39.30           0.0243
39.33           0.0244
39.36           0.0246
39.39           0.0247
39.42           0.0248
39.45           0.0249
39.48           0.0251
39.51           0.0252
39.54           0.0253
39.57           0.0254
39.60           0.0256
39.63           0.0257
39.66           0.0258
39.69           0.0259
39.72           0.0260
39.75           0.0261
39.78           0.0262
39.81           0.0264
39.84           0.0265
39.87           0.0266
39.90           0.0267
39.93           0.0268
39.96           0.0269
39.99           0.0269
40.02           0.0270
40.05           0.0271
40.08           0.0272
40.11           0.0273
40.14           0.0274
40.17           0.0275
40.20           0.0275
40.23           0.0276
40.26           0.0277
40.29           0.0278
40.32           0.0278
40.35           0.0279
40.38           0.0280
40.41           0.0280
40.44           0.0281
40.47           0.0282
40.50           0.0282
40.53           0.0283
40.56           0.0283
40.59           0.0284
40.62           0.0284
40.65           0.0285
40.68           0.0285
40.71           0.0285
40.74           0.0286
40.77           0.0286
40.80           0.0286
40.83           0.0287
40.86           0.0287
40.89           0.0287
40.92           0.0288
40.95           0.0288
40.98           0.0288
41.01           0.0288
41.04           0.0288
41.07           0.0288
41.10           0.0288
41.13           0.0289
41.16           0.0289
41.19           0.0289
41.22           0.0289
41.25           0.0289
41.28           0.0289
41.31           0.0289
41.34           0.0288
41.37           0.0288
41.40           0.0288
41.43           0.0288
41.46           0.0288
41.49           0.0288
41.52           0.0287
41.55           0.0287
41.58           0.0287
41.61           0.0286
41.64           0.0286
41.67           0.0286
41.70           0.0285
41.73           0.0285
41.76           0.0285
41.79           0.0284
41.82           0.0284
41.85           0.0283
41.88           0.0283
41.91           0.0282
41.94           0.0282
41.97           0.0281
42.00           0.0280
42.03           0.0280
42.06           0.0279
42.09           0.0278
42.12           0.0278
42.15           0.0277
42.18           0.0276
42.21           0.0275
42.24           0.0275
42.27           0.0274
42.30           0.0273
42.33           0.0272
42.36           0.0271
42.39           0.0270
42.42           0.0269
42.45           0.0268
42.48           0.0267
42.51           0.0266
42.54           0.0265
42.57           0.0264
42.60           0.0263
42.63           0.0262
42.66           0.0261
42.69           0.0260
42.72           0.0258
42.75           0.0257
42.78           0.0256
42.81           0.0255
42.84           0.0254
42.87           0.0252
42.90           0.0251
42.93           0.0250
42.96           0.0248
42.99           0.0247
43.02           0.0246
43.05           0.0244
43.08           0.0243
43.11           0.0241
43.14           0.0240
43.17           0.0238
43.20           0.0237
43.23           0.0235
43.26           0.0234
43.29           0.0232
43.32           0.0230
43.35           0.0229
43.38           0.0227
43.41           0.0226
43.44           0.0224
43.47           0.0222
43.50           0.0220
43.53           0.0219
43.56           0.0217
43.59           0.0215
43.62           0.0213
43.65           0.0212
43.68           0.0210
43.71           0.0208
43.74           0.0206
43.77           0.0204
43.80           0.0202
43.83           0.0200
43.86           0.0198
43.89           0.0196
43.92           0.0194
43.95           0.0192
43.98           0.0190
44.01           0.0188
44.04           0.0186
44.07           0.0184
44.10           0.0182
44.13           0.0180
44.16           0.0178
44.19           0.0176
44.22           0.0173
44.25           0.0171
44.28           0.0169
44.31           0.0167
44.34           0.0165
44.37           0.0162
44.40           0.0160
44.43           0.0158
44.46           0.0156
44.49           0.0153
44.52           0.0151
44.55           0.0149
44.58           0.0146
44.61           0.0144
44.64           0.0142
44.67           0.0139
44.70           0.0137
44.73           0.0135
44.76           0.0132
44.79           0.0130
44.82           0.0127
44.85           0.0125
44.88           0.0122
44.91           0.0120
44.94           0.0117
44.97           0.0115
45.00           0.0112
45.03           0.0110
45.06           0.0107
45.09           0.0105
45.12           0.0102
45.15           0.0100
45.18           0.0097
45.21           0.0094
45.24           0.0092
45.27           0.0089
45.30           0.0087
45.33           0.0084
45.36           0.0081
45.39           0.0079
45.42           0.0076
45.45           0.0073
45.48           0.0071
45.51           0.0068
45.54           0.0065
45.57           0.0063
45.60           0.0060
45.63           0.0057
45.66           0.0054
45.69           0.0052
45.72           0.0049
45.75           0.0046
45.78           0.0044
45.81           0.0041
45.84           0.0038
45.87           0.0035
45.90           0.0033
45.93           0.0030
45.96           0.0027
45.99           0.0024
46.02           0.0021
46.05           0.0019
46.08           0.0016
46.11           0.0013
46.14           0.0010
46.17           0.0008
46.20           0.0005
46.23           0.0002
46.26          -0.0001
46.29          -0.0004
46.32          -0.0007
46.35          -0.0009
46.38          -0.0012
46.41          -0.0015
46.44          -0.0018
46.47          -0.0021
46.50          -0.0023
46.53          -0.0026
46.56          -0.0029
46.59          -0.0032
46.62          -0.0035
46.65          -0.0037
46.68          -0.0040
46.71          -0.0043
46.74          -0.0046
46.77          -0.0049
46.80          -0.0051
46.83          -0.0054
46.86          -0.0057
46.89          -0.0060
46.92          -0.0063
46.95          -0.0065
46.98          -0.0068
47.01          -0.0071
47.04          -0.0074
47.07          -0.0077
47.10          -0.0079
47.13          -0.0082
47.16          -0.0085
47.19          -0.0088
47.22          -0.0090
47.25          -0.0093
47.28          -0.0096
47.31          -0.0099
47.34          -0.0101
47.37          -0.0104
47.40          -0.0107
47.43          -0.0110
47.46          -0.0112
47.49          -0.0115
47.52          -0.0118
47.55          -0.0120
47.58          -0.0123
47.61          -0.0126
47.64          -0.0128
47.67          -0.0131
47.70          -0.0134
47.73          -0.0136
47.76          -0.0139
47.79          -0.0141
47.82          -0.0144
47.85          -0.0147
47.88          -0.0149
47.91          -0.0152
47.94          -0.0154
47.97          -0.0157
48.00          -0.0159
48.03          -0.0162
48.06          -0.0164
48.09          -0.0167
48.12          -0.0169
48.15          -0.0172
48.18          -0.0174
48.21          -0.0177
48.24          -0.0179
48.27          -0.0182
48.30          -0.0184
48.33          -0.0187
48.36          -0.0189
48.39          -0.0191
48.42          -0.0194
48.45          -0.0196
48.48          -0.0198
48.51          -0.0201
48.54          -0.0203
48.57          -0.0205
48.60          -0.0207
48.63          -0.0210
48.66          -0.0212
48.69          -0.0214
48.72          -0.0216
48.75          -0.0219
48.78          -0.0221
48.81          -0.0223
48.84          -0.0225
48.87          -0.0227
48.90          -0.0229
48.93          -0.0231
48.96          -0.0233
48.99          -0.0236
49.02          -0.0238
49.05          -0.0240
49.08          -0.0242
49.11          -0.0244
49.14          -0.0246
49.17          -0.0247
49.20          -0.0249
49.23          -0.0251
49.26          -0.0253
49.29          -0.0255
49.32          -0.0257
49.35          -0.0259
49.38          -0.0261
49.41          -0.0262
49.44          -0.0264
49.47          -0.0266
49.50          -0.0268
49.53          -0.0269
49.56          -0.0271
49.59          -0.0273
49.62          -0.0274
49.65          -0.0276
49.68          -0.0277
49.71          -0.0279
49.74          -0.0281
49.77          -0.0282
49.80          -0.0284
49.83          -0.0285
49.86          -0.0287
49.89          -0.0288
49.92          -0.0289
49.95          -0.0291
49.98          -0.0292
50.01          -0.0294
50.04          -0.0295
50.07          -0.0296
50.10          -0.0297
50.13          -0.0299
50.16          -0.0300
50.19          -0.0301
50.22          -0.0302
50.25          -0.0303
50.28          -0.0305
50.31          -0.0306
50.34          -0.0307
50.37          -0.0308
50.40          -0.0309
50.43          -0.0310
50.46          -0.0311
50.49          -0.0312
50.52          -0.0313
50.55          -0.0314
50.58          -0.0315
50.61          -0.0315
50.64          -0.0316
50.67          -0.0317
50.70          -0.0318
50.73          -0.0319
50.76          -0.0319
50.79          -0.0320
50.82          -0.0321
50.85          -0.0321
50.88          -0.0322
50.91          -0.0323
50.94          -0.0323
50.97          -0.0324
51.00          -0.0324
51.03          -0.0325
51.06          -0.0325
51.09          -0.0326
51.12          -0.0326
51.15          -0.0327
51.18          -0.0327
51.21          -0.0327
51.24          -0.0328
51.27          -0.0328
51.30          -0.0328
51.33          -0.0328
51.36          -0.0329
51.39          -0.0329
51.42          -0.0329
51.45          -0.0329
51.48          -0.0329
51.51          -0.0329
51.54          -0.0329
51.57          -0.0329
51.60          -0.0329
51.63          -0.0329
51.66          -0.0329
51.69          -0.0329
51.72          -0.0329
51.75          -0.0329
51.78          -0.0329
51.81          -0.0329
51.84          -0.0328
51.87          -0.0328
51.90          -0.0328
51.93          -0.0328
51.96          -0.0327
51.99          -0.0327
52.02          -0.0326
52.05          -0.0326
52.08          -0.0326
52.11          -0.0325
52.14          -0.0325
52.17          -0.0324
52.20          -0.0324
52.23          -0.0323
52.26          -0.0322
52.29          -0.0322
52.32          -0.0321
52.35          -0.0320
52.38          -0.0320
52.41          -0.0319
52.44          -0.0318
52.47          -0.0317
52.50          -0.0317
52.53          -0.0316
52.56          -0.0315
52.59          -0.0314
52.62          -0.0313
52.65          -0.0312
52.68          -0.0311
52.71          -0.0310
52.74          -0.0309
52.77          -0.0308
52.80          -0.0307
52.83          -0.0306
52.86          -0.0305
52.89          -0.0304
52.92          -0.0303
52.95          -0.0301
52.98          -0.0300
53.01          -0.0299
53.04          -0.0298
53.07          -0.0296
53.10          -0.0295
53.13          -0.0294
53.16          -0.0292
53.19          -0.0291
53.22          -0.0289
53.25          -0.0288
53.28          -0.0286
53.31          -0.0285
53.34          -0.0283
53.37          -0.0282
53.40          -0.0280
53.43          -0.0279
53.46          -0.0277
53.49          -0.0275
53.52          -0.0274
53.55          -0.0272
53.58          -0.0270
53.61          -0.0269
53.64          -0.0267
53.67          -0.0265
53.70          -0.0263
53.73          -0.0262
53.76          -0.0260
53.79          -0.0258
53.82          -0.0256
53.85          -0.0254
53.88          -0.0252
53.91          -0.0250
53.94          -0.0248
53.97          -0.0246
54.00          -0.0244
54.03          -0.0242
54.06          -0.0240
54.09          -0.0238
54.12          -0.0236
54.15          -0.0234
54.18          -0.0232
54.21          -0.0229
54.24          -0.0227
54.27          -0.0225
54.30          -0.0223
54.33          -0.0221
54.36          -0.0218
54.39          -0.0216
54.42          -0.0214
54.45          -0.0211
54.48          -0.0209
54.51          -0.0207
54.54          -0.0204
54.57          -0.0202
54.60          -0.0200
54.63          -0.0197
54.66          -0.0195
54.69          -0.0192
54.72          -0.0190
54.75          -0.0187
54.78          -0.0185
54.81          -0.0182
54.84          -0.0180
54.87          -0.0177
54.90          -0.0175
54.93          -0.0172
54.96          -0.0169
54.99          -0.0167
55.02          -0.0164
55.05          -0.0161
55.08          -0.0159
55.11          -0.0156
55.14          -0.0153
55.17          -0.0151
55.20          -0.0148
55.23          -0.0145
55.26          -0.0142
55.29          -0.0140
55.32          -0.0137
55.35          -0.0134
55.38          -0.0131
55.41          -0.0129
55.44          -0.0126
55.47          -0.0123
55.50          -0.0120
55.53          -0.0117
55.56          -0.0114
55.59          -0.0111
55.62          -0.0109
55.65          -0.0106
55.68          -0.0103
55.71          -0.0100
55.74          -0.0097
55.77          -0.0094
55.80          -0.0091
55.83          -0.0088
55.86          -0.0085
55.89          -0.0082
55.92          -0.0079
55.95          -0.0076
55.98          -0.0073
56.01          -0.0070
56.04          -0.0067
56.07          -0.0064
56.10          -0.0061
56.13          -0.0058
56.16          -0.0055
56.19          -0.0052
56.22          -0.0049
56.25          -0.0046
56.28          -0.0043
56.31          -0.0040
56.34          -0.0037
56.37          -0.0034
56.40          -0.0031
56.43          -0.0028
56.46          -0.0024
56.49          -0.0021
56.52          -0.0018
56.55          -0.0015
56.58          -0.0012
56.61          -0.0009
56.64          -0.0006
56.67          -0.0003
56.70           0.0000
56.73           0.0003
56.76           0.0006
56.79           0.0010
56.82           0.0013
56.85           0.0016
56.88           0.0019
56.91           0.0022
56.94           0.0025
56.97           0.0028
57.00           0.0031
57.03           0.0034
57.06           0.0037
57.09           0.0041
57.12           0.0044
57.15           0.0047
57.18           0.0050
57.21           0.0053
57.24           0.0056
57.27           0.0059
57.30           0.0062
57.33           0.0065
57.36           0.0068
57.39           0.0071
57.42           0.0074
57.45           0.0078
57.48           0.0081
57.51           0.0084
57.54           0.0087
57.57           0.0090
57.60           0.0093
57.63           0.0096
57.66           0.0099
57.69           0.0102
57.72           0.0105
57.75           0.0108
57.78           0.0111
57.81           0.0114
57.84           0.0117
57.87           0.0120
57.90           0.0123
57.93           0.0126
57.96           0.0128
57.99           0.0131
58.02           0.0134
58.05           0.0137
58.08           0.0140
58.11           0.0143
58.14           0.0146
58.17           0.0149
58.20           0.0152
58.23           0.0154
58.26           0.0157
58.29           0.0160
58.32           0.0163
58.35           0.0166
58.38           0.0168
58.41           0.0171
58.44           0.0174
58.47           0.0177
58.50           0.0180
58.53           0.0182
58.56           0.0185
58.59           0.0188
58.62           0.0190
58.65           0.0193
58.68           0.0196
58.71           0.0198
58.74           0.0201
58.77           0.0203
58.80           0.0206
58.83           0.0209
58.86           0.0211
58.89           0.0214
58.92           0.0216
58.95           0.0219
58.98           0.0221
59.01           0.0224
59.04           0.0226
59.07           0.0229
59.10           0.0231
59.13           0.0233
59.16           0.0236
59.19           0.0238
59.22           0.0240
59.25           0.0243
59.28           0.0245
59.31           0.0247
59.34           0.0250
59.37           0.0252
59.40           0.0254
59.43           0.0256
59.46           0.0258
59.49           0.0261
59.52           0.0263
59.55           0.0265
59.58           0.0267
59.61           0.0269
59.64           0.0271
59.67           0.0273
59.70           0.0275
59.73           0.0277
59.76           0.0279
59.79           0.0281
59.82           0.0283
59.85           0.0285
59.88           0.0287
59.91           0.0289
59.94           0.0291
59.97           0.0292
60.00           0.0294
60.03           0.0296
60.06           0.0298
60.09           0.0299
60.12           0.0301
60.15           0.0303
60.18           0.0304
60.21           0.0306
60.24           0.0308
60.27           0.0309
60.30           0.0311
60.33           0.0312
60.36           0.0314
60.39           0.0315
60.42           0.0317
60.45           0.0318
60.48           0.0320
60.51           0.0321
60.54           0.0322
60.57           0.0324
60.60           0.0325
60.63           0.0326
60.66           0.0327
60.69           0.0329
60.72           0.0330
60.75           0.0331
60.78           0.0332
60.81           0.0333
60.84           0.0334
60.87           0.0335
60.90           0.0336
60.93           0.0337
60.96           0.0338
60.99           0.0339
61.02           0.0340
61.05           0.0341
61.08           0.0342
61.11           0.0343
61.14           0.0344
61.17           0.0344
61.20           0.0345
61.23           0.0346
61.26           0.0347
61.29           0.0347
61.32           0.0348
61.35           0.0349
61.38           0.0349
61.41           0.0350
61.44           0.0350
61.47           0.0351
61.50           0.0351
61.53           0.0352
61.56           0.0352
61.59           0.0352
61.62           0.0353
61.65           0.0353
61.68           0.0353
61.71           0.0354
61.74           0.0354
61.77           0.0354
61.80           0.0354
61.83           0.0355
61.86           0.0355
61.89           0.0355
61.92           0.0355
61.95           0.0355
61.98           0.0355
62.01           0.0355
62.04           0.0355
62.07           0.0355
62.10           0.0355
62.13           0.0354
62.16           0.0354
62.19           0.0354
62.22           0.0354
62.25           0.0354
62.28           0.0353
62.31           0.0353
62.34           0.0353
62.37           0.0352
62.40           0.0352
62.43           0.0352
62.46           0.0351
62.49           0.0351
62.52           0.0350
62.55           0.0350
62.58           0.0349
62.61           0.0348
62.64           0.0348
62.67           0.0347
62.70           0.0346
62.73           0.0346
62.76           0.0345
62.79           0.0344
62.82           0.0343
62.85           0.0343
62.88           0.0342
62.91           0.0341
62.94           0.0340
62.97           0.0339
63.00           0.0338
63.03           0.0337
63.06           0.0336
63.09           0.0335
63.12           0.0334
63.15           0.0333
63.18           0.0332
63.21           0.0330
63.24           0.0329
63.27           0.0328
63.30           0.0327
63.33           0.0325
63.36           0.0324
63.39           0.0323
63.42           0.0322
63.45           0.0320
63.48           0.0319
63.51           0.0317
63.54           0.0316
63.57           0.0314
63.60           0.0313
63.63           0.0311
63.66           0.0310
63.69           0.0308
63.72           0.0307
63.75           0.0305
63.78           0.0303
63.81           0.0302
63.84           0.0300
63.87           0.0298
63.90           0.0296
63.93           0.0295
63.96           0.0293
63.99           0.0291
64.02           0.0289
64.05           0.0287
64.08           0.0285
64.11           0.0283
64.14           0.0281
64.17           0.0279
64.20           0.0277
64.23           0.0275
64.26           0.0273
64.29           0.0271
64.32           0.0269
64.35           0.0267
64.38           0.0265
64.41           0.0263
64.44           0.0261
64.47           0.0258
64.50           0.0256
64.53           0.0254
64.56           0.0252
64.59           0.0249
64.62           0.0247
64.65           0.0245
64.68           0.0242
64.71           0.0240
64.74           0.0238
64.77           0.0235
64.80           0.0233
64.83           0.0230
64.86           0.0228
64.89           0.0225
64.92           0.0223
64.95           0.0220
64.98           0.0218
65.01           0.0215
65.04           0.0213
65.07           0.0210
65.10           0.0207
65.13           0.0205
65.16           0.0202
65.19           0.0199
65.22           0.0197
65.25           0.0194
65.28           0.0191
65.31           0.0188
65.34           0.0186
65.37           0.0183
65.40           0.0180
65.43           0.0177
65.46           0.0175
65.49           0.0172
65.52           0.0169
65.55           0.0166
65.58           0.0163
65.61           0.0160
65.64           0.0157
65.67           0.0154
65.70           0.0152
65.73           0.0149
65.76           0.0146
65.79           0.0143
65.82           0.0140
65.85           0.0137
65.88           0.0134
65.91           0.0131
65.94           0.0128
65.97           0.0125
66.00           0.0122
66.03           0.0118
66.06           0.0115
66.09           0.0112
66.12           0.0109
66.15           0.0106
66.18           0.0103
66.21           0.0100
66.24           0.0097
66.27           0.0094
66.30           0.0091
66.33           0.0087
66.36           0.0084
66.39           0.0081
66.42           0.0078
66.45           0.0075
66.48           0.0072
66.51           0.0068
66.54           0.0065
66.57           0.0062
66.60           0.0059
66.63           0.0056
66.66           0.0052
66.69           0.0049
66.72           0.0046
66.75           0.0043
66.78           0.0039
66.81           0.0036
66.84           0.0033
66.87           0.0030
66.90           0.0026
66.93           0.0023
66.96           0.0020
66.99           0.0017
67.02           0.0013
67.05           0.0010
67.08           0.0007
67.11           0.0004
67.14           0.0000
67.17          -0.0003
67.20          -0.0006
67.23          -0.0009
67.26          -0.0013
67.29          -0.0016
67.32          -0.0019
67.35          -0.0022
67.38          -0.0026
67.41          -0.0029
67.44          -0.0032
67.47          -0.0036
67.50          -0.0039
67.53          -0.0042
67.56          -0.0045
67.59          -0.0049
67.62          -0.0052
67.65          -0.0055
67.68          -0.0058
67.71          -0.0061
67.74          -0.0065
67.77          -0.0068
67.80          -0.0071
67.83          -0.0074
67.86          -0.0078
67.89          -0.0081
67.92          -0.0084
67.95          -0.0087
67.98          -0.0090
68.01          -0.0093
68.04          -0.0097
68.07          -0.0100
68.10          -0.0103
68.13          -0.0106
68.16          -0.0109
68.19          -0.0112
68.22          -0.0115
68.25          -0.0119
68.28          -0.0122
68.31          -0.0125
68.34          -0.0128
68.37          -0.0131
68.40          -0.0134
68.43          -0.0137
68.46          -0.0140
68.49          -0.0143
68.52          -0.0146
68.55          -0.0149
68.58          -0.0152
68.61          -0.0155
68.64          -0.0158
68.67          -0.0161
68.70          -0.0164
68.73          -0.0167
68.76          -0.0170
68.79          -0.0173
68.82          -0.0176
68.85          -0.0178
68.88          -0.0181
68.91          -0.0184
68.94          -0.0187
68.97          -0.0190
69.00          -0.0193
69.03          -0.0195
69.06          -0.0198
69.09          -0.0201
69.12          -0.0204
69.15          -0.0206
69.18          -0.0209
69.21          -0.0212
69.24          -0.0214
69.27          -0.0217
69.30          -0.0220
69.33          -0.0222
69.36          -0.0225
69.39          -0.0227
69.42          -0.0230
69.45          -0.0233
69.48          -0.0235
69.51          -0.0238
69.54          -0.0240
69.57          -0.0243
69.60          -0.0245
69.63          -0.0247
69.66          -0.0250
69.69          -0.0252
69.72          -0.0255
69.75          -0.0257
69.78          -0.0259
69.81          -0.0262
69.84          -0.0264
69.87          -0.0266
69.90          -0.0268
69.93          -0.0271
69.96          -0.0273
69.99          -0.0275
70.02          -0.0277
70.05          -0.0279
70.08          -0.0281
70.11          -0.0284
70.14          -0.0286
70.17          -0.0288
70.20          -0.0290
70.23          -0.0292
70.26          -0.0294
70.29          -0.0296
70.32          -0.0298
70.35          -0.0299
70.38          -0.0301
70.41          -0.0303
70.44          -0.0305
70.47          -0.0307
70.50          -0.0309
70.53          -0.0310
70.56          -0.0312
70.59          -0.0314
70.62          -0.0315
70.65          -0.0317
70.68          -0.0319
70.71          -0.0320
70.74          -0.0322
70.77          -0.0323
70.80          -0.0325
70.83          -0.0326
70.86          -0.0328
70.89          -0.0329
70.92          -0.0331
70.95          -0.0332
70.98          -0.0334
71.01          -0.0335
71.04          -0.0336
71.07          -0.0337
71.10          -0.0339
71.13          -0.0340
71.16          -0.0341
71.19          -0.0342
71.22          -0.0343
71.25          -0.0345
71.28          -0.0346
71.31          -0.0347
71.34          -0.0348
71.37          -0.0349
71.40          -0.0350
71.43          -0.0351
71.46          -0.0352
71.49          -0.0353
71.52          -0.0353
71.55          -0.0354
71.58          -0.0355
71.61          -0.0356
71.64          -0.0357
71.67          -0.0357
71.70          -0.0358
71.73          -0.0359
71.76          -0.0359
71.79          -0.0360
71.82          -0.0360
71.85          -0.0361
71.88          -0.0361
71.91          -0.0362
71.94          -0.0362
71.97          -0.0363
72.00          -0.0363
72.03          -0.0364
72.06          -0.0364
72.09          -0.0364
72.12          -0.0365
72.15          -0.0365
72.18          -0.0365
72.21          -0.0365
72.24          -0.0365
72.27          -0.0365
72.30          -0.0366
72.33          -0.0366
72.36          -0.0366
72.39          -0.0366
72.42          -0.0366
72.45          -0.0366
72.48          -0.0366
72.51          -0.0365
72.54          -0.0365
72.57          -0.0365
72.60          -0.0365
72.63          -0.0365
72.66          -0.0364
72.69          -0.0364
72.72          -0.0364
72.75          -0.0363
72.78          -0.0363
72.81          -0.0363
72.84          -0.0362
72.87          -0.0362
72.90          -0.0361
72.93          -0.0361
72.96          -0.0360
72.99          -0.0360
73.02          -0.0359
73.05          -0.0358
73.08          -0.0358
73.11          -0.0357
73.14          -0.0356
73.17          -0.0356
73.20          -0.0355
73.23          -0.0354
73.26          -0.0353
73.29          -0.0352
73.32          -0.0351
73.35          -0.0350
73.38          -0.0349
73.41          -0.0348
73.44          -0.0347
73.47          -0.0346
73.50          -0.0345
73.53          -0.0344
73.56          -0.0343
73.59          -0.0342
73.62          -0.0341
73.65          -0.0340
73.68          -0.0338
73.71          -0.0337
73.74          -0.0336
73.77          -0.0334
73.80          -0.0333
73.83          -0.0332
73.86          -0.0330
73.89          -0.0329
73.92          -0.0327
73.95          -0.0326
73.98          -0.0324
74.01          -0.0323
74.04          -0.0321
74.07          -0.0320
74.10          -0.0318
74.13          -0.0317
74.16          -0.0315
74.19          -0.0313
74.22          -0.0311
74.25          -0.0310
74.28          -0.0308
74.31          -0.0306
74.34          -0.0304
74.37          -0.0303
74.40          -0.0301
74.43          -0.0299
74.46          -0.0297
74.49          -0.0295
74.52          -0.0293
74.55          -0.0291
74.58          -0.0289
74.61          -0.0287
74.64          -0.0285
74.67          -0.0283
74.70          -0.0281
74.73          -0.0279
74.76          -0.0276
74.79          -0.0274
74.82          -0.0272
74.85          -0.0270
74.88          -0.0268
74.91          -0.0265
74.94          -0.0263
74.97          -0.0261
75.00          -0.0259
75.03          -0.0256
75.06          -0.0254
75.09          -0.0251
75.12          -0.0249
75.15          -0.0247
75.18          -0.0244
75.21          -0.0242
75.24          -0.0239
75.27          -0.0237
75.30          -0.0234
75.33          -0.0232
75.36          -0.0229
75.39          -0.0227
75.42          -0.0224
75.45          -0.0221
75.48          -0.0219
75.51          -0.0216
75.54          -0.0213
75.57          -0.0211
75.60          -0.0208
75.63          -0.0205
75.66          -0.0203
75.69          -0.0200
75.72          -0.0197
75.75          -0.0194
75.78          -0.0191
75.81          -0.0189
75.84          -0.0186
75.87          -0.0183
75.90          -0.0180
75.93          -0.0177
75.96          -0.0174
75.99          -0.0171
76.02          -0.0169
76.05          -0.0166
76.08          -0.0163
76.11          -0.0160
76.14          -0.0157
76.17          -0.0154
76.20          -0.0151
76.23          -0.0148
76.26          -0.0145
76.29          -0.0142
76.32          -0.0139
76.35          -0.0136
76.38          -0.0133
76.41          -0.0130
76.44          -0.0126
76.47          -0.0123
76.50          -0.0120
76.53          -0.0117
76.56          -0.0114
76.59          -0.0111
76.62          -0.0108
76.65          -0.0105
76.68          -0.0101
76.71          -0.0098
76.74          -0.0095
76.77          -0.0092
76.80          -0.0089
76.83          -0.0086
76.86          -0.0082
76.89          -0.0079
76.92          -0.0076
76.95          -0.0073
76.98          -0.0070
77.01          -0.0066
77.04          -0.0063
77.07          -0.0060
77.10          -0.0057
77.13          -0.0053
77.16          -0.0050
77.19          -0.0047
77.22          -0.0044
77.25          -0.0040
77.28          -0.0037
77.31          -0.0034
77.34          -0.0031
77.37          -0.0027
77.40          -0.0024
77.43          -0.0021
77.46          -0.0017
77.49          -0.0014
77.52          -0.0011
77.55          -0.0008
77.58          -0.0004
77.61          -0.0001
77.64           0.0002
77.67           0.0006
77.70           0.0009
77.73           0.0012
77.76           0.0015
77.79           0.0019
77.82           0.0022
77.85           0.0025
77.88           0.0028
77.91           0.0032
77.94           0.0035
77.97           0.0038
78.00           0.0042
78.03           0.0045
78.06           0.0048
78.09           0.0051
78.12           0.0055
78.15           0.0058
78.18           0.0061
78.21           0.0064
78.24           0.0067
78.27           0.0071
78.30           0.0074
78.33           0.0077
78.36           0.0080
78.39           0.0083
78.42           0.0087
78.45           0.0090
78.48           0.0093
78.51           0.0096
78.54           0.0099
78.57           0.0102
78.60           0.0106
78.63           0.0109
78.66           0.0112
78.69           0.0115
78.72           0.0118
78.75           0.0121
78.78           0.0124
78.81           0.0127
78.84           0.0130
78.87           0.0133
78.90           0.0136
78.93           0.0140
78.96           0.0143
78.99           0.0146
79.02           0.0149
79.05           0.0152
79.08           0.0154
79.11           0.0157
79.14           0.0160
79.17           0.0163
79.20           0.0166
79.23           0.0169
79.26           0.0172
79.29           0.0175
79.32           0.0178
79.35           0.0181
79.38           0.0183
79.41           0.0186
79.44           0.0189
79.47           0.0192
79.50           0.0195
79.53           0.0197
79.56           0.0200
79.59           0.0203
79.62           0.0205
79.65           0.0208
79.68           0.0211
79.71           0.0213
79.74           0.0216
79.77           0.0219
79.80           0.0221
79.83           0.0224
79.86           0.0226
79.89           0.0229
79.92           0.0232
79.95           0.0234
79.98           0.0237
80.01           0.0239
80.04           0.0241
80.07           0.0244
80.10           0.0246
80.13           0.0249
80.16           0.0251
80.19           0.0253
80.22           0.0256
80.25           0.0258
80.28           0.0260
80.31           0.0263
80.34           0.0265
80.37           0.0267
80.40           0.0269
80.43           0.0271
80.46           0.0274
80.49           0.0276
80.52           0.0278
80.55           0.0280
80.58           0.0282
80.61           0.0284
80.64           0.0286
80.67           0.0288
80.70           0.0290
80.73           0.0292
80.76           0.0294
80.79           0.0296
80.82           0.0298
80.85           0.0299
80.88           0.0301
80.91           0.0303
80.94           0.0305
80.97           0.0307
81.00           0.0308
81.03           0.0310
81.06           0.0312
81.09           0.0313
81.12           0.0315
81.15           0.0317
81.18           0.0318
81.21           0.0320
81.24           0.0321
81.27           0.0323
81.30           0.0324
81.33           0.0326
81.36           0.0327
81.39           0.0328
81.42           0.0330
81.45           0.0331
81.48           0.0332
81.51           0.0334
81.54           0.0335
81.57           0.0336
81.60           0.0337
81.63           0.0339
81.66           0.0340
81.69           0.0341
81.72           0.0342
81.75           0.0343
81.78           0.0344
81.81           0.0345
81.84           0.0346
81.87           0.0347
81.90           0.0348
81.93           0.0349
81.96           0.0350
81.99           0.0350
82.02           0.0351
82.05           0.0352
82.08           0.0353
82.11           0.0353
82.14           0.0354
82.17           0.0355
82.20           0.0355
82.23           0.0356
82.26           0.0357
82.29           0.0357
82.32           0.0358
82.35           0.0358
82.38           0.0359
82.41           0.0359
82.44           0.0360
82.47           0.0360
82.50           0.0360
82.53           0.0361
82.56           0.0361
82.59           0.0361
82.62           0.0361
82.65           0.0362
82.68           0.0362
82.71           0.0362
82.74           0.0362
82.77           0.0362
82.80           0.0362
82.83           0.0362
82.86           0.0362
82.89           0.0362
82.92           0.0362
82.95           0.0362
82.98           0.0362
83.01           0.0362
83.04           0.0361
83.07           0.0361
83.10           0.0361
83.13           0.0361
83.16           0.0360
83.19           0.0360
83.22           0.0360
83.25           0.0359
83.28           0.0359
83.31           0.0359
83.34           0.0358
83.37           0.0358
83.40           0.0357
83.43           0.0356
83.46           0.0356
83.49           0.0355
83.52           0.0355
83.55           0.0354
83.58           0.0353
83.61           0.0353
83.64           0.0352
83.67           0.0351
83.70           0.0350
83.73           0.0349
83.76           0.0348
83.79           0.0348
83.82           0.0347
83.85           0.0346
83.88           0.0345
83.91           0.0344
83.94           0.0343
83.97           0.0342
84.00           0.0340
84.03           0.0339
84.06           0.0338
84.09           0.0337
84.12           0.0336
84.15           0.0335
84.18           0.0333
84.21           0.0332
84.24           0.0331
84.27           0.0329
84.30           0.0328
84.33           0.0327
84.36           0.0325
84.39           0.0324
84.42           0.0322
84.45           0.0321
84.48           0.0319
84.51           0.0318
84.54           0.0316
84.57           0.0315
84.60           0.0313
84.63           0.0311
84.66           0.0310
84.69           0.0308
84.72           0.0306
84.75           0.0305
84.78           0.0303
84.81           0.0301
84.84           0.0299
84.87           0.0297
84.90           0.0296
84.93           0.0294
84.96           0.0292
84.99           0.0290
85.02           0.0288
85.05           0.0286
85.08           0.0284
85.11           0.0282
85.14           0.0280
85.17           0.0278
85.20           0.0276
85.23           0.0274
85.26           0.0271
85.29           0.0269
85.32           0.0267
85.35           0.0265
85.38           0.0263
85.41           0.0260
85.44           0.0258
85.47           0.0256
85.50           0.0254
85.53           0.0251
85.56           0.0249
85.59           0.0247
85.62           0.0244
85.65           0.0242
85.68           0.0239
85.71           0.0237
85.74           0.0235
85.77           0.0232
85.80           0.0230
85.83           0.0227
85.86           0.0225
85.89           0.0222
85.92           0.0219
85.95           0.0217
85.98           0.0214
86.01           0.0212
86.04           0.0209
86.07           0.0206
86.10           0.0204
86.13           0.0201
86.16           0.0198
86.19           0.0196
86.22           0.0193
86.25           0.0190
86.28           0.0187
86.31           0.0185
86.34           0.0182
86.37           0.0179
86.40           0.0176
86.43           0.0174
86.46           0.0171
86.49           0.0168
86.52           0.0165
86.55           0.0162
86.58           0.0159
86.61           0.0156
86.64           0.0153
86.67           0.0150
86.70           0.0148
86.73           0.0145
86.76           0.0142
86.79           0.0139
86.82           0.0136
86.85           0.0133
86.88           0.0130
86.91           0.0127
86.94           0.0124
86.97           0.0121
87.00           0.0118
87.03           0.0115
87.06           0.0112
87.09           0.0109
87.12           0.0105
87.15           0.0102
87.18           0.0099
87.21           0.0096
87.24           0.0093
87.27           0.0090
87.30           0.0087
87.33           0.0084
87.36           0.0081
87.39           0.0078
87.42           0.0074
87.45           0.0071
87.48           0.0068
87.51           0.0065
87.54           0.0062
87.57           0.0059
87.60           0.0056
87.63           0.0052
87.66           0.0049
87.69           0.0046
87.72           0.0043
87.75           0.0040
87.78           0.0037
87.81           0.0033
87.84           0.0030
87.87           0.0027
87.90           0.0024
87.93           0.0021
87.96           0.0018
87.99           0.0014
88.02           0.0011
88.05           0.0008
88.08           0.0005
88.11           0.0002
88.14          -0.0002
88.17          -0.0005
88.20          -0.0008
88.23          -0.0011
88.26          -0.0014
88.29          -0.0017
88.32          -0.0021
88.35          -0.0024
88.38          -0.0027
88.41          -0.0030
88.44          -0.0033
88.47          -0.0036
88.50          -0.0040
88.53          -0.0043
88.56          -0.0046
88.59          -0.0049
88.62          -0.0052
88.65          -0.0055
88.68          -0.0058
88.71          -0.0062
88.74          -0.0065
88.77          -0.0068
88.80          -0.0071
88.83          -0.0074
88.86          -0.0077
88.89          -0.0080
88.92          -0.0083
88.95          -0.0086
88.98          -0.0089
89.01          -0.0092
89.04          -0.0095
89.07          -0.0098
89.10          -0.0101
89.13          -0.0104
89.16          -0.0107
89.19          -0.0110
89.22          -0.0113
89.25          -0.0116
89.28          -0.0119
89.31          -0.0122
89.34          -0.0125
89.37          -0.0128
89.40          -0.0131
89.43          -0.0134
89.46          -0.0137
89.49          -0.0140
89.52          -0.0143
89.55          -0.0146
89.58          -0.0148
89.61          -0.0151
89.64          -0.0154
89.67          -0.0157
89.70          -0.0160
89.73          -0.0162
89.76          -0.0165
89.79          -0.0168
89.82          -0.0171
89.85          -0.0173
89.88          -0.0176
89.91          -0.0179
89.94          -0.0182
89.97          -0.0184
90.00          -0.0187
90.03          -0.0190
90.06          -0.0192
90.09          -0.0195
90.12          -0.0197
90.15          -0.0200
90.18          -0.0202
90.21          -0.0205
90.24          -0.0208
90.27          -0.0210
90.30          -0.0212
90.33          -0.0215
90.36          -0.0217
90.39          -0.0220
90.42          -0.0222
90.45          -0.0225
90.48          -0.0227
90.51          -0.0229
90.54          -0.0232
90.57          -0.0234
90.60          -0.0236
90.63          -0.0239
90.66          -0.0241
90.69          -0.0243
90.72          -0.0245
90.75          -0.0247
90.78          -0.0250
90.81          -0.0252
90.84          -0.0254
90.87          -0.0256
90.90          -0.0258
90.93          -0.0260
90.96          -0.0262
90.99          -0.0264
91.02          -0.0266
91.05          -0.0268
91.08          -0.0270
91.11          -0.0272
91.14          -0.0274
91.17          -0.0276
91.20          -0.0278
91.23          -0.0280
91.26          -0.0281
91.29          -0.0283
91.32          -0.0285
91.35          -0.0287
91.38          -0.0289
91.41          -0.0290
91.44          -0.0292
91.47          -0.0294
91.50          -0.0295
91.53          -0.0297
91.56          -0.0298
91.59          -0.0300
91.62          -0.0302
91.65          -0.0303
91.68          -0.0305
91.71          -0.0306
91.74          -0.0307
91.77          -0.0309
91.80          -0.0310
91.83          -0.0312
91.86          -0.0313
91.89          -0.0314
91.92          -0.0315
91.95          -0.0317
91.98          -0.0318
92.01          -0.0319
92.04          -0.0320
92.07          -0.0322
92.10          -0.0323
92.13          -0.0324
92.16          -0.0325
92.19          -0.0326
92.22          -0.0327
92.25          -0.0328
92.28          -0.0329
92.31          -0.0330
92.34          -0.0331
92.37          -0.0332
92.40          -0.0332
92.43          -0.0333
92.46          -0.0334
92.49          -0.0335
92.52          -0.0336
92.55          -0.0336
92.58          -0.0337
92.61          -0.0338
92.64          -0.0338
92.67          -0.0339
92.70          -0.0340
92.73          -0.0340
92.76          -0.0341
92.79          -0.0341
92.82          -0.0342
92.85          -0.0342
92.88          -0.0343
92.91          -0.0343
92.94          -0.0343
92.97          -0.0344
93.00          -0.0344
93.03          -0.0344
93.06          -0.0344
93.09          -0.0345
93.12          -0.0345
93.15          -0.0345
93.18          -0.0345
93.21          -0.0345
93.24          -0.0345
93.27          -0.0346
93.30          -0.0346
93.33          -0.0346
93.36          -0.0346
93.39          -0.0346
93.42          -0.0345
93.45          -0.0345
93.48          -0.0345
93.51          -0.0345
93.54          -0.0345
93.57          -0.0345
93.60          -0.0344
93.63          -0.0344
93.66          -0.0344
93.69          -0.0344
93.72          -0.0343
93.75          -0.0343
93.78          -0.0342
93.81          -0.0342
93.84          -0.0342
93.87          -0.0341
93.90          -0.0341
93.93          -0.0340
93.96          -0.0339
93.99          -0.0339
94.02          -0.0338
94.05          -0.0338
94.08          -0.0337
94.11          -0.0336
94.14          -0.0335
94.17          -0.0335
94.20          -0.0334
94.23          -0.0333
94.26          -0.0332
94.29          -0.0331
94.32          -0.0331
94.35          -0.0330
94.38          -0.0329
94.41          -0.0328
94.44          -0.0327
94.47          -0.0326
94.50          -0.0325
94.53          -0.0324
94.56          -0.0323
94.59          -0.0321
94.62          -0.0320
94.65          -0.0319
94.68          -0.0318
94.71          -0.0317
94.74          -0.0315
94.77          -0.0314
94.80          -0.0313
94.83          -0.0312
94.86          -0.0310
94.89          -0.0309
94.92          -0.0307
94.95          -0.0306
94.98          -0.0305
95.01          -0.0303
95.04          -0.0302
95.07          -0.0300
95.10          -0.0299
95.13          -0.0297
95.16          -0.0296
95.19          -0.0294
95.22          -0.0292
95.25          -0.0291
95.28          -0.0289
95.31          -0.0287
95.34          -0.0286
95.37          -0.0284
95.40          -0.0282
95.43          -0.0280
95.46          -0.0279
95.49          -0.0277
95.52          -0.0275
95.55          -0.0273
95.58          -0.0271
95.61          -0.0269
95.64          -0.0267
95.67          -0.0265
95.70          -0.0263
95.73          -0.0261
95.76          -0.0259
95.79          -0.0257
95.82          -0.0255
95.85          -0.0253
95.88          -0.0251
95.91          -0.0249
95.94          -0.0247
95.97          -0.0245
96.00          -0.0243
96.03          -0.0241
96.06          -0.0238
96.09          -0.0236
96.12          -0.0234
96.15          -0.0232
96.18          -0.0229
96.21          -0.0227
96.24          -0.0225
96.27          -0.0222
96.30          -0.0220
96.33          -0.0218
96.36          -0.0215
96.39          -0.0213
96.42          -0.0211
96.45          -0.0208
96.48          -0.0206
96.51          -0.0203
96.54          -0.0201
96.57          -0.0198
96.60          -0.0196
96.63          -0.0193
96.66          -0.0191
96.69          -0.0188
96.72          -0.0186
96.75          -0.0183
96.78          -0.0181
96.81          -0.0178
96.84          -0.0176
96.87          -0.0173
96.90          -0.0170
96.93          -0.0168
96.96          -0.0165
96.99          -0.0162
97.02          -0.0160
97.05          -0.0157
97.08          -0.0154
97.11          -0.0152
97.14          -0.0149
97.17          -0.0146
97.20          -0.0143
97.23          -0.0141
97.26          -0.0138
97.29          -0.0135
97.32          -0.0132
97.35          -0.0130
97.38          -0.0127
97.41          -0.0124
97.44          -0.0121
97.47          -0.0118
97.50          -0.0116
97.53          -0.0113
97.56          -0.0110
97.59          -0.0107
97.62          -0.0104
97.65          -0.0101
97.68          -0.0098
97.71          -0.0096
97.74          -0.0093
97.77          -0.0090
97.80          -0.0087
97.83          -0.0084
97.86          -0.0081
97.89          -0.0078
97.92          -0.0075
97.95          -0.0072
97.98          -0.0069
98.01          -0.0066
98.04          -0.0064
98.07          -0.0061
98.10          -0.0058
98.13          -0.0055
98.16          -0.0052
98.19          -0.0049
98.22          -0.0046
98.25          -0.0043
98.28          -0.0040
98.31          -0.0037
98.34          -0.0034
98.37          -0.0031
98.40          -0.0028
98.43          -0.0025
98.46          -0.0022
98.49          -0.0019
98.52          -0.0016
98.55          -0.0013
98.58          -0.0010
98.61          -0.0007
98.64          -0.0004
98.67          -0.0001
98.70           0.0002
98.73           0.0004
98.76           0.0007
98.79           0.0010
98.82           0.0013
98.85           0.0016
98.88           0.0019
98.91           0.0022
98.94           0.0025
98.97           0.0028
99.00           0.0031
99.03           0.0034
99.06           0.0037
99.09           0.0040
99.12           0.0043
99.15           0.0046
99.18           0.0048
99.21           0.0051
99.24           0.0054
99.27           0.0057
99.30           0.0060
99.33           0.0063
99.36           0.0066
99.39           0.0069
99.42           0.0072
99.45           0.0074
99.48           0.0077
99.51           0.0080
99.54           0.0083
99.57           0.0086
99.60           0.0089
99.63           0.0091
99.66           0.0094
99.69           0.0097
99.72           0.0100
99.75           0.0102
99.78           0.0105
99.81           0.0108
99.84           0.0111
99.87           0.0113
99.90           0.0116
99.93           0.0119
99.96           0.0122
99.99           0.0124
100.02          0.0127
100.05          0.0130
100.08          0.0132
100.11          0.0135
100.14          0.0137
100.17          0.0140
100.20          0.0143
100.23          0.0145
100.26          0.0148
100.29          0.0150
100.32          0.0153
100.35          0.0156
100.38          0.0158
100.41          0.0161
100.44          0.0163
100.47          0.0166
100.50          0.0168
100.53          0.0170
100.56          0.0173
100.59          0.0175
100.62          0.0178
100.65          0.0180
100.68          0.0182
100.71          0.0185
100.74          0.0187
100.77          0.0190
100.80          0.0192
100.83          0.0194
100.86          0.0196
100.89          0.0199
100.92          0.0201
100.95          0.0203
100.98          0.0205
101.01          0.0208
101.04          0.0210
101.07          0.0212
101.10          0.0214
101.13          0.0216
101.16          0.0218
101.19          0.0220
101.22          0.0222
101.25          0.0224
101.28          0.0226
101.31          0.0228
101.34          0.0230
101.37          0.0232
101.40          0.0234
101.43          0.0236
101.46          0.0238
101.49          0.0240
101.52          0.0242
101.55          0.0244
101.58          0.0246
101.61          0.0248
101.64          0.0249
101.67          0.0251
101.70          0.0253
101.73          0.0255
101.76          0.0256
101.79          0.0258
101.82          0.0260
101.85          0.0261
101.88          0.0263
101.91          0.0265
101.94          0.0266
101.97          0.0268
102.00          0.0269
102.03          0.0271
102.06          0.0272
102.09          0.0274
102.12          0.0275
102.15          0.0277
102.18          0.0278
102.21          0.0279
102.24          0.0281
102.27          0.0282
102.30          0.0283
102.33          0.0285
102.36          0.0286
102.39          0.0287
102.42          0.0288
102.45          0.0290
102.48          0.0291
102.51          0.0292
102.54          0.0293
102.57          0.0294
102.60          0.0295
102.63          0.0296
102.66          0.0297
102.69          0.0298
102.72          0.0299
102.75          0.0300
102.78          0.0301
102.81          0.0302
102.84          0.0303
102.87          0.0304
102.90          0.0305
102.93          0.0305
102.96          0.0306
102.99          0.0307
103.02          0.0308
103.05          0.0308
103.08          0.0309
103.11          0.0310
103.14          0.0310
103.17          0.0311
103.20          0.0312
103.23          0.0312
103.26          0.0313
103.29          0.0313
103.32          0.0314
103.35          0.0314
103.38          0.0315
103.41          0.0315
103.44          0.0315
103.47          0.0316
103.50          0.0316
103.53          0.0316
103.56          0.0317
103.59          0.0317
103.62          0.0317
103.65          0.0317
103.68          0.0317
103.71          0.0318
103.74          0.0318
103.77          0.0318
103.80          0.0318
103.83          0.0318
103.86          0.0318
103.89          0.0318
103.92          0.0318
103.95          0.0318
103.98          0.0318
104.01          0.0318
104.04          0.0318
104.07          0.0318
104.10          0.0317
104.13          0.0317
104.16          0.0317
104.19          0.0317
104.22          0.0317
104.25          0.0316
104.28          0.0316
104.31          0.0316
104.34          0.0315
104.37          0.0315
104.40          0.0314
104.43          0.0314
104.46          0.0314
104.49          0.0313
104.52          0.0312
104.55          0.0312
104.58          0.0311
104.61          0.0311
104.64          0.0310
104.67          0.0310
104.70          0.0309
104.73          0.0308
104.76          0.0308
104.79          0.0307
104.82          0.0306
104.85          0.0305
104.88          0.0304
104.91          0.0304
104.94          0.0303
104.97          0.0302
105.00          0.0301
105.03          0.0300
105.06          0.0299
105.09          0.0298
105.12          0.0297
105.15          0.0296
105.18          0.0295
105.21          0.0294
105.24          0.0293
105.27          0.0292
105.30          0.0291
105.33          0.0290
105.36          0.0289
105.39          0.0287
105.42          0.0286
105.45          0.0285
105.48          0.0284
105.51          0.0282
105.54          0.0281
105.57          0.0280
105.60          0.0278
105.63          0.0277
105.66          0.0276
105.69          0.0274
105.72          0.0273
105.75          0.0271
105.78          0.0270
105.81          0.0268
105.84          0.0267
105.87          0.0265
105.90          0.0264
105.93          0.0262
105.96          0.0261
105.99          0.0259
106.02          0.0258
106.05          0.0256
106.08          0.0254
106.11          0.0253
106.14          0.0251
106.17          0.0249
106.20          0.0247
106.23          0.0246
106.26          0.0244
106.29          0.0242
106.32          0.0240
106.35          0.0238
106.38          0.0237
106.41          0.0235
106.44          0.0233
106.47          0.0231
106.50          0.0229
106.53          0.0227
106.56          0.0225
106.59          0.0223
106.62          0.0221
106.65          0.0219
106.68          0.0217
106.71          0.0215
106.74          0.0213
106.77          0.0211
106.80          0.0209
106.83          0.0207
106.86          0.0205
106.89          0.0203
106.92          0.0201
106.95          0.0198
106.98          0.0196
107.01          0.0194
107.04          0.0192
107.07          0.0190
107.10          0.0188
107.13          0.0185
107.16          0.0183
107.19          0.0181
107.22          0.0179
107.25          0.0176
107.28          0.0174
107.31          0.0172
107.34          0.0169
107.37          0.0167
107.40          0.0165
107.43          0.0162
107.46          0.0160
107.49          0.0158
107.52          0.0155
107.55          0.0153
107.58          0.0150
107.61          0.0148
107.64          0.0146
107.67          0.0143
107.70          0.0141
107.73          0.0138
107.76          0.0136
107.79          0.0133
107.82          0.0131
107.85          0.0128
107.88          0.0126
107.91          0.0123
107.94          0.0121
107.97          0.0118
108.00          0.0116
108.03          0.0113
108.06          0.0111
108.09          0.0108
108.12          0.0106
108.15          0.0103
108.18          0.0100
108.21          0.0098
108.24          0.0095
108.27          0.0093
108.30          0.0090
108.33          0.0088
108.36          0.0085
108.39          0.0082
108.42          0.0080
108.45          0.0077
108.48          0.0074
108.51          0.0072
108.54          0.0069
108.57          0.0067
108.60          0.0064
108.63          0.0061
108.66          0.0059
108.69          0.0056
108.72          0.0053
108.75          0.0051
108.78          0.0048
108.81          0.0045
108.84          0.0043
108.87          0.0040
108.90          0.0037
108.93          0.0035
108.96          0.0032
108.99          0.0029
109.02          0.0027
109.05          0.0024
109.08          0.0021
109.11          0.0019
109.14          0.0016
109.17          0.0013
109.20          0.0011
109.23          0.0008
109.26          0.0006
109.29          0.0003
109.32          0.0000
109.35         -0.0002
109.38         -0.0005
109.41         -0.0008
109.44         -0.0010
109.47         -0.0013
109.50         -0.0016
109.53         -0.0018
109.56         -0.0021
109.59         -0.0024
109.62         -0.0026
109.65         -0.0029
109.68         -0.0031
109.71         -0.0034
109.74         -0.0037
109.77         -0.0039
109.80         -0.0042
109.83         -0.0044
109.86         -0.0047
109.89         -0.0050
109.92         -0.0052
109.95         -0.0055
109.98         -0.0057
110.01         -0.0060
110.04         -0.0062
110.07         -0.0065
110.10         -0.0068
110.13         -0.0070
110.16         -0.0073
110.19         -0.0075
110.22         -0.0078
110.25         -0.0080
110.28         -0.0083
110.31         -0.0085
110.34         -0.0088
110.37         -0.0090
110.40         -0.0093
110.43         -0.0095
110.46         -0.0097
110.49         -0.0100
110.52         -0.0102
110.55         -0.0105
110.58         -0.0107
110.61         -0.0109
110.64         -0.0112
110.67         -0.0114
110.70         -0.0117
110.73         -0.0119
110.76         -0.0121
110.79         -0.0124
110.82         -0.0126
110.85         -0.0128
110.88         -0.0131
110.91         -0.0133
110.94         -0.0135
110.97         -0.0137
111.00         -0.0140
111.03         -0.0142
111.06         -0.0144
111.09         -0.0146
111.12         -0.0148
111.15         -0.0151
111.18         -0.0153
111.21         -0.0155
111.24         -0.0157
111.27         -0.0159
111.30         -0.0161
111.33         -0.0163
111.36         -0.0165
111.39         -0.0168
111.42         -0.0170
111.45         -0.0172
111.48         -0.0174
111.51         -0.0176
111.54         -0.0178
111.57         -0.0180
111.60         -0.0182
111.63         -0.0184
111.66         -0.0186
111.69         -0.0187
111.72         -0.0189
111.75         -0.0191
111.78         -0.0193
111.81         -0.0195
111.84         -0.0197
111.87         -0.0199
111.90         -0.0200
111.93         -0.0202
111.96         -0.0204
111.99         -0.0206
112.02         -0.0207
112.05         -0.0209
112.08         -0.0211
112.11         -0.0213
112.14         -0.0214
112.17         -0.0216
112.20         -0.0217
112.23         -0.0219
112.26         -0.0221
112.29         -0.0222
112.32         -0.0224
112.35         -0.0225
112.38         -0.0227
112.41         -0.0228
112.44         -0.0230
112.47         -0.0231
112.50         -0.0233
112.53         -0.0234
112.56         -0.0236
112.59         -0.0237
112.62         -0.0238
112.65         -0.0240
112.68         -0.0241
112.71         -0.0242
112.74         -0.0244
112.77         -0.0245
112.80         -0.0246
112.83         -0.0247
112.86         -0.0248
112.89         -0.0250
112.92         -0.0251
112.95         -0.0252
112.98         -0.0253
113.01         -0.0254
113.04         -0.0255
113.07         -0.0256
113.10         -0.0257
113.13         -0.0258
113.16         -0.0259
113.19         -0.0260
113.22         -0.0261
113.25         -0.0262
113.28         -0.0263
113.31         -0.0264
113.34         -0.0265
113.37         -0.0266
113.40         -0.0267
113.43         -0.0267
113.46         -0.0268
113.49         -0.0269
113.52         -0.0270
113.55         -0.0270
113.58         -0.0271
113.61         -0.0272
113.64         -0.0272
113.67         -0.0273
113.70         -0.0274
113.73         -0.0274
113.76         -0.0275
113.79         -0.0275
113.82         -0.0276
113.85         -0.0276
113.88         -0.0277
113.91         -0.0277
113.94         -0.0278
113.97         -0.0278
114.00         -0.0279
114.03         -0.0279
114.06         -0.0279
114.09         -0.0280
114.12         -0.0280
114.15         -0.0280
114.18         -0.0281
114.21         -0.0281
114.24         -0.0281
114.27         -0.0281
114.30         -0.0281
114.33         -0.0282
114.36         -0.0282
114.39         -0.0282
114.42         -0.0282
114.45         -0.0282
114.48         -0.0282
114.51         -0.0282
114.54         -0.0282
114.57         -0.0282
114.60         -0.0282
114.63         -0.0282
114.66         -0.0282
114.69         -0.0282
114.72         -0.0282
114.75         -0.0281
114.78         -0.0281
114.81         -0.0281
114.84         -0.0281
114.87         -0.0281
114.90         -0.0280
114.93         -0.0280
114.96         -0.0280
114.99         -0.0279
115.02         -0.0279
115.05         -0.0279
115.08         -0.0278
115.11         -0.0278
115.14         -0.0278
115.17         -0.0277
115.20         -0.0277
115.23         -0.0276
115.26         -0.0276
115.29         -0.0275
115.32         -0.0274
115.35         -0.0274
115.38         -0.0273
115.41         -0.0273
115.44         -0.0272
115.47         -0.0271
115.50         -0.0271
115.53         -0.0270
115.56         -0.0269
115.59         -0.0269
115.62         -0.0268
115.65         -0.0267
115.68         -0.0266
115.71         -0.0265
115.74         -0.0265
115.77         -0.0264
115.80         -0.0263
115.83         -0.0262
115.86         -0.0261
115.89         -0.0260
115.92         -0.0259
115.95         -0.0258
115.98         -0.0257
116.01         -0.0256
116.04         -0.0255
116.07         -0.0254
116.10         -0.0253
116.13         -0.0252
116.16         -0.0251
116.19         -0.0250
116.22         -0.0249
116.25         -0.0247
116.28         -0.0246
116.31         -0.0245
116.34         -0.0244
116.37         -0.0243
116.40         -0.0241
116.43         -0.0240
116.46         -0.0239
116.49         -0.0238
116.52         -0.0236
116.55         -0.0235
116.58         -0.0234
116.61         -0.0232
116.64         -0.0231
116.67         -0.0229
116.70         -0.0228
116.73         -0.0227
116.76         -0.0225
116.79         -0.0224
116.82         -0.0222
116.85         -0.0221
116.88         -0.0219
116.91         -0.0218
116.94         -0.0216
116.97         -0.0214
117.00         -0.0213
117.03         -0.0211
117.06         -0.0210
117.09         -0.0208
117.12         -0.0206
117.15         -0.0205
117.18         -0.0203
117.21         -0.0201
117.24         -0.0200
117.27         -0.0198
117.30         -0.0196
117.33         -0.0195
117.36         -0.0193
117.39         -0.0191
117.42         -0.0189
117.45         -0.0188
117.48         -0.0186
117.51         -0.0184
117.54         -0.0182
117.57         -0.0180
117.60         -0.0178
117.63         -0.0177
117.66         -0.0175
117.69         -0.0173
117.72         -0.0171
117.75         -0.0169
117.78         -0.0167
117.81         -0.0165
117.84         -0.0163
117.87         -0.0161
117.90         -0.0159
117.93         -0.0157
117.96         -0.0155
117.99         -0.0153
118.02         -0.0151
118.05         -0.0149
118.08         -0.0147
118.11         -0.0145
118.14         -0.0143
118.17         -0.0141
118.20         -0.0139
118.23         -0.0137
118.26         -0.0135
118.29         -0.0133
118.32         -0.0131
118.35         -0.0129
118.38         -0.0127
118.41         -0.0125
118.44         -0.0122
118.47         -0.0120
118.50         -0.0118
118.53         -0.0116
118.56         -0.0114
118.59         -0.0112
118.62         -0.0110
118.65         -0.0107
118.68         -0.0105
118.71         -0.0103
118.74         -0.0101
118.77         -0.0099
118.80         -0.0096
118.83         -0.0094
118.86         -0.0092
118.89         -0.0090
118.92         -0.0088
118.95         -0.0085
118.98         -0.0083
119.01         -0.0081
119.04         -0.0079
119.07         -0.0076
119.10         -0.0074
119.13         -0.0072
119.16         -0.0070
119.19         -0.0067
119.22         -0.0065
119.25         -0.0063
119.28         -0.0061
119.31         -0.0058
119.34         -0.0056
119.37         -0.0054
119.40         -0.0052
119.43         -0.0049
119.46         -0.0047
119.49         -0.0045
119.52         -0.0042
119.55         -0.0040
119.58         -0.0038
119.61         -0.0036
119.64         -0.0033
119.67         -0.0031
119.70         -0.0029
119.73         -0.0026
119.76         -0.0024
119.79         -0.0022
119.82         -0.0020
119.85         -0.0017
119.88         -0.0015
119.91         -0.0013
119.94         -0.0010
119.97         -0.0008
120.00         -0.0006
120.03         -0.0004
120.06         -0.0001
120.09          0.0001
120.12          0.0003
120.15          0.0006
120.18          0.0008
120.21          0.0010
120.24          0.0012
120.27          0.0015
120.30          0.0017
120.33          0.0019
120.36          0.0021
120.39          0.0024
120.42          0.0026
120.45          0.0028
120.48          0.0030
120.51          0.0033
120.54          0.0035
120.57          0.0037
120.60          0.0039
120.63          0.0041
120.66          0.0044
120.69          0.0046
120.72          0.0048
120.75          0.0050
120.78          0.0052
120.81          0.0055
120.84          0.0057
120.87          0.0059
120.90          0.0061
120.93          0.0063
120.96          0.0065
120.99          0.0067
121.02          0.0070
121.05          0.0072
121.08          0.0074
121.11          0.0076
121.14          0.0078
121.17          0.0080
121.20          0.0082
121.23          0.0084
121.26          0.0086
121.29          0.0088
121.32          0.0090
121.35          0.0092
121.38          0.0094
121.41          0.0097
121.44          0.0099
121.47          0.0101
121.50          0.0103
121.53          0.0105
121.56          0.0106
121.59          0.0108
121.62          0.0110
121.65          0.0112
121.68          0.0114
121.71          0.0116
121.74          0.0118
121.77          0.0120
121.80          0.0122
121.83          0.0124
121.86          0.0126
121.89          0.0128
121.92          0.0129
121.95          0.0131
121.98          0.0133
122.01          0.0135
122.04          0.0137
122.07          0.0138
122.10          0.0140
122.13          0.0142
122.16          0.0144
122.19          0.0145
122.22          0.0147
122.25          0.0149
122.28          0.0151
122.31          0.0152
122.34          0.0154
122.37          0.0156
122.40          0.0157
122.43          0.0159
122.46          0.0161
122.49          0.0162
122.52          0.0164
122.55          0.0165
122.58          0.0167
122.61          0.0168
122.64          0.0170
122.67          0.0172
122.70          0.0173
122.73          0.0175
122.76          0.0176
122.79          0.0177
122.82          0.0179
122.85          0.0180
122.88          0.0182
122.91          0.0183
122.94          0.0185
122.97          0.0186
123.00          0.0187
123.03          0.0189
123.06          0.0190
123.09          0.0191
123.12          0.0193
123.15          0.0194
123.18          0.0195
123.21          0.0196
123.24          0.0198
123.27          0.0199
123.30          0.0200
123.33          0.0201
123.36          0.0202
123.39          0.0204
123.42          0.0205
123.45          0.0206
123.48          0.0207
123.51          0.0208
123.54          0.0209
123.57          0.0210
123.60          0.0211
123.63          0.0212
123.66          0.0213
123.69          0.0214
123.72          0.0215
123.75          0.0216
123.78          0.0217
123.81          0.0218
123.84          0.0219
123.87          0.0220
123.90          0.0221
123.93          0.0222
123.96          0.0222
123.99          0.0223
124.02          0.0224
124.05          0.0225
124.08          0.0226
124.11          0.0226
124.14          0.0227
124.17          0.0228
124.20          0.0228
124.23          0.0229
124.26          0.0230
124.29          0.0230
124.32          0.0231
124.35          0.0232
124.38          0.0232
124.41          0.0233
124.44          0.0233
124.47          0.0234
124.50          0.0234
124.53          0.0235
124.56          0.0235
124.59          0.0236
124.62          0.0236
124.65          0.0237
124.68          0.0237
124.71          0.0237
124.74          0.0238
124.77          0.0238
124.80          0.0238
124.83          0.0239
124.86          0.0239
124.89          0.0239
124.92          0.0240
124.95          0.0240
124.98          0.0240
125.01          0.0240
125.04          0.0240
125.07          0.0241
125.10          0.0241
125.13          0.0241
125.16          0.0241
125.19          0.0241
125.22          0.0241
125.25          0.0241
125.28          0.0241
125.31          0.0241
125.34          0.0241
125.37          0.0241
125.40          0.0241
125.43          0.0241
125.46          0.0241
125.49          0.0241
125.52          0.0241
125.55          0.0241
125.58          0.0241
125.61          0.0241
125.64          0.0240
125.67          0.0240
125.70          0.0240
125.73          0.0240
125.76          0.0240
125.79          0.0239
125.82          0.0239
125.85          0.0239
125.88          0.0238
125.91          0.0238
125.94          0.0238
125.97          0.0237
126.00          0.0237
126.03          0.0237
126.06          0.0236
126.09          0.0236
126.12          0.0235
126.15          0.0235
126.18          0.0234
126.21          0.0234
126.24          0.0233
126.27          0.0233
126.30          0.0232
126.33          0.0232
126.36          0.0231
126.39          0.0230
126.42          0.0230
126.45          0.0229
126.48          0.0229
126.51          0.0228
126.54          0.0227
126.57          0.0226
126.60          0.0226
126.63          0.0225
126.66          0.0224
126.69          0.0224
126.72          0.0223
126.75          0.0222
126.78          0.0221
126.81          0.0220
126.84          0.0219
126.87          0.0219
126.90          0.0218
126.93          0.0217
126.96          0.0216
126.99          0.0215
127.02          0.0214
127.05          0.0213
127.08          0.0212
127.11          0.0211
127.14          0.0210
127.17          0.0209
127.20          0.0208
127.23          0.0207
127.26          0.0206
127.29          0.0205
127.32          0.0204
127.35          0.0203
127.38          0.0202
127.41          0.0201
127.44          0.0199
127.47          0.0198
127.50          0.0197
127.53          0.0196
127.56          0.0195
127.59          0.0194
127.62          0.0192
127.65          0.0191
127.68          0.0190
127.71          0.0189
127.74          0.0187
127.77          0.0186
127.80          0.0185
127.83          0.0184
127.86          0.0182
127.89          0.0181
127.92          0.0180
127.95          0.0178
127.98          0.0177
128.01          0.0175
128.04          0.0174
128.07          0.0173
128.10          0.0171
128.13          0.0170
128.16          0.0168
128.19          0.0167
128.22          0.0165
128.25          0.0164
128.28          0.0163
128.31          0.0161
128.34          0.0160
128.37          0.0158
128.40          0.0157
128.43          0.0155
128.46          0.0153
128.49          0.0152
128.52          0.0150
128.55          0.0149
128.58          0.0147
128.61          0.0146
128.64          0.0144
128.67          0.0142
128.70          0.0141
128.73          0.0139
128.76          0.0138
128.79          0.0136
128.82          0.0134
128.85          0.0133
128.88          0.0131
128.91          0.0129
128.94          0.0128
128.97          0.0126
129.00          0.0124
129.03          0.0123
129.06          0.0121
129.09          0.0119
129.12          0.0117
129.15          0.0116
129.18          0.0114
129.21          0.0112
129.24          0.0111
129.27          0.0109
129.30          0.0107
129.33          0.0105
129.36          0.0104
129.39          0.0102
129.42          0.0100
129.45          0.0098
129.48          0.0096
129.51          0.0095
129.54          0.0093
129.57          0.0091
129.60          0.0089
129.63          0.0087
129.66          0.0086
129.69          0.0084
129.72          0.0082
129.75          0.0080
129.78          0.0078
129.81          0.0076
129.84          0.0075
129.87          0.0073
129.90          0.0071
129.93          0.0069
129.96          0.0067
129.99          0.0065
130.02          0.0063
130.05          0.0062
130.08          0.0060
130.11          0.0058
130.14          0.0056
130.17          0.0054
130.20          0.0052
130.23          0.0050
130.26          0.0048
130.29          0.0047
130.32          0.0045
130.35          0.0043
130.38          0.0041
130.41          0.0039
130.44          0.0037
130.47          0.0035
130.50          0.0033
130.53          0.0031
130.56          0.0030
130.59          0.0028
130.62          0.0026
130.65          0.0024
130.68          0.0022
130.71          0.0020
130.74          0.0018
130.77          0.0016
130.80          0.0014
130.83          0.0013
130.86          0.0011
130.89          0.0009
130.92          0.0007
130.95          0.0005
130.98          0.0003
131.01          0.0001
131.04         -0.0001
131.07         -0.0003
131.10         -0.0004
131.13         -0.0006
131.16         -0.0008
131.19         -0.0010
131.22         -0.0012
131.25         -0.0014
131.28         -0.0016
131.31         -0.0017
131.34         -0.0019
131.37         -0.0021
131.40         -0.0023
131.43         -0.0025
131.46         -0.0027
131.49         -0.0028
131.52         -0.0030
131.55         -0.0032
131.58         -0.0034
131.61         -0.0036
131.64         -0.0038
131.67         -0.0039
131.70         -0.0041
131.73         -0.0043
131.76         -0.0045
131.79         -0.0047
131.82         -0.0048
131.85         -0.0050
131.88         -0.0052
131.91         -0.0054
131.94         -0.0055
131.97         -0.0057
132.00         -0.0059
132.03         -0.0061
132.06         -0.0062
132.09         -0.0064
132.12         -0.0066
132.15         -0.0067
132.18         -0.0069
132.21         -0.0071
132.24         -0.0073
132.27         -0.0074
132.30         -0.0076
132.33         -0.0078
132.36         -0.0079
132.39         -0.0081
132.42         -0.0083
132.45         -0.0084
132.48         -0.0086
132.51         -0.0087
132.54         -0.0089
132.57         -0.0091
132.60         -0.0092
132.63         -0.0094
132.66         -0.0095
132.69         -0.0097
132.72         -0.0099
132.75         -0.0100
132.78         -0.0102
132.81         -0.0103
132.84         -0.0105
132.87         -0.0106
132.90         -0.0108
132.93         -0.0109
132.96         -0.0111
132.99         -0.0112
133.02         -0.0114
133.05         -0.0115
133.08         -0.0117
133.11         -0.0118
133.14         -0.0120
133.17         -0.0121
133.20         -0.0122
133.23         -0.0124
133.26         -0.0125
133.29         -0.0127
133.32         -0.0128
133.35         -0.0129
133.38         -0.0131
133.41         -0.0132
133.44         -0.0133
133.47         -0.0135
133.50         -0.0136
133.53         -0.0137
133.56         -0.0138
133.59         -0.0140
133.62         -0.0141
133.65         -0.0142
133.68         -0.0144
133.71         -0.0145
133.74         -0.0146
133.77         -0.0147
133.80         -0.0148
133.83         -0.0150
133.86         -0.0151
133.89         -0.0152
133.92         -0.0153
133.95         -0.0154
133.98         -0.0155
134.01         -0.0156
134.04         -0.0157
134.07         -0.0159
134.10         -0.0160
134.13         -0.0161
134.16         -0.0162
134.19         -0.0163
134.22         -0.0164
134.25         -0.0165
134.28         -0.0166
134.31         -0.0167
134.34         -0.0168
134.37         -0.0169
134.40         -0.0170
134.43         -0.0170
134.46         -0.0171
134.49         -0.0172
134.52         -0.0173
134.55         -0.0174
134.58         -0.0175
134.61         -0.0176
134.64         -0.0177
134.67         -0.0177
134.70         -0.0178
134.73         -0.0179
134.76         -0.0180
134.79         -0.0181
134.82         -0.0181
134.85         -0.0182
134.88         -0.0183
134.91         -0.0183
134.94         -0.0184
134.97         -0.0185
135.00         -0.0186
135.03         -0.0186
135.06         -0.0187
135.09         -0.0187
135.12         -0.0188
135.15         -0.0189
135.18         -0.0189
135.21         -0.0190
135.24         -0.0190
135.27         -0.0191
135.30         -0.0191
135.33         -0.0192
135.36         -0.0192
135.39         -0.0193
135.42         -0.0193
135.45         -0.0194
135.48         -0.0194
135.51         -0.0195
135.54         -0.0195
135.57         -0.0196
135.60         -0.0196
135.63         -0.0196
135.66         -0.0197
135.69         -0.0197
135.72         -0.0197
135.75         -0.0198
135.78         -0.0198
135.81         -0.0198
135.84         -0.0198
135.87         -0.0199
135.90         -0.0199
135.93         -0.0199
135.96         -0.0199
135.99         -0.0200
136.02         -0.0200
136.05         -0.0200
136.08         -0.0200
136.11         -0.0200
136.14         -0.0200
136.17         -0.0201
136.20         -0.0201
136.23         -0.0201
136.26         -0.0201
136.29         -0.0201
136.32         -0.0201
136.35         -0.0201
136.38         -0.0201
136.41         -0.0201
136.44         -0.0201
136.47         -0.0201
136.50         -0.0201
136.53         -0.0201
136.56         -0.0201
136.59         -0.0201
136.62         -0.0201
136.65         -0.0200
136.68         -0.0200
136.71         -0.0200
136.74         -0.0200
136.77         -0.0200
136.80         -0.0200
136.83         -0.0199
136.86         -0.0199
136.89         -0.0199
136.92         -0.0199
136.95         -0.0199
136.98         -0.0198
137.01         -0.0198
137.04         -0.0198
137.07         -0.0197
137.10         -0.0197
137.13         -0.0197
137.16         -0.0196
137.19         -0.0196
137.22         -0.0196
137.25         -0.0195
137.28         -0.0195
137.31         -0.0194
137.34         -0.0194
137.37         -0.0194
137.40         -0.0193
137.43         -0.0193
137.46         -0.0192
137.49         -0.0192
137.52         -0.0191
137.55         -0.0191
137.58         -0.0190
137.61         -0.0190
137.64         -0.0189
137.67         -0.0188
137.70         -0.0188
137.73         -0.0187
137.76         -0.0187
137.79         -0.0186
137.82         -0.0185
137.85         -0.0185
137.88         -0.0184
137.91         -0.0183
137.94         -0.0183
137.97         -0.0182
138.00         -0.0181
138.03         -0.0181
138.06         -0.0180
138.09         -0.0179
138.12         -0.0178
138.15         -0.0178
138.18         -0.0177
138.21         -0.0176
138.24         -0.0175
138.27         -0.0175
138.30         -0.0174
138.33         -0.0173
138.36         -0.0172
138.39         -0.0171
138.42         -0.0170
138.45         -0.0169
138.48         -0.0169
138.51         -0.0168
138.54         -0.0167
138.57         -0.0166
138.60         -0.0165
138.63         -0.0164
138.66         -0.0163
138.69         -0.0162
138.72         -0.0161
138.75         -0.0160
138.78         -0.0159
138.81         -0.0158
138.84         -0.0157
138.87         -0.0156
138.90         -0.0155
138.93         -0.0154
138.96         -0.0153
138.99         -0.0152
139.02         -0.0151
139.05         -0.0150
139.08         -0.0149
139.11         -0.0148
139.14         -0.0147
139.17         -0.0145
139.20         -0.0144
139.23         -0.0143
139.26         -0.0142
139.29         -0.0141
139.32         -0.0140
139.35         -0.0139
139.38         -0.0137
139.41         -0.0136
139.44         -0.0135
139.47         -0.0134
139.50         -0.0133
139.53         -0.0131
139.56         -0.0130
139.59         -0.0129
139.62         -0.0128
139.65         -0.0127
139.68         -0.0125
139.71         -0.0124
139.74         -0.0123
139.77         -0.0122
139.80         -0.0120
139.83         -0.0119
139.86         -0.0118
139.89         -0.0116
139.92         -0.0115
139.95         -0.0114
139.98         -0.0112
140.01         -0.0111
140.04         -0.0110
140.07         -0.0108
140.10         -0.0107
140.13         -0.0106
140.16         -0.0104
140.19         -0.0103
140.22         -0.0102
140.25         -0.0100
140.28         -0.0099
140.31         -0.0098
140.34         -0.0096
140.37         -0.0095
140.40         -0.0093
140.43         -0.0092
140.46         -0.0091
140.49         -0.0089
140.52         -0.0088
140.55         -0.0086
140.58         -0.0085
140.61         -0.0083
140.64         -0.0082
140.67         -0.0081
140.70         -0.0079
140.73         -0.0078
140.76         -0.0076
140.79         -0.0075
140.82         -0.0073
140.85         -0.0072
140.88         -0.0070
140.91         -0.0069
140.94         -0.0067
140.97         -0.0066
141.00         -0.0065
141.03         -0.0063
141.06         -0.0062
141.09         -0.0060
141.12         -0.0059
141.15         -0.0057
141.18         -0.0056
141.21         -0.0054
141.24         -0.0053
141.27         -0.0051
141.30         -0.0050
141.33         -0.0048
141.36         -0.0047
141.39         -0.0045
141.42         -0.0044
141.45         -0.0042
141.48         -0.0041
141.51         -0.0039
141.54         -0.0038
141.57         -0.0036
141.60         -0.0035
141.63         -0.0033
141.66         -0.0032
141.69         -0.0030
141.72         -0.0028
141.75         -0.0027
141.78         -0.0025
141.81         -0.0024
141.84         -0.0022
141.87         -0.0021
141.90         -0.0019
141.93         -0.0018
141.96         -0.0016
141.99         -0.0015
142.02         -0.0013
142.05         -0.0012
142.08         -0.0010
142.11         -0.0009
142.14         -0.0007
142.17         -0.0006
142.20         -0.0004
142.23         -0.0003
142.26         -0.0001
142.29          0.0000
142.32          0.0002
142.35          0.0003
142.38          0.0005
142.41          0.0006
142.44          0.0008
142.47          0.0009
142.50          0.0011
142.53          0.0012
142.56          0.0014
142.59          0.0015
142.62          0.0017
142.65          0.0018
142.68          0.0020
142.71          0.0021
142.74          0.0023
142.77          0.0024
142.80          0.0026
142.83          0.0027
142.86          0.0028
142.89          0.0030
142.92          0.0031
142.95          0.0033
142.98          0.0034
143.01          0.0036
143.04          0.0037
143.07          0.0039
143.10          0.0040
143.13          0.0041
143.16          0.0043
143.19          0.0044
143.22          0.0046
143.25          0.0047
143.28          0.0049
143.31          0.0050
143.34          0.0051
143.37          0.0053
143.40          0.0054
143.43          0.0055
143.46          0.0057
143.49          0.0058
143.52          0.0060
143.55          0.0061
143.58          0.0062
143.61          0.0064
143.64          0.0065
143.67          0.0066
143.70          0.0068
143.73          0.0069
143.76          0.0070
143.79          0.0072
143.82          0.0073
143.85          0.0074
143.88          0.0076
143.91          0.0077
143.94          0.0078
143.97          0.0079
144.00          0.0081
144.03          0.0082
144.06          0.0083
144.09          0.0084
144.12          0.0086
144.15          0.0087
144.18          0.0088
144.21          0.0089
144.24          0.0091
144.27          0.0092
144.30          0.0093
144.33          0.0094
144.36          0.0095
144.39          0.0097
144.42          0.0098
144.45          0.0099
144.48          0.0100
144.51          0.0101
144.54          0.0102
144.57          0.0103
144.60          0.0105
144.63          0.0106
144.66          0.0107
144.69          0.0108
144.72          0.0109
144.75          0.0110
144.78          0.0111
144.81          0.0112
144.84          0.0113
144.87          0.0114
144.90          0.0115
144.93          0.0116
144.96          0.0117
144.99          0.0119
145.02          0.0120
145.05          0.0121
145.08          0.0121
145.11          0.0122
145.14          0.0123
145.17          0.0124
145.20          0.0125
145.23          0.0126
145.26          0.0127
145.29          0.0128
145.32          0.0129
145.35          0.0130
145.38          0.0131
145.41          0.0132
145.44          0.0133
145.47          0.0134
145.50          0.0134
145.53          0.0135
145.56          0.0136
145.59          0.0137
145.62          0.0138
145.65          0.0139
145.68          0.0139
145.71          0.0140
145.74          0.0141
145.77          0.0142
145.80          0.0142
145.83          0.0143
145.86          0.0144
145.89          0.0145
145.92          0.0145
145.95          0.0146
145.98          0.0147
146.01          0.0148
146.04          0.0148
146.07          0.0149
146.10          0.0150
146.13          0.0150
146.16          0.0151
146.19          0.0151
146.22          0.0152
146.25          0.0153
146.28          0.0153
146.31          0.0154
146.34          0.0154
146.37          0.0155
146.40          0.0156
146.43          0.0156
146.46          0.0157
146.49          0.0157
146.52          0.0158
146.55          0.0158
146.58          0.0159
146.61          0.0159
146.64          0.0160
146.67          0.0160
146.70          0.0161
146.73          0.0161
146.76          0.0161
146.79          0.0162
146.82          0.0162
146.85          0.0163
146.88          0.0163
146.91          0.0163
146.94          0.0164
146.97          0.0164
147.00          0.0164
147.03          0.0165
147.06          0.0165
147.09          0.0165
147.12          0.0166
147.15          0.0166
147.18          0.0166
147.21          0.0166
147.24          0.0167
147.27          0.0167
147.30          0.0167
147.33          0.0167
147.36          0.0168
147.39          0.0168
147.42          0.0168
147.45          0.0168
147.48          0.0168
147.51          0.0169
147.54          0.0169
147.57          0.0169
147.60          0.0169
147.63          0.0169
147.66          0.0169
147.69          0.0169
147.72          0.0169
147.75          0.0169
147.78          0.0169
147.81          0.0169
147.84          0.0169
147.87          0.0169
147.90          0.0169
147.93          0.0169
147.96          0.0169
147.99          0.0169
148.02          0.0169
148.05          0.0169
148.08          0.0169
148.11          0.0169
148.14          0.0169
148.17          0.0169
148.20          0.0169
148.23          0.0169
148.26          0.0169
148.29          0.0169
148.32          0.0168
148.35          0.0168
148.38          0.0168
148.41          0.0168
148.44          0.0168
148.47          0.0168
148.50          0.0167
148.53          0.0167
148.56          0.0167
148.59          0.0167
148.62          0.0166
148.65          0.0166
148.68          0.0166
148.71          0.0166
148.74          0.0165
148.77          0.0165
148.80          0.0165
148.83          0.0164
148.86          0.0164
148.89          0.0164
148.92          0.0163
148.95          0.0163
148.98          0.0163
149.01          0.0162
149.04          0.0162
149.07          0.0161
149.10          0.0161
149.13          0.0160
149.16          0.0160
149.19          0.0160
149.22          0.0159
149.25          0.0159
149.28          0.0158
149.31          0.0158
149.34          0.0157
149.37          0.0157
149.40          0.0156
149.43          0.0156
149.46          0.0155
149.49          0.0155
149.52          0.0154
149.55          0.0153
149.58          0.0153
149.61          0.0152
149.64          0.0152
149.67          0.0151
149.70          0.0150
149.73          0.0150
149.76          0.0149
149.79          0.0149
149.82          0.0148
149.85          0.0147
149.88          0.0147
149.91          0.0146
149.94          0.0145
149.97          0.0145
150.00          0.0144
150.03          0.0143
150.06          0.0142
150.09          0.0142
150.12          0.0141
150.15          0.0140
150.18          0.0139
150.21          0.0139
150.24          0.0138
150.27          0.0137
150.30          0.0136
150.33          0.0136
150.36          0.0135
150.39          0.0134
150.42          0.0133
150.45          0.0132
150.48          0.0131
150.51          0.0131
150.54          0.0130
150.57          0.0129
150.60          0.0128
150.63          0.0127
150.66          0.0126
150.69          0.0125
150.72          0.0124
150.75          0.0124
150.78          0.0123
150.81          0.0122
150.84          0.0121
150.87          0.0120
150.90          0.0119
150.93          0.0118
150.96          0.0117
150.99          0.0116
151.02          0.0115
151.05          0.0114
151.08          0.0113
151.11          0.0112
151.14          0.0111
151.17          0.0110
151.20          0.0109
151.23          0.0108
151.26          0.0107
151.29          0.0106
151.32          0.0105
151.35          0.0104
151.38          0.0103
151.41          0.0102
151.44          0.0101
151.47          0.0100
151.50          0.0099
151.53          0.0098
151.56          0.0097
151.59          0.0096
151.62          0.0094
151.65          0.0093
151.68          0.0092
151.71          0.0091
151.74          0.0090
151.77          0.0089
151.80          0.0088
151.83          0.0087
151.86          0.0085
151.89          0.0084
151.92          0.0083
151.95          0.0082
151.98          0.0081
152.01          0.0080
152.04          0.0079
152.07          0.0077
152.10          0.0076
152.13          0.0075
152.16          0.0074
152.19          0.0073
152.22          0.0072
152.25          0.0070
152.28          0.0069
152.31          0.0068
152.34          0.0067
152.37          0.0066
152.40          0.0064
152.43          0.0063
152.46          0.0062
152.49          0.0061
152.52          0.0060
152.55          0.0058
152.58          0.0057
152.61          0.0056
152.64          0.0055
152.67          0.0053
152.70          0.0052
152.73          0.0051
152.76          0.0050
152.79          0.0048
152.82          0.0047
152.85          0.0046
152.88          0.0045
152.91          0.0043
152.94          0.0042
152.97          0.0041
153.00          0.0040
153.03          0.0038
153.06          0.0037
153.09          0.0036
153.12          0.0035
153.15          0.0033
153.18          0.0032
153.21          0.0031
153.24          0.0029
153.27          0.0028
153.30          0.0027
153.33          0.0026
153.36          0.0024
153.39          0.0023
153.42          0.0022
153.45          0.0020
153.48          0.0019
153.51          0.0018
153.54          0.0017
153.57          0.0015
153.60          0.0014
153.63          0.0013
153.66          0.0011
153.69          0.0010
153.72          0.0009
153.75          0.0008
153.78          0.0006
153.81          0.0005
153.84          0.0004
153.87          0.0002
153.90          0.0001
153.93         -0.0000
153.96         -0.0001
153.99         -0.0003
154.02         -0.0004
154.05         -0.0005
154.08         -0.0007
154.11         -0.0008
154.14         -0.0009
154.17         -0.0010
154.20         -0.0012
154.23         -0.0013
154.26         -0.0014
154.29         -0.0015
154.32         -0.0017
154.35         -0.0018
154.38         -0.0019
154.41         -0.0021
154.44         -0.0022
154.47         -0.0023
154.50         -0.0024
154.53         -0.0026
154.56         -0.0027
154.59         -0.0028
154.62         -0.0029
154.65         -0.0031
154.68         -0.0032
154.71         -0.0033
154.74         -0.0034
154.77         -0.0036
154.80         -0.0037
154.83         -0.0038
154.86         -0.0039
154.89         -0.0041
154.92         -0.0042
154.95         -0.0043
154.98         -0.0044
155.01         -0.0045
155.04         -0.0047
155.07         -0.0048
155.10         -0.0049
155.13         -0.0050
155.16         -0.0051
155.19         -0.0053
155.22         -0.0054
155.25         -0.0055
155.28         -0.0056
155.31         -0.0057
155.34         -0.0059
155.37         -0.0060
155.40         -0.0061
155.43         -0.0062
155.46         -0.0063
155.49         -0.0064
155.52         -0.0066
155.55         -0.0067
155.58         -0.0068
155.61         -0.0069
155.64         -0.0070
155.67         -0.0071
155.70         -0.0072
155.73         -0.0074
155.76         -0.0075
155.79         -0.0076
155.82         -0.0077
155.85         -0.0078
155.88         -0.0079
155.91         -0.0080
155.94         -0.0081
155.97         -0.0082
156.00         -0.0083
156.03         -0.0084
156.06         -0.0086
156.09         -0.0087
156.12         -0.0088
156.15         -0.0089
156.18         -0.0090
156.21         -0.0091
156.24         -0.0092
156.27         -0.0093
156.30         -0.0094
156.33         -0.0095
156.36         -0.0096
156.39         -0.0097
156.42         -0.0098
156.45         -0.0099
156.48         -0.0100
156.51         -0.0101
156.54         -0.0102
156.57         -0.0103
156.60         -0.0104
156.63         -0.0105
156.66         -0.0106
156.69         -0.0107
156.72         -0.0107
156.75         -0.0108
156.78         -0.0109
156.81         -0.0110
156.84         -0.0111
156.87         -0.0112
156.90         -0.0113
156.93         -0.0114
156.96         -0.0115
156.99         -0.0115
157.02         -0.0116
157.05         -0.0117
157.08         -0.0118
157.11         -0.0119
157.14         -0.0120
157.17         -0.0120
157.20         -0.0121
157.23         -0.0122
157.26         -0.0123
157.29         -0.0124
157.32         -0.0124
157.35         -0.0125
157.38         -0.0126
157.41         -0.0127
157.44         -0.0128
157.47         -0.0128
157.50         -0.0129
157.53         -0.0130
157.56         -0.0130
157.59         -0.0131
157.62         -0.0132
157.65         -0.0133
157.68         -0.0133
157.71         -0.0134
157.74         -0.0135
157.77         -0.0135
157.80         -0.0136
157.83         -0.0136
157.86         -0.0137
157.89         -0.0138
157.92         -0.0138
157.95         -0.0139
157.98         -0.0140
158.01         -0.0140
158.04         -0.0141
158.07         -0.0141
158.10         -0.0142
158.13         -0.0142
158.16         -0.0143
158.19         -0.0143
158.22         -0.0144
158.25         -0.0145
158.28         -0.0145
158.31         -0.0146
158.34         -0.0146
158.37         -0.0146
158.40         -0.0147
158.43         -0.0147
158.46         -0.0148
158.49         -0.0148
158.52         -0.0149
158.55         -0.0149
158.58         -0.0150
158.61         -0.0150
158.64         -0.0150
158.67         -0.0151
158.70         -0.0151
158.73         -0.0152
158.76         -0.0152
158.79         -0.0152
158.82         -0.0153
158.85         -0.0153
158.88         -0.0153
158.91         -0.0154
158.94         -0.0154
158.97         -0.0154
159.00         -0.0154
159.03         -0.0155
159.06         -0.0155
159.09         -0.0155
159.12         -0.0155
159.15         -0.0156
159.18         -0.0156
159.21         -0.0156
159.24         -0.0156
159.27         -0.0156
159.30         -0.0157
159.33         -0.0157
159.36         -0.0157
159.39         -0.0157
159.42         -0.0157
159.45         -0.0157
159.48         -0.0158
159.51         -0.0158
159.54         -0.0158
159.57         -0.0158
159.60         -0.0158
159.63         -0.0158
159.66         -0.0158
159.69         -0.0158
159.72         -0.0158
159.75         -0.0158
159.78         -0.0158
159.81         -0.0158
159.84         -0.0158
159.87         -0.0158
159.90         -0.0158
159.93         -0.0158
159.96         -0.0158
159.99         -0.0158
160.02         -0.0158
160.05         -0.0158
160.08         -0.0158
160.11         -0.0158
160.14         -0.0158
160.17         -0.0158
160.20         -0.0158
160.23         -0.0158
160.26         -0.0157
160.29         -0.0157
160.32         -0.0157
160.35         -0.0157
160.38         -0.0157
160.41         -0.0157
160.44         -0.0156
160.47         -0.0156
160.50         -0.0156
160.53         -0.0156
160.56         -0.0156
160.59         -0.0155
160.62         -0.0155
160.65         -0.0155
160.68         -0.0154
160.71         -0.0154
160.74         -0.0154
160.77         -0.0154
160.80         -0.0153
160.83         -0.0153
160.86         -0.0153
160.89         -0.0152
160.92         -0.0152
160.95         -0.0152
160.98         -0.0151
161.01         -0.0151
161.04         -0.0151
161.07         -0.0150
161.10         -0.0150
161.13         -0.0149
161.16         -0.0149
161.19         -0.0148
161.22         -0.0148
161.25         -0.0148
161.28         -0.0147
161.31         -0.0147
161.34         -0.0146
161.37         -0.0146
161.40         -0.0145
161.43         -0.0145
161.46         -0.0144
161.49         -0.0144
161.52         -0.0143
161.55         -0.0143
161.58         -0.0142
161.61         -0.0141
161.64         -0.0141
161.67         -0.0140
161.70         -0.0140
161.73         -0.0139
161.76         -0.0138
161.79         -0.0138
161.82         -0.0137
161.85         -0.0137
161.88         -0.0136
161.91         -0.0135
161.94         -0.0135
161.97         -0.0134
162.00         -0.0133
162.03         -0.0133
162.06         -0.0132
162.09         -0.0131
162.12         -0.0131
162.15         -0.0130
162.18         -0.0129
162.21         -0.0128
162.24         -0.0128
162.27         -0.0127
162.30         -0.0126
162.33         -0.0125
162.36         -0.0125
162.39         -0.0124
162.42         -0.0123
162.45         -0.0122
162.48         -0.0121
162.51         -0.0121
162.54         -0.0120
162.57         -0.0119
162.60         -0.0118
162.63         -0.0117
162.66         -0.0116
162.69         -0.0116
162.72         -0.0115
162.75         -0.0114
162.78         -0.0113
162.81         -0.0112
162.84         -0.0111
162.87         -0.0110
162.90         -0.0109
162.93         -0.0108
162.96         -0.0107
162.99         -0.0106
163.02         -0.0106
163.05         -0.0105
163.08         -0.0104
163.11         -0.0103
163.14         -0.0102
163.17         -0.0101
163.20         -0.0100
163.23         -0.0099
163.26         -0.0098
163.29         -0.0097
163.32         -0.0096
163.35         -0.0095
163.38         -0.0094
163.41         -0.0093
163.44         -0.0092
163.47         -0.0091
163.50         -0.0090
163.53         -0.0089
163.56         -0.0087
163.59         -0.0086
163.62         -0.0085
163.65         -0.0084
163.68         -0.0083
163.71         -0.0082
163.74         -0.0081
163.77         -0.0080
163.80         -0.0079
163.83         -0.0078
163.86         -0.0077
163.89         -0.0075
163.92         -0.0074
163.95         -0.0073
163.98         -0.0072
164.01         -0.0071
164.04         -0.0070
164.07         -0.0069
164.10         -0.0067
164.13         -0.0066
164.16         -0.0065
164.19         -0.0064
164.22         -0.0063
164.25         -0.0062
164.28         -0.0060
164.31         -0.0059
164.34         -0.0058
164.37         -0.0057
164.40         -0.0056
164.43         -0.0055
164.46         -0.0053
164.49         -0.0052
164.52         -0.0051
164.55         -0.0050
164.58         -0.0048
164.61         -0.0047
164.64         -0.0046
164.67         -0.0045
164.70         -0.0044
164.73         -0.0042
164.76         -0.0041
164.79         -0.0040
164.82         -0.0039
164.85         -0.0037
164.88         -0.0036
164.91         -0.0035
164.94         -0.0034
164.97         -0.0032
165.00         -0.0031
165.03         -0.0030
165.06         -0.0028
165.09         -0.0027
165.12         -0.0026
165.15         -0.0025
165.18         -0.0023
165.21         -0.0022
165.24         -0.0021
165.27         -0.0020
165.30         -0.0018
165.33         -0.0017
165.36         -0.0016
165.39         -0.0014
165.42         -0.0013
165.45         -0.0012
165.48         -0.0010
165.51         -0.0009
165.54         -0.0008
165.57         -0.0007
165.60         -0.0005
165.63         -0.0004
165.66         -0.0003
165.69         -0.0001
165.72         -0.0000
165.75          0.0001
165.78          0.0003
165.81          0.0004
165.84          0.0005
165.87          0.0006
165.90          0.0008
165.93          0.0009
165.96          0.0010
165.99          0.0012
166.02          0.0013
166.05          0.0014
166.08          0.0016
166.11          0.0017
166.14          0.0018
166.17          0.0020
166.20          0.0021
166.23          0.0022
166.26          0.0023
166.29          0.0025
166.32          0.0026
166.35          0.0027
166.38          0.0029
166.41          0.0030
166.44          0.0031
166.47          0.0033
166.50          0.0034
166.53          0.0035
166.56          0.0036
166.59          0.0038
166.62          0.0039
166.65          0.0040
166.68          0.0042
166.71          0.0043
166.74          0.0044
166.77          0.0045
166.80          0.0047
166.83          0.0048
166.86          0.0049
166.89          0.0051
166.92          0.0052
166.95          0.0053
166.98          0.0054
167.01          0.0056
167.04          0.0057
167.07          0.0058
167.10          0.0059
167.13          0.0061
167.16          0.0062
167.19          0.0063
167.22          0.0064
167.25          0.0066
167.28          0.0067
167.31          0.0068
167.34          0.0069
167.37          0.0070
167.40          0.0072
167.43          0.0073
167.46          0.0074
167.49          0.0075
167.52          0.0076
167.55          0.0078
167.58          0.0079
167.61          0.0080
167.64          0.0081
167.67          0.0082
167.70          0.0084
167.73          0.0085
167.76          0.0086
167.79          0.0087
167.82          0.0088
167.85          0.0089
167.88          0.0090
167.91          0.0092
167.94          0.0093
167.97          0.0094
168.00          0.0095
168.03          0.0096
168.06          0.0097
168.09          0.0098
168.12          0.0099
168.15          0.0101
168.18          0.0102
168.21          0.0103
168.24          0.0104
168.27          0.0105
168.30          0.0106
168.33          0.0107
168.36          0.0108
168.39          0.0109
168.42          0.0110
168.45          0.0111
168.48          0.0112
168.51          0.0113
168.54          0.0114
168.57          0.0115
168.60          0.0116
168.63          0.0117
168.66          0.0118
168.69          0.0119
168.72          0.0120
168.75          0.0121
168.78          0.0122
168.81          0.0123
168.84          0.0124
168.87          0.0125
168.90          0.0126
168.93          0.0127
168.96          0.0128
168.99          0.0128
169.02          0.0129
169.05          0.0130
169.08          0.0131
169.11          0.0132
169.14          0.0133
169.17          0.0134
169.20          0.0135
169.23          0.0135
169.26          0.0136
169.29          0.0137
169.32          0.0138
169.35          0.0139
169.38          0.0139
169.41          0.0140
169.44          0.0141
169.47          0.0142
169.50          0.0143
169.53          0.0143
169.56          0.0144
169.59          0.0145
169.62          0.0146
169.65          0.0146
169.68          0.0147
169.71          0.0148
169.74          0.0148
169.77          0.0149
169.80          0.0150
169.83          0.0150
169.86          0.0151
169.89          0.0152
169.92          0.0152
169.95          0.0153
169.98          0.0154
170.01          0.0154
170.04          0.0155
170.07          0.0155
170.10          0.0156
170.13          0.0156
170.16          0.0157
170.19          0.0158
170.22          0.0158
170.25          0.0159
170.28          0.0159
170.31          0.0160
170.34          0.0160
170.37          0.0161
170.40          0.0161
170.43          0.0162
170.46          0.0162
170.49          0.0162
170.52          0.0163
170.55          0.0163
170.58          0.0164
170.61          0.0164
170.64          0.0164
170.67          0.0165
170.70          0.0165
170.73          0.0166
170.76          0.0166
170.79          0.0166
170.82          0.0167
170.85          0.0167
170.88          0.0167
170.91          0.0167
170.94          0.0168
170.97          0.0168
171.00          0.0168
171.03          0.0169
171.06          0.0169
171.09          0.0169
171.12          0.0169
171.15          0.0169
171.18          0.0170
171.21          0.0170
171.24          0.0170
171.27          0.0170
171.30          0.0170
171.33          0.0170
171.36          0.0171
171.39          0.0171
171.42          0.0171
171.45          0.0171
171.48          0.0171
171.51          0.0171
171.54          0.0171
171.57          0.0171
171.60          0.0171
171.63          0.0171
171.66          0.0171
171.69          0.0171
171.72          0.0171
171.75          0.0171
171.78          0.0171
171.81          0.0171
171.84          0.0171
171.87          0.0171
171.90          0.0171
171.93          0.0171
171.96          0.0171
171.99          0.0171
172.02          0.0170
172.05          0.0170
172.08          0.0170
172.11          0.0170
172.14          0.0170
172.17          0.0170
172.20          0.0169
172.23          0.0169
172.26          0.0169
172.29          0.0169
172.32          0.0169
172.35          0.0168
172.38          0.0168
172.41          0.0168
172.44          0.0168
172.47          0.0167
172.50          0.0167
172.53          0.0167
172.56          0.0166
172.59          0.0166
172.62          0.0166
172.65          0.0165
172.68          0.0165
172.71          0.0164
172.74          0.0164
172.77          0.0164
172.80          0.0163
172.83          0.0163
172.86          0.0162
172.89          0.0162
172.92          0.0161
172.95          0.0161
172.98          0.0160
173.01          0.0160
173.04          0.0159
173.07          0.0159
173.10          0.0158
173.13          0.0158
173.16          0.0157
173.19          0.0157
173.22          0.0156
173.25          0.0156
173.28          0.0155
173.31          0.0154
173.34          0.0154
173.37          0.0153
173.40          0.0152
173.43          0.0152
173.46          0.0151
173.49          0.0150
173.52          0.0150
173.55          0.0149
173.58          0.0148
173.61          0.0148
173.64          0.0147
173.67          0.0146
173.70          0.0145
173.73          0.0145
173.76          0.0144
173.79          0.0143
173.82          0.0142
173.85          0.0141
173.88          0.0141
173.91          0.0140
173.94          0.0139
173.97          0.0138
174.00          0.0137
174.03          0.0136
174.06          0.0136
174.09          0.0135
174.12          0.0134
174.15          0.0133
174.18          0.0132
174.21          0.0131
174.24          0.0130
174.27          0.0129
174.30          0.0128
174.33          0.0127
174.36          0.0126
174.39          0.0125
174.42          0.0124
174.45          0.0123
174.48          0.0122
174.51          0.0121
174.54          0.0120
174.57          0.0119
174.60          0.0118
174.63          0.0117
174.66          0.0116
174.69          0.0115
174.72          0.0114
174.75          0.0113
174.78          0.0112
174.81          0.0111
174.84          0.0110
174.87          0.0108
174.90          0.0107
174.93          0.0106
174.96          0.0105
174.99          0.0104
175.02          0.0103
175.05          0.0101
175.08          0.0100
175.11          0.0099
175.14          0.0098
175.17          0.0097
175.20          0.0096
175.23          0.0094
175.26          0.0093
175.29          0.0092
175.32          0.0091
175.35          0.0089
175.38          0.0088
175.41          0.0087
175.44          0.0086
175.47          0.0084
175.50          0.0083
175.53          0.0082
175.56          0.0080
175.59          0.0079
175.62          0.0078
175.65          0.0077
175.68          0.0075
175.71          0.0074
175.74          0.0073
175.77          0.0071
175.80          0.0070
175.83          0.0068
175.86          0.0067
175.89          0.0066
175.92          0.0064
175.95          0.0063
175.98          0.0062
176.01          0.0060
176.04          0.0059
176.07          0.0057
176.10          0.0056
176.13          0.0055
176.16          0.0053
176.19          0.0052
176.22          0.0050
176.25          0.0049
176.28          0.0048
176.31          0.0046
176.34          0.0045
176.37          0.0043
176.40          0.0042
176.43          0.0040
176.46          0.0039
176.49          0.0037
176.52          0.0036
176.55          0.0035
176.58          0.0033
176.61          0.0032
176.64          0.0030
176.67          0.0029
176.70          0.0027
176.73          0.0026
176.76          0.0024
176.79          0.0023
176.82          0.0021
176.85          0.0020
176.88          0.0018
176.91          0.0017
176.94          0.0015
176.97          0.0014
177.00          0.0012
177.03          0.0011
177.06          0.0009
177.09          0.0008
177.12          0.0006
177.15          0.0005
177.18          0.0003
177.21          0.0002
177.24          0.0000
177.27         -0.0002
177.30         -0.0003
177.33         -0.0005
177.36         -0.0006
177.39         -0.0008
177.42         -0.0009
177.45         -0.0011
177.48         -0.0012
177.51         -0.0014
177.54         -0.0015
177.57         -0.0017
177.60         -0.0018
177.63         -0.0020
177.66         -0.0021
177.69         -0.0023
177.72         -0.0024
177.75         -0.0026
177.78         -0.0028
177.81         -0.0029
177.84         -0.0031
177.87         -0.0032
177.90         -0.0034
177.93         -0.0035
177.96         -0.0037
177.99         -0.0038
178.02         -0.0040
178.05         -0.0041
178.08         -0.0043
178.11         -0.0044
178.14         -0.0046
178.17         -0.0047
178.20         -0.0049
178.23         -0.0050
178.26         -0.0052
178.29         -0.0053
178.32         -0.0055
178.35         -0.0056
178.38         -0.0058
178.41         -0.0059
178.44         -0.0061
178.47         -0.0062
178.50         -0.0064
178.53         -0.0065
178.56         -0.0067
178.59         -0.0068
178.62         -0.0070
178.65         -0.0071
178.68         -0.0073
178.71         -0.0074
178.74         -0.0076
178.77         -0.0077
178.80         -0.0079
178.83         -0.0080
178.86         -0.0081
178.89         -0.0083
178.92         -0.0084
178.95         -0.0086
178.98         -0.0087
179.01         -0.0089
179.04         -0.0090
179.07         -0.0091
179.10         -0.0093
179.13         -0.0094
179.16         -0.0096
179.19         -0.0097
179.22         -0.0098
179.25         -0.0100
179.28         -0.0101
179.31         -0.0102
179.34         -0.0104
179.37         -0.0105
179.40         -0.0106
179.43         -0.0108
179.46         -0.0109
179.49         -0.0110
179.52         -0.0112
179.55         -0.0113
179.58         -0.0114
179.61         -0.0116
179.64         -0.0117
179.67         -0.0118
179.70         -0.0120
179.73         -0.0121
179.76         -0.0122
179.79         -0.0123
179.82         -0.0125
179.85         -0.0126
179.88         -0.0127
179.91         -0.0128
179.94         -0.0130
179.97         -0.0131
180.00         -0.0132
180.03         -0.0133
180.06         -0.0134
180.09         -0.0135
180.12         -0.0137
180.15         -0.0138
180.18         -0.0139
180.21         -0.0140
180.24         -0.0141
180.27         -0.0142
180.30         -0.0143
180.33         -0.0145
180.36         -0.0146
180.39         -0.0147
180.42         -0.0148
180.45         -0.0149
180.48         -0.0150
180.51         -0.0151
180.54         -0.0152
180.57         -0.0153
180.60         -0.0154
180.63         -0.0155
180.66         -0.0156
180.69         -0.0157
180.72         -0.0158
180.75         -0.0159
180.78         -0.0160
180.81         -0.0161
180.84         -0.0162
180.87         -0.0163
180.90         -0.0164
180.93         -0.0165
180.96         -0.0165
180.99         -0.0166
181.02         -0.0167
181.05         -0.0168
181.08         -0.0169
181.11         -0.0170
181.14         -0.0171
181.17         -0.0171
181.20         -0.0172
181.23         -0.0173
181.26         -0.0174
181.29         -0.0175
181.32         -0.0175
181.35         -0.0176
181.38         -0.0177
181.41         -0.0178
181.44         -0.0178
181.47         -0.0179
181.50         -0.0180
181.53         -0.0180
181.56         -0.0181
181.59         -0.0182
181.62         -0.0182
181.65         -0.0183
181.68         -0.0183
181.71         -0.0184
181.74         -0.0185
181.77         -0.0185
181.80         -0.0186
181.83         -0.0186
181.86         -0.0187
181.89         -0.0187
181.92         -0.0188
181.95         -0.0188
181.98         -0.0189
182.01         -0.0189
182.04         -0.0190
182.07         -0.0190
182.10         -0.0191
182.13         -0.0191
182.16         -0.0192
182.19         -0.0192
182.22         -0.0192
182.25         -0.0193
182.28         -0.0193
182.31         -0.0193
182.34         -0.0194
182.37         -0.0194
182.40         -0.0194
182.43         -0.0195
182.46         -0.0195
182.49         -0.0195
182.52         -0.0195
182.55         -0.0196
182.58         -0.0196
182.61         -0.0196
182.64         -0.0196
182.67         -0.0196
182.70         -0.0197
182.73         -0.0197
182.76         -0.0197
182.79         -0.0197
182.82         -0.0197
182.85         -0.0197
182.88         -0.0197
182.91         -0.0197
182.94         -0.0197
182.97         -0.0197
183.00         -0.0197
183.03         -0.0197
183.06         -0.0197
183.09         -0.0197
183.12         -0.0197
183.15         -0.0197
183.18         -0.0197
183.21         -0.0197
183.24         -0.0197
183.27         -0.0197
183.30         -0.0197
183.33         -0.0197
183.36         -0.0197
183.39         -0.0196
183.42         -0.0196
183.45         -0.0196
183.48         -0.0196
183.51         -0.0196
183.54         -0.0195
183.57         -0.0195
183.60         -0.0195
183.63         -0.0195
183.66         -0.0194
183.69         -0.0194
183.72         -0.0194
183.75         -0.0193
183.78         -0.0193
183.81         -0.0193
183.84         -0.0192
183.87         -0.0192
183.90         -0.0191
183.93         -0.0191
183.96         -0.0191
183.99         -0.0190
184.02         -0.0190
184.05         -0.0189
184.08         -0.0189
184.11         -0.0188
184.14         -0.0188
184.17         -0.0187
184.20         -0.0187
184.23         -0.0186
184.26         -0.0186
184.29         -0.0185
184.32         -0.0184
184.35         -0.0184
184.38         -0.0183
184.41         -0.0182
184.44         -0.0182
184.47         -0.0181
184.50         -0.0180
184.53         -0.0180
184.56         -0.0179
184.59         -0.0178
184.62         -0.0178
184.65         -0.0177
184.68         -0.0176
184.71         -0.0175
184.74         -0.0175
184.77         -0.0174
184.80         -0.0173
184.83         -0.0172
184.86         -0.0171
184.89         -0.0170
184.92         -0.0170
184.95         -0.0169
184.98         -0.0168
185.01         -0.0167
185.04         -0.0166
185.07         -0.0165
185.10         -0.0164
185.13         -0.0163
185.16         -0.0162
185.19         -0.0161
185.22         -0.0160
185.25         -0.0159
185.28         -0.0158
185.31         -0.0157
185.34         -0.0156
185.37         -0.0155
185.40         -0.0154
185.43         -0.0153
185.46         -0.0152
185.49         -0.0151
185.52         -0.0150
185.55         -0.0149
185.58         -0.0147
185.61         -0.0146
185.64         -0.0145
185.67         -0.0144
185.70         -0.0143
185.73         -0.0142
185.76         -0.0140
185.79         -0.0139
185.82         -0.0138
185.85         -0.0137
185.88         -0.0135
185.91         -0.0134
185.94         -0.0133
185.97         -0.0132
186.00         -0.0130
186.03         -0.0129
186.06         -0.0128
186.09         -0.0126
186.12         -0.0125
186.15         -0.0124
186.18         -0.0122
186.21         -0.0121
186.24         -0.0120
186.27         -0.0118
186.30         -0.0117
186.33         -0.0115
186.36         -0.0114
186.39         -0.0113
186.42         -0.0111
186.45         -0.0110
186.48         -0.0108
186.51         -0.0107
186.54         -0.0105
186.57         -0.0104
186.60         -0.0102
186.63         -0.0101
186.66         -0.0099
186.69         -0.0098
186.72         -0.0096
186.75         -0.0095
186.78         -0.0093
186.81         -0.0092
186.84         -0.0090
186.87         -0.0089
186.90         -0.0087
186.93         -0.0086
186.96         -0.0084
186.99         -0.0082
187.02         -0.0081
187.05         -0.0079
187.08         -0.0078
187.11         -0.0076
187.14         -0.0074
187.17         -0.0073
187.20         -0.0071
187.23         -0.0069
187.26         -0.0068
187.29         -0.0066
187.32         -0.0064
187.35         -0.0063
187.38         -0.0061
187.41         -0.0059
187.44         -0.0058
187.47         -0.0056
187.50         -0.0054
187.53         -0.0053
187.56         -0.0051
187.59         -0.0049
187.62         -0.0048
187.65         -0.0046
187.68         -0.0044
187.71         -0.0042
187.74         -0.0041
187.77         -0.0039
187.80         -0.0037
187.83         -0.0035
187.86         -0.0034
187.89         -0.0032
187.92         -0.0030
187.95         -0.0028
187.98         -0.0027
188.01         -0.0025
188.04         -0.0023
188.07         -0.0021
188.10         -0.0020
188.13         -0.0018
188.16         -0.0016
188.19         -0.0014
188.22         -0.0012
188.25         -0.0011
188.28         -0.0009
188.31         -0.0007
188.34         -0.0005
188.37         -0.0003
188.40         -0.0002
188.43          0.0000
188.46          0.0002
188.49          0.0004
188.52          0.0006
188.55          0.0007
188.58          0.0009
188.61          0.0011
188.64          0.0013
188.67          0.0015
188.70          0.0016
188.73          0.0018
188.76          0.0020
188.79          0.0022
188.82          0.0024
188.85          0.0026
188.88          0.0027
188.91          0.0029
188.94          0.0031
188.97          0.0033
189.00          0.0035
189.03          0.0036
189.06          0.0038
189.09          0.0040
189.12          0.0042
189.15          0.0044
189.18          0.0045
189.21          0.0047
189.24          0.0049
189.27          0.0051
189.30          0.0053
189.33          0.0054
189.36          0.0056
189.39          0.0058
189.42          0.0060
189.45          0.0061
189.48          0.0063
189.51          0.0065
189.54          0.0067
189.57          0.0069
189.60          0.0070
189.63          0.0072
189.66          0.0074
189.69          0.0076
189.72          0.0077
189.75          0.0079
189.78          0.0081
189.81          0.0083
189.84          0.0084
189.87          0.0086
189.90          0.0088
189.93          0.0089
189.96          0.0091
189.99          0.0093
190.02          0.0095
190.05          0.0096
190.08          0.0098
190.11          0.0100
190.14          0.0101
190.17          0.0103
190.20          0.0105
190.23          0.0106
190.26          0.0108
190.29          0.0110
190.32          0.0111
190.35          0.0113
190.38          0.0114
190.41          0.0116
190.44          0.0118
190.47          0.0119
190.50          0.0121
190.53          0.0122
190.56          0.0124
190.59          0.0126
190.62          0.0127
190.65          0.0129
190.68          0.0130
190.71          0.0132
190.74          0.0133
190.77          0.0135
190.80          0.0136
190.83          0.0138
190.86          0.0139
190.89          0.0141
190.92          0.0142
190.95          0.0144
190.98          0.0145
191.01          0.0147
191.04          0.0148
191.07          0.0149
191.10          0.0151
191.13          0.0152
191.16          0.0154
191.19          0.0155
191.22          0.0156
191.25          0.0158
191.28          0.0159
191.31          0.0160
191.34          0.0162
191.37          0.0163
191.40          0.0164
191.43          0.0166
191.46          0.0167
191.49          0.0168
191.52          0.0170
191.55          0.0171
191.58          0.0172
191.61          0.0173
191.64          0.0174
191.67          0.0176
191.70          0.0177
191.73          0.0178
191.76          0.0179
191.79          0.0180
191.82          0.0181
191.85          0.0183
191.88          0.0184
191.91          0.0185
191.94          0.0186
191.97          0.0187
192.00          0.0188
192.03          0.0189
192.06          0.0190
192.09          0.0191
192.12          0.0192
192.15          0.0193
192.18          0.0194
192.21          0.0195
192.24          0.0196
192.27          0.0197
192.30          0.0198
192.33          0.0199
192.36          0.0200
192.39          0.0201
192.42          0.0202
192.45          0.0202
192.48          0.0203
192.51          0.0204
192.54          0.0205
192.57          0.0206
192.60          0.0207
192.63          0.0207
192.66          0.0208
192.69          0.0209
192.72          0.0210
192.75          0.0210
192.78          0.0211
192.81          0.0212
192.84          0.0212
192.87          0.0213
192.90          0.0214
192.93          0.0214
192.96          0.0215
192.99          0.0215
193.02          0.0216
193.05          0.0217
193.08          0.0217
193.11          0.0218
193.14          0.0218
193.17          0.0219
193.20          0.0219
193.23          0.0220
193.26          0.0220
193.29          0.0220
193.32          0.0221
193.35          0.0221
193.38          0.0222
193.41          0.0222
193.44          0.0222
193.47          0.0223
193.50          0.0223
193.53          0.0223
193.56          0.0224
193.59          0.0224
193.62          0.0224
193.65          0.0224
193.68          0.0225
193.71          0.0225
193.74          0.0225
193.77          0.0225
193.80          0.0225
193.83          0.0225
193.86          0.0226
193.89          0.0226
193.92          0.0226
193.95          0.0226
193.98          0.0226
194.01          0.0226
194.04          0.0226
194.07          0.0226
194.10          0.0226
194.13          0.0226
194.16          0.0226
194.19          0.0226
194.22          0.0226
194.25          0.0226
194.28          0.0225
194.31          0.0225
194.34          0.0225
194.37          0.0225
194.40          0.0225
194.43          0.0225
194.46          0.0224
194.49          0.0224
194.52          0.0224
194.55          0.0224
194.58          0.0223
194.61          0.0223
194.64          0.0223
194.67          0.0222
194.70          0.0222
194.73          0.0222
194.76          0.0221
194.79          0.0221
194.82          0.0221
194.85          0.0220
194.88          0.0220
194.91          0.0219
194.94          0.0219
194.97          0.0218
195.00          0.0218
195.03          0.0217
195.06          0.0217
195.09          0.0216
195.12          0.0215
195.15          0.0215
195.18          0.0214
195.21          0.0214
195.24          0.0213
195.27          0.0212
195.30          0.0212
195.33          0.0211
195.36          0.0210
195.39          0.0209
195.42          0.0209
195.45          0.0208
195.48          0.0207
195.51          0.0206
195.54          0.0205
195.57          0.0205
195.60          0.0204
195.63          0.0203
195.66          0.0202
195.69          0.0201
195.72          0.0200
195.75          0.0199
195.78          0.0198
195.81          0.0197
195.84          0.0196
195.87          0.0195
195.90          0.0194
195.93          0.0193
195.96          0.0192
195.99          0.0191
196.02          0.0190
196.05          0.0189
196.08          0.0188
196.11          0.0187
196.14          0.0186
196.17          0.0185
196.20          0.0184
196.23          0.0182
196.26          0.0181
196.29          0.0180
196.32          0.0179
196.35          0.0178
196.38          0.0176
196.41          0.0175
196.44          0.0174
196.47          0.0173
196.50          0.0171
196.53          0.0170
196.56          0.0169
196.59          0.0167
196.62          0.0166
196.65          0.0165
196.68          0.0163
196.71          0.0162
196.74          0.0161
196.77          0.0159
196.80          0.0158
196.83          0.0156
196.86          0.0155
196.89          0.0153
196.92          0.0152
196.95          0.0150
196.98          0.0149
197.01          0.0147
197.04          0.0146
197.07          0.0144
197.10          0.0143
197.13          0.0141
197.16          0.0140
197.19          0.0138
197.22          0.0136
197.25          0.0135
197.28          0.0133
197.31          0.0132
197.34          0.0130
197.37          0.0128
197.40          0.0127
197.43          0.0125
197.46          0.0123
197.49          0.0122
197.52          0.0120
197.55          0.0118
197.58          0.0116
197.61          0.0115
197.64          0.0113
197.67          0.0111
197.70          0.0109
197.73          0.0108
197.76          0.0106
197.79          0.0104
197.82          0.0102
197.85          0.0100
197.88          0.0099
197.91          0.0097
197.94          0.0095
197.97          0.0093
198.00          0.0091
198.03          0.0089
198.06          0.0088
198.09          0.0086
198.12          0.0084
198.15          0.0082
198.18          0.0080
198.21          0.0078
198.24          0.0076
198.27          0.0074
198.30          0.0072
198.33          0.0070
198.36          0.0068
198.39          0.0067
198.42          0.0065
198.45          0.0063
198.48          0.0061
198.51          0.0059
198.54          0.0057
198.57          0.0055
198.60          0.0053
198.63          0.0051
198.66          0.0049
198.69          0.0047
198.72          0.0045
198.75          0.0043
198.78          0.0041
198.81          0.0039
198.84          0.0037
198.87          0.0035
198.90          0.0033
198.93          0.0031
198.96          0.0029
198.99          0.0027
199.02          0.0024
199.05          0.0022
199.08          0.0020
199.11          0.0018
199.14          0.0016
199.17          0.0014
199.20          0.0012
199.23          0.0010
199.26          0.0008
199.29          0.0006
199.32          0.0004
199.35          0.0002
199.38         -0.0000
199.41         -0.0002
199.44         -0.0004
199.47         -0.0006
199.50         -0.0009
199.53         -0.0011
199.56         -0.0013
199.59         -0.0015
199.62         -0.0017
199.65         -0.0019
199.68         -0.0021
199.71         -0.0023
199.74         -0.0025
199.77         -0.0027
199.80         -0.0029
199.83         -0.0031
199.86         -0.0033
199.89         -0.0036
199.92         -0.0038
199.95         -0.0040
199.98         -0.0042
200.01         -0.0044
200.04         -0.0046
200.07         -0.0048
200.10         -0.0050
200.13         -0.0052
200.16         -0.0054
200.19         -0.0056
200.22         -0.0058
200.25         -0.0060
200.28         -0.0062
200.31         -0.0064
200.34         -0.0066
200.37         -0.0068
200.40         -0.0070
200.43         -0.0072
200.46         -0.0074
200.49         -0.0076
200.52         -0.0078
200.55         -0.0080
200.58         -0.0082
200.61         -0.0084
200.64         -0.0086
200.67         -0.0088
200.70         -0.0090
200.73         -0.0092
200.76         -0.0094
200.79         -0.0096
200.82         -0.0098
200.85         -0.0100
200.88         -0.0102
200.91         -0.0104
200.94         -0.0106
200.97         -0.0108
201.00         -0.0110
201.03         -0.0112
201.06         -0.0114
201.09         -0.0116
201.12         -0.0117
201.15         -0.0119
201.18         -0.0121
201.21         -0.0123
201.24         -0.0125
201.27         -0.0127
201.30         -0.0129
201.33         -0.0130
201.36         -0.0132
201.39         -0.0134
201.42         -0.0136
201.45         -0.0138
201.48         -0.0139
201.51         -0.0141
201.54         -0.0143
201.57         -0.0145
201.60         -0.0146
201.63         -0.0148
201.66         -0.0150
201.69         -0.0152
201.72         -0.0153
201.75         -0.0155
201.78         -0.0157
201.81         -0.0158
201.84         -0.0160
201.87         -0.0162
201.90         -0.0163
201.93         -0.0165
201.96         -0.0167
201.99         -0.0168
202.02         -0.0170
202.05         -0.0171
202.08         -0.0173
202.11         -0.0174
202.14         -0.0176
202.17         -0.0178
202.20         -0.0179
202.23         -0.0181
202.26         -0.0182
202.29         -0.0183
202.32         -0.0185
202.35         -0.0186
202.38         -0.0188
202.41         -0.0189
202.44         -0.0191
202.47         -0.0192
202.50         -0.0193
202.53         -0.0195
202.56         -0.0196
202.59         -0.0198
202.62         -0.0199
202.65         -0.0200
202.68         -0.0201
202.71         -0.0203
202.74         -0.0204
202.77         -0.0205
202.80         -0.0206
202.83         -0.0208
202.86         -0.0209
202.89         -0.0210
202.92         -0.0211
202.95         -0.0212
202.98         -0.0214
203.01         -0.0215
203.04         -0.0216
203.07         -0.0217
203.10         -0.0218
203.13         -0.0219
203.16         -0.0220
203.19         -0.0221
203.22         -0.0222
203.25         -0.0223
203.28         -0.0224
203.31         -0.0225
203.34         -0.0226
203.37         -0.0227
203.40         -0.0228
203.43         -0.0229
203.46         -0.0230
203.49         -0.0231
203.52         -0.0232
203.55         -0.0232
203.58         -0.0233
203.61         -0.0234
203.64         -0.0235
203.67         -0.0236
203.70         -0.0236
203.73         -0.0237
203.76         -0.0238
203.79         -0.0238
203.82         -0.0239
203.85         -0.0240
203.88         -0.0240
203.91         -0.0241
203.94         -0.0242
203.97         -0.0242
204.00         -0.0243
204.03         -0.0243
204.06         -0.0244
204.09         -0.0244
204.12         -0.0245
204.15         -0.0245
204.18         -0.0246
204.21         -0.0246
204.24         -0.0247
204.27         -0.0247
204.30         -0.0247
204.33         -0.0248
204.36         -0.0248
204.39         -0.0249
204.42         -0.0249
204.45         -0.0249
204.48         -0.0249
204.51         -0.0250
204.54         -0.0250
204.57         -0.0250
204.60         -0.0250
204.63         -0.0251
204.66         -0.0251
204.69         -0.0251
204.72         -0.0251
204.75         -0.0251
204.78         -0.0251
204.81         -0.0251
204.84         -0.0251
204.87         -0.0251
204.90         -0.0251
204.93         -0.0251
204.96         -0.0251
204.99         -0.0251
205.02         -0.0251
205.05         -0.0251
205.08         -0.0251
205.11         -0.0251
205.14         -0.0251
205.17         -0.0251
205.20         -0.0250
205.23         -0.0250
205.26         -0.0250
205.29         -0.0250
205.32         -0.0249
205.35         -0.0249
205.38         -0.0249
205.41         -0.0249
205.44         -0.0248
205.47         -0.0248
205.50         -0.0247
205.53         -0.0247
205.56         -0.0247
205.59         -0.0246
205.62         -0.0246
205.65         -0.0245
205.68         -0.0245
205.71         -0.0244
205.74         -0.0244
205.77         -0.0243
205.80         -0.0243
205.83         -0.0242
205.86         -0.0242
205.89         -0.0241
205.92         -0.0240
205.95         -0.0240
205.98         -0.0239
206.01         -0.0238
206.04         -0.0238
206.07         -0.0237
206.10         -0.0236
206.13         -0.0235
206.16         -0.0234
206.19         -0.0234
206.22         -0.0233
206.25         -0.0232
206.28         -0.0231
206.31         -0.0230
206.34         -0.0229
206.37         -0.0228
206.40         -0.0228
206.43         -0.0227
206.46         -0.0226
206.49         -0.0225
206.52         -0.0224
206.55         -0.0223
206.58         -0.0222
206.61         -0.0221
206.64         -0.0220
206.67         -0.0218
206.70         -0.0217
206.73         -0.0216
206.76         -0.0215
206.79         -0.0214
206.82         -0.0213
206.85         -0.0212
206.88         -0.0210
206.91         -0.0209
206.94         -0.0208
206.97         -0.0207
207.00         -0.0205
207.03         -0.0204
207.06         -0.0203
207.09         -0.0201
207.12         -0.0200
207.15         -0.0199
207.18         -0.0197
207.21         -0.0196
207.24         -0.0195
207.27         -0.0193
207.30         -0.0192
207.33         -0.0190
207.36         -0.0189
207.39         -0.0187
207.42         -0.0186
207.45         -0.0184
207.48         -0.0183
207.51         -0.0181
207.54         -0.0180
207.57         -0.0178
207.60         -0.0177
207.63         -0.0175
207.66         -0.0173
207.69         -0.0172
207.72         -0.0170
207.75         -0.0169
207.78         -0.0167
207.81         -0.0165
207.84         -0.0164
207.87         -0.0162
207.90         -0.0160
207.93         -0.0158
207.96         -0.0157
207.99         -0.0155
208.02         -0.0153
208.05         -0.0151
208.08         -0.0150
208.11         -0.0148
208.14         -0.0146
208.17         -0.0144
208.20         -0.0142
208.23         -0.0140
208.26         -0.0139
208.29         -0.0137
208.32         -0.0135
208.35         -0.0133
208.38         -0.0131
208.41         -0.0129
208.44         -0.0127
208.47         -0.0125
208.50         -0.0123
208.53         -0.0121
208.56         -0.0119
208.59         -0.0117
208.62         -0.0115
208.65         -0.0113
208.68         -0.0111
208.71         -0.0109
208.74         -0.0107
208.77         -0.0105
208.80         -0.0103
208.83         -0.0101
208.86         -0.0099
208.89         -0.0097
208.92         -0.0095
208.95         -0.0093
208.98         -0.0091
209.01         -0.0089
209.04         -0.0087
209.07         -0.0084
209.10         -0.0082
209.13         -0.0080
209.16         -0.0078
209.19         -0.0076
209.22         -0.0074
209.25         -0.0072
209.28         -0.0069
209.31         -0.0067
209.34         -0.0065
209.37         -0.0063
209.40         -0.0061
209.43         -0.0058
209.46         -0.0056
209.49         -0.0054
209.52         -0.0052
209.55         -0.0050
209.58         -0.0047
209.61         -0.0045
209.64         -0.0043
209.67         -0.0041
209.70         -0.0039
209.73         -0.0036
209.76         -0.0034
209.79         -0.0032
209.82         -0.0030
209.85         -0.0027
209.88         -0.0025
209.91         -0.0023
209.94         -0.0020
209.97         -0.0018
210.00         -0.0016
210.03         -0.0014
210.06         -0.0011
210.09         -0.0009
210.12         -0.0007
210.15         -0.0005
210.18         -0.0002
210.21          0.0000
210.24          0.0002
210.27          0.0005
210.30          0.0007
210.33          0.0009
210.36          0.0011
210.39          0.0014
210.42          0.0016
210.45          0.0018
210.48          0.0021
210.51          0.0023
210.54          0.0025
210.57          0.0027
210.60          0.0030
210.63          0.0032
210.66          0.0034
210.69          0.0037
210.72          0.0039
210.75          0.0041
210.78          0.0043
210.81          0.0046
210.84          0.0048
210.87          0.0050
210.90          0.0052
210.93          0.0055
210.96          0.0057
210.99          0.0059
211.02          0.0061
211.05          0.0064
211.08          0.0066
211.11          0.0068
211.14          0.0070
211.17          0.0073
211.20          0.0075
211.23          0.0077
211.26          0.0079
211.29          0.0082
211.32          0.0084
211.35          0.0086
211.38          0.0088
211.41          0.0090
211.44          0.0092
211.47          0.0095
211.50          0.0097
211.53          0.0099
211.56          0.0101
211.59          0.0103
211.62          0.0105
211.65          0.0108
211.68          0.0110
211.71          0.0112
211.74          0.0114
211.77          0.0116
211.80          0.0118
211.83          0.0120
211.86          0.0122
211.89          0.0124
211.92          0.0126
211.95          0.0128
211.98          0.0130
212.01          0.0132
212.04          0.0135
212.07          0.0137
212.10          0.0139
212.13          0.0141
212.16          0.0143
212.19          0.0144
212.22          0.0146
212.25          0.0148
212.28          0.0150
212.31          0.0152
212.34          0.0154
212.37          0.0156
212.40          0.0158
212.43          0.0160
212.46          0.0162
212.49          0.0164
212.52          0.0165
212.55          0.0167
212.58          0.0169
212.61          0.0171
212.64          0.0173
212.67          0.0175
212.70          0.0176
212.73          0.0178
212.76          0.0180
212.79          0.0182
212.82          0.0183
212.85          0.0185
212.88          0.0187
212.91          0.0188
212.94          0.0190
212.97          0.0192
213.00          0.0193
213.03          0.0195
213.06          0.0197
213.09          0.0198
213.12          0.0200
213.15          0.0201
213.18          0.0203
213.21          0.0205
213.24          0.0206
213.27          0.0208
213.30          0.0209
213.33          0.0211
213.36          0.0212
213.39          0.0213
213.42          0.0215
213.45          0.0216
213.48          0.0218
213.51          0.0219
213.54          0.0220
213.57          0.0222
213.60          0.0223
213.63          0.0224
213.66          0.0226
213.69          0.0227
213.72          0.0228
213.75          0.0230
213.78          0.0231
213.81          0.0232
213.84          0.0233
213.87          0.0234
213.90          0.0236
213.93          0.0237
213.96          0.0238
213.99          0.0239
214.02          0.0240
214.05          0.0241
214.08          0.0242
214.11          0.0243
214.14          0.0244
214.17          0.0245
214.20          0.0246
214.23          0.0247
214.26          0.0248
214.29          0.0249
214.32          0.0250
214.35          0.0251
214.38          0.0252
214.41          0.0253
214.44          0.0253
214.47          0.0254
214.50          0.0255
214.53          0.0256
214.56          0.0257
214.59          0.0257
214.62          0.0258
214.65          0.0259
214.68          0.0259
214.71          0.0260
214.74          0.0261
214.77          0.0261
214.80          0.0262
214.83          0.0262
214.86          0.0263
214.89          0.0264
214.92          0.0264
214.95          0.0265
214.98          0.0265
215.01          0.0266
215.04          0.0266
215.07          0.0266
215.10          0.0267
215.13          0.0267
215.16          0.0267
215.19          0.0268
215.22          0.0268
215.25          0.0268
215.28          0.0269
215.31          0.0269
215.34          0.0269
215.37          0.0269
215.40          0.0270
215.43          0.0270
215.46          0.0270
215.49          0.0270
215.52          0.0270
215.55          0.0270
215.58          0.0270
215.61          0.0270
215.64          0.0270
215.67          0.0270
215.70          0.0270
215.73          0.0270
215.76          0.0270
215.79          0.0270
215.82          0.0270
215.85          0.0270
215.88          0.0270
215.91          0.0270
215.94          0.0269
215.97          0.0269
216.00          0.0269
216.03          0.0269
216.06          0.0269
216.09          0.0268
216.12          0.0268
216.15          0.0268
216.18          0.0267
216.21          0.0267
216.24          0.0266
216.27          0.0266
216.30          0.0266
216.33          0.0265
216.36          0.0265
216.39          0.0264
216.42          0.0264
216.45          0.0263
216.48          0.0263
216.51          0.0262
216.54          0.0261
216.57          0.0261
216.60          0.0260
216.63          0.0259
216.66          0.0259
216.69          0.0258
216.72          0.0257
216.75          0.0257
216.78          0.0256
216.81          0.0255
216.84          0.0254
216.87          0.0254
216.90          0.0253
216.93          0.0252
216.96          0.0251
216.99          0.0250
217.02          0.0249
217.05          0.0248
217.08          0.0247
217.11          0.0246
217.14          0.0245
217.17          0.0244
217.20          0.0243
217.23          0.0242
217.26          0.0241
217.29          0.0240
217.32          0.0239
217.35          0.0238
217.38          0.0237
217.41          0.0235
217.44          0.0234
217.47          0.0233
217.50          0.0232
217.53          0.0231
217.56          0.0229
217.59          0.0228
217.62          0.0227
217.65          0.0225
217.68          0.0224
217.71          0.0223
217.74          0.0221
217.77          0.0220
217.80          0.0219
217.83          0.0217
217.86          0.0216
217.89          0.0214
217.92          0.0213
217.95          0.0211
217.98          0.0210
218.01          0.0208
218.04          0.0207
218.07          0.0205
218.10          0.0204
218.13          0.0202
218.16          0.0201
218.19          0.0199
218.22          0.0197
218.25          0.0196
218.28          0.0194
218.31          0.0192
218.34          0.0191
218.37          0.0189
218.40          0.0187
218.43          0.0185
218.46          0.0184
218.49          0.0182
218.52          0.0180
218.55          0.0178
218.58          0.0177
218.61          0.0175
218.64          0.0173
218.67          0.0171
218.70          0.0169
218.73          0.0167
218.76          0.0165
218.79          0.0163
218.82          0.0162
218.85          0.0160
218.88          0.0158
218.91          0.0156
218.94          0.0154
218.97          0.0152
219.00          0.0150
219.03          0.0148
219.06          0.0146
219.09          0.0144
219.12          0.0142
219.15          0.0140
219.18          0.0138
219.21          0.0135
219.24          0.0133
219.27          0.0131
219.30          0.0129
219.33          0.0127
219.36          0.0125
219.39          0.0123
219.42          0.0121
219.45          0.0118
219.48          0.0116
219.51          0.0114
219.54          0.0112
219.57          0.0110
219.60          0.0107
219.63          0.0105
219.66          0.0103
219.69          0.0101
219.72          0.0099
219.75          0.0096
219.78          0.0094
219.81          0.0092
219.84          0.0090
219.87          0.0087
219.90          0.0085
219.93          0.0083
219.96          0.0080
219.99          0.0078
220.02          0.0076
220.05          0.0073
220.08          0.0071
220.11          0.0069
220.14          0.0066
220.17          0.0064
220.20          0.0062
220.23          0.0059
220.26          0.0057
220.29          0.0055
220.32          0.0052
220.35          0.0050
220.38          0.0047
220.41          0.0045
220.44          0.0043
220.47          0.0040
220.50          0.0038
220.53          0.0035
220.56          0.0033
220.59          0.0031
220.62          0.0028
220.65          0.0026
220.68          0.0023
220.71          0.0021
220.74          0.0019
220.77          0.0016
220.80          0.0014
220.83          0.0011
220.86          0.0009
220.89          0.0006
220.92          0.0004
220.95          0.0002
220.98         -0.0001
221.01         -0.0003
221.04         -0.0006
221.07         -0.0008
221.10         -0.0011
221.13         -0.0013
221.16         -0.0015
221.19         -0.0018
221.22         -0.0020
221.25         -0.0023
221.28         -0.0025
221.31         -0.0028
221.34         -0.0030
221.37         -0.0032
221.40         -0.0035
221.43         -0.0037
221.46         -0.0040
221.49         -0.0042
221.52         -0.0045
221.55         -0.0047
221.58         -0.0049
221.61         -0.0052
221.64         -0.0054
221.67         -0.0057
221.70         -0.0059
221.73         -0.0061
221.76         -0.0064
221.79         -0.0066
221.82         -0.0068
221.85         -0.0071
221.88         -0.0073
221.91         -0.0076
221.94         -0.0078
221.97         -0.0080
222.00         -0.0083
222.03         -0.0085
222.06         -0.0087
222.09         -0.0090
222.12         -0.0092
222.15         -0.0094
222.18         -0.0097
222.21         -0.0099
222.24         -0.0101
222.27         -0.0103
222.30         -0.0106
222.33         -0.0108
222.36         -0.0110
222.39         -0.0112
222.42         -0.0115
222.45         -0.0117
222.48         -0.0119
222.51         -0.0121
222.54         -0.0124
222.57         -0.0126
222.60         -0.0128
222.63         -0.0130
222.66         -0.0132
222.69         -0.0135
222.72         -0.0137
222.75         -0.0139
222.78         -0.0141
222.81         -0.0143
222.84         -0.0145
222.87         -0.0147
222.90         -0.0149
222.93         -0.0151
222.96         -0.0154
222.99         -0.0156
223.02         -0.0158
223.05         -0.0160
223.08         -0.0162
223.11         -0.0164
223.14         -0.0166
223.17         -0.0168
223.20         -0.0170
223.23         -0.0172
223.26         -0.0174
223.29         -0.0176
223.32         -0.0177
223.35         -0.0179
223.38         -0.0181
223.41         -0.0183
223.44         -0.0185
223.47         -0.0187
223.50         -0.0189
223.53         -0.0191
223.56         -0.0192
223.59         -0.0194
223.62         -0.0196
223.65         -0.0198
223.68         -0.0199
223.71         -0.0201
223.74         -0.0203
223.77         -0.0205
223.80         -0.0206
223.83         -0.0208
223.86         -0.0210
223.89         -0.0211
223.92         -0.0213
223.95         -0.0214
223.98         -0.0216
224.01         -0.0218
224.04         -0.0219
224.07         -0.0221
224.10         -0.0222
224.13         -0.0224
224.16         -0.0225
224.19         -0.0227
224.22         -0.0228
224.25         -0.0230
224.28         -0.0231
224.31         -0.0233
224.34         -0.0234
224.37         -0.0235
224.40         -0.0237
224.43         -0.0238
224.46         -0.0239
224.49         -0.0241
224.52         -0.0242
224.55         -0.0243
224.58         -0.0244
224.61         -0.0246
224.64         -0.0247
224.67         -0.0248
224.70         -0.0249
224.73         -0.0250
224.76         -0.0251
224.79         -0.0253
224.82         -0.0254
224.85         -0.0255
224.88         -0.0256
224.91         -0.0257
224.94         -0.0258
224.97         -0.0259
225.00         -0.0260
225.03         -0.0261
225.06         -0.0262
225.09         -0.0263
225.12         -0.0263
225.15         -0.0264
225.18         -0.0265
225.21         -0.0266
225.24         -0.0267
225.27         -0.0268
225.30         -0.0268
225.33         -0.0269
225.36         -0.0270
225.39         -0.0271
225.42         -0.0271
225.45         -0.0272
225.48         -0.0273
225.51         -0.0273
225.54         -0.0274
225.57         -0.0274
225.60         -0.0275
225.63         -0.0276
225.66         -0.0276
225.69         -0.0277
225.72         -0.0277
225.75         -0.0278
225.78         -0.0278
225.81         -0.0278
225.84         -0.0279
225.87         -0.0279
225.90         -0.0279
225.93         -0.0280
225.96         -0.0280
225.99         -0.0280
226.02         -0.0281
226.05         -0.0281
226.08         -0.0281
226.11         -0.0281
226.14         -0.0282
226.17         -0.0282
226.20         -0.0282
226.23         -0.0282
226.26         -0.0282
226.29         -0.0282
226.32         -0.0282
226.35         -0.0282
226.38         -0.0282
226.41         -0.0282
226.44         -0.0282
226.47         -0.0282
226.50         -0.0282
226.53         -0.0282
226.56         -0.0282
226.59         -0.0282
226.62         -0.0281
226.65         -0.0281
226.68         -0.0281
226.71         -0.0281
226.74         -0.0280
226.77         -0.0280
226.80         -0.0280
226.83         -0.0280
226.86         -0.0279
226.89         -0.0279
226.92         -0.0278
226.95         -0.0278
226.98         -0.0278
227.01         -0.0277
227.04         -0.0277
227.07         -0.0276
227.10         -0.0276
227.13         -0.0275
227.16         -0.0275
227.19         -0.0274
227.22         -0.0273
227.25         -0.0273
227.28         -0.0272
227.31         -0.0272
227.34         -0.0271
227.37         -0.0270
227.40         -0.0269
227.43         -0.0269
227.46         -0.0268
227.49         -0.0267
227.52         -0.0266
227.55         -0.0265
227.58         -0.0265
227.61         -0.0264
227.64         -0.0263
227.67         -0.0262
227.70         -0.0261
227.73         -0.0260
227.76         -0.0259
227.79         -0.0258
227.82         -0.0257
227.85         -0.0256
227.88         -0.0255
227.91         -0.0254
227.94         -0.0253
227.97         -0.0252
228.00         -0.0251
228.03         -0.0249
228.06         -0.0248
228.09         -0.0247
228.12         -0.0246
228.15         -0.0245
228.18         -0.0243
228.21         -0.0242
228.24         -0.0241
228.27         -0.0239
228.30         -0.0238
228.33         -0.0237
228.36         -0.0235
228.39         -0.0234
228.42         -0.0233
228.45         -0.0231
228.48         -0.0230
228.51         -0.0228
228.54         -0.0227
228.57         -0.0225
228.60         -0.0224
228.63         -0.0222
228.66         -0.0221
228.69         -0.0219
228.72         -0.0218
228.75         -0.0216
228.78         -0.0214
228.81         -0.0213
228.84         -0.0211
228.87         -0.0210
228.90         -0.0208
228.93         -0.0206
228.96         -0.0204
228.99         -0.0203
229.02         -0.0201
229.05         -0.0199
229.08         -0.0198
229.11         -0.0196
229.14         -0.0194
229.17         -0.0192
229.20         -0.0190
229.23         -0.0188
229.26         -0.0187
229.29         -0.0185
229.32         -0.0183
229.35         -0.0181
229.38         -0.0179
229.41         -0.0177
229.44         -0.0175
229.47         -0.0173
229.50         -0.0171
229.53         -0.0169
229.56         -0.0167
229.59         -0.0165
229.62         -0.0163
229.65         -0.0161
229.68         -0.0159
229.71         -0.0157
229.74         -0.0155
229.77         -0.0153
229.80         -0.0151
229.83         -0.0149
229.86         -0.0147
229.89         -0.0144
229.92         -0.0142
229.95         -0.0140
229.98         -0.0138
230.01         -0.0136
230.04         -0.0134
230.07         -0.0131
230.10         -0.0129
230.13         -0.0127
230.16         -0.0125
230.19         -0.0122
230.22         -0.0120
230.25         -0.0118
230.28         -0.0116
230.31         -0.0113
230.34         -0.0111
230.37         -0.0109
230.40         -0.0106
230.43         -0.0104
230.46         -0.0102
230.49         -0.0100
230.52         -0.0097
230.55         -0.0095
230.58         -0.0092
230.61         -0.0090
230.64         -0.0088
230.67         -0.0085
230.70         -0.0083
230.73         -0.0081
230.76         -0.0078
230.79         -0.0076
230.82         -0.0073
230.85         -0.0071
230.88         -0.0069
230.91         -0.0066
230.94         -0.0064
230.97         -0.0061
231.00         -0.0059
231.03         -0.0056
231.06         -0.0054
231.09         -0.0052
231.12         -0.0049
231.15         -0.0047
231.18         -0.0044
231.21         -0.0042
231.24         -0.0039
231.27         -0.0037
231.30         -0.0034
231.33         -0.0032
231.36         -0.0029
231.39         -0.0027
231.42         -0.0024
231.45         -0.0022
231.48         -0.0019
231.51         -0.0017
231.54         -0.0014
231.57         -0.0012
231.60         -0.0009
231.63         -0.0007
231.66         -0.0004
231.69         -0.0002
231.72          0.0001
231.75          0.0003
231.78          0.0006
231.81          0.0008
231.84          0.0011
231.87          0.0013
231.90          0.0016
231.93          0.0018
231.96          0.0021
231.99          0.0023
232.02          0.0026
232.05          0.0028
232.08          0.0031
232.11          0.0033
232.14          0.0036
232.17          0.0038
232.20          0.0041
232.23          0.0043
232.26          0.0046
232.29          0.0048
232.32          0.0050
232.35          0.0053
232.38          0.0055
232.41          0.0058
232.44          0.0060
232.47          0.0063
232.50          0.0065
232.53          0.0068
232.56          0.0070
232.59          0.0072
232.62          0.0075
232.65          0.0077
232.68          0.0080
232.71          0.0082
232.74          0.0085
232.77          0.0087
232.80          0.0089
232.83          0.0092
232.86          0.0094
232.89          0.0096
232.92          0.0099
232.95          0.0101
232.98          0.0103
233.01          0.0106
233.04          0.0108
233.07          0.0110
233.10          0.0113
233.13          0.0115
233.16          0.0117
233.19          0.0120
233.22          0.0122
233.25          0.0124
233.28          0.0126
233.31          0.0129
233.34          0.0131
233.37          0.0133
233.40          0.0135
233.43          0.0138
233.46          0.0140
233.49          0.0142
233.52          0.0144
233.55          0.0146
233.58          0.0148
233.61          0.0151
233.64          0.0153
233.67          0.0155
233.70          0.0157
233.73          0.0159
233.76          0.0161
233.79          0.0163
233.82          0.0165
233.85          0.0167
233.88          0.0169
233.91          0.0171
233.94          0.0173
233.97          0.0175
234.00          0.0177
234.03          0.0179
234.06          0.0181
234.09          0.0183
234.12          0.0185
234.15          0.0187
234.18          0.0189
234.21          0.0191
234.24          0.0193
234.27          0.0194
234.30          0.0196
234.33          0.0198
234.36          0.0200
234.39          0.0202
234.42          0.0203
234.45          0.0205
234.48          0.0207
234.51          0.0209
234.54          0.0210
234.57          0.0212
234.60          0.0214
234.63          0.0215
234.66          0.0217
234.69          0.0219
234.72          0.0220
234.75          0.0222
234.78          0.0223
234.81          0.0225
234.84          0.0227
234.87          0.0228
234.90          0.0230
234.93          0.0231
234.96          0.0233
234.99          0.0234
235.02          0.0235
235.05          0.0237
235.08          0.0238
235.11          0.0240
235.14          0.0241
235.17          0.0242
235.20          0.0244
235.23          0.0245
235.26          0.0246
235.29          0.0248
235.32          0.0249
235.35          0.0250
235.38          0.0251
235.41          0.0252
235.44          0.0254
235.47          0.0255
235.50          0.0256
235.53          0.0257
235.56          0.0258
235.59          0.0259
235.62          0.0260
235.65          0.0261
235.68          0.0262
235.71          0.0263
235.74          0.0264
235.77          0.0265
235.80          0.0266
235.83          0.0267
235.86          0.0268
235.89          0.0269
235.92          0.0270
235.95          0.0271
235.98          0.0271
236.01          0.0272
236.04          0.0273
236.07          0.0274
236.10          0.0274
236.13          0.0275
236.16          0.0276
236.19          0.0276
236.22          0.0277
236.25          0.0278
236.28          0.0278
236.31          0.0279
236.34          0.0279
236.37          0.0280
236.40          0.0280
236.43          0.0281
236.46          0.0281
236.49          0.0282
236.52          0.0282
236.55          0.0283
236.58          0.0283
236.61          0.0283
236.64          0.0284
236.67          0.0284
236.70          0.0284
236.73          0.0285
236.76          0.0285
236.79          0.0285
236.82          0.0285
236.85          0.0286
236.88          0.0286
236.91          0.0286
236.94          0.0286
236.97          0.0286
237.00          0.0286
237.03          0.0286
237.06          0.0286
237.09          0.0286
237.12          0.0286
237.15          0.0286
237.18          0.0286
237.21          0.0286
237.24          0.0286
237.27          0.0286
237.30          0.0286
237.33          0.0285
237.36          0.0285
237.39          0.0285
237.42          0.0285
237.45          0.0285
237.48          0.0284
237.51          0.0284
237.54          0.0284
237.57          0.0283
237.60          0.0283
237.63          0.0283
237.66          0.0282
237.69          0.0282
237.72          0.0281
237.75          0.0281
237.78          0.0280
237.81          0.0280
237.84          0.0279
237.87          0.0279
237.90          0.0278
237.93          0.0277
237.96          0.0277
237.99          0.0276
238.02          0.0275
238.05          0.0275
238.08          0.0274
238.11          0.0273
238.14          0.0273
238.17          0.0272
238.20          0.0271
238.23          0.0270
238.26          0.0269
238.29          0.0269
238.32          0.0268
238.35          0.0267
238.38          0.0266
238.41          0.0265
238.44          0.0264
238.47          0.0263
238.50          0.0262
238.53          0.0261
238.56          0.0260
238.59          0.0259
238.62          0.0258
238.65          0.0257
238.68          0.0255
238.71          0.0254
238.74          0.0253
238.77          0.0252
238.80          0.0251
238.83          0.0250
238.86          0.0248
238.89          0.0247
238.92          0.0246
238.95          0.0244
238.98          0.0243
239.01          0.0242
239.04          0.0240
239.07          0.0239
239.10          0.0238
239.13          0.0236
239.16          0.0235
239.19          0.0233
239.22          0.0232
239.25          0.0230
239.28          0.0229
239.31          0.0227
239.34          0.0226
239.37          0.0224
239.40          0.0223
239.43          0.0221
239.46          0.0220
239.49          0.0218
239.52          0.0216
239.55          0.0215
239.58          0.0213
239.61          0.0211
239.64          0.0210
239.67          0.0208
239.70          0.0206
239.73          0.0204
239.76          0.0203
239.79          0.0201
239.82          0.0199
239.85          0.0197
239.88          0.0195
239.91          0.0194
239.94          0.0192
239.97          0.0190
240.00          0.0188
