   Wave #: 	4
Wave amplitude (m): 	0.01
Wave omega (rad/s): 	0.6283185307
Time (s)  Pitch (rads)
0.03            0.0000
0.06            0.0000
0.09            0.0000
0.12            0.0000
0.15            0.0000
0.18            0.0000
0.21            0.0000
0.24            0.0000
0.27            0.0000
0.30            0.0000
0.33            0.0000
0.36            0.0000
0.39            0.0000
0.42            0.0000
0.45            0.0000
0.48            0.0000
0.51            0.0000
0.54            0.0000
0.57            0.0001
0.60            0.0001
0.63            0.0000
0.66            0.0000
0.69            0.0000
0.72            0.0000
0.75            0.0000
0.78            0.0000
0.81            0.0000
0.84            0.0000
0.87            0.0000
0.90            0.0000
0.93           -0.0000
0.96           -0.0000
0.99           -0.0000
1.02           -0.0000
1.05           -0.0001
1.08           -0.0001
1.11           -0.0001
1.14           -0.0001
1.17           -0.0001
1.20           -0.0002
1.23           -0.0002
1.26           -0.0002
1.29           -0.0002
1.32           -0.0003
1.35           -0.0003
1.38           -0.0003
1.41           -0.0004
1.44           -0.0004
1.47           -0.0004
1.50           -0.0005
1.53           -0.0005
1.56           -0.0005
1.59           -0.0006
1.62           -0.0006
1.65           -0.0007
1.68           -0.0007
1.71           -0.0007
1.74           -0.0008
1.77           -0.0008
1.80           -0.0009
1.83           -0.0009
1.86           -0.0010
1.89           -0.0010
1.92           -0.0011
1.95           -0.0011
1.98           -0.0012
2.01           -0.0012
2.04           -0.0013
2.07           -0.0013
2.10           -0.0014
2.13           -0.0014
2.16           -0.0015
2.19           -0.0016
2.22           -0.0016
2.25           -0.0017
2.28           -0.0017
2.31           -0.0018
2.34           -0.0019
2.37           -0.0019
2.40           -0.0020
2.43           -0.0021
2.46           -0.0021
2.49           -0.0022
2.52           -0.0023
2.55           -0.0023
2.58           -0.0024
2.61           -0.0025
2.64           -0.0025
2.67           -0.0026
2.70           -0.0027
2.73           -0.0027
2.76           -0.0028
2.79           -0.0029
2.82           -0.0030
2.85           -0.0030
2.88           -0.0031
2.91           -0.0032
2.94           -0.0033
2.97           -0.0033
3.00           -0.0034
3.03           -0.0035
3.06           -0.0036
3.09           -0.0036
3.12           -0.0037
3.15           -0.0038
3.18           -0.0039
3.21           -0.0040
3.24           -0.0040
3.27           -0.0041
3.30           -0.0042
3.33           -0.0043
3.36           -0.0044
3.39           -0.0045
3.42           -0.0045
3.45           -0.0046
3.48           -0.0047
3.51           -0.0048
3.54           -0.0049
3.57           -0.0050
3.60           -0.0051
3.63           -0.0051
3.66           -0.0052
3.69           -0.0053
3.72           -0.0054
3.75           -0.0055
3.78           -0.0056
3.81           -0.0057
3.84           -0.0058
3.87           -0.0059
3.90           -0.0059
3.93           -0.0060
3.96           -0.0061
3.99           -0.0062
4.02           -0.0063
4.05           -0.0064
4.08           -0.0065
4.11           -0.0066
4.14           -0.0067
4.17           -0.0068
4.20           -0.0068
4.23           -0.0069
4.26           -0.0070
4.29           -0.0071
4.32           -0.0072
4.35           -0.0073
4.38           -0.0074
4.41           -0.0075
4.44           -0.0076
4.47           -0.0076
4.50           -0.0077
4.53           -0.0078
4.56           -0.0079
4.59           -0.0080
4.62           -0.0081
4.65           -0.0082
4.68           -0.0082
4.71           -0.0083
4.74           -0.0084
4.77           -0.0085
4.80           -0.0086
4.83           -0.0087
4.86           -0.0087
4.89           -0.0088
4.92           -0.0089
4.95           -0.0090
4.98           -0.0090
5.01           -0.0091
5.04           -0.0092
5.07           -0.0093
5.10           -0.0093
5.13           -0.0094
5.16           -0.0095
5.19           -0.0096
5.22           -0.0096
5.25           -0.0097
5.28           -0.0098
5.31           -0.0098
5.34           -0.0099
5.37           -0.0100
5.40           -0.0100
5.43           -0.0101
5.46           -0.0101
5.49           -0.0102
5.52           -0.0102
5.55           -0.0103
5.58           -0.0104
5.61           -0.0104
5.64           -0.0105
5.67           -0.0105
5.70           -0.0106
5.73           -0.0106
5.76           -0.0107
5.79           -0.0107
5.82           -0.0107
5.85           -0.0108
5.88           -0.0108
5.91           -0.0109
5.94           -0.0109
5.97           -0.0109
6.00           -0.0110
6.03           -0.0110
6.06           -0.0110
6.09           -0.0110
6.12           -0.0111
6.15           -0.0111
6.18           -0.0111
6.21           -0.0111
6.24           -0.0111
6.27           -0.0112
6.30           -0.0112
6.33           -0.0112
6.36           -0.0112
6.39           -0.0112
6.42           -0.0112
6.45           -0.0112
6.48           -0.0112
6.51           -0.0112
6.54           -0.0112
6.57           -0.0112
6.60           -0.0112
6.63           -0.0112
6.66           -0.0112
6.69           -0.0112
6.72           -0.0112
6.75           -0.0112
6.78           -0.0111
6.81           -0.0111
6.84           -0.0111
6.87           -0.0111
6.90           -0.0110
6.93           -0.0110
6.96           -0.0110
6.99           -0.0110
7.02           -0.0109
7.05           -0.0109
7.08           -0.0109
7.11           -0.0108
7.14           -0.0108
7.17           -0.0107
7.20           -0.0107
7.23           -0.0106
7.26           -0.0106
7.29           -0.0105
7.32           -0.0105
7.35           -0.0104
7.38           -0.0104
7.41           -0.0103
7.44           -0.0102
7.47           -0.0102
7.50           -0.0101
7.53           -0.0100
7.56           -0.0100
7.59           -0.0099
7.62           -0.0098
7.65           -0.0097
7.68           -0.0097
7.71           -0.0096
7.74           -0.0095
7.77           -0.0094
7.80           -0.0093
7.83           -0.0092
7.86           -0.0091
7.89           -0.0091
7.92           -0.0090
7.95           -0.0089
7.98           -0.0088
8.01           -0.0087
8.04           -0.0086
8.07           -0.0085
8.10           -0.0084
8.13           -0.0083
8.16           -0.0081
8.19           -0.0080
8.22           -0.0079
8.25           -0.0078
8.28           -0.0077
8.31           -0.0076
8.34           -0.0075
8.37           -0.0073
8.40           -0.0072
8.43           -0.0071
8.46           -0.0070
8.49           -0.0068
8.52           -0.0067
8.55           -0.0066
8.58           -0.0065
8.61           -0.0063
8.64           -0.0062
8.67           -0.0061
8.70           -0.0059
8.73           -0.0058
8.76           -0.0056
8.79           -0.0055
8.82           -0.0054
8.85           -0.0052
8.88           -0.0051
8.91           -0.0049
8.94           -0.0048
8.97           -0.0046
9.00           -0.0045
9.03           -0.0043
9.06           -0.0042
9.09           -0.0040
9.12           -0.0039
9.15           -0.0037
9.18           -0.0036
9.21           -0.0034
9.24           -0.0033
9.27           -0.0031
9.30           -0.0030
9.33           -0.0028
9.36           -0.0027
9.39           -0.0025
9.42           -0.0023
9.45           -0.0022
9.48           -0.0020
9.51           -0.0019
9.54           -0.0017
9.57           -0.0015
9.60           -0.0014
9.63           -0.0012
9.66           -0.0011
9.69           -0.0009
9.72           -0.0007
9.75           -0.0006
9.78           -0.0004
9.81           -0.0002
9.84           -0.0001
9.87            0.0001
9.90            0.0002
9.93            0.0004
9.96            0.0006
9.99            0.0007
10.02           0.0009
10.05           0.0011
10.08           0.0012
10.11           0.0014
10.14           0.0015
10.17           0.0017
10.20           0.0019
10.23           0.0020
10.26           0.0022
10.29           0.0023
10.32           0.0025
10.35           0.0027
10.38           0.0028
10.41           0.0030
10.44           0.0031
10.47           0.0033
10.50           0.0034
10.53           0.0036
10.56           0.0038
10.59           0.0039
10.62           0.0041
10.65           0.0042
10.68           0.0044
10.71           0.0045
10.74           0.0047
10.77           0.0048
10.80           0.0049
10.83           0.0051
10.86           0.0052
10.89           0.0054
10.92           0.0055
10.95           0.0057
10.98           0.0058
11.01           0.0059
11.04           0.0061
11.07           0.0062
11.10           0.0064
11.13           0.0065
11.16           0.0066
11.19           0.0067
11.22           0.0069
11.25           0.0070
11.28           0.0071
11.31           0.0073
11.34           0.0074
11.37           0.0075
11.40           0.0076
11.43           0.0077
11.46           0.0078
11.49           0.0080
11.52           0.0081
11.55           0.0082
11.58           0.0083
11.61           0.0084
11.64           0.0085
11.67           0.0086
11.70           0.0087
11.73           0.0088
11.76           0.0089
11.79           0.0090
11.82           0.0091
11.85           0.0092
11.88           0.0093
11.91           0.0094
11.94           0.0095
11.97           0.0096
12.00           0.0096
12.03           0.0097
12.06           0.0098
12.09           0.0099
12.12           0.0099
12.15           0.0100
12.18           0.0101
12.21           0.0102
12.24           0.0102
12.27           0.0103
12.30           0.0104
12.33           0.0104
12.36           0.0105
12.39           0.0105
12.42           0.0106
12.45           0.0106
12.48           0.0107
12.51           0.0107
12.54           0.0108
12.57           0.0108
12.60           0.0109
12.63           0.0109
12.66           0.0109
12.69           0.0110
12.72           0.0110
12.75           0.0110
12.78           0.0111
12.81           0.0111
12.84           0.0111
12.87           0.0112
12.90           0.0112
12.93           0.0112
12.96           0.0112
12.99           0.0112
13.02           0.0112
13.05           0.0112
13.08           0.0113
13.11           0.0113
13.14           0.0113
13.17           0.0113
13.20           0.0113
13.23           0.0113
13.26           0.0113
13.29           0.0113
13.32           0.0112
13.35           0.0112
13.38           0.0112
13.41           0.0112
13.44           0.0112
13.47           0.0112
13.50           0.0112
13.53           0.0111
13.56           0.0111
13.59           0.0111
13.62           0.0111
13.65           0.0110
13.68           0.0110
13.71           0.0110
13.74           0.0109
13.77           0.0109
13.80           0.0108
13.83           0.0108
13.86           0.0108
13.89           0.0107
13.92           0.0107
13.95           0.0106
13.98           0.0106
14.01           0.0105
14.04           0.0105
14.07           0.0104
14.10           0.0104
14.13           0.0103
14.16           0.0103
14.19           0.0102
14.22           0.0101
14.25           0.0101
14.28           0.0100
14.31           0.0099
14.34           0.0099
14.37           0.0098
14.40           0.0097
14.43           0.0097
14.46           0.0096
14.49           0.0095
14.52           0.0094
14.55           0.0094
14.58           0.0093
14.61           0.0092
14.64           0.0091
14.67           0.0091
14.70           0.0090
14.73           0.0089
14.76           0.0088
14.79           0.0087
14.82           0.0086
14.85           0.0086
14.88           0.0085
14.91           0.0084
14.94           0.0083
14.97           0.0082
15.00           0.0081
15.03           0.0080
15.06           0.0079
15.09           0.0078
15.12           0.0078
15.15           0.0077
15.18           0.0076
15.21           0.0075
15.24           0.0074
15.27           0.0073
15.30           0.0072
15.33           0.0071
15.36           0.0070
15.39           0.0069
15.42           0.0068
15.45           0.0067
15.48           0.0066
15.51           0.0065
15.54           0.0064
15.57           0.0063
15.60           0.0062
15.63           0.0061
15.66           0.0060
15.69           0.0059
15.72           0.0058
15.75           0.0057
15.78           0.0056
15.81           0.0055
15.84           0.0054
15.87           0.0053
15.90           0.0052
15.93           0.0051
15.96           0.0050
15.99           0.0049
16.02           0.0048
16.05           0.0047
16.08           0.0046
16.11           0.0045
16.14           0.0045
16.17           0.0044
16.20           0.0043
16.23           0.0042
16.26           0.0041
16.29           0.0040
16.32           0.0039
16.35           0.0038
16.38           0.0037
16.41           0.0036
16.44           0.0035
16.47           0.0034
16.50           0.0033
16.53           0.0032
16.56           0.0031
16.59           0.0031
16.62           0.0030
16.65           0.0029
16.68           0.0028
16.71           0.0027
16.74           0.0026
16.77           0.0025
16.80           0.0025
16.83           0.0024
16.86           0.0023
16.89           0.0022
16.92           0.0021
16.95           0.0020
16.98           0.0020
17.01           0.0019
17.04           0.0018
17.07           0.0017
17.10           0.0017
17.13           0.0016
17.16           0.0015
17.19           0.0014
17.22           0.0014
17.25           0.0013
17.28           0.0012
17.31           0.0012
17.34           0.0011
17.37           0.0010
17.40           0.0010
17.43           0.0009
17.46           0.0008
17.49           0.0008
17.52           0.0007
17.55           0.0006
17.58           0.0006
17.61           0.0005
17.64           0.0005
17.67           0.0004
17.70           0.0004
17.73           0.0003
17.76           0.0003
17.79           0.0002
17.82           0.0002
17.85           0.0001
17.88           0.0001
17.91           0.0000
17.94          -0.0000
17.97          -0.0001
18.00          -0.0001
18.03          -0.0002
18.06          -0.0002
18.09          -0.0003
18.12          -0.0003
18.15          -0.0003
18.18          -0.0004
18.21          -0.0004
18.24          -0.0004
18.27          -0.0005
18.30          -0.0005
18.33          -0.0006
18.36          -0.0006
18.39          -0.0006
18.42          -0.0006
18.45          -0.0007
18.48          -0.0007
18.51          -0.0007
18.54          -0.0008
18.57          -0.0008
18.60          -0.0008
18.63          -0.0008
18.66          -0.0009
18.69          -0.0009
18.72          -0.0009
18.75          -0.0009
18.78          -0.0009
18.81          -0.0010
18.84          -0.0010
18.87          -0.0010
18.90          -0.0010
18.93          -0.0010
18.96          -0.0010
18.99          -0.0010
19.02          -0.0011
19.05          -0.0011
19.08          -0.0011
19.11          -0.0011
19.14          -0.0011
19.17          -0.0011
19.20          -0.0011
19.23          -0.0011
19.26          -0.0011
19.29          -0.0011
19.32          -0.0011
19.35          -0.0012
19.38          -0.0012
19.41          -0.0012
19.44          -0.0012
19.47          -0.0012
19.50          -0.0012
19.53          -0.0012
19.56          -0.0012
19.59          -0.0012
19.62          -0.0012
19.65          -0.0012
19.68          -0.0012
19.71          -0.0012
19.74          -0.0012
19.77          -0.0012
19.80          -0.0012
19.83          -0.0012
19.86          -0.0012
19.89          -0.0012
19.92          -0.0012
19.95          -0.0012
19.98          -0.0012
20.01          -0.0012
20.04          -0.0012
20.07          -0.0012
20.10          -0.0012
20.13          -0.0012
20.16          -0.0012
20.19          -0.0012
20.22          -0.0012
20.25          -0.0012
20.28          -0.0012
20.31          -0.0012
20.34          -0.0012
20.37          -0.0012
20.40          -0.0012
20.43          -0.0012
20.46          -0.0012
20.49          -0.0012
20.52          -0.0012
20.55          -0.0012
20.58          -0.0012
20.61          -0.0012
20.64          -0.0012
20.67          -0.0012
20.70          -0.0012
20.73          -0.0012
20.76          -0.0012
20.79          -0.0012
20.82          -0.0012
20.85          -0.0012
20.88          -0.0012
20.91          -0.0012
20.94          -0.0012
20.97          -0.0012
21.00          -0.0012
21.03          -0.0012
21.06          -0.0012
21.09          -0.0012
21.12          -0.0013
21.15          -0.0013
21.18          -0.0013
21.21          -0.0013
21.24          -0.0013
21.27          -0.0013
21.30          -0.0013
21.33          -0.0013
21.36          -0.0013
21.39          -0.0014
21.42          -0.0014
21.45          -0.0014
21.48          -0.0014
21.51          -0.0014
21.54          -0.0014
21.57          -0.0015
21.60          -0.0015
21.63          -0.0015
21.66          -0.0015
21.69          -0.0015
21.72          -0.0016
21.75          -0.0016
21.78          -0.0016
21.81          -0.0016
21.84          -0.0017
21.87          -0.0017
21.90          -0.0017
21.93          -0.0018
21.96          -0.0018
21.99          -0.0018
22.02          -0.0018
22.05          -0.0019
22.08          -0.0019
22.11          -0.0019
22.14          -0.0020
22.17          -0.0020
22.20          -0.0021
22.23          -0.0021
22.26          -0.0021
22.29          -0.0022
22.32          -0.0022
22.35          -0.0022
22.38          -0.0023
22.41          -0.0023
22.44          -0.0024
22.47          -0.0024
22.50          -0.0025
22.53          -0.0025
22.56          -0.0026
22.59          -0.0026
22.62          -0.0027
22.65          -0.0027
22.68          -0.0028
22.71          -0.0028
22.74          -0.0029
22.77          -0.0029
22.80          -0.0030
22.83          -0.0030
22.86          -0.0031
22.89          -0.0031
22.92          -0.0032
22.95          -0.0032
22.98          -0.0033
23.01          -0.0034
23.04          -0.0034
23.07          -0.0035
23.10          -0.0035
23.13          -0.0036
23.16          -0.0037
23.19          -0.0037
23.22          -0.0038
23.25          -0.0038
23.28          -0.0039
23.31          -0.0040
23.34          -0.0040
23.37          -0.0041
23.40          -0.0042
23.43          -0.0042
23.46          -0.0043
23.49          -0.0044
23.52          -0.0044
23.55          -0.0045
23.58          -0.0046
23.61          -0.0047
23.64          -0.0047
23.67          -0.0048
23.70          -0.0049
23.73          -0.0049
23.76          -0.0050
23.79          -0.0051
23.82          -0.0051
23.85          -0.0052
23.88          -0.0053
23.91          -0.0054
23.94          -0.0054
23.97          -0.0055
24.00          -0.0056
24.03          -0.0056
24.06          -0.0057
24.09          -0.0058
24.12          -0.0059
24.15          -0.0059
24.18          -0.0060
24.21          -0.0061
24.24          -0.0062
24.27          -0.0062
24.30          -0.0063
24.33          -0.0064
24.36          -0.0064
24.39          -0.0065
24.42          -0.0066
24.45          -0.0067
24.48          -0.0067
24.51          -0.0068
24.54          -0.0069
24.57          -0.0069
24.60          -0.0070
24.63          -0.0071
24.66          -0.0071
24.69          -0.0072
24.72          -0.0073
24.75          -0.0073
24.78          -0.0074
24.81          -0.0075
24.84          -0.0075
24.87          -0.0076
24.90          -0.0077
24.93          -0.0077
24.96          -0.0078
24.99          -0.0078
25.02          -0.0079
25.05          -0.0080
25.08          -0.0080
25.11          -0.0081
25.14          -0.0081
25.17          -0.0082
25.20          -0.0083
25.23          -0.0083
25.26          -0.0084
25.29          -0.0084
25.32          -0.0085
25.35          -0.0085
25.38          -0.0086
25.41          -0.0086
25.44          -0.0087
25.47          -0.0087
25.50          -0.0087
25.53          -0.0088
25.56          -0.0088
25.59          -0.0089
25.62          -0.0089
25.65          -0.0090
25.68          -0.0090
25.71          -0.0090
25.74          -0.0091
25.77          -0.0091
25.80          -0.0091
25.83          -0.0092
25.86          -0.0092
25.89          -0.0092
25.92          -0.0092
25.95          -0.0093
25.98          -0.0093
26.01          -0.0093
26.04          -0.0093
26.07          -0.0093
26.10          -0.0094
26.13          -0.0094
26.16          -0.0094
26.19          -0.0094
26.22          -0.0094
26.25          -0.0094
26.28          -0.0094
26.31          -0.0094
26.34          -0.0094
26.37          -0.0094
26.40          -0.0094
26.43          -0.0094
26.46          -0.0094
26.49          -0.0094
26.52          -0.0094
26.55          -0.0094
26.58          -0.0094
26.61          -0.0094
26.64          -0.0094
26.67          -0.0093
26.70          -0.0093
26.73          -0.0093
26.76          -0.0093
26.79          -0.0093
26.82          -0.0092
26.85          -0.0092
26.88          -0.0092
26.91          -0.0091
26.94          -0.0091
26.97          -0.0091
27.00          -0.0090
27.03          -0.0090
27.06          -0.0090
27.09          -0.0089
27.12          -0.0089
27.15          -0.0088
27.18          -0.0088
27.21          -0.0087
27.24          -0.0087
27.27          -0.0086
27.30          -0.0086
27.33          -0.0085
27.36          -0.0085
27.39          -0.0084
27.42          -0.0083
27.45          -0.0083
27.48          -0.0082
27.51          -0.0081
27.54          -0.0081
27.57          -0.0080
27.60          -0.0079
27.63          -0.0078
27.66          -0.0078
27.69          -0.0077
27.72          -0.0076
27.75          -0.0075
27.78          -0.0074
27.81          -0.0073
27.84          -0.0073
27.87          -0.0072
27.90          -0.0071
27.93          -0.0070
27.96          -0.0069
27.99          -0.0068
28.02          -0.0067
28.05          -0.0066
28.08          -0.0065
28.11          -0.0064
28.14          -0.0063
28.17          -0.0062
28.20          -0.0061
28.23          -0.0060
28.26          -0.0058
28.29          -0.0057
28.32          -0.0056
28.35          -0.0055
28.38          -0.0054
28.41          -0.0053
28.44          -0.0051
28.47          -0.0050
28.50          -0.0049
28.53          -0.0048
28.56          -0.0047
28.59          -0.0045
28.62          -0.0044
28.65          -0.0043
28.68          -0.0041
28.71          -0.0040
28.74          -0.0039
28.77          -0.0038
28.80          -0.0036
28.83          -0.0035
28.86          -0.0033
28.89          -0.0032
28.92          -0.0031
28.95          -0.0029
28.98          -0.0028
29.01          -0.0027
29.04          -0.0025
29.07          -0.0024
29.10          -0.0022
29.13          -0.0021
29.16          -0.0019
29.19          -0.0018
29.22          -0.0017
29.25          -0.0015
29.28          -0.0014
29.31          -0.0012
29.34          -0.0011
29.37          -0.0009
29.40          -0.0008
29.43          -0.0006
29.46          -0.0005
29.49          -0.0003
29.52          -0.0002
29.55          -0.0000
29.58           0.0001
29.61           0.0003
29.64           0.0004
29.67           0.0006
29.70           0.0007
29.73           0.0009
29.76           0.0010
29.79           0.0012
29.82           0.0013
29.85           0.0015
29.88           0.0016
29.91           0.0018
29.94           0.0019
29.97           0.0021
30.00           0.0022
30.03           0.0024
30.06           0.0025
30.09           0.0027
30.12           0.0028
30.15           0.0030
30.18           0.0031
30.21           0.0033
30.24           0.0034
30.27           0.0036
30.30           0.0037
30.33           0.0039
30.36           0.0040
30.39           0.0042
30.42           0.0043
30.45           0.0044
30.48           0.0046
30.51           0.0047
30.54           0.0049
30.57           0.0050
30.60           0.0051
30.63           0.0053
30.66           0.0054
30.69           0.0055
30.72           0.0057
30.75           0.0058
30.78           0.0059
30.81           0.0061
30.84           0.0062
30.87           0.0063
30.90           0.0065
30.93           0.0066
30.96           0.0067
30.99           0.0068
31.02           0.0069
31.05           0.0071
31.08           0.0072
31.11           0.0073
31.14           0.0074
31.17           0.0075
31.20           0.0076
31.23           0.0078
31.26           0.0079
31.29           0.0080
31.32           0.0081
31.35           0.0082
31.38           0.0083
31.41           0.0084
31.44           0.0085
31.47           0.0086
31.50           0.0087
31.53           0.0088
31.56           0.0089
31.59           0.0090
31.62           0.0091
31.65           0.0091
31.68           0.0092
31.71           0.0093
31.74           0.0094
31.77           0.0095
31.80           0.0096
31.83           0.0096
31.86           0.0097
31.89           0.0098
31.92           0.0098
31.95           0.0099
31.98           0.0100
32.01           0.0100
32.04           0.0101
32.07           0.0102
32.10           0.0102
32.13           0.0103
32.16           0.0103
32.19           0.0104
32.22           0.0104
32.25           0.0105
32.28           0.0105
32.31           0.0106
32.34           0.0106
32.37           0.0107
32.40           0.0107
32.43           0.0107
32.46           0.0108
32.49           0.0108
32.52           0.0108
32.55           0.0109
32.58           0.0109
32.61           0.0109
32.64           0.0109
32.67           0.0109
32.70           0.0110
32.73           0.0110
32.76           0.0110
32.79           0.0110
32.82           0.0110
32.85           0.0110
32.88           0.0110
32.91           0.0110
32.94           0.0110
32.97           0.0110
33.00           0.0110
33.03           0.0110
33.06           0.0110
33.09           0.0110
33.12           0.0110
33.15           0.0110
33.18           0.0109
33.21           0.0109
33.24           0.0109
33.27           0.0109
33.30           0.0108
33.33           0.0108
33.36           0.0108
33.39           0.0108
33.42           0.0107
33.45           0.0107
33.48           0.0107
33.51           0.0106
33.54           0.0106
33.57           0.0105
33.60           0.0105
33.63           0.0104
33.66           0.0104
33.69           0.0103
33.72           0.0103
33.75           0.0102
33.78           0.0102
33.81           0.0101
33.84           0.0101
33.87           0.0100
33.90           0.0100
33.93           0.0099
33.96           0.0098
33.99           0.0098
34.02           0.0097
34.05           0.0096
34.08           0.0096
34.11           0.0095
34.14           0.0094
34.17           0.0093
34.20           0.0093
34.23           0.0092
34.26           0.0091
34.29           0.0090
34.32           0.0089
34.35           0.0089
34.38           0.0088
34.41           0.0087
34.44           0.0086
34.47           0.0085
34.50           0.0084
34.53           0.0083
34.56           0.0083
34.59           0.0082
34.62           0.0081
34.65           0.0080
34.68           0.0079
34.71           0.0078
34.74           0.0077
34.77           0.0076
34.80           0.0075
34.83           0.0074
34.86           0.0073
34.89           0.0072
34.92           0.0071
34.95           0.0070
34.98           0.0069
35.01           0.0068
35.04           0.0067
35.07           0.0066
35.10           0.0065
35.13           0.0064
35.16           0.0063
35.19           0.0062
35.22           0.0061
35.25           0.0060
35.28           0.0058
35.31           0.0057
35.34           0.0056
35.37           0.0055
35.40           0.0054
35.43           0.0053
35.46           0.0052
35.49           0.0051
35.52           0.0050
35.55           0.0049
35.58           0.0048
35.61           0.0047
35.64           0.0045
35.67           0.0044
35.70           0.0043
35.73           0.0042
35.76           0.0041
35.79           0.0040
35.82           0.0039
35.85           0.0038
35.88           0.0037
35.91           0.0036
35.94           0.0035
35.97           0.0034
36.00           0.0033
36.03           0.0032
36.06           0.0030
36.09           0.0029
36.12           0.0028
36.15           0.0027
36.18           0.0026
36.21           0.0025
36.24           0.0024
36.27           0.0023
36.30           0.0022
36.33           0.0021
36.36           0.0020
36.39           0.0019
36.42           0.0018
36.45           0.0017
36.48           0.0016
36.51           0.0015
36.54           0.0014
36.57           0.0014
36.60           0.0013
36.63           0.0012
36.66           0.0011
36.69           0.0010
36.72           0.0009
36.75           0.0008
36.78           0.0007
36.81           0.0006
36.84           0.0005
36.87           0.0005
36.90           0.0004
36.93           0.0003
36.96           0.0002
36.99           0.0001
37.02           0.0000
37.05          -0.0000
37.08          -0.0001
37.11          -0.0002
37.14          -0.0003
37.17          -0.0003
37.20          -0.0004
37.23          -0.0005
37.26          -0.0006
37.29          -0.0006
37.32          -0.0007
37.35          -0.0008
37.38          -0.0008
37.41          -0.0009
37.44          -0.0010
37.47          -0.0010
37.50          -0.0011
37.53          -0.0011
37.56          -0.0012
37.59          -0.0013
37.62          -0.0013
37.65          -0.0014
37.68          -0.0014
37.71          -0.0015
37.74          -0.0015
37.77          -0.0016
37.80          -0.0016
37.83          -0.0017
37.86          -0.0017
37.89          -0.0018
37.92          -0.0018
37.95          -0.0019
37.98          -0.0019
38.01          -0.0019
38.04          -0.0020
38.07          -0.0020
38.10          -0.0021
38.13          -0.0021
38.16          -0.0021
38.19          -0.0022
38.22          -0.0022
38.25          -0.0022
38.28          -0.0023
38.31          -0.0023
38.34          -0.0023
38.37          -0.0023
38.40          -0.0024
38.43          -0.0024
38.46          -0.0024
38.49          -0.0024
38.52          -0.0025
38.55          -0.0025
38.58          -0.0025
38.61          -0.0025
38.64          -0.0025
38.67          -0.0025
38.70          -0.0026
38.73          -0.0026
38.76          -0.0026
38.79          -0.0026
38.82          -0.0026
38.85          -0.0026
38.88          -0.0026
38.91          -0.0026
38.94          -0.0026
38.97          -0.0026
39.00          -0.0026
39.03          -0.0027
39.06          -0.0027
39.09          -0.0027
39.12          -0.0027
39.15          -0.0027
39.18          -0.0027
39.21          -0.0027
39.24          -0.0027
39.27          -0.0027
39.30          -0.0027
39.33          -0.0026
39.36          -0.0026
39.39          -0.0026
39.42          -0.0026
39.45          -0.0026
39.48          -0.0026
39.51          -0.0026
39.54          -0.0026
39.57          -0.0026
39.60          -0.0026
39.63          -0.0026
39.66          -0.0026
39.69          -0.0026
39.72          -0.0025
39.75          -0.0025
39.78          -0.0025
39.81          -0.0025
39.84          -0.0025
39.87          -0.0025
39.90          -0.0025
39.93          -0.0025
39.96          -0.0024
39.99          -0.0024
40.02          -0.0024
40.05          -0.0024
40.08          -0.0024
40.11          -0.0024
40.14          -0.0024
40.17          -0.0023
40.20          -0.0023
40.23          -0.0023
40.26          -0.0023
40.29          -0.0023
40.32          -0.0023
40.35          -0.0023
40.38          -0.0022
40.41          -0.0022
40.44          -0.0022
40.47          -0.0022
40.50          -0.0022
40.53          -0.0022
40.56          -0.0021
40.59          -0.0021
40.62          -0.0021
40.65          -0.0021
40.68          -0.0021
40.71          -0.0021
40.74          -0.0021
40.77          -0.0021
40.80          -0.0020
40.83          -0.0020
40.86          -0.0020
40.89          -0.0020
40.92          -0.0020
40.95          -0.0020
40.98          -0.0020
41.01          -0.0020
41.04          -0.0020
41.07          -0.0020
41.10          -0.0019
41.13          -0.0019
41.16          -0.0019
41.19          -0.0019
41.22          -0.0019
41.25          -0.0019
41.28          -0.0019
41.31          -0.0019
41.34          -0.0019
41.37          -0.0019
41.40          -0.0019
41.43          -0.0019
41.46          -0.0019
41.49          -0.0019
41.52          -0.0019
41.55          -0.0019
41.58          -0.0019
41.61          -0.0019
41.64          -0.0019
41.67          -0.0019
41.70          -0.0019
41.73          -0.0019
41.76          -0.0019
41.79          -0.0019
41.82          -0.0020
41.85          -0.0020
41.88          -0.0020
41.91          -0.0020
41.94          -0.0020
41.97          -0.0020
42.00          -0.0020
42.03          -0.0020
42.06          -0.0021
42.09          -0.0021
42.12          -0.0021
42.15          -0.0021
42.18          -0.0021
42.21          -0.0021
42.24          -0.0022
42.27          -0.0022
42.30          -0.0022
42.33          -0.0022
42.36          -0.0023
42.39          -0.0023
42.42          -0.0023
42.45          -0.0023
42.48          -0.0024
42.51          -0.0024
42.54          -0.0024
42.57          -0.0024
42.60          -0.0025
42.63          -0.0025
42.66          -0.0025
42.69          -0.0026
42.72          -0.0026
42.75          -0.0026
42.78          -0.0027
42.81          -0.0027
42.84          -0.0028
42.87          -0.0028
42.90          -0.0028
42.93          -0.0029
42.96          -0.0029
42.99          -0.0029
43.02          -0.0030
43.05          -0.0030
43.08          -0.0031
43.11          -0.0031
43.14          -0.0032
43.17          -0.0032
43.20          -0.0033
43.23          -0.0033
43.26          -0.0034
43.29          -0.0034
43.32          -0.0034
43.35          -0.0035
43.38          -0.0035
43.41          -0.0036
43.44          -0.0036
43.47          -0.0037
43.50          -0.0038
43.53          -0.0038
43.56          -0.0039
43.59          -0.0039
43.62          -0.0040
43.65          -0.0040
43.68          -0.0041
43.71          -0.0041
43.74          -0.0042
43.77          -0.0042
43.80          -0.0043
43.83          -0.0044
43.86          -0.0044
43.89          -0.0045
43.92          -0.0045
43.95          -0.0046
43.98          -0.0046
44.01          -0.0047
44.04          -0.0048
44.07          -0.0048
44.10          -0.0049
44.13          -0.0049
44.16          -0.0050
44.19          -0.0050
44.22          -0.0051
44.25          -0.0052
44.28          -0.0052
44.31          -0.0053
44.34          -0.0053
44.37          -0.0054
44.40          -0.0055
44.43          -0.0055
44.46          -0.0056
44.49          -0.0056
44.52          -0.0057
44.55          -0.0057
44.58          -0.0058
44.61          -0.0059
44.64          -0.0059
44.67          -0.0060
44.70          -0.0060
44.73          -0.0061
44.76          -0.0061
44.79          -0.0062
44.82          -0.0062
44.85          -0.0063
44.88          -0.0063
44.91          -0.0064
44.94          -0.0064
44.97          -0.0065
45.00          -0.0065
45.03          -0.0066
45.06          -0.0066
45.09          -0.0067
45.12          -0.0067
45.15          -0.0068
45.18          -0.0068
45.21          -0.0069
45.24          -0.0069
45.27          -0.0070
45.30          -0.0070
45.33          -0.0070
45.36          -0.0071
45.39          -0.0071
45.42          -0.0072
45.45          -0.0072
45.48          -0.0072
45.51          -0.0073
45.54          -0.0073
45.57          -0.0073
45.60          -0.0074
45.63          -0.0074
45.66          -0.0074
45.69          -0.0075
45.72          -0.0075
45.75          -0.0075
45.78          -0.0075
45.81          -0.0076
45.84          -0.0076
45.87          -0.0076
45.90          -0.0076
45.93          -0.0076
45.96          -0.0077
45.99          -0.0077
46.02          -0.0077
46.05          -0.0077
46.08          -0.0077
46.11          -0.0077
46.14          -0.0077
46.17          -0.0077
46.20          -0.0078
46.23          -0.0078
46.26          -0.0078
46.29          -0.0078
46.32          -0.0078
46.35          -0.0078
46.38          -0.0078
46.41          -0.0078
46.44          -0.0077
46.47          -0.0077
46.50          -0.0077
46.53          -0.0077
46.56          -0.0077
46.59          -0.0077
46.62          -0.0077
46.65          -0.0077
46.68          -0.0076
46.71          -0.0076
46.74          -0.0076
46.77          -0.0076
46.80          -0.0075
46.83          -0.0075
46.86          -0.0075
46.89          -0.0075
46.92          -0.0074
46.95          -0.0074
46.98          -0.0073
47.01          -0.0073
47.04          -0.0073
47.07          -0.0072
47.10          -0.0072
47.13          -0.0071
47.16          -0.0071
47.19          -0.0070
47.22          -0.0070
47.25          -0.0069
47.28          -0.0069
47.31          -0.0068
47.34          -0.0068
47.37          -0.0067
47.40          -0.0067
47.43          -0.0066
47.46          -0.0065
47.49          -0.0065
47.52          -0.0064
47.55          -0.0063
47.58          -0.0063
47.61          -0.0062
47.64          -0.0061
47.67          -0.0060
47.70          -0.0060
47.73          -0.0059
47.76          -0.0058
47.79          -0.0057
47.82          -0.0056
47.85          -0.0055
47.88          -0.0055
47.91          -0.0054
47.94          -0.0053
47.97          -0.0052
48.00          -0.0051
48.03          -0.0050
48.06          -0.0049
48.09          -0.0048
48.12          -0.0047
48.15          -0.0046
48.18          -0.0045
48.21          -0.0044
48.24          -0.0043
48.27          -0.0042
48.30          -0.0041
48.33          -0.0040
48.36          -0.0039
48.39          -0.0038
48.42          -0.0036
48.45          -0.0035
48.48          -0.0034
48.51          -0.0033
48.54          -0.0032
48.57          -0.0031
48.60          -0.0030
48.63          -0.0028
48.66          -0.0027
48.69          -0.0026
48.72          -0.0025
48.75          -0.0023
48.78          -0.0022
48.81          -0.0021
48.84          -0.0020
48.87          -0.0018
48.90          -0.0017
48.93          -0.0016
48.96          -0.0015
48.99          -0.0013
49.02          -0.0012
49.05          -0.0011
49.08          -0.0009
49.11          -0.0008
49.14          -0.0007
49.17          -0.0005
49.20          -0.0004
49.23          -0.0003
49.26          -0.0001
49.29           0.0000
49.32           0.0002
49.35           0.0003
49.38           0.0004
49.41           0.0006
49.44           0.0007
49.47           0.0008
49.50           0.0010
49.53           0.0011
49.56           0.0013
49.59           0.0014
49.62           0.0015
49.65           0.0017
49.68           0.0018
49.71           0.0019
49.74           0.0021
49.77           0.0022
49.80           0.0024
49.83           0.0025
49.86           0.0026
49.89           0.0028
49.92           0.0029
49.95           0.0031
49.98           0.0032
50.01           0.0033
50.04           0.0035
50.07           0.0036
50.10           0.0037
50.13           0.0039
50.16           0.0040
50.19           0.0041
50.22           0.0043
50.25           0.0044
50.28           0.0045
50.31           0.0047
50.34           0.0048
50.37           0.0049
50.40           0.0051
50.43           0.0052
50.46           0.0053
50.49           0.0054
50.52           0.0056
50.55           0.0057
50.58           0.0058
50.61           0.0059
50.64           0.0061
50.67           0.0062
50.70           0.0063
50.73           0.0064
50.76           0.0065
50.79           0.0066
50.82           0.0068
50.85           0.0069
50.88           0.0070
50.91           0.0071
50.94           0.0072
50.97           0.0073
51.00           0.0074
51.03           0.0075
51.06           0.0076
51.09           0.0077
51.12           0.0078
51.15           0.0079
51.18           0.0080
51.21           0.0081
51.24           0.0082
51.27           0.0083
51.30           0.0084
51.33           0.0085
51.36           0.0086
51.39           0.0087
51.42           0.0088
51.45           0.0088
51.48           0.0089
51.51           0.0090
51.54           0.0091
51.57           0.0092
51.60           0.0092
51.63           0.0093
51.66           0.0094
51.69           0.0094
51.72           0.0095
51.75           0.0096
51.78           0.0096
51.81           0.0097
51.84           0.0098
51.87           0.0098
51.90           0.0099
51.93           0.0099
51.96           0.0100
51.99           0.0100
52.02           0.0101
52.05           0.0101
52.08           0.0102
52.11           0.0102
52.14           0.0102
52.17           0.0103
52.20           0.0103
52.23           0.0104
52.26           0.0104
52.29           0.0104
52.32           0.0104
52.35           0.0105
52.38           0.0105
52.41           0.0105
52.44           0.0105
52.47           0.0105
52.50           0.0106
52.53           0.0106
52.56           0.0106
52.59           0.0106
52.62           0.0106
52.65           0.0106
52.68           0.0106
52.71           0.0106
52.74           0.0106
52.77           0.0106
52.80           0.0106
52.83           0.0106
52.86           0.0106
52.89           0.0106
52.92           0.0105
52.95           0.0105
52.98           0.0105
53.01           0.0105
53.04           0.0105
53.07           0.0104
53.10           0.0104
53.13           0.0104
53.16           0.0104
53.19           0.0103
53.22           0.0103
53.25           0.0103
53.28           0.0102
53.31           0.0102
53.34           0.0101
53.37           0.0101
53.40           0.0100
53.43           0.0100
53.46           0.0099
53.49           0.0099
53.52           0.0098
53.55           0.0098
53.58           0.0097
53.61           0.0097
53.64           0.0096
53.67           0.0095
53.70           0.0095
53.73           0.0094
53.76           0.0093
53.79           0.0093
53.82           0.0092
53.85           0.0091
53.88           0.0091
53.91           0.0090
53.94           0.0089
53.97           0.0088
54.00           0.0088
54.03           0.0087
54.06           0.0086
54.09           0.0085
54.12           0.0084
54.15           0.0083
54.18           0.0083
54.21           0.0082
54.24           0.0081
54.27           0.0080
54.30           0.0079
54.33           0.0078
54.36           0.0077
54.39           0.0076
54.42           0.0075
54.45           0.0074
54.48           0.0073
54.51           0.0072
54.54           0.0071
54.57           0.0070
54.60           0.0069
54.63           0.0068
54.66           0.0067
54.69           0.0066
54.72           0.0065
54.75           0.0064
54.78           0.0063
54.81           0.0062
54.84           0.0061
54.87           0.0060
54.90           0.0058
54.93           0.0057
54.96           0.0056
54.99           0.0055
55.02           0.0054
55.05           0.0053
55.08           0.0052
55.11           0.0051
55.14           0.0050
55.17           0.0048
55.20           0.0047
55.23           0.0046
55.26           0.0045
55.29           0.0044
55.32           0.0043
55.35           0.0042
55.38           0.0040
55.41           0.0039
55.44           0.0038
55.47           0.0037
55.50           0.0036
55.53           0.0035
55.56           0.0033
55.59           0.0032
55.62           0.0031
55.65           0.0030
55.68           0.0029
55.71           0.0028
55.74           0.0027
55.77           0.0025
55.80           0.0024
55.83           0.0023
55.86           0.0022
55.89           0.0021
55.92           0.0020
55.95           0.0019
55.98           0.0018
56.01           0.0017
56.04           0.0015
56.07           0.0014
56.10           0.0013
56.13           0.0012
56.16           0.0011
56.19           0.0010
56.22           0.0009
56.25           0.0008
56.28           0.0007
56.31           0.0006
56.34           0.0005
56.37           0.0004
56.40           0.0003
56.43           0.0002
56.46           0.0001
56.49          -0.0000
56.52          -0.0001
56.55          -0.0002
56.58          -0.0003
56.61          -0.0004
56.64          -0.0005
56.67          -0.0006
56.70          -0.0007
56.73          -0.0008
56.76          -0.0009
56.79          -0.0009
56.82          -0.0010
56.85          -0.0011
56.88          -0.0012
56.91          -0.0013
56.94          -0.0014
56.97          -0.0014
57.00          -0.0015
57.03          -0.0016
57.06          -0.0017
57.09          -0.0018
57.12          -0.0018
57.15          -0.0019
57.18          -0.0020
57.21          -0.0021
57.24          -0.0021
57.27          -0.0022
57.30          -0.0023
57.33          -0.0023
57.36          -0.0024
57.39          -0.0025
57.42          -0.0025
57.45          -0.0026
57.48          -0.0026
57.51          -0.0027
57.54          -0.0027
57.57          -0.0028
57.60          -0.0029
57.63          -0.0029
57.66          -0.0030
57.69          -0.0030
57.72          -0.0031
57.75          -0.0031
57.78          -0.0032
57.81          -0.0032
57.84          -0.0032
57.87          -0.0033
57.90          -0.0033
57.93          -0.0034
57.96          -0.0034
57.99          -0.0034
58.02          -0.0035
58.05          -0.0035
58.08          -0.0035
58.11          -0.0036
58.14          -0.0036
58.17          -0.0036
58.20          -0.0036
58.23          -0.0037
58.26          -0.0037
58.29          -0.0037
58.32          -0.0037
58.35          -0.0038
58.38          -0.0038
58.41          -0.0038
58.44          -0.0038
58.47          -0.0038
58.50          -0.0038
58.53          -0.0039
58.56          -0.0039
58.59          -0.0039
58.62          -0.0039
58.65          -0.0039
58.68          -0.0039
58.71          -0.0039
58.74          -0.0039
58.77          -0.0039
58.80          -0.0039
58.83          -0.0039
58.86          -0.0039
58.89          -0.0039
58.92          -0.0039
58.95          -0.0039
58.98          -0.0039
59.01          -0.0039
59.04          -0.0039
59.07          -0.0039
59.10          -0.0039
59.13          -0.0039
59.16          -0.0038
59.19          -0.0038
59.22          -0.0038
59.25          -0.0038
59.28          -0.0038
59.31          -0.0038
59.34          -0.0038
59.37          -0.0038
59.40          -0.0037
59.43          -0.0037
59.46          -0.0037
59.49          -0.0037
59.52          -0.0037
59.55          -0.0036
59.58          -0.0036
59.61          -0.0036
59.64          -0.0036
59.67          -0.0036
59.70          -0.0035
59.73          -0.0035
59.76          -0.0035
59.79          -0.0035
59.82          -0.0034
59.85          -0.0034
59.88          -0.0034
59.91          -0.0034
59.94          -0.0033
59.97          -0.0033
60.00          -0.0033
60.03          -0.0032
60.06          -0.0032
60.09          -0.0032
60.12          -0.0032
60.15          -0.0031
60.18          -0.0031
60.21          -0.0031
60.24          -0.0030
60.27          -0.0030
60.30          -0.0030
60.33          -0.0030
60.36          -0.0029
60.39          -0.0029
60.42          -0.0029
60.45          -0.0028
60.48          -0.0028
60.51          -0.0028
60.54          -0.0028
60.57          -0.0027
60.60          -0.0027
60.63          -0.0027
60.66          -0.0026
60.69          -0.0026
60.72          -0.0026
60.75          -0.0026
60.78          -0.0025
60.81          -0.0025
60.84          -0.0025
60.87          -0.0025
60.90          -0.0024
60.93          -0.0024
60.96          -0.0024
60.99          -0.0024
61.02          -0.0023
61.05          -0.0023
61.08          -0.0023
61.11          -0.0023
61.14          -0.0022
61.17          -0.0022
61.20          -0.0022
61.23          -0.0022
61.26          -0.0022
61.29          -0.0021
61.32          -0.0021
61.35          -0.0021
61.38          -0.0021
61.41          -0.0021
61.44          -0.0020
61.47          -0.0020
61.50          -0.0020
61.53          -0.0020
61.56          -0.0020
61.59          -0.0020
61.62          -0.0020
61.65          -0.0020
61.68          -0.0019
61.71          -0.0019
61.74          -0.0019
61.77          -0.0019
61.80          -0.0019
61.83          -0.0019
61.86          -0.0019
61.89          -0.0019
61.92          -0.0019
61.95          -0.0019
61.98          -0.0019
62.01          -0.0019
62.04          -0.0019
62.07          -0.0019
62.10          -0.0019
62.13          -0.0019
62.16          -0.0019
62.19          -0.0019
62.22          -0.0019
62.25          -0.0019
62.28          -0.0019
62.31          -0.0019
62.34          -0.0019
62.37          -0.0019
62.40          -0.0019
62.43          -0.0020
62.46          -0.0020
62.49          -0.0020
62.52          -0.0020
62.55          -0.0020
62.58          -0.0020
62.61          -0.0020
62.64          -0.0021
62.67          -0.0021
62.70          -0.0021
62.73          -0.0021
62.76          -0.0021
62.79          -0.0022
62.82          -0.0022
62.85          -0.0022
62.88          -0.0022
62.91          -0.0023
62.94          -0.0023
62.97          -0.0023
63.00          -0.0023
63.03          -0.0024
63.06          -0.0024
63.09          -0.0024
63.12          -0.0024
63.15          -0.0025
63.18          -0.0025
63.21          -0.0025
63.24          -0.0026
63.27          -0.0026
63.30          -0.0026
63.33          -0.0027
63.36          -0.0027
63.39          -0.0028
63.42          -0.0028
63.45          -0.0028
63.48          -0.0029
63.51          -0.0029
63.54          -0.0030
63.57          -0.0030
63.60          -0.0030
63.63          -0.0031
63.66          -0.0031
63.69          -0.0032
63.72          -0.0032
63.75          -0.0032
63.78          -0.0033
63.81          -0.0033
63.84          -0.0034
63.87          -0.0034
63.90          -0.0035
63.93          -0.0035
63.96          -0.0036
63.99          -0.0036
64.02          -0.0037
64.05          -0.0037
64.08          -0.0038
64.11          -0.0038
64.14          -0.0038
64.17          -0.0039
64.20          -0.0039
64.23          -0.0040
64.26          -0.0040
64.29          -0.0041
64.32          -0.0041
64.35          -0.0042
64.38          -0.0042
64.41          -0.0043
64.44          -0.0043
64.47          -0.0044
64.50          -0.0044
64.53          -0.0045
64.56          -0.0045
64.59          -0.0046
64.62          -0.0046
64.65          -0.0047
64.68          -0.0047
64.71          -0.0048
64.74          -0.0048
64.77          -0.0048
64.80          -0.0049
64.83          -0.0049
64.86          -0.0050
64.89          -0.0050
64.92          -0.0051
64.95          -0.0051
64.98          -0.0052
65.01          -0.0052
65.04          -0.0052
65.07          -0.0053
65.10          -0.0053
65.13          -0.0054
65.16          -0.0054
65.19          -0.0054
65.22          -0.0055
65.25          -0.0055
65.28          -0.0056
65.31          -0.0056
65.34          -0.0056
65.37          -0.0057
65.40          -0.0057
65.43          -0.0057
65.46          -0.0058
65.49          -0.0058
65.52          -0.0058
65.55          -0.0059
65.58          -0.0059
65.61          -0.0059
65.64          -0.0059
65.67          -0.0060
65.70          -0.0060
65.73          -0.0060
65.76          -0.0060
65.79          -0.0061
65.82          -0.0061
65.85          -0.0061
65.88          -0.0061
65.91          -0.0061
65.94          -0.0061
65.97          -0.0062
66.00          -0.0062
66.03          -0.0062
66.06          -0.0062
66.09          -0.0062
66.12          -0.0062
66.15          -0.0062
66.18          -0.0062
66.21          -0.0062
66.24          -0.0062
66.27          -0.0062
66.30          -0.0062
66.33          -0.0062
66.36          -0.0062
66.39          -0.0062
66.42          -0.0062
66.45          -0.0062
66.48          -0.0062
66.51          -0.0062
66.54          -0.0062
66.57          -0.0062
66.60          -0.0061
66.63          -0.0061
66.66          -0.0061
66.69          -0.0061
66.72          -0.0061
66.75          -0.0060
66.78          -0.0060
66.81          -0.0060
66.84          -0.0060
66.87          -0.0059
66.90          -0.0059
66.93          -0.0059
66.96          -0.0058
66.99          -0.0058
67.02          -0.0058
67.05          -0.0057
67.08          -0.0057
67.11          -0.0057
67.14          -0.0056
67.17          -0.0056
67.20          -0.0055
67.23          -0.0055
67.26          -0.0054
67.29          -0.0054
67.32          -0.0053
67.35          -0.0053
67.38          -0.0052
67.41          -0.0052
67.44          -0.0051
67.47          -0.0050
67.50          -0.0050
67.53          -0.0049
67.56          -0.0049
67.59          -0.0048
67.62          -0.0047
67.65          -0.0046
67.68          -0.0046
67.71          -0.0045
67.74          -0.0044
67.77          -0.0044
67.80          -0.0043
67.83          -0.0042
67.86          -0.0041
67.89          -0.0040
67.92          -0.0040
67.95          -0.0039
67.98          -0.0038
68.01          -0.0037
68.04          -0.0036
68.07          -0.0035
68.10          -0.0034
68.13          -0.0033
68.16          -0.0033
68.19          -0.0032
68.22          -0.0031
68.25          -0.0030
68.28          -0.0029
68.31          -0.0028
68.34          -0.0027
68.37          -0.0026
68.40          -0.0025
68.43          -0.0024
68.46          -0.0023
68.49          -0.0021
68.52          -0.0020
68.55          -0.0019
68.58          -0.0018
68.61          -0.0017
68.64          -0.0016
68.67          -0.0015
68.70          -0.0014
68.73          -0.0013
68.76          -0.0012
68.79          -0.0010
68.82          -0.0009
68.85          -0.0008
68.88          -0.0007
68.91          -0.0006
68.94          -0.0005
68.97          -0.0003
69.00          -0.0002
69.03          -0.0001
69.06           0.0000
69.09           0.0002
69.12           0.0003
69.15           0.0004
69.18           0.0005
69.21           0.0006
69.24           0.0008
69.27           0.0009
69.30           0.0010
69.33           0.0011
69.36           0.0013
69.39           0.0014
69.42           0.0015
69.45           0.0016
69.48           0.0018
69.51           0.0019
69.54           0.0020
69.57           0.0022
69.60           0.0023
69.63           0.0024
69.66           0.0025
69.69           0.0027
69.72           0.0028
69.75           0.0029
69.78           0.0030
69.81           0.0032
69.84           0.0033
69.87           0.0034
69.90           0.0035
69.93           0.0037
69.96           0.0038
69.99           0.0039
70.02           0.0040
70.05           0.0042
70.08           0.0043
70.11           0.0044
70.14           0.0045
70.17           0.0046
70.20           0.0048
70.23           0.0049
70.26           0.0050
70.29           0.0051
70.32           0.0052
70.35           0.0053
70.38           0.0055
70.41           0.0056
70.44           0.0057
70.47           0.0058
70.50           0.0059
70.53           0.0060
70.56           0.0061
70.59           0.0062
70.62           0.0064
70.65           0.0065
70.68           0.0066
70.71           0.0067
70.74           0.0068
70.77           0.0069
70.80           0.0070
70.83           0.0071
70.86           0.0072
70.89           0.0073
70.92           0.0074
70.95           0.0075
70.98           0.0076
71.01           0.0077
71.04           0.0077
71.07           0.0078
71.10           0.0079
71.13           0.0080
71.16           0.0081
71.19           0.0082
71.22           0.0083
71.25           0.0083
71.28           0.0084
71.31           0.0085
71.34           0.0086
71.37           0.0086
71.40           0.0087
71.43           0.0088
71.46           0.0088
71.49           0.0089
71.52           0.0090
71.55           0.0090
71.58           0.0091
71.61           0.0092
71.64           0.0092
71.67           0.0093
71.70           0.0093
71.73           0.0094
71.76           0.0094
71.79           0.0095
71.82           0.0095
71.85           0.0096
71.88           0.0096
71.91           0.0097
71.94           0.0097
71.97           0.0097
72.00           0.0098
72.03           0.0098
72.06           0.0098
72.09           0.0099
72.12           0.0099
72.15           0.0099
72.18           0.0099
72.21           0.0100
72.24           0.0100
72.27           0.0100
72.30           0.0100
72.33           0.0100
72.36           0.0100
72.39           0.0100
72.42           0.0100
72.45           0.0100
72.48           0.0100
72.51           0.0100
72.54           0.0100
72.57           0.0100
72.60           0.0100
72.63           0.0100
72.66           0.0100
72.69           0.0100
72.72           0.0100
72.75           0.0100
72.78           0.0100
72.81           0.0099
72.84           0.0099
72.87           0.0099
72.90           0.0099
72.93           0.0098
72.96           0.0098
72.99           0.0098
73.02           0.0097
73.05           0.0097
73.08           0.0097
73.11           0.0096
73.14           0.0096
73.17           0.0095
73.20           0.0095
73.23           0.0095
73.26           0.0094
73.29           0.0094
73.32           0.0093
73.35           0.0092
73.38           0.0092
73.41           0.0091
73.44           0.0091
73.47           0.0090
73.50           0.0089
73.53           0.0089
73.56           0.0088
73.59           0.0087
73.62           0.0087
73.65           0.0086
73.68           0.0085
73.71           0.0085
73.74           0.0084
73.77           0.0083
73.80           0.0082
73.83           0.0081
73.86           0.0081
73.89           0.0080
73.92           0.0079
73.95           0.0078
73.98           0.0077
74.01           0.0076
74.04           0.0075
74.07           0.0075
74.10           0.0074
74.13           0.0073
74.16           0.0072
74.19           0.0071
74.22           0.0070
74.25           0.0069
74.28           0.0068
74.31           0.0067
74.34           0.0066
74.37           0.0065
74.40           0.0064
74.43           0.0063
74.46           0.0062
74.49           0.0061
74.52           0.0059
74.55           0.0058
74.58           0.0057
74.61           0.0056
74.64           0.0055
74.67           0.0054
74.70           0.0053
74.73           0.0052
74.76           0.0051
74.79           0.0049
74.82           0.0048
74.85           0.0047
74.88           0.0046
74.91           0.0045
74.94           0.0044
74.97           0.0042
75.00           0.0041
75.03           0.0040
75.06           0.0039
75.09           0.0038
75.12           0.0037
75.15           0.0035
75.18           0.0034
75.21           0.0033
75.24           0.0032
75.27           0.0031
75.30           0.0030
75.33           0.0028
75.36           0.0027
75.39           0.0026
75.42           0.0025
75.45           0.0024
75.48           0.0022
75.51           0.0021
75.54           0.0020
75.57           0.0019
75.60           0.0018
75.63           0.0017
75.66           0.0015
75.69           0.0014
75.72           0.0013
75.75           0.0012
75.78           0.0011
75.81           0.0010
75.84           0.0008
75.87           0.0007
75.90           0.0006
75.93           0.0005
75.96           0.0004
75.99           0.0003
76.02           0.0002
76.05           0.0001
76.08          -0.0001
76.11          -0.0002
76.14          -0.0003
76.17          -0.0004
76.20          -0.0005
76.23          -0.0006
76.26          -0.0007
76.29          -0.0008
76.32          -0.0009
76.35          -0.0010
76.38          -0.0011
76.41          -0.0012
76.44          -0.0013
76.47          -0.0014
76.50          -0.0015
76.53          -0.0016
76.56          -0.0017
76.59          -0.0018
76.62          -0.0019
76.65          -0.0020
76.68          -0.0020
76.71          -0.0021
76.74          -0.0022
76.77          -0.0023
76.80          -0.0024
76.83          -0.0025
76.86          -0.0026
76.89          -0.0026
76.92          -0.0027
76.95          -0.0028
76.98          -0.0029
77.01          -0.0030
77.04          -0.0030
77.07          -0.0031
77.10          -0.0032
77.13          -0.0032
77.16          -0.0033
77.19          -0.0034
77.22          -0.0035
77.25          -0.0035
77.28          -0.0036
77.31          -0.0036
77.34          -0.0037
77.37          -0.0038
77.40          -0.0038
77.43          -0.0039
77.46          -0.0039
77.49          -0.0040
77.52          -0.0040
77.55          -0.0041
77.58          -0.0041
77.61          -0.0042
77.64          -0.0042
77.67          -0.0043
77.70          -0.0043
77.73          -0.0044
77.76          -0.0044
77.79          -0.0044
77.82          -0.0045
77.85          -0.0045
77.88          -0.0045
77.91          -0.0046
77.94          -0.0046
77.97          -0.0046
78.00          -0.0047
78.03          -0.0047
78.06          -0.0047
78.09          -0.0047
78.12          -0.0048
78.15          -0.0048
78.18          -0.0048
78.21          -0.0048
78.24          -0.0048
78.27          -0.0048
78.30          -0.0049
78.33          -0.0049
78.36          -0.0049
78.39          -0.0049
78.42          -0.0049
78.45          -0.0049
78.48          -0.0049
78.51          -0.0049
78.54          -0.0049
78.57          -0.0049
78.60          -0.0049
78.63          -0.0049
78.66          -0.0049
78.69          -0.0049
78.72          -0.0049
78.75          -0.0049
78.78          -0.0049
78.81          -0.0049
78.84          -0.0049
78.87          -0.0049
78.90          -0.0048
78.93          -0.0048
78.96          -0.0048
78.99          -0.0048
79.02          -0.0048
79.05          -0.0048
79.08          -0.0047
79.11          -0.0047
79.14          -0.0047
79.17          -0.0047
79.20          -0.0047
79.23          -0.0046
79.26          -0.0046
79.29          -0.0046
79.32          -0.0046
79.35          -0.0045
79.38          -0.0045
79.41          -0.0045
79.44          -0.0044
79.47          -0.0044
79.50          -0.0044
79.53          -0.0043
79.56          -0.0043
79.59          -0.0043
79.62          -0.0042
79.65          -0.0042
79.68          -0.0042
79.71          -0.0041
79.74          -0.0041
79.77          -0.0041
79.80          -0.0040
79.83          -0.0040
79.86          -0.0040
79.89          -0.0039
79.92          -0.0039
79.95          -0.0038
79.98          -0.0038
80.01          -0.0038
80.04          -0.0037
80.07          -0.0037
80.10          -0.0036
80.13          -0.0036
80.16          -0.0035
80.19          -0.0035
80.22          -0.0035
80.25          -0.0034
80.28          -0.0034
80.31          -0.0033
80.34          -0.0033
80.37          -0.0032
80.40          -0.0032
80.43          -0.0032
80.46          -0.0031
80.49          -0.0031
80.52          -0.0030
80.55          -0.0030
80.58          -0.0030
80.61          -0.0029
80.64          -0.0029
80.67          -0.0028
80.70          -0.0028
80.73          -0.0027
80.76          -0.0027
80.79          -0.0027
80.82          -0.0026
80.85          -0.0026
80.88          -0.0025
80.91          -0.0025
80.94          -0.0025
80.97          -0.0024
81.00          -0.0024
81.03          -0.0023
81.06          -0.0023
81.09          -0.0023
81.12          -0.0022
81.15          -0.0022
81.18          -0.0022
81.21          -0.0021
81.24          -0.0021
81.27          -0.0021
81.30          -0.0020
81.33          -0.0020
81.36          -0.0020
81.39          -0.0019
81.42          -0.0019
81.45          -0.0019
81.48          -0.0018
81.51          -0.0018
81.54          -0.0018
81.57          -0.0018
81.60          -0.0017
81.63          -0.0017
81.66          -0.0017
81.69          -0.0017
81.72          -0.0016
81.75          -0.0016
81.78          -0.0016
81.81          -0.0016
81.84          -0.0016
81.87          -0.0015
81.90          -0.0015
81.93          -0.0015
81.96          -0.0015
81.99          -0.0015
82.02          -0.0015
82.05          -0.0015
82.08          -0.0014
82.11          -0.0014
82.14          -0.0014
82.17          -0.0014
82.20          -0.0014
82.23          -0.0014
82.26          -0.0014
82.29          -0.0014
82.32          -0.0014
82.35          -0.0014
82.38          -0.0014
82.41          -0.0014
82.44          -0.0014
82.47          -0.0014
82.50          -0.0014
82.53          -0.0014
82.56          -0.0014
82.59          -0.0014
82.62          -0.0014
82.65          -0.0014
82.68          -0.0014
82.71          -0.0014
82.74          -0.0014
82.77          -0.0014
82.80          -0.0014
82.83          -0.0014
82.86          -0.0015
82.89          -0.0015
82.92          -0.0015
82.95          -0.0015
82.98          -0.0015
83.01          -0.0015
83.04          -0.0015
83.07          -0.0016
83.10          -0.0016
83.13          -0.0016
83.16          -0.0016
83.19          -0.0016
83.22          -0.0017
83.25          -0.0017
83.28          -0.0017
83.31          -0.0017
83.34          -0.0018
83.37          -0.0018
83.40          -0.0018
83.43          -0.0019
83.46          -0.0019
83.49          -0.0019
83.52          -0.0019
83.55          -0.0020
83.58          -0.0020
83.61          -0.0020
83.64          -0.0021
83.67          -0.0021
83.70          -0.0021
83.73          -0.0022
83.76          -0.0022
83.79          -0.0022
83.82          -0.0023
83.85          -0.0023
83.88          -0.0024
83.91          -0.0024
83.94          -0.0024
83.97          -0.0025
84.00          -0.0025
84.03          -0.0025
84.06          -0.0026
84.09          -0.0026
84.12          -0.0027
84.15          -0.0027
84.18          -0.0027
84.21          -0.0028
84.24          -0.0028
84.27          -0.0029
84.30          -0.0029
84.33          -0.0029
84.36          -0.0030
84.39          -0.0030
84.42          -0.0031
84.45          -0.0031
84.48          -0.0032
84.51          -0.0032
84.54          -0.0032
84.57          -0.0033
84.60          -0.0033
84.63          -0.0034
84.66          -0.0034
84.69          -0.0035
84.72          -0.0035
84.75          -0.0035
84.78          -0.0036
84.81          -0.0036
84.84          -0.0037
84.87          -0.0037
84.90          -0.0037
84.93          -0.0038
84.96          -0.0038
84.99          -0.0039
85.02          -0.0039
85.05          -0.0039
85.08          -0.0040
85.11          -0.0040
85.14          -0.0040
85.17          -0.0041
85.20          -0.0041
85.23          -0.0042
85.26          -0.0042
85.29          -0.0042
85.32          -0.0043
85.35          -0.0043
85.38          -0.0043
85.41          -0.0044
85.44          -0.0044
85.47          -0.0044
85.50          -0.0044
85.53          -0.0045
85.56          -0.0045
85.59          -0.0045
85.62          -0.0046
85.65          -0.0046
85.68          -0.0046
85.71          -0.0046
85.74          -0.0046
85.77          -0.0047
85.80          -0.0047
85.83          -0.0047
85.86          -0.0047
85.89          -0.0047
85.92          -0.0048
85.95          -0.0048
85.98          -0.0048
86.01          -0.0048
86.04          -0.0048
86.07          -0.0048
86.10          -0.0048
86.13          -0.0048
86.16          -0.0048
86.19          -0.0049
86.22          -0.0049
86.25          -0.0049
86.28          -0.0049
86.31          -0.0049
86.34          -0.0049
86.37          -0.0049
86.40          -0.0049
86.43          -0.0049
86.46          -0.0049
86.49          -0.0048
86.52          -0.0048
86.55          -0.0048
86.58          -0.0048
86.61          -0.0048
86.64          -0.0048
86.67          -0.0048
86.70          -0.0048
86.73          -0.0047
86.76          -0.0047
86.79          -0.0047
86.82          -0.0047
86.85          -0.0047
86.88          -0.0046
86.91          -0.0046
86.94          -0.0046
86.97          -0.0045
87.00          -0.0045
87.03          -0.0045
87.06          -0.0045
87.09          -0.0044
87.12          -0.0044
87.15          -0.0043
87.18          -0.0043
87.21          -0.0043
87.24          -0.0042
87.27          -0.0042
87.30          -0.0041
87.33          -0.0041
87.36          -0.0040
87.39          -0.0040
87.42          -0.0039
87.45          -0.0039
87.48          -0.0038
87.51          -0.0038
87.54          -0.0037
87.57          -0.0037
87.60          -0.0036
87.63          -0.0035
87.66          -0.0035
87.69          -0.0034
87.72          -0.0033
87.75          -0.0033
87.78          -0.0032
87.81          -0.0031
87.84          -0.0031
87.87          -0.0030
87.90          -0.0029
87.93          -0.0028
87.96          -0.0028
87.99          -0.0027
88.02          -0.0026
88.05          -0.0025
88.08          -0.0025
88.11          -0.0024
88.14          -0.0023
88.17          -0.0022
88.20          -0.0021
88.23          -0.0020
88.26          -0.0019
88.29          -0.0019
88.32          -0.0018
88.35          -0.0017
88.38          -0.0016
88.41          -0.0015
88.44          -0.0014
88.47          -0.0013
88.50          -0.0012
88.53          -0.0011
88.56          -0.0010
88.59          -0.0009
88.62          -0.0008
88.65          -0.0007
88.68          -0.0006
88.71          -0.0005
88.74          -0.0004
88.77          -0.0003
88.80          -0.0002
88.83          -0.0001
88.86           0.0000
88.89           0.0001
88.92           0.0002
88.95           0.0003
88.98           0.0005
89.01           0.0006
89.04           0.0007
89.07           0.0008
89.10           0.0009
89.13           0.0010
89.16           0.0011
89.19           0.0012
89.22           0.0013
89.25           0.0015
89.28           0.0016
89.31           0.0017
89.34           0.0018
89.37           0.0019
89.40           0.0020
89.43           0.0021
89.46           0.0022
89.49           0.0024
89.52           0.0025
89.55           0.0026
89.58           0.0027
89.61           0.0028
89.64           0.0029
89.67           0.0030
89.70           0.0032
89.73           0.0033
89.76           0.0034
89.79           0.0035
89.82           0.0036
89.85           0.0037
89.88           0.0038
89.91           0.0040
89.94           0.0041
89.97           0.0042
90.00           0.0043
90.03           0.0044
90.06           0.0045
90.09           0.0046
90.12           0.0047
90.15           0.0048
90.18           0.0049
90.21           0.0050
90.24           0.0052
90.27           0.0053
90.30           0.0054
90.33           0.0055
90.36           0.0056
90.39           0.0057
90.42           0.0058
90.45           0.0059
90.48           0.0060
90.51           0.0061
90.54           0.0062
90.57           0.0063
90.60           0.0064
90.63           0.0065
90.66           0.0066
90.69           0.0066
90.72           0.0067
90.75           0.0068
90.78           0.0069
90.81           0.0070
90.84           0.0071
90.87           0.0072
90.90           0.0073
90.93           0.0073
90.96           0.0074
90.99           0.0075
91.02           0.0076
91.05           0.0077
91.08           0.0077
91.11           0.0078
91.14           0.0079
91.17           0.0080
91.20           0.0080
91.23           0.0081
91.26           0.0082
91.29           0.0082
91.32           0.0083
91.35           0.0083
91.38           0.0084
91.41           0.0085
91.44           0.0085
91.47           0.0086
91.50           0.0086
91.53           0.0087
91.56           0.0087
91.59           0.0088
91.62           0.0088
91.65           0.0089
91.68           0.0089
91.71           0.0090
91.74           0.0090
91.77           0.0090
91.80           0.0091
91.83           0.0091
91.86           0.0091
91.89           0.0092
91.92           0.0092
91.95           0.0092
91.98           0.0092
92.01           0.0093
92.04           0.0093
92.07           0.0093
92.10           0.0093
92.13           0.0093
92.16           0.0093
92.19           0.0094
92.22           0.0094
92.25           0.0094
92.28           0.0094
92.31           0.0094
92.34           0.0094
92.37           0.0094
92.40           0.0094
92.43           0.0094
92.46           0.0094
92.49           0.0094
92.52           0.0093
92.55           0.0093
92.58           0.0093
92.61           0.0093
92.64           0.0093
92.67           0.0093
92.70           0.0092
92.73           0.0092
92.76           0.0092
92.79           0.0092
92.82           0.0091
92.85           0.0091
92.88           0.0091
92.91           0.0090
92.94           0.0090
92.97           0.0089
93.00           0.0089
93.03           0.0089
93.06           0.0088
93.09           0.0088
93.12           0.0087
93.15           0.0087
93.18           0.0086
93.21           0.0086
93.24           0.0085
93.27           0.0084
93.30           0.0084
93.33           0.0083
93.36           0.0083
93.39           0.0082
93.42           0.0081
93.45           0.0081
93.48           0.0080
93.51           0.0079
93.54           0.0078
93.57           0.0078
93.60           0.0077
93.63           0.0076
93.66           0.0075
93.69           0.0074
93.72           0.0074
93.75           0.0073
93.78           0.0072
93.81           0.0071
93.84           0.0070
93.87           0.0069
93.90           0.0068
93.93           0.0068
93.96           0.0067
93.99           0.0066
94.02           0.0065
94.05           0.0064
94.08           0.0063
94.11           0.0062
94.14           0.0061
94.17           0.0060
94.20           0.0059
94.23           0.0058
94.26           0.0057
94.29           0.0056
94.32           0.0055
94.35           0.0053
94.38           0.0052
94.41           0.0051
94.44           0.0050
94.47           0.0049
94.50           0.0048
94.53           0.0047
94.56           0.0046
94.59           0.0045
94.62           0.0043
94.65           0.0042
94.68           0.0041
94.71           0.0040
94.74           0.0039
94.77           0.0038
94.80           0.0036
94.83           0.0035
94.86           0.0034
94.89           0.0033
94.92           0.0032
94.95           0.0031
94.98           0.0029
95.01           0.0028
95.04           0.0027
95.07           0.0026
95.10           0.0025
95.13           0.0023
95.16           0.0022
95.19           0.0021
95.22           0.0020
95.25           0.0019
95.28           0.0017
95.31           0.0016
95.34           0.0015
95.37           0.0014
95.40           0.0013
95.43           0.0011
95.46           0.0010
95.49           0.0009
95.52           0.0008
95.55           0.0007
95.58           0.0005
95.61           0.0004
95.64           0.0003
95.67           0.0002
95.70           0.0001
95.73          -0.0000
95.76          -0.0001
95.79          -0.0003
95.82          -0.0004
95.85          -0.0005
95.88          -0.0006
95.91          -0.0007
95.94          -0.0008
95.97          -0.0009
96.00          -0.0010
96.03          -0.0012
96.06          -0.0013
96.09          -0.0014
96.12          -0.0015
96.15          -0.0016
96.18          -0.0017
96.21          -0.0018
96.24          -0.0019
96.27          -0.0020
96.30          -0.0021
96.33          -0.0022
96.36          -0.0023
96.39          -0.0024
96.42          -0.0025
96.45          -0.0026
96.48          -0.0027
96.51          -0.0028
96.54          -0.0029
96.57          -0.0029
96.60          -0.0030
96.63          -0.0031
96.66          -0.0032
96.69          -0.0033
96.72          -0.0034
96.75          -0.0035
96.78          -0.0035
96.81          -0.0036
96.84          -0.0037
96.87          -0.0038
96.90          -0.0039
96.93          -0.0039
96.96          -0.0040
96.99          -0.0041
97.02          -0.0041
97.05          -0.0042
97.08          -0.0043
97.11          -0.0043
97.14          -0.0044
97.17          -0.0045
97.20          -0.0045
97.23          -0.0046
97.26          -0.0046
97.29          -0.0047
97.32          -0.0048
97.35          -0.0048
97.38          -0.0049
97.41          -0.0049
97.44          -0.0050
97.47          -0.0050
97.50          -0.0051
97.53          -0.0051
97.56          -0.0051
97.59          -0.0052
97.62          -0.0052
97.65          -0.0053
97.68          -0.0053
97.71          -0.0053
97.74          -0.0054
97.77          -0.0054
97.80          -0.0054
97.83          -0.0054
97.86          -0.0055
97.89          -0.0055
97.92          -0.0055
97.95          -0.0055
97.98          -0.0056
98.01          -0.0056
98.04          -0.0056
98.07          -0.0056
98.10          -0.0056
98.13          -0.0056
98.16          -0.0057
98.19          -0.0057
98.22          -0.0057
98.25          -0.0057
98.28          -0.0057
98.31          -0.0057
98.34          -0.0057
98.37          -0.0057
98.40          -0.0057
98.43          -0.0057
98.46          -0.0057
98.49          -0.0057
98.52          -0.0057
98.55          -0.0057
98.58          -0.0056
98.61          -0.0056
98.64          -0.0056
98.67          -0.0056
98.70          -0.0056
98.73          -0.0056
98.76          -0.0056
98.79          -0.0055
98.82          -0.0055
98.85          -0.0055
98.88          -0.0055
98.91          -0.0055
98.94          -0.0054
98.97          -0.0054
99.00          -0.0054
99.03          -0.0053
99.06          -0.0053
99.09          -0.0053
99.12          -0.0053
99.15          -0.0052
99.18          -0.0052
99.21          -0.0052
99.24          -0.0051
99.27          -0.0051
99.30          -0.0050
99.33          -0.0050
99.36          -0.0050
99.39          -0.0049
99.42          -0.0049
99.45          -0.0048
99.48          -0.0048
99.51          -0.0048
99.54          -0.0047
99.57          -0.0047
99.60          -0.0046
99.63          -0.0046
99.66          -0.0045
99.69          -0.0045
99.72          -0.0044
99.75          -0.0044
99.78          -0.0043
99.81          -0.0043
99.84          -0.0042
99.87          -0.0042
99.90          -0.0041
99.93          -0.0041
99.96          -0.0040
99.99          -0.0040
100.02         -0.0039
100.05         -0.0039
100.08         -0.0038
100.11         -0.0038
100.14         -0.0037
100.17         -0.0037
100.20         -0.0036
100.23         -0.0035
100.26         -0.0035
100.29         -0.0034
100.32         -0.0034
100.35         -0.0033
100.38         -0.0033
100.41         -0.0032
100.44         -0.0032
100.47         -0.0031
100.50         -0.0031
100.53         -0.0030
100.56         -0.0029
100.59         -0.0029
100.62         -0.0028
100.65         -0.0028
100.68         -0.0027
100.71         -0.0027
100.74         -0.0026
100.77         -0.0026
100.80         -0.0025
100.83         -0.0025
100.86         -0.0024
100.89         -0.0024
100.92         -0.0023
100.95         -0.0023
100.98         -0.0022
101.01         -0.0022
101.04         -0.0021
101.07         -0.0021
101.10         -0.0020
101.13         -0.0020
101.16         -0.0019
101.19         -0.0019
101.22         -0.0018
101.25         -0.0018
101.28         -0.0017
101.31         -0.0017
101.34         -0.0016
101.37         -0.0016
101.40         -0.0016
101.43         -0.0015
101.46         -0.0015
101.49         -0.0014
101.52         -0.0014
101.55         -0.0014
101.58         -0.0013
101.61         -0.0013
101.64         -0.0012
101.67         -0.0012
101.70         -0.0012
101.73         -0.0011
101.76         -0.0011
101.79         -0.0011
101.82         -0.0010
101.85         -0.0010
101.88         -0.0010
101.91         -0.0010
101.94         -0.0009
101.97         -0.0009
102.00         -0.0009
102.03         -0.0009
102.06         -0.0008
102.09         -0.0008
102.12         -0.0008
102.15         -0.0008
102.18         -0.0007
102.21         -0.0007
102.24         -0.0007
102.27         -0.0007
102.30         -0.0007
102.33         -0.0007
102.36         -0.0007
102.39         -0.0006
102.42         -0.0006
102.45         -0.0006
102.48         -0.0006
102.51         -0.0006
102.54         -0.0006
102.57         -0.0006
102.60         -0.0006
102.63         -0.0006
102.66         -0.0006
102.69         -0.0006
102.72         -0.0006
102.75         -0.0006
102.78         -0.0006
102.81         -0.0006
102.84         -0.0006
102.87         -0.0006
102.90         -0.0006
102.93         -0.0006
102.96         -0.0006
102.99         -0.0006
103.02         -0.0006
103.05         -0.0006
103.08         -0.0006
103.11         -0.0007
103.14         -0.0007
103.17         -0.0007
103.20         -0.0007
103.23         -0.0007
103.26         -0.0007
103.29         -0.0007
103.32         -0.0008
103.35         -0.0008
103.38         -0.0008
103.41         -0.0008
103.44         -0.0008
103.47         -0.0009
103.50         -0.0009
103.53         -0.0009
103.56         -0.0009
103.59         -0.0010
103.62         -0.0010
103.65         -0.0010
103.68         -0.0010
103.71         -0.0011
103.74         -0.0011
103.77         -0.0011
103.80         -0.0012
103.83         -0.0012
103.86         -0.0012
103.89         -0.0013
103.92         -0.0013
103.95         -0.0013
103.98         -0.0014
104.01         -0.0014
104.04         -0.0014
104.07         -0.0015
104.10         -0.0015
104.13         -0.0015
104.16         -0.0016
104.19         -0.0016
104.22         -0.0016
104.25         -0.0017
104.28         -0.0017
104.31         -0.0018
104.34         -0.0018
104.37         -0.0018
104.40         -0.0019
104.43         -0.0019
104.46         -0.0019
104.49         -0.0020
104.52         -0.0020
104.55         -0.0021
104.58         -0.0021
104.61         -0.0021
104.64         -0.0022
104.67         -0.0022
104.70         -0.0023
104.73         -0.0023
104.76         -0.0023
104.79         -0.0024
104.82         -0.0024
104.85         -0.0025
104.88         -0.0025
104.91         -0.0025
104.94         -0.0026
104.97         -0.0026
105.00         -0.0027
105.03         -0.0027
105.06         -0.0027
105.09         -0.0028
105.12         -0.0028
105.15         -0.0028
105.18         -0.0029
105.21         -0.0029
105.24         -0.0029
105.27         -0.0030
105.30         -0.0030
105.33         -0.0030
105.36         -0.0031
105.39         -0.0031
105.42         -0.0031
105.45         -0.0032
105.48         -0.0032
105.51         -0.0032
105.54         -0.0033
105.57         -0.0033
105.60         -0.0033
105.63         -0.0033
105.66         -0.0034
105.69         -0.0034
105.72         -0.0034
105.75         -0.0034
105.78         -0.0035
105.81         -0.0035
105.84         -0.0035
105.87         -0.0035
105.90         -0.0035
105.93         -0.0036
105.96         -0.0036
105.99         -0.0036
106.02         -0.0036
106.05         -0.0036
106.08         -0.0036
106.11         -0.0037
106.14         -0.0037
106.17         -0.0037
106.20         -0.0037
106.23         -0.0037
106.26         -0.0037
106.29         -0.0037
106.32         -0.0037
106.35         -0.0037
106.38         -0.0037
106.41         -0.0037
106.44         -0.0037
106.47         -0.0037
106.50         -0.0037
106.53         -0.0037
106.56         -0.0037
106.59         -0.0037
106.62         -0.0037
106.65         -0.0037
106.68         -0.0037
106.71         -0.0037
106.74         -0.0036
106.77         -0.0036
106.80         -0.0036
106.83         -0.0036
106.86         -0.0036
106.89         -0.0036
106.92         -0.0035
106.95         -0.0035
106.98         -0.0035
107.01         -0.0035
107.04         -0.0034
107.07         -0.0034
107.10         -0.0034
107.13         -0.0034
107.16         -0.0033
107.19         -0.0033
107.22         -0.0033
107.25         -0.0032
107.28         -0.0032
107.31         -0.0031
107.34         -0.0031
107.37         -0.0031
107.40         -0.0030
107.43         -0.0030
107.46         -0.0029
107.49         -0.0029
107.52         -0.0028
107.55         -0.0028
107.58         -0.0027
107.61         -0.0027
107.64         -0.0026
107.67         -0.0026
107.70         -0.0025
107.73         -0.0025
107.76         -0.0024
107.79         -0.0023
107.82         -0.0023
107.85         -0.0022
107.88         -0.0022
107.91         -0.0021
107.94         -0.0020
107.97         -0.0020
108.00         -0.0019
108.03         -0.0018
108.06         -0.0017
108.09         -0.0017
108.12         -0.0016
108.15         -0.0015
108.18         -0.0015
108.21         -0.0014
108.24         -0.0013
108.27         -0.0012
108.30         -0.0011
108.33         -0.0011
108.36         -0.0010
108.39         -0.0009
108.42         -0.0008
108.45         -0.0007
108.48         -0.0006
108.51         -0.0006
108.54         -0.0005
108.57         -0.0004
108.60         -0.0003
108.63         -0.0002
108.66         -0.0001
108.69         -0.0000
108.72          0.0001
108.75          0.0002
108.78          0.0003
108.81          0.0004
108.84          0.0004
108.87          0.0005
108.90          0.0006
108.93          0.0007
108.96          0.0008
108.99          0.0009
109.02          0.0010
109.05          0.0011
109.08          0.0012
109.11          0.0013
109.14          0.0014
109.17          0.0015
109.20          0.0016
109.23          0.0017
109.26          0.0018
109.29          0.0019
109.32          0.0020
109.35          0.0021
109.38          0.0022
109.41          0.0023
109.44          0.0024
109.47          0.0026
109.50          0.0027
109.53          0.0028
109.56          0.0029
109.59          0.0030
109.62          0.0031
109.65          0.0032
109.68          0.0033
109.71          0.0034
109.74          0.0035
109.77          0.0036
109.80          0.0037
109.83          0.0038
109.86          0.0039
109.89          0.0040
109.92          0.0041
109.95          0.0042
109.98          0.0043
110.01          0.0044
110.04          0.0045
110.07          0.0046
110.10          0.0047
110.13          0.0048
110.16          0.0049
110.19          0.0050
110.22          0.0051
110.25          0.0052
110.28          0.0052
110.31          0.0053
110.34          0.0054
110.37          0.0055
110.40          0.0056
110.43          0.0057
110.46          0.0058
110.49          0.0059
110.52          0.0060
110.55          0.0061
110.58          0.0061
110.61          0.0062
110.64          0.0063
110.67          0.0064
110.70          0.0065
110.73          0.0065
110.76          0.0066
110.79          0.0067
110.82          0.0068
110.85          0.0069
110.88          0.0069
110.91          0.0070
110.94          0.0071
110.97          0.0071
111.00          0.0072
111.03          0.0073
111.06          0.0073
111.09          0.0074
111.12          0.0075
111.15          0.0075
111.18          0.0076
111.21          0.0077
111.24          0.0077
111.27          0.0078
111.30          0.0078
111.33          0.0079
111.36          0.0079
111.39          0.0080
111.42          0.0080
111.45          0.0081
111.48          0.0081
111.51          0.0081
111.54          0.0082
111.57          0.0082
111.60          0.0083
111.63          0.0083
111.66          0.0083
111.69          0.0084
111.72          0.0084
111.75          0.0084
111.78          0.0085
111.81          0.0085
111.84          0.0085
111.87          0.0085
111.90          0.0085
111.93          0.0086
111.96          0.0086
111.99          0.0086
112.02          0.0086
112.05          0.0086
112.08          0.0086
112.11          0.0086
112.14          0.0086
112.17          0.0086
112.20          0.0086
112.23          0.0086
112.26          0.0086
112.29          0.0086
112.32          0.0086
112.35          0.0086
112.38          0.0086
112.41          0.0086
112.44          0.0086
112.47          0.0086
112.50          0.0085
112.53          0.0085
112.56          0.0085
112.59          0.0085
112.62          0.0084
112.65          0.0084
112.68          0.0084
112.71          0.0084
112.74          0.0083
112.77          0.0083
112.80          0.0083
112.83          0.0082
112.86          0.0082
112.89          0.0081
112.92          0.0081
112.95          0.0080
112.98          0.0080
113.01          0.0079
113.04          0.0079
113.07          0.0078
113.10          0.0078
113.13          0.0077
113.16          0.0077
113.19          0.0076
113.22          0.0076
113.25          0.0075
113.28          0.0074
113.31          0.0074
113.34          0.0073
113.37          0.0072
113.40          0.0072
113.43          0.0071
113.46          0.0070
113.49          0.0069
113.52          0.0069
113.55          0.0068
113.58          0.0067
113.61          0.0066
113.64          0.0065
113.67          0.0064
113.70          0.0064
113.73          0.0063
113.76          0.0062
113.79          0.0061
113.82          0.0060
113.85          0.0059
113.88          0.0058
113.91          0.0057
113.94          0.0056
113.97          0.0055
114.00          0.0054
114.03          0.0053
114.06          0.0052
114.09          0.0051
114.12          0.0050
114.15          0.0049
114.18          0.0048
114.21          0.0047
114.24          0.0046
114.27          0.0045
114.30          0.0044
114.33          0.0043
114.36          0.0042
114.39          0.0041
114.42          0.0040
114.45          0.0038
114.48          0.0037
114.51          0.0036
114.54          0.0035
114.57          0.0034
114.60          0.0033
114.63          0.0032
114.66          0.0030
114.69          0.0029
114.72          0.0028
114.75          0.0027
114.78          0.0026
114.81          0.0025
114.84          0.0023
114.87          0.0022
114.90          0.0021
114.93          0.0020
114.96          0.0019
114.99          0.0017
115.02          0.0016
115.05          0.0015
115.08          0.0014
115.11          0.0013
115.14          0.0011
115.17          0.0010
115.20          0.0009
115.23          0.0008
115.26          0.0007
115.29          0.0005
115.32          0.0004
115.35          0.0003
115.38          0.0002
115.41          0.0001
115.44         -0.0000
115.47         -0.0002
115.50         -0.0003
115.53         -0.0004
115.56         -0.0005
115.59         -0.0006
115.62         -0.0007
115.65         -0.0009
115.68         -0.0010
115.71         -0.0011
115.74         -0.0012
115.77         -0.0013
115.80         -0.0014
115.83         -0.0015
115.86         -0.0016
115.89         -0.0017
115.92         -0.0018
115.95         -0.0020
115.98         -0.0021
116.01         -0.0022
116.04         -0.0023
116.07         -0.0024
116.10         -0.0025
116.13         -0.0026
116.16         -0.0027
116.19         -0.0028
116.22         -0.0029
116.25         -0.0030
116.28         -0.0031
116.31         -0.0032
116.34         -0.0033
116.37         -0.0034
116.40         -0.0034
116.43         -0.0035
116.46         -0.0036
116.49         -0.0037
116.52         -0.0038
116.55         -0.0039
116.58         -0.0040
116.61         -0.0041
116.64         -0.0041
116.67         -0.0042
116.70         -0.0043
116.73         -0.0044
116.76         -0.0044
116.79         -0.0045
116.82         -0.0046
116.85         -0.0047
116.88         -0.0047
116.91         -0.0048
116.94         -0.0049
116.97         -0.0049
117.00         -0.0050
117.03         -0.0051
117.06         -0.0051
117.09         -0.0052
117.12         -0.0052
117.15         -0.0053
117.18         -0.0054
117.21         -0.0054
117.24         -0.0055
117.27         -0.0055
117.30         -0.0056
117.33         -0.0056
117.36         -0.0057
117.39         -0.0057
117.42         -0.0057
117.45         -0.0058
117.48         -0.0058
117.51         -0.0059
117.54         -0.0059
117.57         -0.0059
117.60         -0.0060
117.63         -0.0060
117.66         -0.0060
117.69         -0.0060
117.72         -0.0061
117.75         -0.0061
117.78         -0.0061
117.81         -0.0061
117.84         -0.0061
117.87         -0.0062
117.90         -0.0062
117.93         -0.0062
117.96         -0.0062
117.99         -0.0062
118.02         -0.0062
118.05         -0.0062
118.08         -0.0062
118.11         -0.0062
118.14         -0.0062
118.17         -0.0062
118.20         -0.0062
118.23         -0.0062
118.26         -0.0062
118.29         -0.0062
118.32         -0.0062
118.35         -0.0062
118.38         -0.0062
118.41         -0.0062
118.44         -0.0062
118.47         -0.0062
118.50         -0.0061
118.53         -0.0061
118.56         -0.0061
118.59         -0.0061
118.62         -0.0061
118.65         -0.0060
118.68         -0.0060
118.71         -0.0060
118.74         -0.0060
118.77         -0.0059
118.80         -0.0059
118.83         -0.0059
118.86         -0.0058
118.89         -0.0058
118.92         -0.0058
118.95         -0.0057
118.98         -0.0057
119.01         -0.0057
119.04         -0.0056
119.07         -0.0056
119.10         -0.0055
119.13         -0.0055
119.16         -0.0055
119.19         -0.0054
119.22         -0.0054
119.25         -0.0053
119.28         -0.0053
119.31         -0.0052
119.34         -0.0052
119.37         -0.0051
119.40         -0.0051
119.43         -0.0050
119.46         -0.0050
119.49         -0.0049
119.52         -0.0049
119.55         -0.0048
119.58         -0.0047
119.61         -0.0047
119.64         -0.0046
119.67         -0.0046
119.70         -0.0045
119.73         -0.0045
119.76         -0.0044
119.79         -0.0043
119.82         -0.0043
119.85         -0.0042
119.88         -0.0042
119.91         -0.0041
119.94         -0.0040
119.97         -0.0040
120.00         -0.0039
120.03         -0.0038
120.06         -0.0038
120.09         -0.0037
120.12         -0.0036
120.15         -0.0036
120.18         -0.0035
120.21         -0.0035
120.24         -0.0034
120.27         -0.0033
120.30         -0.0033
120.33         -0.0032
120.36         -0.0031
120.39         -0.0031
120.42         -0.0030
120.45         -0.0029
120.48         -0.0029
120.51         -0.0028
120.54         -0.0027
120.57         -0.0027
120.60         -0.0026
120.63         -0.0025
120.66         -0.0025
120.69         -0.0024
120.72         -0.0023
120.75         -0.0023
120.78         -0.0022
120.81         -0.0022
120.84         -0.0021
120.87         -0.0020
120.90         -0.0020
120.93         -0.0019
120.96         -0.0018
120.99         -0.0018
121.02         -0.0017
121.05         -0.0017
121.08         -0.0016
121.11         -0.0015
121.14         -0.0015
121.17         -0.0014
121.20         -0.0014
121.23         -0.0013
121.26         -0.0013
121.29         -0.0012
121.32         -0.0012
121.35         -0.0011
121.38         -0.0011
121.41         -0.0010
121.44         -0.0010
121.47         -0.0009
121.50         -0.0009
121.53         -0.0008
121.56         -0.0008
121.59         -0.0007
121.62         -0.0007
121.65         -0.0006
121.68         -0.0006
121.71         -0.0005
121.74         -0.0005
121.77         -0.0004
121.80         -0.0004
121.83         -0.0004
121.86         -0.0003
121.89         -0.0003
121.92         -0.0003
121.95         -0.0002
121.98         -0.0002
122.01         -0.0002
122.04         -0.0001
122.07         -0.0001
122.10         -0.0001
122.13         -0.0000
122.16         -0.0000
122.19          0.0000
122.22          0.0000
122.25          0.0001
122.28          0.0001
122.31          0.0001
122.34          0.0001
122.37          0.0002
122.40          0.0002
122.43          0.0002
122.46          0.0002
122.49          0.0002
122.52          0.0002
122.55          0.0003
122.58          0.0003
122.61          0.0003
122.64          0.0003
122.67          0.0003
122.70          0.0003
122.73          0.0003
122.76          0.0003
122.79          0.0003
122.82          0.0003
122.85          0.0003
122.88          0.0003
122.91          0.0003
122.94          0.0003
122.97          0.0003
123.00          0.0003
123.03          0.0003
123.06          0.0003
123.09          0.0003
123.12          0.0003
123.15          0.0003
123.18          0.0003
123.21          0.0003
123.24          0.0003
123.27          0.0003
123.30          0.0002
123.33          0.0002
123.36          0.0002
123.39          0.0002
123.42          0.0002
123.45          0.0002
123.48          0.0001
123.51          0.0001
123.54          0.0001
123.57          0.0001
123.60          0.0001
123.63          0.0000
123.66          0.0000
123.69         -0.0000
123.72         -0.0000
123.75         -0.0001
123.78         -0.0001
123.81         -0.0001
123.84         -0.0001
123.87         -0.0002
123.90         -0.0002
123.93         -0.0002
123.96         -0.0003
123.99         -0.0003
124.02         -0.0003
124.05         -0.0004
124.08         -0.0004
124.11         -0.0004
124.14         -0.0005
124.17         -0.0005
124.20         -0.0005
124.23         -0.0006
124.26         -0.0006
124.29         -0.0006
124.32         -0.0007
124.35         -0.0007
124.38         -0.0008
124.41         -0.0008
124.44         -0.0008
124.47         -0.0009
124.50         -0.0009
124.53         -0.0009
124.56         -0.0010
124.59         -0.0010
124.62         -0.0011
124.65         -0.0011
124.68         -0.0011
124.71         -0.0012
124.74         -0.0012
124.77         -0.0013
124.80         -0.0013
124.83         -0.0013
124.86         -0.0014
124.89         -0.0014
124.92         -0.0015
124.95         -0.0015
124.98         -0.0015
125.01         -0.0016
125.04         -0.0016
125.07         -0.0017
125.10         -0.0017
125.13         -0.0017
125.16         -0.0018
125.19         -0.0018
125.22         -0.0018
125.25         -0.0019
125.28         -0.0019
125.31         -0.0020
125.34         -0.0020
125.37         -0.0020
125.40         -0.0021
125.43         -0.0021
125.46         -0.0021
125.49         -0.0022
125.52         -0.0022
125.55         -0.0022
125.58         -0.0023
125.61         -0.0023
125.64         -0.0023
125.67         -0.0023
125.70         -0.0024
125.73         -0.0024
125.76         -0.0024
125.79         -0.0025
125.82         -0.0025
125.85         -0.0025
125.88         -0.0025
125.91         -0.0026
125.94         -0.0026
125.97         -0.0026
126.00         -0.0026
126.03         -0.0026
126.06         -0.0027
126.09         -0.0027
126.12         -0.0027
126.15         -0.0027
126.18         -0.0027
126.21         -0.0027
126.24         -0.0028
126.27         -0.0028
126.30         -0.0028
126.33         -0.0028
126.36         -0.0028
126.39         -0.0028
126.42         -0.0028
126.45         -0.0028
126.48         -0.0028
126.51         -0.0028
126.54         -0.0028
126.57         -0.0028
126.60         -0.0028
126.63         -0.0028
126.66         -0.0028
126.69         -0.0028
126.72         -0.0028
126.75         -0.0028
126.78         -0.0028
126.81         -0.0028
126.84         -0.0028
126.87         -0.0028
126.90         -0.0027
126.93         -0.0027
126.96         -0.0027
126.99         -0.0027
127.02         -0.0027
127.05         -0.0027
127.08         -0.0026
127.11         -0.0026
127.14         -0.0026
127.17         -0.0026
127.20         -0.0025
127.23         -0.0025
127.26         -0.0025
127.29         -0.0025
127.32         -0.0024
127.35         -0.0024
127.38         -0.0024
127.41         -0.0023
127.44         -0.0023
127.47         -0.0023
127.50         -0.0022
127.53         -0.0022
127.56         -0.0021
127.59         -0.0021
127.62         -0.0020
127.65         -0.0020
127.68         -0.0020
127.71         -0.0019
127.74         -0.0019
127.77         -0.0018
127.80         -0.0018
127.83         -0.0017
127.86         -0.0016
127.89         -0.0016
127.92         -0.0015
127.95         -0.0015
127.98         -0.0014
128.01         -0.0014
128.04         -0.0013
128.07         -0.0012
128.10         -0.0012
128.13         -0.0011
128.16         -0.0010
128.19         -0.0010
128.22         -0.0009
128.25         -0.0008
128.28         -0.0008
128.31         -0.0007
128.34         -0.0006
128.37         -0.0006
128.40         -0.0005
128.43         -0.0004
128.46         -0.0003
128.49         -0.0003
128.52         -0.0002
128.55         -0.0001
128.58         -0.0000
128.61          0.0001
128.64          0.0001
128.67          0.0002
128.70          0.0003
128.73          0.0004
128.76          0.0005
128.79          0.0005
128.82          0.0006
128.85          0.0007
128.88          0.0008
128.91          0.0009
128.94          0.0010
128.97          0.0011
129.00          0.0012
129.03          0.0012
129.06          0.0013
129.09          0.0014
129.12          0.0015
129.15          0.0016
129.18          0.0017
129.21          0.0018
129.24          0.0019
129.27          0.0020
129.30          0.0021
129.33          0.0021
129.36          0.0022
129.39          0.0023
129.42          0.0024
129.45          0.0025
129.48          0.0026
129.51          0.0027
129.54          0.0028
129.57          0.0029
129.60          0.0030
129.63          0.0031
129.66          0.0032
129.69          0.0033
129.72          0.0033
129.75          0.0034
129.78          0.0035
129.81          0.0036
129.84          0.0037
129.87          0.0038
129.90          0.0039
129.93          0.0040
129.96          0.0041
129.99          0.0042
130.02          0.0042
130.05          0.0043
130.08          0.0044
130.11          0.0045
130.14          0.0046
130.17          0.0047
130.20          0.0048
130.23          0.0049
130.26          0.0049
130.29          0.0050
130.32          0.0051
130.35          0.0052
130.38          0.0053
130.41          0.0053
130.44          0.0054
130.47          0.0055
130.50          0.0056
130.53          0.0057
130.56          0.0057
130.59          0.0058
130.62          0.0059
130.65          0.0060
130.68          0.0060
130.71          0.0061
130.74          0.0062
130.77          0.0062
130.80          0.0063
130.83          0.0064
130.86          0.0064
130.89          0.0065
130.92          0.0066
130.95          0.0066
130.98          0.0067
131.01          0.0068
131.04          0.0068
131.07          0.0069
131.10          0.0069
131.13          0.0070
131.16          0.0070
131.19          0.0071
131.22          0.0071
131.25          0.0072
131.28          0.0072
131.31          0.0073
131.34          0.0073
131.37          0.0073
131.40          0.0074
131.43          0.0074
131.46          0.0075
131.49          0.0075
131.52          0.0075
131.55          0.0076
131.58          0.0076
131.61          0.0076
131.64          0.0077
131.67          0.0077
131.70          0.0077
131.73          0.0077
131.76          0.0077
131.79          0.0078
131.82          0.0078
131.85          0.0078
131.88          0.0078
131.91          0.0078
131.94          0.0078
131.97          0.0078
132.00          0.0078
132.03          0.0079
132.06          0.0079
132.09          0.0079
132.12          0.0079
132.15          0.0079
132.18          0.0078
132.21          0.0078
132.24          0.0078
132.27          0.0078
132.30          0.0078
132.33          0.0078
132.36          0.0078
132.39          0.0078
132.42          0.0077
132.45          0.0077
132.48          0.0077
132.51          0.0077
132.54          0.0077
132.57          0.0076
132.60          0.0076
132.63          0.0076
132.66          0.0075
132.69          0.0075
132.72          0.0075
132.75          0.0074
132.78          0.0074
132.81          0.0073
132.84          0.0073
132.87          0.0072
132.90          0.0072
132.93          0.0072
132.96          0.0071
132.99          0.0070
133.02          0.0070
133.05          0.0069
133.08          0.0069
133.11          0.0068
133.14          0.0068
133.17          0.0067
133.20          0.0066
133.23          0.0066
133.26          0.0065
133.29          0.0064
133.32          0.0064
133.35          0.0063
133.38          0.0062
133.41          0.0061
133.44          0.0061
133.47          0.0060
133.50          0.0059
133.53          0.0058
133.56          0.0057
133.59          0.0057
133.62          0.0056
133.65          0.0055
133.68          0.0054
133.71          0.0053
133.74          0.0052
133.77          0.0051
133.80          0.0050
133.83          0.0050
133.86          0.0049
133.89          0.0048
133.92          0.0047
133.95          0.0046
133.98          0.0045
134.01          0.0044
134.04          0.0043
134.07          0.0042
134.10          0.0041
134.13          0.0040
134.16          0.0039
134.19          0.0038
134.22          0.0036
134.25          0.0035
134.28          0.0034
134.31          0.0033
134.34          0.0032
134.37          0.0031
134.40          0.0030
134.43          0.0029
134.46          0.0028
134.49          0.0027
134.52          0.0025
134.55          0.0024
134.58          0.0023
134.61          0.0022
134.64          0.0021
134.67          0.0020
134.70          0.0019
134.73          0.0017
134.76          0.0016
134.79          0.0015
134.82          0.0014
134.85          0.0013
134.88          0.0012
134.91          0.0010
134.94          0.0009
134.97          0.0008
135.00          0.0007
135.03          0.0006
135.06          0.0005
135.09          0.0003
135.12          0.0002
135.15          0.0001
135.18         -0.0000
135.21         -0.0001
135.24         -0.0002
135.27         -0.0004
135.30         -0.0005
135.33         -0.0006
135.36         -0.0007
135.39         -0.0008
135.42         -0.0009
135.45         -0.0010
135.48         -0.0012
135.51         -0.0013
135.54         -0.0014
135.57         -0.0015
135.60         -0.0016
135.63         -0.0017
135.66         -0.0018
135.69         -0.0019
135.72         -0.0020
135.75         -0.0021
135.78         -0.0023
135.81         -0.0024
135.84         -0.0025
135.87         -0.0026
135.90         -0.0027
135.93         -0.0028
135.96         -0.0029
135.99         -0.0030
136.02         -0.0031
136.05         -0.0032
136.08         -0.0033
136.11         -0.0034
136.14         -0.0035
136.17         -0.0036
136.20         -0.0037
136.23         -0.0038
136.26         -0.0038
136.29         -0.0039
136.32         -0.0040
136.35         -0.0041
136.38         -0.0042
136.41         -0.0043
136.44         -0.0044
136.47         -0.0045
136.50         -0.0045
136.53         -0.0046
136.56         -0.0047
136.59         -0.0048
136.62         -0.0048
136.65         -0.0049
136.68         -0.0050
136.71         -0.0051
136.74         -0.0051
136.77         -0.0052
136.80         -0.0053
136.83         -0.0053
136.86         -0.0054
136.89         -0.0055
136.92         -0.0055
136.95         -0.0056
136.98         -0.0056
137.01         -0.0057
137.04         -0.0057
137.07         -0.0058
137.10         -0.0059
137.13         -0.0059
137.16         -0.0059
137.19         -0.0060
137.22         -0.0060
137.25         -0.0061
137.28         -0.0061
137.31         -0.0062
137.34         -0.0062
137.37         -0.0062
137.40         -0.0063
137.43         -0.0063
137.46         -0.0063
137.49         -0.0064
137.52         -0.0064
137.55         -0.0064
137.58         -0.0064
137.61         -0.0065
137.64         -0.0065
137.67         -0.0065
137.70         -0.0065
137.73         -0.0065
137.76         -0.0066
137.79         -0.0066
137.82         -0.0066
137.85         -0.0066
137.88         -0.0066
137.91         -0.0066
137.94         -0.0066
137.97         -0.0066
138.00         -0.0066
138.03         -0.0066
138.06         -0.0066
138.09         -0.0066
138.12         -0.0066
138.15         -0.0066
138.18         -0.0066
138.21         -0.0066
138.24         -0.0066
138.27         -0.0065
138.30         -0.0065
138.33         -0.0065
138.36         -0.0065
138.39         -0.0065
138.42         -0.0064
138.45         -0.0064
138.48         -0.0064
138.51         -0.0064
138.54         -0.0063
138.57         -0.0063
138.60         -0.0063
138.63         -0.0063
138.66         -0.0062
138.69         -0.0062
138.72         -0.0062
138.75         -0.0061
138.78         -0.0061
138.81         -0.0060
138.84         -0.0060
138.87         -0.0060
138.90         -0.0059
138.93         -0.0059
138.96         -0.0058
138.99         -0.0058
139.02         -0.0057
139.05         -0.0057
139.08         -0.0056
139.11         -0.0056
139.14         -0.0055
139.17         -0.0055
139.20         -0.0054
139.23         -0.0054
139.26         -0.0053
139.29         -0.0052
139.32         -0.0052
139.35         -0.0051
139.38         -0.0051
139.41         -0.0050
139.44         -0.0049
139.47         -0.0049
139.50         -0.0048
139.53         -0.0047
139.56         -0.0047
139.59         -0.0046
139.62         -0.0045
139.65         -0.0045
139.68         -0.0044
139.71         -0.0043
139.74         -0.0043
139.77         -0.0042
139.80         -0.0041
139.83         -0.0041
139.86         -0.0040
139.89         -0.0039
139.92         -0.0038
139.95         -0.0038
139.98         -0.0037
140.01         -0.0036
140.04         -0.0036
140.07         -0.0035
140.10         -0.0034
140.13         -0.0033
140.16         -0.0033
140.19         -0.0032
140.22         -0.0031
140.25         -0.0030
140.28         -0.0030
140.31         -0.0029
140.34         -0.0028
140.37         -0.0027
140.40         -0.0027
140.43         -0.0026
140.46         -0.0025
140.49         -0.0024
140.52         -0.0024
140.55         -0.0023
140.58         -0.0022
140.61         -0.0021
140.64         -0.0021
140.67         -0.0020
140.70         -0.0019
140.73         -0.0019
140.76         -0.0018
140.79         -0.0017
140.82         -0.0016
140.85         -0.0016
140.88         -0.0015
140.91         -0.0014
140.94         -0.0014
140.97         -0.0013
141.00         -0.0012
141.03         -0.0012
141.06         -0.0011
141.09         -0.0010
141.12         -0.0010
141.15         -0.0009
141.18         -0.0008
141.21         -0.0008
141.24         -0.0007
141.27         -0.0006
141.30         -0.0006
141.33         -0.0005
141.36         -0.0005
141.39         -0.0004
141.42         -0.0003
141.45         -0.0003
141.48         -0.0002
141.51         -0.0002
141.54         -0.0001
141.57         -0.0001
141.60         -0.0000
141.63          0.0000
141.66          0.0001
141.69          0.0001
141.72          0.0002
141.75          0.0002
141.78          0.0003
141.81          0.0003
141.84          0.0004
141.87          0.0004
141.90          0.0005
141.93          0.0005
141.96          0.0006
141.99          0.0006
142.02          0.0006
142.05          0.0007
142.08          0.0007
142.11          0.0007
142.14          0.0008
142.17          0.0008
142.20          0.0008
142.23          0.0009
142.26          0.0009
142.29          0.0009
142.32          0.0010
142.35          0.0010
142.38          0.0010
142.41          0.0010
142.44          0.0010
142.47          0.0011
142.50          0.0011
142.53          0.0011
142.56          0.0011
142.59          0.0011
142.62          0.0012
142.65          0.0012
142.68          0.0012
142.71          0.0012
142.74          0.0012
142.77          0.0012
142.80          0.0012
142.83          0.0012
142.86          0.0012
142.89          0.0012
142.92          0.0012
142.95          0.0012
142.98          0.0012
143.01          0.0012
143.04          0.0012
143.07          0.0012
143.10          0.0012
143.13          0.0012
143.16          0.0012
143.19          0.0012
143.22          0.0012
143.25          0.0012
143.28          0.0012
143.31          0.0012
143.34          0.0012
143.37          0.0012
143.40          0.0011
143.43          0.0011
143.46          0.0011
143.49          0.0011
143.52          0.0011
143.55          0.0011
143.58          0.0010
143.61          0.0010
143.64          0.0010
143.67          0.0010
143.70          0.0009
143.73          0.0009
143.76          0.0009
143.79          0.0009
143.82          0.0008
143.85          0.0008
143.88          0.0008
143.91          0.0008
143.94          0.0007
143.97          0.0007
144.00          0.0007
144.03          0.0006
144.06          0.0006
144.09          0.0006
144.12          0.0005
144.15          0.0005
144.18          0.0005
144.21          0.0004
144.24          0.0004
144.27          0.0003
144.30          0.0003
144.33          0.0003
144.36          0.0002
144.39          0.0002
144.42          0.0002
144.45          0.0001
144.48          0.0001
144.51          0.0000
144.54         -0.0000
144.57         -0.0000
144.60         -0.0001
144.63         -0.0001
144.66         -0.0002
144.69         -0.0002
144.72         -0.0003
144.75         -0.0003
144.78         -0.0003
144.81         -0.0004
144.84         -0.0004
144.87         -0.0005
144.90         -0.0005
144.93         -0.0005
144.96         -0.0006
144.99         -0.0006
145.02         -0.0007
145.05         -0.0007
145.08         -0.0008
145.11         -0.0008
145.14         -0.0008
145.17         -0.0009
145.20         -0.0009
145.23         -0.0010
145.26         -0.0010
145.29         -0.0010
145.32         -0.0011
145.35         -0.0011
145.38         -0.0012
145.41         -0.0012
145.44         -0.0012
145.47         -0.0013
145.50         -0.0013
145.53         -0.0013
145.56         -0.0014
145.59         -0.0014
145.62         -0.0015
145.65         -0.0015
145.68         -0.0015
145.71         -0.0016
145.74         -0.0016
145.77         -0.0016
145.80         -0.0017
145.83         -0.0017
145.86         -0.0017
145.89         -0.0017
145.92         -0.0018
145.95         -0.0018
145.98         -0.0018
146.01         -0.0019
146.04         -0.0019
146.07         -0.0019
146.10         -0.0019
146.13         -0.0019
146.16         -0.0020
146.19         -0.0020
146.22         -0.0020
146.25         -0.0020
146.28         -0.0020
146.31         -0.0021
146.34         -0.0021
146.37         -0.0021
146.40         -0.0021
146.43         -0.0021
146.46         -0.0021
146.49         -0.0021
146.52         -0.0021
146.55         -0.0022
146.58         -0.0022
146.61         -0.0022
146.64         -0.0022
146.67         -0.0022
146.70         -0.0022
146.73         -0.0022
146.76         -0.0022
146.79         -0.0022
146.82         -0.0022
146.85         -0.0022
146.88         -0.0022
146.91         -0.0022
146.94         -0.0022
146.97         -0.0021
147.00         -0.0021
147.03         -0.0021
147.06         -0.0021
147.09         -0.0021
147.12         -0.0021
147.15         -0.0021
147.18         -0.0021
147.21         -0.0020
147.24         -0.0020
147.27         -0.0020
147.30         -0.0020
147.33         -0.0019
147.36         -0.0019
147.39         -0.0019
147.42         -0.0019
147.45         -0.0018
147.48         -0.0018
147.51         -0.0018
147.54         -0.0017
147.57         -0.0017
147.60         -0.0017
147.63         -0.0016
147.66         -0.0016
147.69         -0.0016
147.72         -0.0015
147.75         -0.0015
147.78         -0.0014
147.81         -0.0014
147.84         -0.0014
147.87         -0.0013
147.90         -0.0013
147.93         -0.0012
147.96         -0.0012
147.99         -0.0011
148.02         -0.0011
148.05         -0.0010
148.08         -0.0010
148.11         -0.0009
148.14         -0.0009
148.17         -0.0008
148.20         -0.0007
148.23         -0.0007
148.26         -0.0006
148.29         -0.0006
148.32         -0.0005
148.35         -0.0004
148.38         -0.0004
148.41         -0.0003
148.44         -0.0002
148.47         -0.0002
148.50         -0.0001
148.53         -0.0000
148.56          0.0000
148.59          0.0001
148.62          0.0002
148.65          0.0002
148.68          0.0003
148.71          0.0004
148.74          0.0005
148.77          0.0005
148.80          0.0006
148.83          0.0007
148.86          0.0008
148.89          0.0008
148.92          0.0009
148.95          0.0010
148.98          0.0011
149.01          0.0012
149.04          0.0012
149.07          0.0013
149.10          0.0014
149.13          0.0015
149.16          0.0016
149.19          0.0016
149.22          0.0017
149.25          0.0018
149.28          0.0019
149.31          0.0020
149.34          0.0020
149.37          0.0021
149.40          0.0022
149.43          0.0023
149.46          0.0024
149.49          0.0025
149.52          0.0025
149.55          0.0026
149.58          0.0027
149.61          0.0028
149.64          0.0029
149.67          0.0030
149.70          0.0030
149.73          0.0031
149.76          0.0032
149.79          0.0033
149.82          0.0034
149.85          0.0035
149.88          0.0035
149.91          0.0036
149.94          0.0037
149.97          0.0038
150.00          0.0039
150.03          0.0039
150.06          0.0040
150.09          0.0041
150.12          0.0042
150.15          0.0043
150.18          0.0043
150.21          0.0044
150.24          0.0045
150.27          0.0046
150.30          0.0046
150.33          0.0047
150.36          0.0048
150.39          0.0049
150.42          0.0049
150.45          0.0050
150.48          0.0051
150.51          0.0051
150.54          0.0052
150.57          0.0053
150.60          0.0054
150.63          0.0054
150.66          0.0055
150.69          0.0055
150.72          0.0056
150.75          0.0057
150.78          0.0057
150.81          0.0058
150.84          0.0059
150.87          0.0059
150.90          0.0060
150.93          0.0060
150.96          0.0061
150.99          0.0061
151.02          0.0062
151.05          0.0062
151.08          0.0063
151.11          0.0063
151.14          0.0064
151.17          0.0064
151.20          0.0065
151.23          0.0065
151.26          0.0065
151.29          0.0066
151.32          0.0066
151.35          0.0067
151.38          0.0067
151.41          0.0067
151.44          0.0068
151.47          0.0068
151.50          0.0068
151.53          0.0068
151.56          0.0069
151.59          0.0069
151.62          0.0069
151.65          0.0069
151.68          0.0070
151.71          0.0070
151.74          0.0070
151.77          0.0070
151.80          0.0070
151.83          0.0070
151.86          0.0070
151.89          0.0071
151.92          0.0071
151.95          0.0071
151.98          0.0071
152.01          0.0071
152.04          0.0071
152.07          0.0071
152.10          0.0071
152.13          0.0071
152.16          0.0070
152.19          0.0070
152.22          0.0070
152.25          0.0070
152.28          0.0070
152.31          0.0070
152.34          0.0070
152.37          0.0069
152.40          0.0069
152.43          0.0069
152.46          0.0069
152.49          0.0068
152.52          0.0068
152.55          0.0068
152.58          0.0068
152.61          0.0067
152.64          0.0067
152.67          0.0067
152.70          0.0066
152.73          0.0066
152.76          0.0065
152.79          0.0065
152.82          0.0064
152.85          0.0064
152.88          0.0063
152.91          0.0063
152.94          0.0062
152.97          0.0062
153.00          0.0061
153.03          0.0061
153.06          0.0060
153.09          0.0060
153.12          0.0059
153.15          0.0058
153.18          0.0058
153.21          0.0057
153.24          0.0056
153.27          0.0056
153.30          0.0055
153.33          0.0054
153.36          0.0054
153.39          0.0053
153.42          0.0052
153.45          0.0051
153.48          0.0050
153.51          0.0050
153.54          0.0049
153.57          0.0048
153.60          0.0047
153.63          0.0046
153.66          0.0046
153.69          0.0045
153.72          0.0044
153.75          0.0043
153.78          0.0042
153.81          0.0041
153.84          0.0040
153.87          0.0039
153.90          0.0038
153.93          0.0037
153.96          0.0036
153.99          0.0035
154.02          0.0034
154.05          0.0033
154.08          0.0032
154.11          0.0031
154.14          0.0030
154.17          0.0029
154.20          0.0028
154.23          0.0027
154.26          0.0026
154.29          0.0025
154.32          0.0024
154.35          0.0023
154.38          0.0022
154.41          0.0021
154.44          0.0020
154.47          0.0018
154.50          0.0017
154.53          0.0016
154.56          0.0015
154.59          0.0014
154.62          0.0013
154.65          0.0012
154.68          0.0011
154.71          0.0010
154.74          0.0008
154.77          0.0007
154.80          0.0006
154.83          0.0005
154.86          0.0004
154.89          0.0003
154.92          0.0002
154.95          0.0000
154.98         -0.0001
155.01         -0.0002
155.04         -0.0003
155.07         -0.0004
155.10         -0.0005
155.13         -0.0006
155.16         -0.0007
155.19         -0.0009
155.22         -0.0010
155.25         -0.0011
155.28         -0.0012
155.31         -0.0013
155.34         -0.0014
155.37         -0.0015
155.40         -0.0016
155.43         -0.0017
155.46         -0.0019
155.49         -0.0020
155.52         -0.0021
155.55         -0.0022
155.58         -0.0023
155.61         -0.0024
155.64         -0.0025
155.67         -0.0026
155.70         -0.0027
155.73         -0.0028
155.76         -0.0029
155.79         -0.0030
155.82         -0.0031
155.85         -0.0032
155.88         -0.0033
155.91         -0.0034
155.94         -0.0035
155.97         -0.0036
156.00         -0.0037
156.03         -0.0038
156.06         -0.0039
156.09         -0.0040
156.12         -0.0041
156.15         -0.0041
156.18         -0.0042
156.21         -0.0043
156.24         -0.0044
156.27         -0.0045
156.30         -0.0046
156.33         -0.0047
156.36         -0.0047
156.39         -0.0048
156.42         -0.0049
156.45         -0.0050
156.48         -0.0050
156.51         -0.0051
156.54         -0.0052
156.57         -0.0053
156.60         -0.0053
156.63         -0.0054
156.66         -0.0055
156.69         -0.0055
156.72         -0.0056
156.75         -0.0057
156.78         -0.0057
156.81         -0.0058
156.84         -0.0058
156.87         -0.0059
156.90         -0.0060
156.93         -0.0060
156.96         -0.0061
156.99         -0.0061
157.02         -0.0062
157.05         -0.0062
157.08         -0.0062
157.11         -0.0063
157.14         -0.0063
157.17         -0.0064
157.20         -0.0064
157.23         -0.0064
157.26         -0.0065
157.29         -0.0065
157.32         -0.0065
157.35         -0.0066
157.38         -0.0066
157.41         -0.0066
157.44         -0.0066
157.47         -0.0067
157.50         -0.0067
157.53         -0.0067
157.56         -0.0067
157.59         -0.0067
157.62         -0.0068
157.65         -0.0068
157.68         -0.0068
157.71         -0.0068
157.74         -0.0068
157.77         -0.0068
157.80         -0.0068
157.83         -0.0068
157.86         -0.0068
157.89         -0.0068
157.92         -0.0068
157.95         -0.0068
157.98         -0.0068
158.01         -0.0068
158.04         -0.0068
158.07         -0.0068
158.10         -0.0067
158.13         -0.0067
158.16         -0.0067
158.19         -0.0067
158.22         -0.0067
158.25         -0.0067
158.28         -0.0066
158.31         -0.0066
158.34         -0.0066
158.37         -0.0065
158.40         -0.0065
158.43         -0.0065
158.46         -0.0065
158.49         -0.0064
158.52         -0.0064
158.55         -0.0064
158.58         -0.0063
158.61         -0.0063
158.64         -0.0062
158.67         -0.0062
158.70         -0.0061
158.73         -0.0061
158.76         -0.0061
158.79         -0.0060
158.82         -0.0060
158.85         -0.0059
158.88         -0.0059
158.91         -0.0058
158.94         -0.0058
158.97         -0.0057
159.00         -0.0056
159.03         -0.0056
159.06         -0.0055
159.09         -0.0055
159.12         -0.0054
159.15         -0.0053
159.18         -0.0053
159.21         -0.0052
159.24         -0.0052
159.27         -0.0051
159.30         -0.0050
159.33         -0.0050
159.36         -0.0049
159.39         -0.0048
159.42         -0.0047
159.45         -0.0047
159.48         -0.0046
159.51         -0.0045
159.54         -0.0045
159.57         -0.0044
159.60         -0.0043
159.63         -0.0042
159.66         -0.0042
159.69         -0.0041
159.72         -0.0040
159.75         -0.0039
159.78         -0.0039
159.81         -0.0038
159.84         -0.0037
159.87         -0.0036
159.90         -0.0035
159.93         -0.0035
159.96         -0.0034
159.99         -0.0033
160.02         -0.0032
160.05         -0.0031
160.08         -0.0031
160.11         -0.0030
160.14         -0.0029
160.17         -0.0028
160.20         -0.0027
160.23         -0.0026
160.26         -0.0026
160.29         -0.0025
160.32         -0.0024
160.35         -0.0023
160.38         -0.0022
160.41         -0.0022
160.44         -0.0021
160.47         -0.0020
160.50         -0.0019
160.53         -0.0018
160.56         -0.0018
160.59         -0.0017
160.62         -0.0016
160.65         -0.0015
160.68         -0.0014
160.71         -0.0014
160.74         -0.0013
160.77         -0.0012
160.80         -0.0011
160.83         -0.0010
160.86         -0.0010
160.89         -0.0009
160.92         -0.0008
160.95         -0.0007
160.98         -0.0007
161.01         -0.0006
161.04         -0.0005
161.07         -0.0004
161.10         -0.0004
161.13         -0.0003
161.16         -0.0002
161.19         -0.0002
161.22         -0.0001
161.25         -0.0000
161.28          0.0000
161.31          0.0001
161.34          0.0002
161.37          0.0002
161.40          0.0003
161.43          0.0004
161.46          0.0004
161.49          0.0005
161.52          0.0006
161.55          0.0006
161.58          0.0007
161.61          0.0007
161.64          0.0008
161.67          0.0008
161.70          0.0009
161.73          0.0010
161.76          0.0010
161.79          0.0011
161.82          0.0011
161.85          0.0012
161.88          0.0012
161.91          0.0012
161.94          0.0013
161.97          0.0013
162.00          0.0014
162.03          0.0014
162.06          0.0015
162.09          0.0015
162.12          0.0015
162.15          0.0016
162.18          0.0016
162.21          0.0016
162.24          0.0017
162.27          0.0017
162.30          0.0017
162.33          0.0018
162.36          0.0018
162.39          0.0018
162.42          0.0019
162.45          0.0019
162.48          0.0019
162.51          0.0019
162.54          0.0019
162.57          0.0020
162.60          0.0020
162.63          0.0020
162.66          0.0020
162.69          0.0020
162.72          0.0020
162.75          0.0021
162.78          0.0021
162.81          0.0021
162.84          0.0021
162.87          0.0021
162.90          0.0021
162.93          0.0021
162.96          0.0021
162.99          0.0021
163.02          0.0021
163.05          0.0021
163.08          0.0021
163.11          0.0021
163.14          0.0021
163.17          0.0021
163.20          0.0021
163.23          0.0021
163.26          0.0021
163.29          0.0021
163.32          0.0020
163.35          0.0020
163.38          0.0020
163.41          0.0020
163.44          0.0020
163.47          0.0020
163.50          0.0019
163.53          0.0019
163.56          0.0019
163.59          0.0019
163.62          0.0019
163.65          0.0018
163.68          0.0018
163.71          0.0018
163.74          0.0018
163.77          0.0017
163.80          0.0017
163.83          0.0017
163.86          0.0017
163.89          0.0016
163.92          0.0016
163.95          0.0016
163.98          0.0015
164.01          0.0015
164.04          0.0015
164.07          0.0014
164.10          0.0014
164.13          0.0014
164.16          0.0013
164.19          0.0013
164.22          0.0012
164.25          0.0012
164.28          0.0012
164.31          0.0011
164.34          0.0011
164.37          0.0010
164.40          0.0010
164.43          0.0010
164.46          0.0009
164.49          0.0009
164.52          0.0008
164.55          0.0008
164.58          0.0007
164.61          0.0007
164.64          0.0007
164.67          0.0006
164.70          0.0006
164.73          0.0005
164.76          0.0005
164.79          0.0004
164.82          0.0004
164.85          0.0003
164.88          0.0003
164.91          0.0002
164.94          0.0002
164.97          0.0002
165.00          0.0001
165.03          0.0001
165.06          0.0000
165.09         -0.0000
165.12         -0.0001
165.15         -0.0001
165.18         -0.0002
165.21         -0.0002
165.24         -0.0003
165.27         -0.0003
165.30         -0.0004
165.33         -0.0004
165.36         -0.0004
165.39         -0.0005
165.42         -0.0005
165.45         -0.0006
165.48         -0.0006
165.51         -0.0007
165.54         -0.0007
165.57         -0.0007
165.60         -0.0008
165.63         -0.0008
165.66         -0.0009
165.69         -0.0009
165.72         -0.0009
165.75         -0.0010
165.78         -0.0010
165.81         -0.0011
165.84         -0.0011
165.87         -0.0011
165.90         -0.0012
165.93         -0.0012
165.96         -0.0012
165.99         -0.0013
166.02         -0.0013
166.05         -0.0013
166.08         -0.0013
166.11         -0.0014
166.14         -0.0014
166.17         -0.0014
166.20         -0.0015
166.23         -0.0015
166.26         -0.0015
166.29         -0.0015
166.32         -0.0016
166.35         -0.0016
166.38         -0.0016
166.41         -0.0016
166.44         -0.0016
166.47         -0.0017
166.50         -0.0017
166.53         -0.0017
166.56         -0.0017
166.59         -0.0017
166.62         -0.0017
166.65         -0.0017
166.68         -0.0018
166.71         -0.0018
166.74         -0.0018
166.77         -0.0018
166.80         -0.0018
166.83         -0.0018
166.86         -0.0018
166.89         -0.0018
166.92         -0.0018
166.95         -0.0018
166.98         -0.0018
167.01         -0.0018
167.04         -0.0018
167.07         -0.0018
167.10         -0.0018
167.13         -0.0018
167.16         -0.0018
167.19         -0.0018
167.22         -0.0017
167.25         -0.0017
167.28         -0.0017
167.31         -0.0017
167.34         -0.0017
167.37         -0.0017
167.40         -0.0016
167.43         -0.0016
167.46         -0.0016
167.49         -0.0016
167.52         -0.0016
167.55         -0.0015
167.58         -0.0015
167.61         -0.0015
167.64         -0.0015
167.67         -0.0014
167.70         -0.0014
167.73         -0.0014
167.76         -0.0013
167.79         -0.0013
167.82         -0.0013
167.85         -0.0012
167.88         -0.0012
167.91         -0.0011
167.94         -0.0011
167.97         -0.0011
168.00         -0.0010
168.03         -0.0010
168.06         -0.0009
168.09         -0.0009
168.12         -0.0008
168.15         -0.0008
168.18         -0.0007
168.21         -0.0007
168.24         -0.0006
168.27         -0.0006
168.30         -0.0005
168.33         -0.0005
168.36         -0.0004
168.39         -0.0004
168.42         -0.0003
168.45         -0.0003
168.48         -0.0002
168.51         -0.0001
168.54         -0.0001
168.57         -0.0000
168.60          0.0000
168.63          0.0001
168.66          0.0002
168.69          0.0002
168.72          0.0003
168.75          0.0004
168.78          0.0004
168.81          0.0005
168.84          0.0006
168.87          0.0006
168.90          0.0007
168.93          0.0008
168.96          0.0008
168.99          0.0009
169.02          0.0010
169.05          0.0011
169.08          0.0011
169.11          0.0012
169.14          0.0013
169.17          0.0013
169.20          0.0014
169.23          0.0015
169.26          0.0016
169.29          0.0016
169.32          0.0017
169.35          0.0018
169.38          0.0019
169.41          0.0019
169.44          0.0020
169.47          0.0021
169.50          0.0022
169.53          0.0022
169.56          0.0023
169.59          0.0024
169.62          0.0025
169.65          0.0025
169.68          0.0026
169.71          0.0027
169.74          0.0028
169.77          0.0029
169.80          0.0029
169.83          0.0030
169.86          0.0031
169.89          0.0032
169.92          0.0032
169.95          0.0033
169.98          0.0034
170.01          0.0035
170.04          0.0035
170.07          0.0036
170.10          0.0037
170.13          0.0037
170.16          0.0038
170.19          0.0039
170.22          0.0040
170.25          0.0040
170.28          0.0041
170.31          0.0042
170.34          0.0042
170.37          0.0043
170.40          0.0044
170.43          0.0044
170.46          0.0045
170.49          0.0046
170.52          0.0046
170.55          0.0047
170.58          0.0047
170.61          0.0048
170.64          0.0049
170.67          0.0049
170.70          0.0050
170.73          0.0050
170.76          0.0051
170.79          0.0052
170.82          0.0052
170.85          0.0053
170.88          0.0053
170.91          0.0054
170.94          0.0054
170.97          0.0055
171.00          0.0055
171.03          0.0056
171.06          0.0056
171.09          0.0056
171.12          0.0057
171.15          0.0057
171.18          0.0058
171.21          0.0058
171.24          0.0058
171.27          0.0059
171.30          0.0059
171.33          0.0059
171.36          0.0060
171.39          0.0060
171.42          0.0060
171.45          0.0061
171.48          0.0061
171.51          0.0061
171.54          0.0061
171.57          0.0062
171.60          0.0062
171.63          0.0062
171.66          0.0062
171.69          0.0062
171.72          0.0062
171.75          0.0063
171.78          0.0063
171.81          0.0063
171.84          0.0063
171.87          0.0063
171.90          0.0063
171.93          0.0063
171.96          0.0063
171.99          0.0063
172.02          0.0063
172.05          0.0063
172.08          0.0063
172.11          0.0063
172.14          0.0063
172.17          0.0063
172.20          0.0063
172.23          0.0062
172.26          0.0062
172.29          0.0062
172.32          0.0062
172.35          0.0062
172.38          0.0061
172.41          0.0061
172.44          0.0061
172.47          0.0061
172.50          0.0060
172.53          0.0060
172.56          0.0060
172.59          0.0059
172.62          0.0059
172.65          0.0059
172.68          0.0058
172.71          0.0058
172.74          0.0058
172.77          0.0057
172.80          0.0057
172.83          0.0056
172.86          0.0056
172.89          0.0055
172.92          0.0055
172.95          0.0054
172.98          0.0054
173.01          0.0053
173.04          0.0052
173.07          0.0052
173.10          0.0051
173.13          0.0051
173.16          0.0050
173.19          0.0049
173.22          0.0049
173.25          0.0048
173.28          0.0047
173.31          0.0047
173.34          0.0046
173.37          0.0045
173.40          0.0044
173.43          0.0044
173.46          0.0043
173.49          0.0042
173.52          0.0041
173.55          0.0041
173.58          0.0040
173.61          0.0039
173.64          0.0038
173.67          0.0037
173.70          0.0036
173.73          0.0035
173.76          0.0035
173.79          0.0034
173.82          0.0033
173.85          0.0032
173.88          0.0031
173.91          0.0030
173.94          0.0029
173.97          0.0028
174.00          0.0027
174.03          0.0026
174.06          0.0025
174.09          0.0024
174.12          0.0023
174.15          0.0022
174.18          0.0021
174.21          0.0020
174.24          0.0019
174.27          0.0018
174.30          0.0017
174.33          0.0016
174.36          0.0015
174.39          0.0014
174.42          0.0013
174.45          0.0012
174.48          0.0011
174.51          0.0010
174.54          0.0009
174.57          0.0008
174.60          0.0007
174.63          0.0005
174.66          0.0004
174.69          0.0003
174.72          0.0002
174.75          0.0001
174.78         -0.0000
174.81         -0.0001
174.84         -0.0002
174.87         -0.0003
174.90         -0.0004
174.93         -0.0005
174.96         -0.0007
174.99         -0.0008
175.02         -0.0009
175.05         -0.0010
175.08         -0.0011
175.11         -0.0012
175.14         -0.0013
175.17         -0.0014
175.20         -0.0015
175.23         -0.0016
175.26         -0.0017
175.29         -0.0018
175.32         -0.0019
175.35         -0.0021
175.38         -0.0022
175.41         -0.0023
175.44         -0.0024
175.47         -0.0025
175.50         -0.0026
175.53         -0.0027
175.56         -0.0028
175.59         -0.0029
175.62         -0.0030
175.65         -0.0031
175.68         -0.0032
175.71         -0.0033
175.74         -0.0034
175.77         -0.0035
175.80         -0.0036
175.83         -0.0037
175.86         -0.0037
175.89         -0.0038
175.92         -0.0039
175.95         -0.0040
175.98         -0.0041
176.01         -0.0042
176.04         -0.0043
176.07         -0.0044
176.10         -0.0045
176.13         -0.0045
176.16         -0.0046
176.19         -0.0047
176.22         -0.0048
176.25         -0.0049
176.28         -0.0049
176.31         -0.0050
176.34         -0.0051
176.37         -0.0052
176.40         -0.0052
176.43         -0.0053
176.46         -0.0054
176.49         -0.0054
176.52         -0.0055
176.55         -0.0056
176.58         -0.0056
176.61         -0.0057
176.64         -0.0058
176.67         -0.0058
176.70         -0.0059
176.73         -0.0059
176.76         -0.0060
176.79         -0.0060
176.82         -0.0061
176.85         -0.0061
176.88         -0.0062
176.91         -0.0062
176.94         -0.0063
176.97         -0.0063
177.00         -0.0064
177.03         -0.0064
177.06         -0.0064
177.09         -0.0065
177.12         -0.0065
177.15         -0.0066
177.18         -0.0066
177.21         -0.0066
177.24         -0.0066
177.27         -0.0067
177.30         -0.0067
177.33         -0.0067
177.36         -0.0067
177.39         -0.0068
177.42         -0.0068
177.45         -0.0068
177.48         -0.0068
177.51         -0.0068
177.54         -0.0068
177.57         -0.0068
177.60         -0.0068
177.63         -0.0068
177.66         -0.0069
177.69         -0.0069
177.72         -0.0069
177.75         -0.0069
177.78         -0.0068
177.81         -0.0068
177.84         -0.0068
177.87         -0.0068
177.90         -0.0068
177.93         -0.0068
177.96         -0.0068
177.99         -0.0068
178.02         -0.0068
178.05         -0.0067
178.08         -0.0067
178.11         -0.0067
178.14         -0.0067
178.17         -0.0067
178.20         -0.0066
178.23         -0.0066
178.26         -0.0066
178.29         -0.0065
178.32         -0.0065
178.35         -0.0065
178.38         -0.0064
178.41         -0.0064
178.44         -0.0064
178.47         -0.0063
178.50         -0.0063
178.53         -0.0062
178.56         -0.0062
178.59         -0.0061
178.62         -0.0061
178.65         -0.0060
178.68         -0.0060
178.71         -0.0059
178.74         -0.0059
178.77         -0.0058
178.80         -0.0058
178.83         -0.0057
178.86         -0.0057
178.89         -0.0056
178.92         -0.0055
178.95         -0.0055
178.98         -0.0054
179.01         -0.0054
179.04         -0.0053
179.07         -0.0052
179.10         -0.0052
179.13         -0.0051
179.16         -0.0050
179.19         -0.0050
179.22         -0.0049
179.25         -0.0048
179.28         -0.0047
179.31         -0.0047
179.34         -0.0046
179.37         -0.0045
179.40         -0.0044
179.43         -0.0044
179.46         -0.0043
179.49         -0.0042
179.52         -0.0041
179.55         -0.0040
179.58         -0.0040
179.61         -0.0039
179.64         -0.0038
179.67         -0.0037
179.70         -0.0036
179.73         -0.0036
179.76         -0.0035
179.79         -0.0034
179.82         -0.0033
179.85         -0.0032
179.88         -0.0031
179.91         -0.0031
179.94         -0.0030
179.97         -0.0029
180.00         -0.0028
180.03         -0.0027
180.06         -0.0026
180.09         -0.0025
180.12         -0.0024
180.15         -0.0024
180.18         -0.0023
180.21         -0.0022
180.24         -0.0021
180.27         -0.0020
180.30         -0.0019
180.33         -0.0018
180.36         -0.0017
180.39         -0.0017
180.42         -0.0016
180.45         -0.0015
180.48         -0.0014
180.51         -0.0013
180.54         -0.0012
180.57         -0.0011
180.60         -0.0011
180.63         -0.0010
180.66         -0.0009
180.69         -0.0008
180.72         -0.0007
180.75         -0.0006
180.78         -0.0006
180.81         -0.0005
180.84         -0.0004
180.87         -0.0003
180.90         -0.0002
180.93         -0.0001
180.96         -0.0001
180.99          0.0000
181.02          0.0001
181.05          0.0002
181.08          0.0002
181.11          0.0003
181.14          0.0004
181.17          0.0005
181.20          0.0005
181.23          0.0006
181.26          0.0007
181.29          0.0008
181.32          0.0008
181.35          0.0009
181.38          0.0010
181.41          0.0010
181.44          0.0011
181.47          0.0012
181.50          0.0012
181.53          0.0013
181.56          0.0013
181.59          0.0014
181.62          0.0015
181.65          0.0015
181.68          0.0016
181.71          0.0016
181.74          0.0017
181.77          0.0017
181.80          0.0018
181.83          0.0019
181.86          0.0019
181.89          0.0020
181.92          0.0020
181.95          0.0020
181.98          0.0021
182.01          0.0021
182.04          0.0022
182.07          0.0022
182.10          0.0023
182.13          0.0023
182.16          0.0023
182.19          0.0024
182.22          0.0024
182.25          0.0024
182.28          0.0025
182.31          0.0025
182.34          0.0025
182.37          0.0026
182.40          0.0026
182.43          0.0026
182.46          0.0027
182.49          0.0027
182.52          0.0027
182.55          0.0027
182.58          0.0027
182.61          0.0028
182.64          0.0028
182.67          0.0028
182.70          0.0028
182.73          0.0028
182.76          0.0028
182.79          0.0028
182.82          0.0028
182.85          0.0029
182.88          0.0029
182.91          0.0029
182.94          0.0029
182.97          0.0029
183.00          0.0029
183.03          0.0029
183.06          0.0029
183.09          0.0029
183.12          0.0029
183.15          0.0029
183.18          0.0028
183.21          0.0028
183.24          0.0028
183.27          0.0028
183.30          0.0028
183.33          0.0028
183.36          0.0028
183.39          0.0028
183.42          0.0027
183.45          0.0027
183.48          0.0027
183.51          0.0027
183.54          0.0027
183.57          0.0026
183.60          0.0026
183.63          0.0026
183.66          0.0026
183.69          0.0025
183.72          0.0025
183.75          0.0025
183.78          0.0025
183.81          0.0024
183.84          0.0024
183.87          0.0024
183.90          0.0023
183.93          0.0023
183.96          0.0023
183.99          0.0022
184.02          0.0022
184.05          0.0022
184.08          0.0021
184.11          0.0021
184.14          0.0020
184.17          0.0020
184.20          0.0020
184.23          0.0019
184.26          0.0019
184.29          0.0018
184.32          0.0018
184.35          0.0017
184.38          0.0017
184.41          0.0016
184.44          0.0016
184.47          0.0016
184.50          0.0015
184.53          0.0015
184.56          0.0014
184.59          0.0014
184.62          0.0013
184.65          0.0013
184.68          0.0012
184.71          0.0012
184.74          0.0011
184.77          0.0011
184.80          0.0010
184.83          0.0010
184.86          0.0009
184.89          0.0009
184.92          0.0008
184.95          0.0008
184.98          0.0007
185.01          0.0007
185.04          0.0006
185.07          0.0006
185.10          0.0005
185.13          0.0005
185.16          0.0004
185.19          0.0004
185.22          0.0003
185.25          0.0003
185.28          0.0002
185.31          0.0002
185.34          0.0001
185.37          0.0001
185.40          0.0000
185.43         -0.0000
185.46         -0.0001
185.49         -0.0001
185.52         -0.0002
185.55         -0.0002
185.58         -0.0003
185.61         -0.0003
185.64         -0.0004
185.67         -0.0004
185.70         -0.0005
185.73         -0.0005
185.76         -0.0006
185.79         -0.0006
185.82         -0.0006
185.85         -0.0007
185.88         -0.0007
185.91         -0.0008
185.94         -0.0008
185.97         -0.0008
186.00         -0.0009
186.03         -0.0009
186.06         -0.0010
186.09         -0.0010
186.12         -0.0010
186.15         -0.0011
186.18         -0.0011
186.21         -0.0011
186.24         -0.0012
186.27         -0.0012
186.30         -0.0012
186.33         -0.0013
186.36         -0.0013
186.39         -0.0013
186.42         -0.0013
186.45         -0.0014
186.48         -0.0014
186.51         -0.0014
186.54         -0.0014
186.57         -0.0015
186.60         -0.0015
186.63         -0.0015
186.66         -0.0015
186.69         -0.0015
186.72         -0.0015
186.75         -0.0016
186.78         -0.0016
186.81         -0.0016
186.84         -0.0016
186.87         -0.0016
186.90         -0.0016
186.93         -0.0016
186.96         -0.0016
186.99         -0.0016
187.02         -0.0016
187.05         -0.0016
187.08         -0.0016
187.11         -0.0016
187.14         -0.0016
187.17         -0.0016
187.20         -0.0016
187.23         -0.0016
187.26         -0.0016
187.29         -0.0016
187.32         -0.0016
187.35         -0.0016
187.38         -0.0016
187.41         -0.0016
187.44         -0.0016
187.47         -0.0016
187.50         -0.0015
187.53         -0.0015
187.56         -0.0015
187.59         -0.0015
187.62         -0.0015
187.65         -0.0014
187.68         -0.0014
187.71         -0.0014
187.74         -0.0014
187.77         -0.0013
187.80         -0.0013
187.83         -0.0013
187.86         -0.0013
187.89         -0.0012
187.92         -0.0012
187.95         -0.0012
187.98         -0.0011
188.01         -0.0011
188.04         -0.0011
188.07         -0.0010
188.10         -0.0010
188.13         -0.0009
188.16         -0.0009
188.19         -0.0009
188.22         -0.0008
188.25         -0.0008
188.28         -0.0007
188.31         -0.0007
188.34         -0.0006
188.37         -0.0006
188.40         -0.0005
188.43         -0.0005
188.46         -0.0004
188.49         -0.0004
188.52         -0.0003
188.55         -0.0003
188.58         -0.0002
188.61         -0.0002
188.64         -0.0001
188.67         -0.0001
188.70          0.0000
188.73          0.0001
188.76          0.0001
188.79          0.0002
188.82          0.0002
188.85          0.0003
188.88          0.0004
188.91          0.0004
188.94          0.0005
188.97          0.0006
189.00          0.0006
189.03          0.0007
189.06          0.0008
189.09          0.0008
189.12          0.0009
189.15          0.0010
189.18          0.0010
189.21          0.0011
189.24          0.0012
189.27          0.0012
189.30          0.0013
189.33          0.0014
189.36          0.0014
189.39          0.0015
189.42          0.0016
189.45          0.0016
189.48          0.0017
189.51          0.0018
189.54          0.0018
189.57          0.0019
189.60          0.0020
189.63          0.0021
189.66          0.0021
189.69          0.0022
189.72          0.0023
189.75          0.0023
189.78          0.0024
189.81          0.0025
189.84          0.0026
189.87          0.0026
189.90          0.0027
189.93          0.0028
189.96          0.0028
189.99          0.0029
190.02          0.0030
190.05          0.0030
190.08          0.0031
190.11          0.0032
190.14          0.0032
190.17          0.0033
190.20          0.0034
190.23          0.0034
190.26          0.0035
190.29          0.0036
190.32          0.0036
190.35          0.0037
190.38          0.0038
190.41          0.0038
190.44          0.0039
190.47          0.0039
190.50          0.0040
190.53          0.0041
190.56          0.0041
190.59          0.0042
190.62          0.0042
190.65          0.0043
190.68          0.0043
190.71          0.0044
190.74          0.0044
190.77          0.0045
190.80          0.0046
190.83          0.0046
190.86          0.0047
190.89          0.0047
190.92          0.0047
190.95          0.0048
190.98          0.0048
191.01          0.0049
191.04          0.0049
191.07          0.0050
191.10          0.0050
191.13          0.0050
191.16          0.0051
191.19          0.0051
191.22          0.0052
191.25          0.0052
191.28          0.0052
191.31          0.0053
191.34          0.0053
191.37          0.0053
191.40          0.0053
191.43          0.0054
191.46          0.0054
191.49          0.0054
191.52          0.0054
191.55          0.0055
191.58          0.0055
191.61          0.0055
191.64          0.0055
191.67          0.0055
191.70          0.0055
191.73          0.0055
191.76          0.0056
191.79          0.0056
191.82          0.0056
191.85          0.0056
191.88          0.0056
191.91          0.0056
191.94          0.0056
191.97          0.0056
192.00          0.0056
192.03          0.0056
192.06          0.0056
192.09          0.0056
192.12          0.0056
192.15          0.0056
192.18          0.0055
192.21          0.0055
192.24          0.0055
192.27          0.0055
192.30          0.0055
192.33          0.0055
192.36          0.0054
192.39          0.0054
192.42          0.0054
192.45          0.0054
192.48          0.0053
192.51          0.0053
192.54          0.0053
192.57          0.0052
192.60          0.0052
192.63          0.0052
192.66          0.0051
192.69          0.0051
192.72          0.0051
192.75          0.0050
192.78          0.0050
192.81          0.0049
192.84          0.0049
192.87          0.0048
192.90          0.0048
192.93          0.0047
192.96          0.0047
192.99          0.0046
193.02          0.0046
193.05          0.0045
193.08          0.0045
193.11          0.0044
193.14          0.0043
193.17          0.0043
193.20          0.0042
193.23          0.0041
193.26          0.0041
193.29          0.0040
193.32          0.0039
193.35          0.0039
193.38          0.0038
193.41          0.0037
193.44          0.0037
193.47          0.0036
193.50          0.0035
193.53          0.0034
193.56          0.0034
193.59          0.0033
193.62          0.0032
193.65          0.0031
193.68          0.0030
193.71          0.0029
193.74          0.0029
193.77          0.0028
193.80          0.0027
193.83          0.0026
193.86          0.0025
193.89          0.0024
193.92          0.0023
193.95          0.0022
193.98          0.0021
194.01          0.0021
194.04          0.0020
194.07          0.0019
194.10          0.0018
194.13          0.0017
194.16          0.0016
194.19          0.0015
194.22          0.0014
194.25          0.0013
194.28          0.0012
194.31          0.0011
194.34          0.0010
194.37          0.0009
194.40          0.0008
194.43          0.0007
194.46          0.0006
194.49          0.0005
194.52          0.0004
194.55          0.0003
194.58          0.0002
194.61          0.0001
194.64         -0.0000
194.67         -0.0001
194.70         -0.0003
194.73         -0.0004
194.76         -0.0005
194.79         -0.0006
194.82         -0.0007
194.85         -0.0008
194.88         -0.0009
194.91         -0.0010
194.94         -0.0011
194.97         -0.0012
195.00         -0.0013
195.03         -0.0014
195.06         -0.0015
195.09         -0.0016
195.12         -0.0017
195.15         -0.0018
195.18         -0.0019
195.21         -0.0020
195.24         -0.0021
195.27         -0.0022
195.30         -0.0023
195.33         -0.0024
195.36         -0.0025
195.39         -0.0026
195.42         -0.0027
195.45         -0.0028
195.48         -0.0029
195.51         -0.0030
195.54         -0.0031
195.57         -0.0032
195.60         -0.0033
195.63         -0.0034
195.66         -0.0035
195.69         -0.0036
195.72         -0.0037
195.75         -0.0038
195.78         -0.0038
195.81         -0.0039
195.84         -0.0040
195.87         -0.0041
195.90         -0.0042
195.93         -0.0043
195.96         -0.0044
195.99         -0.0044
196.02         -0.0045
196.05         -0.0046
196.08         -0.0047
196.11         -0.0048
196.14         -0.0048
196.17         -0.0049
196.20         -0.0050
196.23         -0.0051
196.26         -0.0051
196.29         -0.0052
196.32         -0.0053
196.35         -0.0053
196.38         -0.0054
196.41         -0.0055
196.44         -0.0055
196.47         -0.0056
196.50         -0.0057
196.53         -0.0057
196.56         -0.0058
196.59         -0.0058
196.62         -0.0059
196.65         -0.0059
196.68         -0.0060
196.71         -0.0060
196.74         -0.0061
196.77         -0.0061
196.80         -0.0062
196.83         -0.0062
196.86         -0.0063
196.89         -0.0063
196.92         -0.0063
196.95         -0.0064
196.98         -0.0064
197.01         -0.0065
197.04         -0.0065
197.07         -0.0065
197.10         -0.0065
197.13         -0.0066
197.16         -0.0066
197.19         -0.0066
197.22         -0.0066
197.25         -0.0067
197.28         -0.0067
197.31         -0.0067
197.34         -0.0067
197.37         -0.0067
197.40         -0.0067
197.43         -0.0068
197.46         -0.0068
197.49         -0.0068
197.52         -0.0068
197.55         -0.0068
197.58         -0.0068
197.61         -0.0068
197.64         -0.0068
197.67         -0.0068
197.70         -0.0068
197.73         -0.0068
197.76         -0.0068
197.79         -0.0067
197.82         -0.0067
197.85         -0.0067
197.88         -0.0067
197.91         -0.0067
197.94         -0.0067
197.97         -0.0066
198.00         -0.0066
198.03         -0.0066
198.06         -0.0066
198.09         -0.0065
198.12         -0.0065
198.15         -0.0065
198.18         -0.0065
198.21         -0.0064
198.24         -0.0064
198.27         -0.0064
198.30         -0.0063
198.33         -0.0063
198.36         -0.0062
198.39         -0.0062
198.42         -0.0061
198.45         -0.0061
198.48         -0.0061
198.51         -0.0060
198.54         -0.0060
198.57         -0.0059
198.60         -0.0059
198.63         -0.0058
198.66         -0.0057
198.69         -0.0057
198.72         -0.0056
198.75         -0.0056
198.78         -0.0055
198.81         -0.0054
198.84         -0.0054
198.87         -0.0053
198.90         -0.0053
198.93         -0.0052
198.96         -0.0051
198.99         -0.0051
199.02         -0.0050
199.05         -0.0049
199.08         -0.0048
199.11         -0.0048
199.14         -0.0047
199.17         -0.0046
199.20         -0.0045
199.23         -0.0045
199.26         -0.0044
199.29         -0.0043
199.32         -0.0042
199.35         -0.0041
199.38         -0.0041
199.41         -0.0040
199.44         -0.0039
199.47         -0.0038
199.50         -0.0037
199.53         -0.0037
199.56         -0.0036
199.59         -0.0035
199.62         -0.0034
199.65         -0.0033
199.68         -0.0032
199.71         -0.0031
199.74         -0.0030
199.77         -0.0030
199.80         -0.0029
199.83         -0.0028
199.86         -0.0027
199.89         -0.0026
199.92         -0.0025
199.95         -0.0024
199.98         -0.0023
200.01         -0.0022
200.04         -0.0021
200.07         -0.0021
200.10         -0.0020
200.13         -0.0019
200.16         -0.0018
200.19         -0.0017
200.22         -0.0016
200.25         -0.0015
200.28         -0.0014
200.31         -0.0013
200.34         -0.0012
200.37         -0.0011
200.40         -0.0011
200.43         -0.0010
200.46         -0.0009
200.49         -0.0008
200.52         -0.0007
200.55         -0.0006
200.58         -0.0005
200.61         -0.0004
200.64         -0.0003
200.67         -0.0003
200.70         -0.0002
200.73         -0.0001
200.76          0.0000
200.79          0.0001
200.82          0.0002
200.85          0.0003
200.88          0.0003
200.91          0.0004
200.94          0.0005
200.97          0.0006
201.00          0.0007
201.03          0.0008
201.06          0.0008
201.09          0.0009
201.12          0.0010
201.15          0.0011
201.18          0.0011
201.21          0.0012
201.24          0.0013
201.27          0.0014
201.30          0.0014
201.33          0.0015
201.36          0.0016
201.39          0.0016
201.42          0.0017
201.45          0.0018
201.48          0.0018
201.51          0.0019
201.54          0.0020
201.57          0.0020
201.60          0.0021
201.63          0.0022
201.66          0.0022
201.69          0.0023
201.72          0.0023
201.75          0.0024
201.78          0.0024
201.81          0.0025
201.84          0.0026
201.87          0.0026
201.90          0.0027
201.93          0.0027
201.96          0.0027
201.99          0.0028
202.02          0.0028
202.05          0.0029
202.08          0.0029
202.11          0.0030
202.14          0.0030
202.17          0.0030
202.20          0.0031
202.23          0.0031
202.26          0.0031
202.29          0.0032
202.32          0.0032
202.35          0.0032
202.38          0.0033
202.41          0.0033
202.44          0.0033
202.47          0.0033
202.50          0.0034
202.53          0.0034
202.56          0.0034
202.59          0.0034
202.62          0.0034
202.65          0.0034
202.68          0.0035
202.71          0.0035
202.74          0.0035
202.77          0.0035
202.80          0.0035
202.83          0.0035
202.86          0.0035
202.89          0.0035
202.92          0.0035
202.95          0.0035
202.98          0.0035
203.01          0.0035
203.04          0.0035
203.07          0.0035
203.10          0.0035
203.13          0.0035
203.16          0.0035
203.19          0.0035
203.22          0.0035
203.25          0.0035
203.28          0.0034
203.31          0.0034
203.34          0.0034
203.37          0.0034
203.40          0.0034
203.43          0.0034
203.46          0.0033
203.49          0.0033
203.52          0.0033
203.55          0.0033
203.58          0.0032
203.61          0.0032
203.64          0.0032
203.67          0.0032
203.70          0.0031
203.73          0.0031
203.76          0.0031
203.79          0.0030
203.82          0.0030
203.85          0.0030
203.88          0.0029
203.91          0.0029
203.94          0.0029
203.97          0.0028
204.00          0.0028
204.03          0.0027
204.06          0.0027
204.09          0.0026
204.12          0.0026
204.15          0.0026
204.18          0.0025
204.21          0.0025
204.24          0.0024
204.27          0.0024
204.30          0.0023
204.33          0.0023
204.36          0.0022
204.39          0.0022
204.42          0.0021
204.45          0.0021
204.48          0.0020
204.51          0.0020
204.54          0.0019
204.57          0.0019
204.60          0.0018
204.63          0.0018
204.66          0.0017
204.69          0.0017
204.72          0.0016
204.75          0.0016
204.78          0.0015
204.81          0.0014
204.84          0.0014
204.87          0.0013
204.90          0.0013
204.93          0.0012
204.96          0.0012
204.99          0.0011
205.02          0.0011
205.05          0.0010
205.08          0.0009
205.11          0.0009
205.14          0.0008
205.17          0.0008
205.20          0.0007
205.23          0.0007
205.26          0.0006
205.29          0.0005
205.32          0.0005
205.35          0.0004
205.38          0.0004
205.41          0.0003
205.44          0.0003
205.47          0.0002
205.50          0.0002
205.53          0.0001
205.56          0.0001
205.59          0.0000
205.62         -0.0000
205.65         -0.0001
205.68         -0.0002
205.71         -0.0002
205.74         -0.0003
205.77         -0.0003
205.80         -0.0004
205.83         -0.0004
205.86         -0.0004
205.89         -0.0005
205.92         -0.0005
205.95         -0.0006
205.98         -0.0006
206.01         -0.0007
206.04         -0.0007
206.07         -0.0008
206.10         -0.0008
206.13         -0.0008
206.16         -0.0009
206.19         -0.0009
206.22         -0.0010
206.25         -0.0010
206.28         -0.0010
206.31         -0.0011
206.34         -0.0011
206.37         -0.0011
206.40         -0.0012
206.43         -0.0012
206.46         -0.0012
206.49         -0.0013
206.52         -0.0013
206.55         -0.0013
206.58         -0.0014
206.61         -0.0014
206.64         -0.0014
206.67         -0.0014
206.70         -0.0015
206.73         -0.0015
206.76         -0.0015
206.79         -0.0015
206.82         -0.0015
206.85         -0.0016
206.88         -0.0016
206.91         -0.0016
206.94         -0.0016
206.97         -0.0016
207.00         -0.0016
207.03         -0.0016
207.06         -0.0016
207.09         -0.0017
207.12         -0.0017
207.15         -0.0017
207.18         -0.0017
207.21         -0.0017
207.24         -0.0017
207.27         -0.0017
207.30         -0.0017
207.33         -0.0017
207.36         -0.0017
207.39         -0.0017
207.42         -0.0017
207.45         -0.0017
207.48         -0.0016
207.51         -0.0016
207.54         -0.0016
207.57         -0.0016
207.60         -0.0016
207.63         -0.0016
207.66         -0.0016
207.69         -0.0016
207.72         -0.0015
207.75         -0.0015
207.78         -0.0015
207.81         -0.0015
207.84         -0.0015
207.87         -0.0014
207.90         -0.0014
207.93         -0.0014
207.96         -0.0013
207.99         -0.0013
208.02         -0.0013
208.05         -0.0013
208.08         -0.0012
208.11         -0.0012
208.14         -0.0012
208.17         -0.0011
208.20         -0.0011
208.23         -0.0010
208.26         -0.0010
208.29         -0.0010
208.32         -0.0009
208.35         -0.0009
208.38         -0.0008
208.41         -0.0008
208.44         -0.0008
208.47         -0.0007
208.50         -0.0007
208.53         -0.0006
208.56         -0.0006
208.59         -0.0005
208.62         -0.0005
208.65         -0.0004
208.68         -0.0004
208.71         -0.0003
208.74         -0.0003
208.77         -0.0002
208.80         -0.0002
208.83         -0.0001
208.86         -0.0000
208.89          0.0000
208.92          0.0001
208.95          0.0001
208.98          0.0002
209.01          0.0003
209.04          0.0003
209.07          0.0004
209.10          0.0004
209.13          0.0005
209.16          0.0006
209.19          0.0006
209.22          0.0007
209.25          0.0007
209.28          0.0008
209.31          0.0009
209.34          0.0009
209.37          0.0010
209.40          0.0011
209.43          0.0011
209.46          0.0012
209.49          0.0013
209.52          0.0013
209.55          0.0014
209.58          0.0015
209.61          0.0015
209.64          0.0016
209.67          0.0017
209.70          0.0017
209.73          0.0018
209.76          0.0019
209.79          0.0019
209.82          0.0020
209.85          0.0021
209.88          0.0021
209.91          0.0022
209.94          0.0023
209.97          0.0023
210.00          0.0024
210.03          0.0025
210.06          0.0025
210.09          0.0026
210.12          0.0026
210.15          0.0027
210.18          0.0028
210.21          0.0028
210.24          0.0029
210.27          0.0030
210.30          0.0030
210.33          0.0031
210.36          0.0031
210.39          0.0032
210.42          0.0033
210.45          0.0033
210.48          0.0034
210.51          0.0034
210.54          0.0035
210.57          0.0035
210.60          0.0036
210.63          0.0037
210.66          0.0037
210.69          0.0038
210.72          0.0038
210.75          0.0039
210.78          0.0039
210.81          0.0040
210.84          0.0040
210.87          0.0041
210.90          0.0041
210.93          0.0041
210.96          0.0042
210.99          0.0042
211.02          0.0043
211.05          0.0043
211.08          0.0044
211.11          0.0044
211.14          0.0044
211.17          0.0045
211.20          0.0045
211.23          0.0045
211.26          0.0046
211.29          0.0046
211.32          0.0046
211.35          0.0047
211.38          0.0047
211.41          0.0047
211.44          0.0047
211.47          0.0048
211.50          0.0048
211.53          0.0048
211.56          0.0048
211.59          0.0048
211.62          0.0049
211.65          0.0049
211.68          0.0049
211.71          0.0049
211.74          0.0049
211.77          0.0049
211.80          0.0049
211.83          0.0049
211.86          0.0049
211.89          0.0049
211.92          0.0049
211.95          0.0049
211.98          0.0049
212.01          0.0049
212.04          0.0049
212.07          0.0049
212.10          0.0049
212.13          0.0049
212.16          0.0049
212.19          0.0049
212.22          0.0049
212.25          0.0049
212.28          0.0049
212.31          0.0048
212.34          0.0048
212.37          0.0048
212.40          0.0048
212.43          0.0048
212.46          0.0047
212.49          0.0047
212.52          0.0047
212.55          0.0046
212.58          0.0046
212.61          0.0046
212.64          0.0045
212.67          0.0045
212.70          0.0045
212.73          0.0044
212.76          0.0044
212.79          0.0043
212.82          0.0043
212.85          0.0043
212.88          0.0042
212.91          0.0042
212.94          0.0041
212.97          0.0041
213.00          0.0040
213.03          0.0040
213.06          0.0039
213.09          0.0039
213.12          0.0038
213.15          0.0037
213.18          0.0037
213.21          0.0036
213.24          0.0036
213.27          0.0035
213.30          0.0034
213.33          0.0034
213.36          0.0033
213.39          0.0032
213.42          0.0032
213.45          0.0031
213.48          0.0030
213.51          0.0029
213.54          0.0029
213.57          0.0028
213.60          0.0027
213.63          0.0026
213.66          0.0026
213.69          0.0025
213.72          0.0024
213.75          0.0023
213.78          0.0022
213.81          0.0021
213.84          0.0021
213.87          0.0020
213.90          0.0019
213.93          0.0018
213.96          0.0017
213.99          0.0016
214.02          0.0015
214.05          0.0014
214.08          0.0014
214.11          0.0013
214.14          0.0012
214.17          0.0011
214.20          0.0010
214.23          0.0009
214.26          0.0008
214.29          0.0007
214.32          0.0006
214.35          0.0005
214.38          0.0004
214.41          0.0003
214.44          0.0002
214.47          0.0001
214.50          0.0000
214.53         -0.0001
214.56         -0.0002
214.59         -0.0003
214.62         -0.0004
214.65         -0.0005
214.68         -0.0006
214.71         -0.0007
214.74         -0.0008
214.77         -0.0009
214.80         -0.0010
214.83         -0.0011
214.86         -0.0012
214.89         -0.0013
214.92         -0.0014
214.95         -0.0015
214.98         -0.0016
215.01         -0.0017
215.04         -0.0018
215.07         -0.0019
215.10         -0.0020
215.13         -0.0020
215.16         -0.0021
215.19         -0.0022
215.22         -0.0023
215.25         -0.0024
215.28         -0.0025
215.31         -0.0026
215.34         -0.0027
215.37         -0.0028
215.40         -0.0029
215.43         -0.0030
215.46         -0.0031
215.49         -0.0032
215.52         -0.0033
215.55         -0.0034
215.58         -0.0035
215.61         -0.0035
215.64         -0.0036
215.67         -0.0037
215.70         -0.0038
215.73         -0.0039
215.76         -0.0040
215.79         -0.0041
215.82         -0.0041
215.85         -0.0042
215.88         -0.0043
215.91         -0.0044
215.94         -0.0045
215.97         -0.0045
216.00         -0.0046
216.03         -0.0047
216.06         -0.0048
216.09         -0.0048
216.12         -0.0049
216.15         -0.0050
216.18         -0.0050
216.21         -0.0051
216.24         -0.0052
216.27         -0.0052
216.30         -0.0053
216.33         -0.0054
216.36         -0.0054
216.39         -0.0055
216.42         -0.0056
216.45         -0.0056
216.48         -0.0057
216.51         -0.0057
216.54         -0.0058
216.57         -0.0058
216.60         -0.0059
216.63         -0.0059
216.66         -0.0060
216.69         -0.0060
216.72         -0.0061
216.75         -0.0061
216.78         -0.0061
216.81         -0.0062
216.84         -0.0062
216.87         -0.0063
216.90         -0.0063
216.93         -0.0063
216.96         -0.0063
216.99         -0.0064
217.02         -0.0064
217.05         -0.0064
217.08         -0.0065
217.11         -0.0065
217.14         -0.0065
217.17         -0.0065
217.20         -0.0065
217.23         -0.0066
217.26         -0.0066
217.29         -0.0066
217.32         -0.0066
217.35         -0.0066
217.38         -0.0066
217.41         -0.0066
217.44         -0.0066
217.47         -0.0066
217.50         -0.0066
217.53         -0.0066
217.56         -0.0066
217.59         -0.0066
217.62         -0.0066
217.65         -0.0066
217.68         -0.0066
217.71         -0.0066
217.74         -0.0066
217.77         -0.0065
217.80         -0.0065
217.83         -0.0065
217.86         -0.0065
217.89         -0.0065
217.92         -0.0064
217.95         -0.0064
217.98         -0.0064
218.01         -0.0064
218.04         -0.0063
218.07         -0.0063
218.10         -0.0063
218.13         -0.0062
218.16         -0.0062
218.19         -0.0062
218.22         -0.0061
218.25         -0.0061
218.28         -0.0060
218.31         -0.0060
218.34         -0.0060
218.37         -0.0059
218.40         -0.0059
218.43         -0.0058
218.46         -0.0058
218.49         -0.0057
218.52         -0.0056
218.55         -0.0056
218.58         -0.0055
218.61         -0.0055
218.64         -0.0054
218.67         -0.0054
218.70         -0.0053
218.73         -0.0052
218.76         -0.0052
218.79         -0.0051
218.82         -0.0050
218.85         -0.0050
218.88         -0.0049
218.91         -0.0048
218.94         -0.0048
218.97         -0.0047
219.00         -0.0046
219.03         -0.0045
219.06         -0.0045
219.09         -0.0044
219.12         -0.0043
219.15         -0.0042
219.18         -0.0041
219.21         -0.0041
219.24         -0.0040
219.27         -0.0039
219.30         -0.0038
219.33         -0.0037
219.36         -0.0037
219.39         -0.0036
219.42         -0.0035
219.45         -0.0034
219.48         -0.0033
219.51         -0.0032
219.54         -0.0031
219.57         -0.0030
219.60         -0.0030
219.63         -0.0029
219.66         -0.0028
219.69         -0.0027
219.72         -0.0026
219.75         -0.0025
219.78         -0.0024
219.81         -0.0023
219.84         -0.0022
219.87         -0.0021
219.90         -0.0020
219.93         -0.0019
219.96         -0.0019
219.99         -0.0018
220.02         -0.0017
220.05         -0.0016
220.08         -0.0015
220.11         -0.0014
220.14         -0.0013
220.17         -0.0012
220.20         -0.0011
220.23         -0.0010
220.26         -0.0009
220.29         -0.0008
220.32         -0.0007
220.35         -0.0006
220.38         -0.0005
220.41         -0.0005
220.44         -0.0004
220.47         -0.0003
220.50         -0.0002
220.53         -0.0001
220.56          0.0000
220.59          0.0001
220.62          0.0002
220.65          0.0003
220.68          0.0004
220.71          0.0004
220.74          0.0005
220.77          0.0006
220.80          0.0007
220.83          0.0008
220.86          0.0009
220.89          0.0010
220.92          0.0010
220.95          0.0011
220.98          0.0012
221.01          0.0013
221.04          0.0014
221.07          0.0015
221.10          0.0015
221.13          0.0016
221.16          0.0017
221.19          0.0018
221.22          0.0018
221.25          0.0019
221.28          0.0020
221.31          0.0021
221.34          0.0021
221.37          0.0022
221.40          0.0023
221.43          0.0023
221.46          0.0024
221.49          0.0025
221.52          0.0025
221.55          0.0026
221.58          0.0027
221.61          0.0027
221.64          0.0028
221.67          0.0028
221.70          0.0029
221.73          0.0030
221.76          0.0030
221.79          0.0031
221.82          0.0031
221.85          0.0032
221.88          0.0032
221.91          0.0033
221.94          0.0033
221.97          0.0034
222.00          0.0034
222.03          0.0034
222.06          0.0035
222.09          0.0035
222.12          0.0036
222.15          0.0036
222.18          0.0036
222.21          0.0037
222.24          0.0037
222.27          0.0037
222.30          0.0038
222.33          0.0038
222.36          0.0038
222.39          0.0039
222.42          0.0039
222.45          0.0039
222.48          0.0039
222.51          0.0039
222.54          0.0040
222.57          0.0040
222.60          0.0040
222.63          0.0040
222.66          0.0040
222.69          0.0040
222.72          0.0040
222.75          0.0040
222.78          0.0041
222.81          0.0041
222.84          0.0041
222.87          0.0041
222.90          0.0041
222.93          0.0041
222.96          0.0041
222.99          0.0041
223.02          0.0041
223.05          0.0040
223.08          0.0040
223.11          0.0040
223.14          0.0040
223.17          0.0040
223.20          0.0040
223.23          0.0040
223.26          0.0040
223.29          0.0039
223.32          0.0039
223.35          0.0039
223.38          0.0039
223.41          0.0039
223.44          0.0038
223.47          0.0038
223.50          0.0038
223.53          0.0038
223.56          0.0037
223.59          0.0037
223.62          0.0037
223.65          0.0036
223.68          0.0036
223.71          0.0036
223.74          0.0035
223.77          0.0035
223.80          0.0035
223.83          0.0034
223.86          0.0034
223.89          0.0033
223.92          0.0033
223.95          0.0033
223.98          0.0032
224.01          0.0032
224.04          0.0031
224.07          0.0031
224.10          0.0030
224.13          0.0030
224.16          0.0029
224.19          0.0029
224.22          0.0028
224.25          0.0028
224.28          0.0027
224.31          0.0027
224.34          0.0026
224.37          0.0026
224.40          0.0025
224.43          0.0025
224.46          0.0024
224.49          0.0024
224.52          0.0023
224.55          0.0022
224.58          0.0022
224.61          0.0021
224.64          0.0021
224.67          0.0020
224.70          0.0020
224.73          0.0019
224.76          0.0018
224.79          0.0018
224.82          0.0017
224.85          0.0017
224.88          0.0016
224.91          0.0015
224.94          0.0015
224.97          0.0014
225.00          0.0013
225.03          0.0013
225.06          0.0012
225.09          0.0012
225.12          0.0011
225.15          0.0010
225.18          0.0010
225.21          0.0009
225.24          0.0009
225.27          0.0008
225.30          0.0007
225.33          0.0007
225.36          0.0006
225.39          0.0006
225.42          0.0005
225.45          0.0004
225.48          0.0004
225.51          0.0003
225.54          0.0003
225.57          0.0002
225.60          0.0001
225.63          0.0001
225.66          0.0000
225.69         -0.0000
225.72         -0.0001
225.75         -0.0001
225.78         -0.0002
225.81         -0.0003
225.84         -0.0003
225.87         -0.0004
225.90         -0.0004
225.93         -0.0005
225.96         -0.0005
225.99         -0.0006
226.02         -0.0006
226.05         -0.0007
226.08         -0.0007
226.11         -0.0008
226.14         -0.0008
226.17         -0.0009
226.20         -0.0009
226.23         -0.0010
226.26         -0.0010
226.29         -0.0010
226.32         -0.0011
226.35         -0.0011
226.38         -0.0012
226.41         -0.0012
226.44         -0.0012
226.47         -0.0013
226.50         -0.0013
226.53         -0.0013
226.56         -0.0014
226.59         -0.0014
226.62         -0.0014
226.65         -0.0015
226.68         -0.0015
226.71         -0.0015
226.74         -0.0016
226.77         -0.0016
226.80         -0.0016
226.83         -0.0016
226.86         -0.0017
226.89         -0.0017
226.92         -0.0017
226.95         -0.0017
226.98         -0.0017
227.01         -0.0017
227.04         -0.0018
227.07         -0.0018
227.10         -0.0018
227.13         -0.0018
227.16         -0.0018
227.19         -0.0018
227.22         -0.0018
227.25         -0.0018
227.28         -0.0018
227.31         -0.0018
227.34         -0.0019
227.37         -0.0019
227.40         -0.0019
227.43         -0.0019
227.46         -0.0019
227.49         -0.0018
227.52         -0.0018
227.55         -0.0018
227.58         -0.0018
227.61         -0.0018
227.64         -0.0018
227.67         -0.0018
227.70         -0.0018
227.73         -0.0018
227.76         -0.0018
227.79         -0.0017
227.82         -0.0017
227.85         -0.0017
227.88         -0.0017
227.91         -0.0017
227.94         -0.0016
227.97         -0.0016
228.00         -0.0016
228.03         -0.0016
228.06         -0.0015
228.09         -0.0015
228.12         -0.0015
228.15         -0.0015
228.18         -0.0014
228.21         -0.0014
228.24         -0.0014
228.27         -0.0013
228.30         -0.0013
228.33         -0.0013
228.36         -0.0012
228.39         -0.0012
228.42         -0.0011
228.45         -0.0011
228.48         -0.0011
228.51         -0.0010
228.54         -0.0010
228.57         -0.0009
228.60         -0.0009
228.63         -0.0008
228.66         -0.0008
228.69         -0.0007
228.72         -0.0007
228.75         -0.0006
228.78         -0.0006
228.81         -0.0005
228.84         -0.0005
228.87         -0.0004
228.90         -0.0004
228.93         -0.0003
228.96         -0.0003
228.99         -0.0002
229.02         -0.0002
229.05         -0.0001
229.08         -0.0001
229.11          0.0000
229.14          0.0001
229.17          0.0001
229.20          0.0002
229.23          0.0002
229.26          0.0003
229.29          0.0004
229.32          0.0004
229.35          0.0005
229.38          0.0005
229.41          0.0006
229.44          0.0007
229.47          0.0007
229.50          0.0008
229.53          0.0009
229.56          0.0009
229.59          0.0010
229.62          0.0011
229.65          0.0011
229.68          0.0012
229.71          0.0012
229.74          0.0013
229.77          0.0014
229.80          0.0014
229.83          0.0015
229.86          0.0016
229.89          0.0016
229.92          0.0017
229.95          0.0018
229.98          0.0018
230.01          0.0019
230.04          0.0019
230.07          0.0020
230.10          0.0021
230.13          0.0021
230.16          0.0022
230.19          0.0022
230.22          0.0023
230.25          0.0024
230.28          0.0024
230.31          0.0025
230.34          0.0025
230.37          0.0026
230.40          0.0027
230.43          0.0027
230.46          0.0028
230.49          0.0028
230.52          0.0029
230.55          0.0029
230.58          0.0030
230.61          0.0031
230.64          0.0031
230.67          0.0032
230.70          0.0032
230.73          0.0033
230.76          0.0033
230.79          0.0034
230.82          0.0034
230.85          0.0035
230.88          0.0035
230.91          0.0035
230.94          0.0036
230.97          0.0036
231.00          0.0037
231.03          0.0037
231.06          0.0038
231.09          0.0038
231.12          0.0038
231.15          0.0039
231.18          0.0039
231.21          0.0039
231.24          0.0040
231.27          0.0040
231.30          0.0040
231.33          0.0041
231.36          0.0041
231.39          0.0041
231.42          0.0041
231.45          0.0042
231.48          0.0042
231.51          0.0042
231.54          0.0042
231.57          0.0043
231.60          0.0043
231.63          0.0043
231.66          0.0043
231.69          0.0043
231.72          0.0043
231.75          0.0044
231.78          0.0044
231.81          0.0044
231.84          0.0044
231.87          0.0044
231.90          0.0044
231.93          0.0044
231.96          0.0044
231.99          0.0044
232.02          0.0044
232.05          0.0044
232.08          0.0044
232.11          0.0044
232.14          0.0044
232.17          0.0044
232.20          0.0044
232.23          0.0043
232.26          0.0043
232.29          0.0043
232.32          0.0043
232.35          0.0043
232.38          0.0043
232.41          0.0042
232.44          0.0042
232.47          0.0042
232.50          0.0042
232.53          0.0041
232.56          0.0041
232.59          0.0041
232.62          0.0041
232.65          0.0040
232.68          0.0040
232.71          0.0040
232.74          0.0039
232.77          0.0039
232.80          0.0038
232.83          0.0038
232.86          0.0038
232.89          0.0037
232.92          0.0037
232.95          0.0036
232.98          0.0036
233.01          0.0035
233.04          0.0035
233.07          0.0034
233.10          0.0034
233.13          0.0033
233.16          0.0033
233.19          0.0032
233.22          0.0031
233.25          0.0031
233.28          0.0030
233.31          0.0030
233.34          0.0029
233.37          0.0028
233.40          0.0028
233.43          0.0027
233.46          0.0026
233.49          0.0026
233.52          0.0025
233.55          0.0024
233.58          0.0024
233.61          0.0023
233.64          0.0022
233.67          0.0021
233.70          0.0021
233.73          0.0020
233.76          0.0019
233.79          0.0018
233.82          0.0017
233.85          0.0017
233.88          0.0016
233.91          0.0015
233.94          0.0014
233.97          0.0013
234.00          0.0012
234.03          0.0012
234.06          0.0011
234.09          0.0010
234.12          0.0009
234.15          0.0008
234.18          0.0007
234.21          0.0006
234.24          0.0005
234.27          0.0005
234.30          0.0004
234.33          0.0003
234.36          0.0002
234.39          0.0001
234.42         -0.0000
234.45         -0.0001
234.48         -0.0002
234.51         -0.0003
234.54         -0.0004
234.57         -0.0005
234.60         -0.0006
234.63         -0.0007
234.66         -0.0007
234.69         -0.0008
234.72         -0.0009
234.75         -0.0010
234.78         -0.0011
234.81         -0.0012
234.84         -0.0013
234.87         -0.0014
234.90         -0.0015
234.93         -0.0016
234.96         -0.0017
234.99         -0.0018
235.02         -0.0019
235.05         -0.0020
235.08         -0.0021
235.11         -0.0022
235.14         -0.0022
235.17         -0.0023
235.20         -0.0024
235.23         -0.0025
235.26         -0.0026
235.29         -0.0027
235.32         -0.0028
235.35         -0.0029
235.38         -0.0030
235.41         -0.0031
235.44         -0.0031
235.47         -0.0032
235.50         -0.0033
235.53         -0.0034
235.56         -0.0035
235.59         -0.0036
235.62         -0.0037
235.65         -0.0037
235.68         -0.0038
235.71         -0.0039
235.74         -0.0040
235.77         -0.0041
235.80         -0.0041
235.83         -0.0042
235.86         -0.0043
235.89         -0.0044
235.92         -0.0044
235.95         -0.0045
235.98         -0.0046
236.01         -0.0046
236.04         -0.0047
236.07         -0.0048
236.10         -0.0049
236.13         -0.0049
236.16         -0.0050
236.19         -0.0050
236.22         -0.0051
236.25         -0.0052
236.28         -0.0052
236.31         -0.0053
236.34         -0.0053
236.37         -0.0054
236.40         -0.0055
236.43         -0.0055
236.46         -0.0056
236.49         -0.0056
236.52         -0.0057
236.55         -0.0057
236.58         -0.0057
236.61         -0.0058
236.64         -0.0058
236.67         -0.0059
236.70         -0.0059
236.73         -0.0060
236.76         -0.0060
236.79         -0.0060
236.82         -0.0061
236.85         -0.0061
236.88         -0.0061
236.91         -0.0061
236.94         -0.0062
236.97         -0.0062
237.00         -0.0062
237.03         -0.0062
237.06         -0.0063
237.09         -0.0063
237.12         -0.0063
237.15         -0.0063
237.18         -0.0063
237.21         -0.0063
237.24         -0.0064
237.27         -0.0064
237.30         -0.0064
237.33         -0.0064
237.36         -0.0064
237.39         -0.0064
237.42         -0.0064
237.45         -0.0064
237.48         -0.0064
237.51         -0.0064
237.54         -0.0064
237.57         -0.0064
237.60         -0.0063
237.63         -0.0063
237.66         -0.0063
237.69         -0.0063
237.72         -0.0063
237.75         -0.0063
237.78         -0.0062
237.81         -0.0062
237.84         -0.0062
237.87         -0.0062
237.90         -0.0062
237.93         -0.0061
237.96         -0.0061
237.99         -0.0061
238.02         -0.0060
238.05         -0.0060
238.08         -0.0060
238.11         -0.0059
238.14         -0.0059
238.17         -0.0058
238.20         -0.0058
238.23         -0.0058
238.26         -0.0057
238.29         -0.0057
238.32         -0.0056
238.35         -0.0056
238.38         -0.0055
238.41         -0.0055
238.44         -0.0054
238.47         -0.0054
238.50         -0.0053
238.53         -0.0052
238.56         -0.0052
238.59         -0.0051
238.62         -0.0051
238.65         -0.0050
238.68         -0.0049
238.71         -0.0049
238.74         -0.0048
238.77         -0.0047
238.80         -0.0047
238.83         -0.0046
238.86         -0.0045
238.89         -0.0044
238.92         -0.0044
238.95         -0.0043
238.98         -0.0042
239.01         -0.0041
239.04         -0.0041
239.07         -0.0040
239.10         -0.0039
239.13         -0.0038
239.16         -0.0037
239.19         -0.0037
239.22         -0.0036
239.25         -0.0035
239.28         -0.0034
239.31         -0.0033
239.34         -0.0032
239.37         -0.0031
239.40         -0.0031
239.43         -0.0030
239.46         -0.0029
239.49         -0.0028
239.52         -0.0027
239.55         -0.0026
239.58         -0.0025
239.61         -0.0024
239.64         -0.0023
239.67         -0.0022
239.70         -0.0022
239.73         -0.0021
239.76         -0.0020
239.79         -0.0019
239.82         -0.0018
239.85         -0.0017
239.88         -0.0016
239.91         -0.0015
239.94         -0.0014
239.97         -0.0013
240.00         -0.0012
