Time (s)  Flap Rotation y (radians)Flap Rotation y (degrees)
0.015             0.000001        0.000050
0.030             0.000003        0.000152
0.045             0.000005        0.000306
0.060             0.000009        0.000515
0.075             0.000014        0.000778
0.090             0.000019        0.001097
0.105             0.000026        0.001474
0.120             0.000033        0.001909
0.135             0.000042        0.002404
0.150             0.000052        0.002959
0.165             0.000062        0.003576
0.180             0.000074        0.004255
0.195             0.000087        0.004998
0.210             0.000101        0.005805
0.225             0.000117        0.006677
0.240             0.000133        0.007616
0.255             0.000150        0.008621
0.270             0.000169        0.009694
0.285             0.000189        0.010836
0.300             0.000210        0.012047
0.315             0.000233        0.013328
0.330             0.000256        0.014679
0.345             0.000281        0.016101
0.360             0.000307        0.017596
0.375             0.000334        0.019162
0.390             0.000363        0.020801
0.405             0.000393        0.022513
0.420             0.000424        0.024298
0.435             0.000457        0.026158
0.450             0.000490        0.028091
0.465             0.000525        0.030099
0.480             0.000562        0.032182
0.495             0.000599        0.034339
0.510             0.000638        0.036571
0.525             0.000679        0.038878
0.540             0.000720        0.041260
0.555             0.000763        0.043717
0.570             0.000807        0.046249
0.585             0.000853        0.048856
0.600             0.000900        0.051538
0.615             0.000948        0.054293
0.630             0.000997        0.057123
0.645             0.001048        0.060027
0.660             0.001100        0.063004
0.675             0.001153        0.066055
0.690             0.001207        0.069178
0.705             0.001263        0.072372
0.720             0.001320        0.075639
0.735             0.001378        0.078976
0.750             0.001438        0.082383
0.765             0.001499        0.085860
0.780             0.001560        0.089405
0.795             0.001623        0.093018
0.810             0.001688        0.096698
0.825             0.001753        0.100444
0.840             0.001820        0.104254
0.855             0.001887        0.108129
0.870             0.001956        0.112066
0.885             0.002026        0.116064
0.900             0.002097        0.120123
0.915             0.002168        0.124242
0.930             0.002241        0.128417
0.945             0.002315        0.132649
0.960             0.002390        0.136937
0.975             0.002466        0.141277
0.990             0.002542        0.145670
1.005             0.002620        0.150113
1.020             0.002698        0.154604
1.035             0.002778        0.159143
1.050             0.002858        0.163727
1.065             0.002938        0.168355
1.080             0.003020        0.173024
1.095             0.003102        0.177734
1.110             0.003185        0.182482
1.125             0.003268        0.187265
1.140             0.003352        0.192083
1.155             0.003437        0.196933
1.170             0.003522        0.201813
1.185             0.003608        0.206721
1.200             0.003694        0.211656
1.215             0.003781        0.216613
1.230             0.003868        0.221592
1.245             0.003955        0.226591
1.260             0.004042        0.231606
1.275             0.004130        0.236637
1.290             0.004218        0.241679
1.305             0.004306        0.246732
1.320             0.004395        0.251792
1.335             0.004483        0.256857
1.350             0.004571        0.261925
1.365             0.004660        0.266993
1.380             0.004748        0.272059
1.395             0.004837        0.277120
1.410             0.004925        0.282174
1.425             0.005013        0.287218
1.440             0.005101        0.292249
1.455             0.005188        0.297266
1.470             0.005276        0.302264
1.485             0.005362        0.307243
1.500             0.005449        0.312198
1.515             0.005535        0.317128
1.530             0.005620        0.322029
1.545             0.005705        0.326900
1.560             0.005790        0.331737
1.575             0.005874        0.336537
1.590             0.005957        0.341299
1.605             0.006039        0.346019
1.620             0.006121        0.350694
1.635             0.006202        0.355323
1.650             0.006281        0.359902
1.665             0.006360        0.364428
1.680             0.006439        0.368900
1.695             0.006516        0.373314
1.710             0.006592        0.377668
1.725             0.006666        0.381959
1.740             0.006740        0.386185
1.755             0.006813        0.390342
1.770             0.006884        0.394430
1.785             0.006954        0.398444
1.800             0.007023        0.402383
1.815             0.007090        0.406245
1.830             0.007156        0.410026
1.845             0.007221        0.413724
1.860             0.007284        0.417338
1.875             0.007345        0.420865
1.890             0.007405        0.424302
1.905             0.007464        0.427648
1.920             0.007521        0.430900
1.935             0.007576        0.434057
1.950             0.007629        0.437116
1.965             0.007681        0.440076
1.980             0.007731        0.442934
1.995             0.007779        0.445689
2.010             0.007825        0.448340
2.025             0.007869        0.450884
2.040             0.007912        0.453320
2.055             0.007953        0.455646
2.070             0.007991        0.457861
2.085             0.008028        0.459965
2.100             0.008063        0.461955
2.115             0.008095        0.463830
2.130             0.008126        0.465590
2.145             0.008155        0.467233
2.160             0.008181        0.468759
2.175             0.008206        0.470167
2.190             0.008228        0.471457
2.205             0.008249        0.472626
2.220             0.008267        0.473677
2.235             0.008283        0.474607
2.250             0.008298        0.475417
2.265             0.008310        0.476106
2.280             0.008320        0.476675
2.295             0.008327        0.477124
2.310             0.008333        0.477452
2.325             0.008337        0.477661
2.340             0.008338        0.477750
2.355             0.008338        0.477721
2.370             0.008335        0.477573
2.385             0.008331        0.477308
2.400             0.008324        0.476926
2.415             0.008315        0.476429
2.430             0.008305        0.475817
2.445             0.008292        0.475092
2.460             0.008277        0.474255
2.475             0.008261        0.473307
2.490             0.008242        0.472250
2.505             0.008222        0.471085
2.520             0.008200        0.469815
2.535             0.008176        0.468440
2.550             0.008150        0.466964
2.565             0.008123        0.465388
2.580             0.008093        0.463713
2.595             0.008062        0.461943
2.610             0.008030        0.460080
2.625             0.007996        0.458126
2.640             0.007960        0.456083
2.655             0.007923        0.453954
2.670             0.007884        0.451743
2.685             0.007844        0.449450
2.700             0.007803        0.447080
2.715             0.007760        0.444636
2.730             0.007716        0.442119
2.745             0.007671        0.439534
2.760             0.007625        0.436884
2.775             0.007578        0.434171
2.790             0.007529        0.431399
2.805             0.007480        0.428571
2.820             0.007430        0.425690
2.835             0.007379        0.422761
2.850             0.007327        0.419785
2.865             0.007274        0.416768
2.880             0.007221        0.413713
2.895             0.007167        0.410622
2.910             0.007112        0.407500
2.925             0.007057        0.404350
2.940             0.007002        0.401177
2.955             0.006946        0.397983
2.970             0.006890        0.394772
2.985             0.006834        0.391548
3.000             0.006777        0.388316
3.015             0.006721        0.385078
3.030             0.006664        0.381838
3.045             0.006608        0.378600
3.060             0.006551        0.375368
3.075             0.006495        0.372145
3.090             0.006439        0.368935
3.105             0.006383        0.365742
3.120             0.006328        0.362569
3.135             0.006273        0.359420
3.150             0.006219        0.356299
3.165             0.006165        0.353208
3.180             0.006111        0.350151
3.195             0.006059        0.347132
3.210             0.006007        0.344153
3.225             0.005955        0.341219
3.240             0.005905        0.338332
3.255             0.005855        0.335494
3.270             0.005807        0.332710
3.285             0.005759        0.329982
3.300             0.005713        0.327312
3.315             0.005667        0.324704
3.330             0.005623        0.322159
3.345             0.005579        0.319681
3.360             0.005537        0.317271
3.375             0.005497        0.314931
3.390             0.005457        0.312664
3.405             0.005419        0.310471
3.420             0.005382        0.308354
3.435             0.005346        0.306314
3.450             0.005312        0.304354
3.465             0.005279        0.302473
3.480             0.005248        0.300673
3.495             0.005218        0.298956
3.510             0.005189        0.297320
3.525             0.005162        0.295768
3.540             0.005136        0.294299
3.555             0.005112        0.292914
3.570             0.005090        0.291611
3.585             0.005068        0.290392
3.600             0.005048        0.289255
3.615             0.005030        0.288200
3.630             0.005013        0.287225
3.645             0.004997        0.286330
3.660             0.004983        0.285513
3.675             0.004970        0.284773
3.690             0.004959        0.284108
3.705             0.004948        0.283516
3.720             0.004939        0.282995
3.735             0.004931        0.282542
3.750             0.004925        0.282155
3.765             0.004919        0.281831
3.780             0.004914        0.281567
3.795             0.004911        0.281359
3.810             0.004908        0.281205
3.825             0.004906        0.281101
3.840             0.004905        0.281043
3.855             0.004905        0.281026
3.870             0.004905        0.281048
3.885             0.004906        0.281103
3.900             0.004908        0.281187
3.915             0.004910        0.281296
3.930             0.004912        0.281424
3.945             0.004914        0.281567
3.960             0.004917        0.281719
3.975             0.004920        0.281877
3.990             0.004922        0.282033
4.005             0.004925        0.282183
4.020             0.004927        0.282321
4.035             0.004930        0.282442
4.050             0.004931        0.282540
4.065             0.004932        0.282610
4.080             0.004933        0.282644
4.095             0.004933        0.282639
4.110             0.004932        0.282587
4.125             0.004930        0.282484
4.140             0.004927        0.282322
4.155             0.004924        0.282097
4.170             0.004918        0.281801
4.185             0.004912        0.281431
4.200             0.004904        0.280978
4.215             0.004895        0.280439
4.230             0.004884        0.279807
4.245             0.004871        0.279076
4.260             0.004856        0.278241
4.275             0.004840        0.277296
4.290             0.004821        0.276236
4.305             0.004801        0.275056
4.320             0.004778        0.273751
4.335             0.004753        0.272315
4.350             0.004725        0.270743
4.365             0.004695        0.269032
4.380             0.004663        0.267176
4.395             0.004628        0.265170
4.410             0.004590        0.263012
4.425             0.004550        0.260695
4.440             0.004507        0.258218
4.455             0.004461        0.255575
4.470             0.004412        0.252764
4.485             0.004359        0.249781
4.500             0.004304        0.246623
4.515             0.004246        0.243287
4.530             0.004185        0.239770
4.545             0.004120        0.236071
4.560             0.004052        0.232186
4.575             0.003981        0.228114
4.590             0.003907        0.223853
4.605             0.003829        0.219401
4.620             0.003748        0.214758
4.635             0.003664        0.209921
4.650             0.003576        0.204891
4.665             0.003485        0.199666
4.680             0.003390        0.194246
4.695             0.003292        0.188631
4.710             0.003191        0.182820
4.725             0.003086        0.176815
4.740             0.002978        0.170615
4.755             0.002866        0.164222
4.770             0.002751        0.157635
4.785             0.002633        0.150857
4.800             0.002511        0.143888
4.815             0.002386        0.136729
4.830             0.002258        0.129384
4.845             0.002127        0.121853
4.860             0.001992        0.114138
4.875             0.001854        0.106242
4.890             0.001713        0.098167
4.905             0.001569        0.089915
4.920             0.001422        0.081490
4.935             0.001272        0.072894
4.950             0.001119        0.064130
4.965             0.000963        0.055201
4.980             0.000805        0.046111
4.995             0.000643        0.036863
5.010             0.000479        0.027460
5.025             0.000313        0.017906
5.040             0.000143        0.008206
5.055            -0.000029       -0.001639
5.070            -0.000203       -0.011622
5.085            -0.000379       -0.021742
5.100            -0.000558       -0.031992
5.115            -0.000739       -0.042370
5.130            -0.000923       -0.052870
5.145            -0.001108       -0.063490
5.160            -0.001295       -0.074224
5.175            -0.001485       -0.085068
5.190            -0.001676       -0.096017
5.205            -0.001869       -0.107067
5.220            -0.002063       -0.118215
5.235            -0.002259       -0.129454
5.250            -0.002457       -0.140781
5.265            -0.002656       -0.152192
5.280            -0.002857       -0.163681
5.295            -0.003059       -0.175244
5.310            -0.003262       -0.186877
5.325            -0.003466       -0.198575
5.340            -0.003671       -0.210334
5.355            -0.003877       -0.222149
5.370            -0.004084       -0.234016
5.385            -0.004292       -0.245931
5.400            -0.004501       -0.257889
5.415            -0.004710       -0.269887
5.430            -0.004920       -0.281919
5.445            -0.005131       -0.293982
5.460            -0.005342       -0.306071
5.475            -0.005553       -0.318183
5.490            -0.005765       -0.330314
5.505            -0.005977       -0.342460
5.520            -0.006189       -0.354617
5.535            -0.006402       -0.366781
5.550            -0.006614       -0.378950
5.565            -0.006826       -0.391119
5.580            -0.007039       -0.403285
5.595            -0.007251       -0.415445
5.610            -0.007463       -0.427595
5.625            -0.007675       -0.439734
5.640            -0.007886       -0.451857
5.655            -0.008098       -0.463962
5.670            -0.008309       -0.476047
5.685            -0.008519       -0.488109
5.700            -0.008729       -0.500145
5.715            -0.008939       -0.512154
5.730            -0.009148       -0.524133
5.745            -0.009356       -0.536080
5.760            -0.009564       -0.547994
5.775            -0.009772       -0.559873
5.790            -0.009978       -0.571716
5.805            -0.010184       -0.583520
5.820            -0.010390       -0.595286
5.835            -0.010594       -0.607013
5.850            -0.010798       -0.618698
5.865            -0.011002       -0.630342
5.880            -0.011204       -0.641944
5.895            -0.011406       -0.653505
5.910            -0.011607       -0.665022
5.925            -0.011807       -0.676498
5.940            -0.012007       -0.687931
5.955            -0.012205       -0.699323
5.970            -0.012404       -0.710673
5.985            -0.012601       -0.721982
6.000            -0.012798       -0.733252
6.015            -0.012994       -0.744482
6.030            -0.013189       -0.755675
6.045            -0.013384       -0.766831
6.060            -0.013578       -0.777952
6.075            -0.013771       -0.789038
6.090            -0.013964       -0.800093
6.105            -0.014157       -0.811117
6.120            -0.014349       -0.822113
6.135            -0.014540       -0.833081
6.150            -0.014731       -0.844026
6.165            -0.014922       -0.854948
6.180            -0.015112       -0.865849
6.195            -0.015302       -0.876733
6.210            -0.015492       -0.887602
6.225            -0.015681       -0.898457
6.240            -0.015870       -0.909303
6.255            -0.016059       -0.920140
6.270            -0.016249       -0.930972
6.285            -0.016438       -0.941802
6.300            -0.016627       -0.952631
6.315            -0.016816       -0.963463
6.330            -0.017005       -0.974301
6.345            -0.017194       -0.985146
6.360            -0.017384       -0.996002
6.375            -0.017573       -1.006872
6.390            -0.017763       -1.017757
6.405            -0.017953       -1.028660
6.420            -0.018144       -1.039583
6.435            -0.018335       -1.050530
6.450            -0.018527       -1.061502
6.465            -0.018719       -1.072501
6.480            -0.018911       -1.083530
6.495            -0.019104       -1.094590
6.510            -0.019298       -1.105684
6.525            -0.019492       -1.116812
6.540            -0.019687       -1.127977
6.555            -0.019882       -1.139180
6.570            -0.020079       -1.150422
6.585            -0.020276       -1.161705
6.600            -0.020473       -1.173029
6.615            -0.020672       -1.184395
6.630            -0.020871       -1.195804
6.645            -0.021071       -1.207256
6.660            -0.021271       -1.218752
6.675            -0.021473       -1.230291
6.690            -0.021675       -1.241874
6.705            -0.021878       -1.253499
6.720            -0.022081       -1.265168
6.735            -0.022286       -1.276878
6.750            -0.022491       -1.288629
6.765            -0.022697       -1.300419
6.780            -0.022903       -1.312248
6.795            -0.023110       -1.324114
6.810            -0.023318       -1.336015
6.825            -0.023526       -1.347950
6.840            -0.023735       -1.359915
6.855            -0.023944       -1.371909
6.870            -0.024154       -1.383929
6.885            -0.024364       -1.395973
6.900            -0.024575       -1.408037
6.915            -0.024786       -1.420118
6.930            -0.024997       -1.432214
6.945            -0.025208       -1.444320
6.960            -0.025420       -1.456434
6.975            -0.025631       -1.468551
6.990            -0.025843       -1.480667
7.005            -0.026054       -1.492779
7.020            -0.026265       -1.504882
7.035            -0.026476       -1.516972
7.050            -0.026687       -1.529044
7.065            -0.026897       -1.541094
7.080            -0.027107       -1.553118
7.095            -0.027316       -1.565109
7.110            -0.027525       -1.577065
7.125            -0.027733       -1.588979
7.140            -0.027940       -1.600847
7.155            -0.028146       -1.612663
7.170            -0.028352       -1.624422
7.185            -0.028556       -1.636120
7.200            -0.028759       -1.647751
7.215            -0.028960       -1.659309
7.230            -0.029161       -1.670790
7.245            -0.029360       -1.682188
7.260            -0.029557       -1.693498
7.275            -0.029753       -1.704714
7.290            -0.029947       -1.715831
7.305            -0.030139       -1.726844
7.320            -0.030329       -1.737748
7.335            -0.030518       -1.748537
7.350            -0.030704       -1.759206
7.365            -0.030888       -1.769750
7.380            -0.031070       -1.780163
7.395            -0.031249       -1.790441
7.410            -0.031426       -1.800578
7.425            -0.031600       -1.810570
7.440            -0.031772       -1.820411
7.455            -0.031941       -1.830097
7.470            -0.032107       -1.839622
7.485            -0.032271       -1.848982
7.500            -0.032431       -1.858173
7.515            -0.032589       -1.867189
7.530            -0.032743       -1.876026
7.545            -0.032894       -1.884680
7.560            -0.033042       -1.893145
7.575            -0.033186       -1.901419
7.590            -0.033327       -1.909496
7.605            -0.033464       -1.917372
7.620            -0.033598       -1.925043
7.635            -0.033729       -1.932506
7.650            -0.033855       -1.939755
7.665            -0.033978       -1.946788
7.680            -0.034097       -1.953601
7.695            -0.034212       -1.960189
7.710            -0.034323       -1.966549
7.725            -0.034430       -1.972678
7.740            -0.034533       -1.978572
7.755            -0.034631       -1.984228
7.770            -0.034726       -1.989642
7.785            -0.034816       -1.994811
7.800            -0.034902       -1.999732
7.815            -0.034983       -2.004402
7.830            -0.035060       -2.008817
7.845            -0.035133       -2.012975
7.860            -0.035201       -2.016872
7.875            -0.035265       -2.020507
7.890            -0.035323       -2.023876
7.905            -0.035377       -2.026976
7.920            -0.035427       -2.029805
7.935            -0.035471       -2.032360
7.950            -0.035511       -2.034638
7.965            -0.035546       -2.036638
7.980            -0.035576       -2.038357
7.995            -0.035601       -2.039793
8.010            -0.035621       -2.040943
8.025            -0.035636       -2.041805
8.040            -0.035646       -2.042378
8.055            -0.035651       -2.042659
8.070            -0.035651       -2.042646
8.085            -0.035646       -2.042337
8.100            -0.035635       -2.041732
8.115            -0.035619       -2.040827
8.130            -0.035598       -2.039622
8.145            -0.035572       -2.038115
8.160            -0.035540       -2.036304
8.175            -0.035503       -2.034189
8.190            -0.035461       -2.031768
8.205            -0.035413       -2.029040
8.220            -0.035360       -2.026004
8.235            -0.035302       -2.022658
8.250            -0.035238       -2.019003
8.265            -0.035169       -2.015038
8.280            -0.035094       -2.010761
8.295            -0.035014       -2.006173
8.310            -0.034929       -2.001272
8.325            -0.034838       -1.996060
8.340            -0.034741       -1.990534
8.355            -0.034639       -1.984697
8.370            -0.034532       -1.978547
8.385            -0.034419       -1.972084
8.400            -0.034301       -1.965310
8.415            -0.034177       -1.958224
8.430            -0.034048       -1.950827
8.445            -0.033914       -1.943120
8.460            -0.033774       -1.935103
8.475            -0.033629       -1.926777
8.490            -0.033478       -1.918144
8.505            -0.033322       -1.909204
8.520            -0.033161       -1.899959
8.535            -0.032994       -1.890409
8.550            -0.032822       -1.880557
8.565            -0.032645       -1.870404
8.580            -0.032462       -1.859951
8.595            -0.032275       -1.849201
8.610            -0.032082       -1.838155
8.625            -0.031884       -1.826815
8.640            -0.031681       -1.815183
8.655            -0.031473       -1.803261
8.670            -0.031260       -1.791051
8.685            -0.031042       -1.778555
8.700            -0.030819       -1.765777
8.715            -0.030591       -1.752717
8.730            -0.030358       -1.739378
8.745            -0.030120       -1.725763
8.760            -0.029878       -1.711875
8.775            -0.029631       -1.697715
8.790            -0.029379       -1.683286
8.805            -0.029122       -1.668590
8.820            -0.028861       -1.653631
8.835            -0.028596       -1.638410
8.850            -0.028325       -1.622930
8.865            -0.028051       -1.607193
8.880            -0.027772       -1.591202
8.895            -0.027488       -1.574960
8.910            -0.027200       -1.558467
8.925            -0.026908       -1.541727
8.940            -0.026612       -1.524742
8.955            -0.026311       -1.507514
8.970            -0.026006       -1.490045
8.985            -0.025697       -1.472337
9.000            -0.025384       -1.454392
9.015            -0.025067       -1.436212
9.030            -0.024745       -1.417798
9.045            -0.024420       -1.399152
9.060            -0.024090       -1.380275
9.075            -0.023757       -1.361169
9.090            -0.023419       -1.341835
9.105            -0.023078       -1.322275
9.120            -0.022733       -1.302488
9.135            -0.022383       -1.282477
9.150            -0.022030       -1.262241
9.165            -0.021673       -1.241782
9.180            -0.021312       -1.221100
9.195            -0.020947       -1.200195
9.210            -0.020579       -1.179068
9.225            -0.020206       -1.157719
9.240            -0.019830       -1.136147
9.255            -0.019449       -1.114353
9.270            -0.019065       -1.092336
9.285            -0.018677       -1.070097
9.300            -0.018285       -1.047634
9.315            -0.017889       -1.024947
9.330            -0.017489       -1.002036
9.345            -0.017085       -0.978900
9.360            -0.016677       -0.955537
9.375            -0.016266       -0.931948
9.390            -0.015850       -0.908130
9.405            -0.015430       -0.884084
9.420            -0.015006       -0.859808
9.435            -0.014579       -0.835300
9.450            -0.014147       -0.810561
9.465            -0.013711       -0.785587
9.480            -0.013271       -0.760380
9.495            -0.012827       -0.734936
9.510            -0.012379       -0.709256
9.525            -0.011926       -0.683337
9.540            -0.011470       -0.657180
9.555            -0.011009       -0.630782
9.570            -0.010544       -0.604142
9.585            -0.010075       -0.577261
9.600            -0.009602       -0.550136
9.615            -0.009124       -0.522767
9.630            -0.008642       -0.495153
9.645            -0.008156       -0.467294
9.660            -0.007665       -0.439189
9.675            -0.007170       -0.410837
9.690            -0.006671       -0.382239
9.705            -0.006168       -0.353395
9.720            -0.005660       -0.324304
9.735            -0.005148       -0.294967
9.750            -0.004632       -0.265384
9.765            -0.004111       -0.235555
9.780            -0.003586       -0.205483
9.795            -0.003057       -0.175166
9.810            -0.002524       -0.144607
9.825            -0.001986       -0.113807
9.840            -0.001445       -0.082768
9.855            -0.000899       -0.051492
9.870            -0.000349       -0.019979
9.885             0.000205        0.011766
9.900             0.000763        0.043743
9.915             0.001326        0.075947
9.930             0.001892        0.108376
9.945             0.002461        0.141027
9.960             0.003035        0.173897
9.975             0.003612        0.206981
9.990             0.004194        0.240276
10.005            0.004778        0.273778
10.020            0.005367        0.307481
10.035            0.005958        0.341383
10.050            0.006553        0.375477
10.065            0.007152        0.409759
10.080            0.007753        0.444223
10.095            0.008358        0.478864
10.110            0.008965        0.513677
10.125            0.009576        0.548654
10.140            0.010189        0.583791
10.155            0.010805        0.619081
10.170            0.011423        0.654518
10.185            0.012044        0.690094
10.200            0.012668        0.725803
10.215            0.013293        0.761638
10.230            0.013921        0.797593
10.245            0.014550        0.833659
10.260            0.015181        0.869829
10.275            0.015814        0.906097
10.290            0.016449        0.942454
10.305            0.017085        0.978892
10.320            0.017722        1.015405
10.335            0.018361        1.051983
10.350            0.019000        1.088620
10.365            0.019640        1.125307
10.380            0.020281        1.162036
10.395            0.020923        1.198800
10.410            0.021565        1.235590
10.425            0.022208        1.272397
10.440            0.022850        1.309215
10.455            0.023493        1.346035
10.470            0.024135        1.382848
10.485            0.024778        1.419648
10.500            0.025419        1.456425
10.515            0.026061        1.493171
10.530            0.026701        1.529880
10.545            0.027341        1.566543
10.560            0.027980        1.603152
10.575            0.028618        1.639700
10.590            0.029255        1.676178
10.605            0.029890        1.712579
10.620            0.030524        1.748897
10.635            0.031156        1.785123
10.650            0.031787        1.821249
10.665            0.032415        1.857270
10.680            0.033042        1.893178
10.695            0.033667        1.928965
10.710            0.034289        1.964626
10.725            0.034909        2.000153
10.740            0.035527        2.035539
10.755            0.036142        2.070779
10.770            0.036754        2.105866
10.785            0.037364        2.140794
10.800            0.037971        2.175557
10.815            0.038574        2.210148
10.830            0.039175        2.244563
10.845            0.039772        2.278795
10.860            0.040367        2.312838
10.875            0.040957        2.346689
10.890            0.041545        2.380341
10.905            0.042129        2.413789
10.920            0.042709        2.447028
10.935            0.043285        2.480054
10.950            0.043858        2.512862
10.965            0.044426        2.545447
10.980            0.044991        2.577805
10.995            0.045552        2.609932
11.010            0.046109        2.641823
11.025            0.046661        2.673475
11.040            0.047209        2.704883
11.055            0.047753        2.736044
11.070            0.048292        2.766955
11.085            0.048828        2.797611
11.100            0.049358        2.828010
11.115            0.049884        2.858148
11.130            0.050405        2.888021
11.145            0.050922        2.917628
11.160            0.051434        2.946964
11.175            0.051941        2.976028
11.190            0.052444        3.004816
11.205            0.052942        3.033325
11.220            0.053434        3.061554
11.235            0.053922        3.089500
11.250            0.054405        3.117160
11.265            0.054882        3.144533
11.280            0.055355        3.171615
11.295            0.055823        3.198405
11.310            0.056285        3.224902
11.325            0.056742        3.251102
11.340            0.057195        3.277005
11.355            0.057641        3.302608
11.370            0.058083        3.327910
11.385            0.058519        3.352909
11.400            0.058950        3.377604
11.415            0.059376        3.401993
11.430            0.059796        3.426075
11.445            0.060211        3.449848
11.460            0.060621        3.473312
11.475            0.061025        3.496464
11.490            0.061423        3.519305
11.505            0.061817        3.541832
11.520            0.062204        3.564045
11.535            0.062586        3.585942
11.550            0.062963        3.607523
11.565            0.063334        3.628787
11.580            0.063700        3.649733
11.595            0.064060        3.670359
11.610            0.064414        3.690666
11.625            0.064763        3.710652
11.640            0.065106        3.730316
11.655            0.065444        3.749659
11.670            0.065776        3.768678
11.685            0.066102        3.787374
11.700            0.066423        3.805746
11.715            0.066738        3.823793
11.730            0.067047        3.841514
11.745            0.067351        3.858908
11.760            0.067649        3.875976
11.775            0.067941        3.892716
11.790            0.068227        3.909127
11.805            0.068508        3.925210
11.820            0.068783        3.940962
11.835            0.069052        3.956384
11.850            0.069315        3.971474
11.865            0.069573        3.986232
11.880            0.069825        4.000657
11.895            0.070071        4.014748
11.910            0.070311        4.028504
11.925            0.070545        4.041924
11.940            0.070773        4.055007
11.955            0.070996        4.067752
11.970            0.071212        4.080157
11.985            0.071423        4.092222
12.000            0.071627        4.103945
12.015            0.071826        4.115324
12.030            0.072019        4.126359
12.045            0.072205        4.137047
12.060            0.072386        4.147387
12.075            0.072560        4.157377
12.090            0.072728        4.167015
12.105            0.072890        4.176299
12.120            0.073046        4.185227
12.135            0.073196        4.193797
12.150            0.073339        4.202007
12.165            0.073476        4.209853
12.180            0.073606        4.217334
12.195            0.073730        4.224446
12.210            0.073848        4.231187
12.225            0.073959        4.237554
12.240            0.074064        4.243544
12.255            0.074162        4.249153
12.270            0.074253        4.254378
12.285            0.074337        4.259216
12.300            0.074415        4.263662
12.315            0.074486        4.267713
12.330            0.074549        4.271365
12.345            0.074606        4.274614
12.360            0.074656        4.277455
12.375            0.074698        4.279885
12.390            0.074733        4.281898
12.405            0.074761        4.283489
12.420            0.074781        4.284655
12.435            0.074794        4.285390
12.450            0.074799        4.285689
12.465            0.074797        4.285546
12.480            0.074787        4.284957
12.495            0.074768        4.283915
12.510            0.074742        4.282416
12.525            0.074708        4.280452
12.540            0.074666        4.278020
12.555            0.074615        4.275111
12.570            0.074556        4.271722
12.585            0.074488        4.267844
12.600            0.074412        4.263472
12.615            0.074327        4.258600
12.630            0.074233        4.253221
12.645            0.074130        4.247329
12.660            0.074018        4.240916
12.675            0.073897        4.233977
12.690            0.073766        4.226504
12.705            0.073627        4.218491
12.720            0.073477        4.209931
12.735            0.073318        4.200818
12.750            0.073149        4.191144
12.765            0.072971        4.180902
12.780            0.072782        4.170086
12.795            0.072583        4.158688
12.810            0.072374        4.146703
12.825            0.072154        4.134122
12.840            0.071924        4.120940
12.855            0.071683        4.107150
12.870            0.071432        4.092744
12.885            0.071170        4.077716
12.900            0.070896        4.062060
12.915            0.070612        4.045770
12.930            0.070316        4.028838
12.945            0.070010        4.011258
12.960            0.069691        3.993025
12.975            0.069362        3.974132
12.990            0.069020        3.954574
13.005            0.068667        3.934343
13.020            0.068302        3.913436
13.035            0.067926        3.891846
13.050            0.067537        3.869568
13.065            0.067136        3.846596
13.080            0.066723        3.822926
13.095            0.066297        3.798554
13.110            0.065860        3.773473
13.125            0.065409        3.747681
13.140            0.064947        3.721172
13.155            0.064471        3.693942
13.170            0.063984        3.665989
13.185            0.063483        3.637308
13.200            0.062970        3.607896
13.215            0.062444        3.577750
13.230            0.061905        3.546867
13.245            0.061353        3.515245
13.260            0.060788        3.482881
13.275            0.060210        3.449773
13.290            0.059619        3.415919
13.305            0.059015        3.381318
13.320            0.058398        3.345969
13.335            0.057768        3.309871
13.350            0.057125        3.273022
13.365            0.056469        3.235422
13.380            0.055799        3.197072
13.395            0.055117        3.157971
13.410            0.054421        3.118120
13.425            0.053713        3.077520
13.440            0.052991        3.036171
13.455            0.052256        2.994074
13.470            0.051509        2.951232
13.485            0.050748        2.907646
13.500            0.049974        2.863318
13.515            0.049188        2.818251
13.530            0.048388        2.772448
13.545            0.047576        2.725910
13.560            0.046751        2.678643
13.575            0.045913        2.630648
13.590            0.045063        2.581930
13.605            0.044200        2.532494
13.620            0.043325        2.482343
13.635            0.042437        2.431482
13.650            0.041537        2.379916
13.665            0.040625        2.327651
13.680            0.039701        2.274691
13.695            0.038765        2.221043
13.710            0.037816        2.166713
13.725            0.036856        2.111706
13.740            0.035884        2.056030
13.755            0.034901        1.999691
13.770            0.033906        1.942696
13.785            0.032900        1.885053
13.800            0.031883        1.826769
13.815            0.030855        1.767851
13.830            0.029816        1.708308
13.845            0.028766        1.648149
13.860            0.027705        1.587381
13.875            0.026634        1.526013
13.890            0.025553        1.464054
13.905            0.024461        1.401514
13.920            0.023360        1.338402
13.935            0.022248        1.274727
13.950            0.021127        1.210499
13.965            0.019997        1.145728
13.980            0.018857        1.080424
13.995            0.017708        1.014599
14.010            0.016550        0.948262
14.025            0.015384        0.881424
14.040            0.014209        0.814096
14.055            0.013025        0.746290
14.070            0.011834        0.678016
14.085            0.010634        0.609287
14.100            0.009427        0.540114
14.115            0.008212        0.470508
14.130            0.006990        0.400483
14.145            0.005760        0.330049
14.160            0.004524        0.259220
14.175            0.003281        0.188007
14.190            0.002032        0.116425
14.205            0.000776        0.044484
14.220           -0.000485       -0.027801
14.235           -0.001753       -0.100418
14.250           -0.003026       -0.173354
14.265           -0.004304       -0.246595
14.280           -0.005587       -0.320128
14.295           -0.006876       -0.393940
14.310           -0.008168       -0.468016
14.325           -0.009466       -0.542344
14.340           -0.010767       -0.616909
14.355           -0.012072       -0.691697
14.370           -0.013381       -0.766695
14.385           -0.014694       -0.841889
14.400           -0.016009       -0.917264
14.415           -0.017328       -0.992806
14.430           -0.018649       -1.068501
14.445           -0.019972       -1.144335
14.460           -0.021298       -1.220294
14.475           -0.022626       -1.296362
14.490           -0.023955       -1.372527
14.505           -0.025286       -1.448773
14.520           -0.026618       -1.525086
14.535           -0.027951       -1.601451
14.550           -0.029284       -1.677855
14.565           -0.030618       -1.754282
14.580           -0.031952       -1.830719
14.595           -0.033286       -1.907150
14.610           -0.034620       -1.983562
14.625           -0.035953       -2.059941
14.640           -0.037285       -2.136271
14.655           -0.038616       -2.212539
14.670           -0.039946       -2.288731
14.685           -0.041274       -2.364832
14.700           -0.042600       -2.440828
14.715           -0.043925       -2.516705
14.730           -0.045247       -2.592449
14.745           -0.046566       -2.668047
14.760           -0.047883       -2.743485
14.775           -0.049196       -2.818749
14.790           -0.050507       -2.893825
14.805           -0.051814       -2.968700
14.820           -0.053117       -3.043360
14.835           -0.054416       -3.117793
14.850           -0.055711       -3.191985
14.865           -0.057001       -3.265923
14.880           -0.058287       -3.339595
14.895           -0.059568       -3.412987
14.910           -0.060844       -3.486087
14.925           -0.062114       -3.558882
14.940           -0.063379       -3.631360
14.955           -0.064638       -3.703510
14.970           -0.065892       -3.775318
14.985           -0.067139       -3.846773
15.000           -0.068380       -3.917864
15.015           -0.069614       -3.988579
15.030           -0.070841       -4.058905
15.045           -0.072062       -4.128833
15.060           -0.073275       -4.198351
15.075           -0.074481       -4.267448
15.090           -0.075679       -4.336114
15.105           -0.076870       -4.404337
15.120           -0.078053       -4.472108
15.135           -0.079228       -4.539417
15.150           -0.080394       -4.606252
15.165           -0.081552       -4.672605
15.180           -0.082702       -4.738466
15.195           -0.083843       -4.803825
15.210           -0.084974       -4.868673
15.225           -0.086097       -4.933000
15.240           -0.087211       -4.996798
15.255           -0.088315       -5.060058
15.270           -0.089409       -5.122772
15.285           -0.090494       -5.184930
15.300           -0.091569       -5.246525
15.315           -0.092634       -5.307548
15.330           -0.093689       -5.367991
15.345           -0.094734       -5.427847
15.360           -0.095768       -5.487108
15.375           -0.096792       -5.545767
15.390           -0.097805       -5.603816
15.405           -0.098807       -5.661248
15.420           -0.099799       -5.718056
15.435           -0.100779       -5.774234
15.450           -0.101749       -5.829774
15.465           -0.102707       -5.884671
15.480           -0.103654       -5.938917
15.495           -0.104589       -5.992507
15.510           -0.105513       -6.045435
15.525           -0.106425       -6.097694
15.540           -0.107325       -6.149279
15.555           -0.108214       -6.200184
15.570           -0.109090       -6.250403
15.585           -0.109955       -6.299932
15.600           -0.110807       -6.348765
15.615           -0.111647       -6.396897
15.630           -0.112475       -6.444322
15.645           -0.113290       -6.491036
15.660           -0.114093       -6.537033
15.675           -0.114883       -6.582310
15.690           -0.115661       -6.626861
15.705           -0.116425       -6.670682
15.720           -0.117177       -6.713769
15.735           -0.117916       -6.756116
15.750           -0.118643       -6.797720
15.765           -0.119356       -6.838576
15.780           -0.120056       -6.878681
15.795           -0.120742       -6.918029
15.810           -0.121416       -6.956617
15.825           -0.122076       -6.994441
15.840           -0.122723       -7.031497
15.855           -0.123356       -7.067780
15.870           -0.123976       -7.103287
15.885           -0.124582       -7.138013
15.900           -0.125174       -7.171955
15.915           -0.125753       -7.205109
15.930           -0.126318       -7.237470
15.945           -0.126869       -7.269035
15.960           -0.127406       -7.299800
15.975           -0.127928       -7.329760
15.990           -0.128437       -7.358912
16.005           -0.128932       -7.387252
16.020           -0.129412       -7.414774
16.035           -0.129878       -7.441476
16.050           -0.130330       -7.467352
16.065           -0.130767       -7.492399
16.080           -0.131190       -7.516611
16.095           -0.131598       -7.539985
16.110           -0.131991       -7.562516
16.125           -0.132369       -7.584199
16.140           -0.132733       -7.605030
16.155           -0.133081       -7.625003
16.170           -0.133415       -7.644114
16.185           -0.133733       -7.662357
16.200           -0.134037       -7.679727
16.215           -0.134324       -7.696220
16.230           -0.134597       -7.711829
16.245           -0.134854       -7.726549
16.260           -0.135095       -7.740375
16.275           -0.135321       -7.753300
16.290           -0.135530       -7.765319
16.305           -0.135724       -7.776425
16.320           -0.135902       -7.786613
16.335           -0.136064       -7.795876
16.350           -0.136209       -7.804208
16.365           -0.136338       -7.811602
16.380           -0.136451       -7.818052
16.395           -0.136547       -7.823550
16.410           -0.136626       -7.828090
16.425           -0.136688       -7.831665
16.440           -0.136734       -7.834268
16.455           -0.136762       -7.835891
16.470           -0.136773       -7.836528
16.485           -0.136767       -7.836170
16.500           -0.136743       -7.834810
16.515           -0.136702       -7.832442
16.530           -0.136643       -7.829056
16.545           -0.136566       -7.824645
16.560           -0.136471       -7.819202
16.575           -0.136358       -7.812719
16.590           -0.136226       -7.805188
16.605           -0.136076       -7.796601
16.620           -0.135908       -7.786949
16.635           -0.135721       -7.776227
16.650           -0.135515       -7.764424
16.665           -0.135290       -7.751534
16.680           -0.135046       -7.737549
16.695           -0.134782       -7.722461
16.710           -0.134500       -7.706262
16.725           -0.134197       -7.688944
16.740           -0.133875       -7.670501
16.755           -0.133534       -7.650924
16.770           -0.133172       -7.630206
16.785           -0.132791       -7.608340
16.800           -0.132389       -7.585319
16.815           -0.131967       -7.561136
16.830           -0.131524       -7.535784
16.845           -0.131061       -7.509257
16.860           -0.130578       -7.481548
16.875           -0.130073       -7.452650
16.890           -0.129548       -7.422559
16.905           -0.129002       -7.391268
16.920           -0.128435       -7.358772
16.935           -0.127846       -7.325065
16.950           -0.127237       -7.290142
16.965           -0.126606       -7.254000
16.980           -0.125954       -7.216633
16.995           -0.125280       -7.178037
17.010           -0.124585       -7.138209
17.025           -0.123869       -7.097145
17.040           -0.123130       -7.054842
17.055           -0.122370       -7.011297
17.070           -0.121589       -6.966509
17.085           -0.120785       -6.920474
17.100           -0.119960       -6.873192
17.115           -0.119113       -6.824661
17.130           -0.118244       -6.774880
17.145           -0.117353       -6.723848
17.160           -0.116441       -6.671567
17.175           -0.115507       -6.618036
17.190           -0.114550       -6.563255
17.205           -0.113573       -6.507227
17.220           -0.112573       -6.449953
17.235           -0.111552       -6.391435
17.250           -0.110509       -6.331675
17.265           -0.109444       -6.270677
17.280           -0.108358       -6.208444
17.295           -0.107250       -6.144979
17.310           -0.106121       -6.080288
17.325           -0.104971       -6.014375
17.340           -0.103799       -5.947245
17.355           -0.102606       -5.878904
17.370           -0.101392       -5.809359
17.385           -0.100158       -5.738615
17.400           -0.098902       -5.666680
17.415           -0.097626       -5.593561
17.430           -0.096329       -5.519267
17.445           -0.095012       -5.443806
17.460           -0.093675       -5.367187
17.475           -0.092318       -5.289419
17.490           -0.090941       -5.210512
17.505           -0.089544       -5.130476
17.520           -0.088127       -5.049322
17.535           -0.086692       -4.967061
17.550           -0.085237       -4.883704
17.565           -0.083763       -4.799264
17.580           -0.082271       -4.713753
17.595           -0.080760       -4.627183
17.610           -0.079230       -4.539568
17.625           -0.077683       -4.450922
17.640           -0.076118       -4.361258
17.655           -0.074536       -4.270591
17.670           -0.072936       -4.178935
17.685           -0.071319       -4.086306
17.700           -0.069686       -3.992719
17.715           -0.068036       -3.898190
17.730           -0.066370       -3.802735
17.745           -0.064688       -3.706371
17.760           -0.062991       -3.609114
17.775           -0.061278       -3.510983
17.790           -0.059551       -3.411993
17.805           -0.057808       -3.312164
17.820           -0.056051       -3.211514
17.835           -0.054281       -3.110060
17.850           -0.052496       -3.007821
17.865           -0.050699       -2.904817
17.880           -0.048888       -2.801067
17.895           -0.047064       -2.696590
17.910           -0.045229       -2.591407
17.925           -0.043381       -2.485536
17.940           -0.041521       -2.378998
17.955           -0.039651       -2.271814
17.970           -0.037769       -2.164005
17.985           -0.035877       -2.055590
18.000           -0.033974       -1.946592
18.015           -0.032062       -1.837032
18.030           -0.030141       -1.726930
18.045           -0.028210       -1.616308
18.060           -0.026271       -1.505189
18.075           -0.024323       -1.393594
18.090           -0.022367       -1.281545
18.105           -0.020404       -1.169064
18.120           -0.018434       -1.056173
18.135           -0.016457       -0.942894
18.150           -0.014473       -0.829251
18.165           -0.012484       -0.715265
18.180           -0.010489       -0.600959
18.195           -0.008489       -0.486356
18.210           -0.006484       -0.371479
18.225           -0.004474       -0.256350
18.240           -0.002461       -0.140991
18.255           -0.000444       -0.025427
18.270            0.001576        0.090321
18.285            0.003599        0.206230
18.300            0.005625        0.322276
18.315            0.007652        0.438436
18.330            0.009681        0.554689
18.345            0.011711        0.671011
18.360            0.013742        0.787378
18.375            0.015774        0.903769
18.390            0.017805        1.020161
18.405            0.019836        1.136531
18.420            0.021866        1.252855
18.435            0.023896        1.369112
18.450            0.025923        1.485280
18.465            0.027949        1.601334
18.480            0.029972        1.717254
18.495            0.031992        1.833017
18.510            0.034009        1.948600
18.525            0.036023        2.063981
18.540            0.038033        2.179139
18.555            0.040039        2.294051
18.570            0.042040        2.408695
18.585            0.044036        2.523050
18.600            0.046026        2.637093
18.615            0.048011        2.750805
18.630            0.049989        2.864162
18.645            0.051961        2.977144
18.660            0.053926        3.089730
18.675            0.055884        3.201898
18.690            0.057834        3.313628
18.705            0.059776        3.424898
18.720            0.061709        3.535690
18.735            0.063634        3.645981
18.750            0.065550        3.755752
18.765            0.067457        3.864982
18.780            0.069353        3.973652
18.795            0.071240        4.081742
18.810            0.073116        4.189232
18.825            0.074981        4.296102
18.840            0.076835        4.402334
18.855            0.078678        4.507909
18.870            0.080509        4.612807
18.885            0.082327        4.717009
18.900            0.084134        4.820498
18.915            0.085927        4.923255
18.930            0.087707        5.025262
18.945            0.089474        5.126501
18.960            0.091228        5.226954
18.975            0.092967        5.326604
18.990            0.094692        5.425434
19.005            0.096402        5.523427
19.020            0.098097        5.620565
19.035            0.099778        5.716833
19.050            0.101442        5.812214
19.065            0.103091        5.906693
19.080            0.104724        6.000252
19.095            0.106341        6.092878
19.110            0.107941        6.184554
19.125            0.109524        6.275266
19.140            0.111090        6.365000
19.155            0.112639        6.453740
19.170            0.114170        6.541472
19.185            0.115684        6.628183
19.200            0.117179        6.713860
19.215            0.118656        6.798488
19.230            0.120115        6.882056
19.245            0.121554        6.964550
19.260            0.122975        7.045959
19.275            0.124377        7.126269
19.290            0.125759        7.205471
19.305            0.127122        7.283551
19.320            0.128465        7.360500
19.335            0.129788        7.436306
19.350            0.131091        7.510960
19.365            0.132374        7.584451
19.380            0.133636        7.656769
19.395            0.134877        7.727905
19.410            0.136098        7.797851
19.425            0.137298        7.866597
19.440            0.138477        7.934135
19.455            0.139634        8.000456
19.470            0.140770        8.065555
19.485            0.141885        8.129421
19.500            0.142978        8.192050
19.515            0.144050        8.253434
19.530            0.145099        8.313566
19.545            0.146127        8.372441
19.560            0.147132        8.430052
19.575            0.148116        8.486395
19.590            0.149077        8.541463
19.605            0.150015        8.595252
19.620            0.150932        8.647758
19.635            0.151826        8.698975
19.650            0.152697        8.748900
19.665            0.153546        8.797529
19.680            0.154372        8.844858
19.695            0.155175        8.890883
19.710            0.155956        8.935603
19.725            0.156713        8.979013
19.740            0.157448        9.021111
19.755            0.158160        9.061895
19.770            0.158849        9.101362
19.785            0.159515        9.139509
19.800            0.160157        9.176336
19.815            0.160777        9.211840
19.830            0.161373        9.246019
19.845            0.161947        9.278873
19.860            0.162497        9.310398
19.875            0.163024        9.340595
19.890            0.163528        9.369462
19.905            0.164009        9.396998
19.920            0.164466        9.423201
19.935            0.164900        9.448071
19.950            0.165311        9.471606
19.965            0.165698        9.493806
19.980            0.166062        9.514671
19.995            0.166403        9.534198
20.010            0.166721        9.552387
20.025            0.167015        9.569238
20.040            0.167285        9.584749
20.055            0.167533        9.598920
20.070            0.167757        9.611749
20.085            0.167957        9.623236
20.100            0.168134        9.633380
20.115            0.168288        9.642179
20.130            0.168418        9.649633
20.145            0.168524        9.655739
20.160            0.168608        9.660498
20.175            0.168667        9.663908
20.190            0.168703        9.665967
20.205            0.168715        9.666673
20.220            0.168704        9.666026
20.235            0.168669        9.664023
20.250            0.168610        9.660663
20.265            0.168528        9.655944
20.280            0.168422        9.649863
20.295            0.168292        9.642419
20.310            0.168138        9.633610
20.325            0.167961        9.623433
20.340            0.167759        9.611887
20.355            0.167534        9.598967
20.370            0.167284        9.584673
20.385            0.167011        9.569002
20.400            0.166713        9.551950
20.415            0.166391        9.533515
20.430            0.166045        9.513695
20.445            0.165675        9.492486
20.460            0.165281        9.469886
20.475            0.164862        9.445892
20.490            0.164419        9.420501
20.505            0.163951        9.393709
20.520            0.163459        9.365515
20.535            0.162942        9.335914
20.550            0.162401        9.304905
20.565            0.161835        9.272484
20.580            0.161245        9.238649
20.595            0.160630        9.203396
20.610            0.159990        9.166723
20.625            0.159325        9.128628
20.640            0.158635        9.089108
20.655            0.157920        9.048161
20.670            0.157181        9.005784
20.685            0.156416        8.961975
20.700            0.155626        8.916734
20.715            0.154812        8.870057
20.730            0.153972        8.821943
20.745            0.153107        8.772392
20.760            0.152217        8.721401
20.775            0.151302        8.668972
20.790            0.150362        8.615102
20.805            0.149397        8.559792
20.820            0.148406        8.503042
20.835            0.147390        8.444852
20.850            0.146350        8.385223
20.865            0.145284        8.324157
20.880            0.144193        8.261655
20.895            0.143077        8.197718
20.910            0.141936        8.132350
20.925            0.140770        8.065553
20.940            0.139580        7.997330
20.955            0.138364        7.927685
20.970            0.137124        7.856623
20.985            0.135859        7.784148
21.000            0.134569        7.710264
21.015            0.133256        7.634979
21.030            0.131917        7.558298
21.045            0.130555        7.480227
21.060            0.129168        7.400775
21.075            0.127757        7.319950
21.090            0.126323        7.237758
21.105            0.124865        7.154211
21.120            0.123383        7.069317
21.135            0.121878        6.983087
21.150            0.120350        6.895532
21.165            0.118799        6.806663
21.180            0.117225        6.716492
21.195            0.115629        6.625032
21.210            0.114010        6.532297
21.225            0.112370        6.438300
21.240            0.110707        6.343057
21.255            0.109023        6.246581
21.270            0.107318        6.148890
21.285            0.105592        6.050000
21.300            0.103846        5.949928
21.315            0.102079        5.848692
21.330            0.100292        5.746310
21.345            0.098485        5.642801
21.360            0.096660        5.538185
21.375            0.094815        5.432481
21.390            0.092951        5.325712
21.405            0.091069        5.217898
21.420            0.089170        5.109061
21.435            0.087253        4.999223
21.450            0.085319        4.888409
21.465            0.083368        4.776640
21.480            0.081401        4.663942
21.495            0.079418        4.550339
21.510            0.077420        4.435856
21.525            0.075407        4.320519
21.540            0.073380        4.204353
21.555            0.071338        4.087386
21.570            0.069283        3.969644
21.585            0.067215        3.851154
21.600            0.065135        3.731945
21.615            0.063042        3.612044
21.630            0.060938        3.491480
21.645            0.058823        3.370281
21.660            0.056697        3.248477
21.675            0.054561        3.126098
21.690            0.052415        3.003172
21.705            0.050261        2.879730
21.720            0.048098        2.755802
21.735            0.045927        2.631419
21.750            0.043749        2.506611
21.765            0.041563        2.381409
21.780            0.039372        2.255844
21.795            0.037175        2.129948
21.810            0.034972        2.003751
21.825            0.032765        1.877285
21.840            0.030553        1.750582
21.855            0.028338        1.623673
21.870            0.026120        1.496590
21.885            0.023900        1.369365
21.900            0.021678        1.242029
21.915            0.019454        1.114615
21.930            0.017229        0.987153
21.945            0.015004        0.859677
21.960            0.012780        0.732217
21.975            0.010556        0.604805
21.990            0.008333        0.477474
22.005            0.006113        0.350254
22.020            0.003895        0.223177
22.035            0.001680        0.096274
22.050           -0.000531       -0.030422
22.065           -0.002738       -0.156882
22.080           -0.004941       -0.283073
22.095           -0.007138       -0.408966
22.110           -0.009329       -0.534528
22.125           -0.011514       -0.659731
22.140           -0.013693       -0.784542
22.155           -0.015864       -0.908933
22.170           -0.018027       -1.032872
22.185           -0.020182       -1.156331
22.200           -0.022328       -1.279279
22.215           -0.024464       -1.401688
22.230           -0.026591       -1.523527
22.245           -0.028707       -1.644769
22.260           -0.030812       -1.765384
22.275           -0.032905       -1.885345
22.290           -0.034987       -2.004623
22.305           -0.037057       -2.123190
22.320           -0.039113       -2.241019
22.335           -0.041156       -2.358083
22.350           -0.043186       -2.474355
22.365           -0.045201       -2.589808
22.380           -0.047201       -2.704417
22.395           -0.049186       -2.818155
22.410           -0.051156       -2.930997
22.425           -0.053109       -3.042918
22.440           -0.055046       -3.153894
22.455           -0.056966       -3.263899
22.470           -0.058868       -3.372911
22.485           -0.060753       -3.480906
22.500           -0.062620       -3.587861
22.515           -0.064468       -3.693752
22.530           -0.066297       -3.798559
22.545           -0.068107       -3.902260
22.560           -0.069898       -4.004833
22.575           -0.071668       -4.106257
22.590           -0.073418       -4.206514
22.605           -0.075147       -4.305582
22.620           -0.076855       -4.403443
22.635           -0.078541       -4.500079
22.650           -0.080206       -4.595471
22.665           -0.081849       -4.689602
22.680           -0.083470       -4.782455
22.695           -0.085068       -4.874013
22.710           -0.086643       -4.964262
22.725           -0.088195       -5.053186
22.740           -0.089723       -5.140770
22.755           -0.091228       -5.227001
22.770           -0.092710       -5.311866
22.785           -0.094167       -5.395351
22.800           -0.095599       -5.477445
22.815           -0.097008       -5.558136
22.830           -0.098391       -5.637415
22.845           -0.099750       -5.715270
22.860           -0.101084       -5.791693
22.875           -0.102393       -5.866674
22.890           -0.103676       -5.940207
22.905           -0.104934       -6.012282
22.920           -0.106167       -6.082895
22.935           -0.107373       -6.152038
22.950           -0.108554       -6.219706
22.965           -0.109710       -6.285895
22.980           -0.110839       -6.350601
22.995           -0.111942       -6.413819
23.010           -0.113020       -6.475548
23.025           -0.114071       -6.535785
23.040           -0.115096       -6.594528
23.055           -0.116095       -6.651778
23.070           -0.117069       -6.707533
23.085           -0.118016       -6.761793
23.100           -0.118937       -6.814560
23.115           -0.119831       -6.865836
23.130           -0.120700       -6.915622
23.145           -0.121543       -6.963920
23.160           -0.122360       -7.010735
23.175           -0.123152       -7.056069
23.190           -0.123917       -7.099927
23.205           -0.124657       -7.142314
23.220           -0.125371       -7.183235
23.235           -0.126060       -7.222694
23.250           -0.126723       -7.260700
23.265           -0.127361       -7.297257
23.280           -0.127974       -7.332372
23.295           -0.128562       -7.366054
23.310           -0.129125       -7.398310
23.325           -0.129663       -7.429147
23.340           -0.130177       -7.458575
23.355           -0.130666       -7.486601
23.370           -0.131131       -7.513235
23.385           -0.131571       -7.538487
23.400           -0.131988       -7.562365
23.415           -0.132381       -7.584880
23.430           -0.132750       -7.606041
23.445           -0.133096       -7.625860
23.460           -0.133419       -7.644346
23.475           -0.133719       -7.661510
23.490           -0.133995       -7.677363
23.505           -0.134249       -7.691917
23.520           -0.134481       -7.705182
23.535           -0.134690       -7.717170
23.550           -0.134877       -7.727892
23.565           -0.135042       -7.737360
23.580           -0.135186       -7.745586
23.595           -0.135308       -7.752582
23.610           -0.135409       -7.758359
23.625           -0.135489       -7.762930
23.640           -0.135548       -7.766307
23.655           -0.135586       -7.768502
23.670           -0.135604       -7.769527
23.685           -0.135602       -7.769395
23.700           -0.135579       -7.768117
23.715           -0.135537       -7.765707
23.730           -0.135476       -7.762177
23.745           -0.135395       -7.757540
23.760           -0.135295       -7.751807
23.775           -0.135176       -7.744992
23.790           -0.135038       -7.737106
23.805           -0.134882       -7.728164
23.820           -0.134708       -7.718176
23.835           -0.134515       -7.707157
23.850           -0.134305       -7.695118
23.865           -0.134077       -7.682072
23.880           -0.133832       -7.668032
23.895           -0.133570       -7.653011
23.910           -0.133291       -7.637021
23.925           -0.132995       -7.620075
23.940           -0.132683       -7.602185
23.955           -0.132355       -7.583364
23.970           -0.132010       -7.563625
23.985           -0.131650       -7.542980
24.000           -0.131274       -7.521442
24.015           -0.130883       -7.499022
24.030           -0.130476       -7.475735
24.045           -0.130055       -7.451591
24.060           -0.129619       -7.426604
24.075           -0.129168       -7.400785
24.090           -0.128703       -7.374148
24.105           -0.128224       -7.346703
24.120           -0.127731       -7.318462
24.135           -0.127225       -7.289439
24.150           -0.126705       -7.259644
24.165           -0.126171       -7.229090
24.180           -0.125625       -7.197787
24.195           -0.125066       -7.165747
24.210           -0.124494       -7.132983
24.225           -0.123910       -7.099503
24.240           -0.123313       -7.065321
24.255           -0.122704       -7.030445
24.270           -0.122084       -6.994888
24.285           -0.121452       -6.958659
24.300           -0.120808       -6.921768
24.315           -0.120152       -6.884226
24.330           -0.119486       -6.846042
24.345           -0.118808       -6.807226
24.360           -0.118120       -6.767786
24.375           -0.117421       -6.727732
24.390           -0.116711       -6.687073
24.405           -0.115991       -6.645817
24.420           -0.115261       -6.603973
24.435           -0.114521       -6.561547
24.450           -0.113770       -6.518547
24.465           -0.113010       -6.474982
24.480           -0.112240       -6.430858
24.495           -0.111460       -6.386181
24.510           -0.110671       -6.340958
24.525           -0.109872       -6.295195
24.540           -0.109064       -6.248898
24.555           -0.108247       -6.202072
24.570           -0.107420       -6.154722
24.585           -0.106585       -6.106853
24.600           -0.105740       -6.058470
24.615           -0.104887       -6.009576
24.630           -0.104025       -5.960176
24.645           -0.103154       -5.910274
24.660           -0.102274       -5.859872
24.675           -0.101386       -5.808974
24.690           -0.100489       -5.757583
24.705           -0.099583       -5.705701
24.720           -0.098669       -5.653330
24.735           -0.097747       -5.600473
24.750           -0.096816       -5.547131
24.765           -0.095876       -5.493307
24.780           -0.094928       -5.439001
24.795           -0.093972       -5.384215
24.810           -0.093008       -5.328951
24.825           -0.092035       -5.273209
24.840           -0.091054       -5.216990
24.855           -0.090064       -5.160295
24.870           -0.089066       -5.103125
24.885           -0.088060       -5.045480
24.900           -0.087046       -4.987362
24.915           -0.086023       -4.928771
24.930           -0.084992       -4.869707
24.945           -0.083953       -4.810171
24.960           -0.082906       -4.750165
24.975           -0.081850       -4.689688
24.990           -0.080787       -4.628742
25.005           -0.079715       -4.567327
25.020           -0.078635       -4.505446
25.035           -0.077547       -4.443098
25.050           -0.076450       -4.380285
25.065           -0.075346       -4.317009
25.080           -0.074234       -4.253271
25.095           -0.073113       -4.189074
25.110           -0.071985       -4.124419
25.125           -0.070848       -4.059309
25.140           -0.069704       -3.993747
25.155           -0.068552       -3.927735
25.170           -0.067392       -3.861276
25.185           -0.066224       -3.794375
25.200           -0.065049       -3.727034
25.215           -0.063866       -3.659257
25.230           -0.062676       -3.591049
25.245           -0.061478       -3.522415
25.260           -0.060272       -3.453359
25.275           -0.059060       -3.383887
25.290           -0.057840       -3.314003
25.305           -0.056614       -3.243715
25.320           -0.055380       -3.173028
25.335           -0.054139       -3.101948
25.350           -0.052892       -3.030482
25.365           -0.051638       -2.958638
25.380           -0.050378       -2.886423
25.395           -0.049111       -2.813844
25.410           -0.047838       -2.740910
25.425           -0.046559       -2.667628
25.440           -0.045274       -2.594008
25.455           -0.043983       -2.520057
25.470           -0.042687       -2.445786
25.485           -0.041385       -2.371204
25.500           -0.040078       -2.296319
25.515           -0.038766       -2.221142
25.530           -0.037449       -2.145683
25.545           -0.036127       -2.069952
25.560           -0.034801       -1.993959
25.575           -0.033470       -1.917714
25.590           -0.032136       -1.841229
25.605           -0.030797       -1.764514
25.620           -0.029454       -1.687580
25.635           -0.028107       -1.610438
25.650           -0.026758       -1.533098
25.665           -0.025405       -1.455573
25.680           -0.024048       -1.377873
25.695           -0.022689       -1.300009
25.710           -0.021328       -1.221993
25.725           -0.019964       -1.143836
25.740           -0.018597       -1.065548
25.755           -0.017229       -0.987141
25.770           -0.015859       -0.908627
25.785           -0.014487       -0.830015
25.800           -0.013113       -0.751318
25.815           -0.011738       -0.672545
25.830           -0.010362       -0.593708
25.845           -0.008985       -0.514817
25.860           -0.007608       -0.435882
25.875           -0.006229       -0.356914
25.890           -0.004851       -0.277922
25.905           -0.003472       -0.198917
25.920           -0.002093       -0.119909
25.935           -0.000714       -0.040906
25.950            0.000665        0.038083
25.965            0.002043        0.117047
25.980            0.003420        0.195979
25.995            0.004797        0.274869
26.010            0.006173        0.353710
26.025            0.007548        0.432494
26.040            0.008922        0.511213
26.055            0.010295        0.589859
26.070            0.011666        0.668426
26.085            0.013036        0.746907
26.100            0.014404        0.825294
26.115            0.015770        0.903582
26.130            0.017135        0.981765
26.145            0.018498        1.059838
26.160            0.019858        1.137794
26.175            0.021217        1.215629
26.190            0.022573        1.293338
26.205            0.023927        1.370916
26.220            0.025279        1.448360
26.235            0.026628        1.525665
26.250            0.027975        1.602828
26.265            0.029319        1.679845
26.280            0.030660        1.756714
26.295            0.031999        1.833431
26.310            0.033336        1.909994
26.325            0.034669        1.986400
26.340            0.036000        2.062648
26.355            0.037328        2.138735
26.370            0.038653        2.214659
26.385            0.039975        2.290420
26.400            0.041295        2.366016
26.415            0.042611        2.441444
26.430            0.043925        2.516706
26.445            0.045235        2.591798
26.460            0.046543        2.666721
26.475            0.047848        2.741474
26.490            0.049149        2.816055
26.505            0.050448        2.890465
26.520            0.051744        2.964703
26.535            0.053036        3.038767
26.550            0.054326        3.112658
26.565            0.055613        3.186374
26.580            0.056896        3.259915
26.595            0.058177        3.333280
26.610            0.059454        3.406469
26.625            0.060728        3.479479
26.640            0.062000        3.552311
26.655            0.063268        3.624962
26.670            0.064532        3.697430
26.685            0.065794        3.769716
26.700            0.067052        3.841815
26.715            0.068307        3.913727
26.730            0.069559        3.985448
26.745            0.070808        4.056976
26.760            0.072053        4.128308
26.775            0.073294        4.199440
26.790            0.074532        4.270368
26.805            0.075766        4.341089
26.820            0.076997        4.411598
26.835            0.078224        4.481889
26.850            0.079447        4.551959
26.865            0.080666        4.621800
26.880            0.081880        4.691406
26.895            0.083091        4.760772
26.910            0.084297        4.829889
26.925            0.085499        4.898751
26.940            0.086697        4.967349
26.955            0.087889        5.035674
26.970            0.089077        5.103717
26.985            0.090259        5.171470
27.000            0.091436        5.238921
27.015            0.092608        5.306060
27.030            0.093774        5.372876
27.045            0.094935        5.439357
27.060            0.096089        5.505492
27.075            0.097237        5.571267
27.090            0.098378        5.636670
27.105            0.099513        5.701686
27.120            0.100641        5.766302
27.135            0.101761        5.830503
27.150            0.102874        5.894274
27.165            0.103980        5.957599
27.180            0.105077        6.020463
27.195            0.106166        6.082849
27.210            0.107246        6.144740
27.225            0.108317        6.206119
27.240            0.109379        6.266969
27.255            0.110432        6.327271
27.270            0.111474        6.387008
27.285            0.112507        6.446160
27.300            0.113529        6.504709
27.315            0.114540        6.562636
27.330            0.115539        6.619921
27.345            0.116528        6.676544
27.360            0.117504        6.732485
27.375            0.118468        6.787725
27.390            0.119420        6.842242
27.405            0.120358        6.896017
27.420            0.121283        6.949030
27.435            0.122195        7.001258
27.450            0.123093        7.052682
27.465            0.123976        7.103280
27.480            0.124844        7.153032
27.495            0.125697        7.201917
27.510            0.126535        7.249914
27.525            0.127357        7.297001
27.540            0.128162        7.343159
27.555            0.128951        7.388366
27.570            0.129723        7.432601
27.585            0.130478        7.475845
27.600            0.131215        7.518076
27.615            0.131934        7.559274
27.630            0.132635        7.599418
27.645            0.133317        7.638489
27.660            0.133980        7.676467
27.675            0.134623        7.713332
27.690            0.135247        7.749065
27.705            0.135850        7.783646
27.720            0.136433        7.817055
27.735            0.136996        7.849276
27.750            0.137537        7.880287
27.765            0.138057        7.910072
27.780            0.138555        7.938613
27.795            0.139031        7.965890
27.810            0.139485        7.991888
27.825            0.139916        8.016588
27.840            0.140324        8.039974
27.855            0.140709        8.062030
27.870            0.141070        8.082738
27.885            0.141408        8.102083
27.900            0.141722        8.120049
27.915            0.142011        8.136621
27.930            0.142275        8.151784
27.945            0.142515        8.165523
27.960            0.142730        8.177824
27.975            0.142919        8.188673
27.990            0.143083        8.198056
28.005            0.143221        8.205961
28.020            0.143333        8.212374
28.035            0.143419        8.217283
28.050            0.143478        8.220676
28.065            0.143510        8.222541
28.080            0.143516        8.222867
28.095            0.143495        8.221643
28.110            0.143446        8.218859
28.125            0.143370        8.214505
28.140            0.143267        8.208571
28.155            0.143135        8.201048
28.170            0.142976        8.191928
28.185            0.142789        8.181203
28.200            0.142574        8.168865
28.215            0.142330        8.154906
28.230            0.142058        8.139321
28.245            0.141757        8.122103
28.260            0.141428        8.103247
28.275            0.141071        8.082748
28.290            0.140684        8.060601
28.305            0.140269        8.036803
28.320            0.139824        8.011351
28.335            0.139351        7.984242
28.350            0.138849        7.955474
28.365            0.138318        7.925046
28.380            0.137758        7.892958
28.395            0.137169        7.859209
28.410            0.136551        7.823800
28.425            0.135904        7.786734
28.440            0.135228        7.748011
28.455            0.134524        7.707635
28.470            0.133790        7.665609
28.485            0.133028        7.621939
28.500            0.132237        7.576628
28.515            0.131418        7.529683
28.530            0.130570        7.481111
28.545            0.129694        7.430918
28.560            0.128790        7.379113
28.575            0.127858        7.325705
28.590            0.126898        7.270704
28.605            0.125910        7.214120
28.620            0.124895        7.155963
28.635            0.123853        7.096247
28.650            0.122784        7.034983
28.665            0.121688        6.972185
28.680            0.120565        6.907867
28.695            0.119416        6.842044
28.710            0.118241        6.774731
28.725            0.117041        6.705945
28.740            0.115815        6.635702
28.755            0.114564        6.564019
28.770            0.113288        6.490916
28.785            0.111987        6.416410
28.800            0.110663        6.340521
28.815            0.109315        6.263268
28.830            0.107943        6.184673
28.845            0.106548        6.104754
28.860            0.105131        6.023535
28.875            0.103691        5.941037
28.890            0.102229        5.857281
28.905            0.100745        5.772291
28.920            0.099241        5.686088
28.935            0.097716        5.598697
28.950            0.096170        5.510140
28.965            0.094605        5.420442
28.980            0.093020        5.329626
28.995            0.091415        5.237715
29.010            0.089793        5.144735
29.025            0.088151        5.050709
29.040            0.086493        4.955661
29.055            0.084816        4.859617
29.070            0.083123        4.762599
29.085            0.081413        4.664633
29.100            0.079687        4.565742
29.115            0.077946        4.465950
29.130            0.076189        4.365282
29.145            0.074417        4.263760
29.160            0.072630        4.161409
29.175            0.070830        4.058251
29.190            0.069016        3.954309
29.205            0.067188        3.849606
29.220            0.065348        3.744164
29.235            0.063495        3.638004
29.250            0.061630        3.531149
29.265            0.059753        3.423618
29.280            0.057865        3.315434
29.295            0.055966        3.206615
29.310            0.054056        3.097181
29.325            0.052136        2.987152
29.340            0.050205        2.876545
29.355            0.048265        2.765380
29.370            0.046315        2.653673
29.385            0.044357        2.541440
29.400            0.042389        2.428700
29.415            0.040413        2.315466
29.430            0.038428        2.201754
29.445            0.036435        2.087579
29.460            0.034435        1.972954
29.475            0.032426        1.857893
29.490            0.030411        1.742407
29.505            0.028388        1.626510
29.520            0.026358        1.510213
29.535            0.024322        1.393525
29.550            0.022278        1.276458
29.565            0.020229        1.159020
29.580            0.018173        1.041221
29.595            0.016111        0.923069
29.610            0.014042        0.804571
29.625            0.011968        0.685734
29.640            0.009888        0.566566
29.655            0.007803        0.447072
29.670            0.005712        0.327256
29.685            0.003615        0.207125
29.700            0.001513        0.086683
29.715           -0.000595       -0.034068
29.730           -0.002707       -0.155122
29.745           -0.004825       -0.276479
29.760           -0.006949       -0.398135
29.775           -0.009077       -0.520088
29.790           -0.011211       -0.642337
29.805           -0.013350       -0.764881
29.820           -0.015494       -0.887719
29.835           -0.017643       -1.010850
29.850           -0.019797       -1.134276
29.865           -0.021956       -1.257995
29.880           -0.024121       -1.382009
29.895           -0.026290       -1.506319
29.910           -0.028465       -1.630925
29.925           -0.030645       -1.755829
29.940           -0.032830       -1.881032
29.955           -0.035021       -2.006536
29.970           -0.037216       -2.132344
29.985           -0.039417       -2.258455
30.000           -0.041624       -2.384874
30.015           -0.043836       -2.511602
30.030           -0.046053       -2.638640
30.045           -0.048276       -2.765991
30.060           -0.050504       -2.893657
30.075           -0.052738       -3.021640
30.090           -0.054977       -3.149942
30.105           -0.057222       -3.278564
30.120           -0.059472       -3.407508
30.135           -0.061728       -3.536775
30.150           -0.063990       -3.666367
30.165           -0.066258       -3.796284
30.180           -0.068531       -3.926527
30.195           -0.070810       -4.057096
30.210           -0.073094       -4.187992
30.225           -0.075384       -4.319212
30.240           -0.077680       -4.450758
30.255           -0.079982       -4.582626
30.270           -0.082289       -4.714816
30.285           -0.084602       -4.847325
30.300           -0.086920       -4.980151
30.315           -0.089244       -5.113289
30.330           -0.091573       -5.246735
30.345           -0.093907       -5.380486
30.360           -0.096247       -5.514534
30.375           -0.098591       -5.648875
30.390           -0.100941       -5.783502
30.405           -0.103296       -5.918407
30.420           -0.105655       -6.053581
30.435           -0.108019       -6.189015
30.450           -0.110387       -6.324700
30.465           -0.112759       -6.460625
30.480           -0.115135       -6.596777
30.495           -0.117516       -6.733145
30.510           -0.119899       -6.869715
30.525           -0.122286       -7.006473
30.540           -0.124676       -7.143402
30.555           -0.127068       -7.280488
30.570           -0.129464       -7.417712
30.585           -0.131861       -7.555057
30.600           -0.134260       -7.692503
30.615           -0.136660       -7.830031
30.630           -0.139061       -7.967619
30.645           -0.141463       -8.105244
30.660           -0.143865       -8.242885
30.675           -0.146268       -8.380516
30.690           -0.148669       -8.518114
30.705           -0.151070       -8.655651
30.720           -0.153469       -8.793101
30.735           -0.155866       -8.930436
30.750           -0.158260       -9.067627
30.765           -0.160651       -9.204645
30.780           -0.163039       -9.341458
30.795           -0.165423       -9.478035
30.810           -0.167802       -9.614344
30.825           -0.170176       -9.750351
30.840           -0.172544       -9.886022
30.855           -0.174905      -10.021323
30.870           -0.177259      -10.156217
30.885           -0.179606      -10.290668
30.900           -0.181944      -10.424640
30.915           -0.184273      -10.558093
30.930           -0.186593      -10.690990
30.945           -0.188902      -10.823292
30.960           -0.191200      -10.954959
30.975           -0.193486      -11.085950
30.990           -0.195760      -11.216225
31.005           -0.198021      -11.345742
31.020           -0.200267      -11.474461
31.035           -0.202499      -11.602338
31.050           -0.204715      -11.729331
31.065           -0.206916      -11.855397
31.080           -0.209099      -11.980494
31.095           -0.211265      -12.104578
31.110           -0.213412      -12.227604
31.125           -0.215540      -12.349530
31.140           -0.217648      -12.470311
31.155           -0.219735      -12.589903
31.170           -0.221801      -12.708261
31.185           -0.223844      -12.825342
31.200           -0.225865      -12.941102
31.215           -0.227861      -13.055495
31.230           -0.229833      -13.168477
31.245           -0.231780      -13.280004
31.260           -0.233700      -13.390033
31.275           -0.235594      -13.498518
31.290           -0.237459      -13.605416
31.305           -0.239297      -13.710683
31.320           -0.241105      -13.814276
31.335           -0.242883      -13.916152
31.350           -0.244630      -14.016267
31.365           -0.246346      -14.114578
31.380           -0.248029      -14.211042
31.395           -0.249680      -14.305619
31.410           -0.251297      -14.398265
31.425           -0.252880      -14.488939
31.440           -0.254427      -14.577599
31.455           -0.255939      -14.664206
31.470           -0.257414      -14.748718
31.485           -0.258851      -14.831095
31.500           -0.260251      -14.911297
31.515           -0.261612      -14.989286
31.530           -0.262934      -15.065022
31.545           -0.264216      -15.138467
31.560           -0.265457      -15.209583
31.575           -0.266657      -15.278332
31.590           -0.267815      -15.344678
31.605           -0.268931      -15.408584
31.620           -0.270003      -15.470013
31.635           -0.271031      -15.528932
31.650           -0.272015      -15.585304
31.665           -0.272954      -15.639095
31.680           -0.273847      -15.690272
31.695           -0.274694      -15.738801
31.710           -0.275494      -15.784649
31.725           -0.276247      -15.827784
31.740           -0.276952      -15.868176
31.755           -0.277608      -15.905792
31.770           -0.278216      -15.940603
31.785           -0.278774      -15.972579
31.800           -0.279282      -16.001691
31.815           -0.279740      -16.027912
31.830           -0.280147      -16.051213
31.845           -0.280502      -16.071568
31.860           -0.280805      -16.088950
31.875           -0.281056      -16.103335
31.890           -0.281255      -16.114698
31.905           -0.281400      -16.123015
31.920           -0.281491      -16.128263
31.935           -0.281529      -16.130421
31.950           -0.281512      -16.129466
31.965           -0.281441      -16.125380
31.980           -0.281315      -16.118142
31.995           -0.281133      -16.107733
32.010           -0.280896      -16.094137
32.025           -0.280602      -16.077336
32.040           -0.280253      -16.057315
32.055           -0.279847      -16.034059
32.070           -0.279385      -16.007555
32.085           -0.278865      -15.977790
32.100           -0.278288      -15.944752
32.115           -0.277654      -15.908431
32.130           -0.276963      -15.868817
32.145           -0.276214      -15.825902
32.160           -0.275407      -15.779679
32.175           -0.274543      -15.730141
32.190           -0.273620      -15.677283
32.205           -0.272640      -15.621102
32.220           -0.271601      -15.561594
32.235           -0.270504      -15.498758
32.250           -0.269350      -15.432593
32.265           -0.268137      -15.363099
32.280           -0.266866      -15.290279
32.295           -0.265537      -15.214135
32.310           -0.264150      -15.134671
32.325           -0.262705      -15.051892
32.340           -0.261203      -14.965805
32.355           -0.259642      -14.876416
32.370           -0.258025      -14.783733
32.385           -0.256350      -14.687767
32.400           -0.254618      -14.588527
32.415           -0.252829      -14.486026
32.430           -0.250983      -14.380275
32.445           -0.249081      -14.271289
32.460           -0.247123      -14.159082
32.475           -0.245108      -14.043669
32.490           -0.243038      -13.925067
32.505           -0.240913      -13.803294
32.520           -0.238733      -13.678367
32.535           -0.236497      -13.550306
32.550           -0.234208      -13.419131
32.565           -0.231865      -13.284862
32.580           -0.229468      -13.147523
32.595           -0.227017      -13.007134
32.610           -0.224514      -12.863719
32.625           -0.221959      -12.717303
32.640           -0.219351      -12.567909
32.655           -0.216692      -12.415564
32.670           -0.213982      -12.260293
32.685           -0.211222      -12.102122
32.700           -0.208411      -11.941080
32.715           -0.205551      -11.777193
32.730           -0.202641      -11.610490
32.745           -0.199683      -11.441001
32.760           -0.196677      -11.268754
32.775           -0.193623      -11.093779
32.790           -0.190522      -10.916107
32.805           -0.187375      -10.735769
32.820           -0.184181      -10.552796
32.835           -0.180942      -10.367219
32.850           -0.177658      -10.179072
32.865           -0.174330       -9.988386
32.880           -0.170958       -9.795195
32.895           -0.167543       -9.599532
32.910           -0.164086       -9.401431
32.925           -0.160586       -9.200927
32.940           -0.157046       -8.998053
32.955           -0.153464       -8.792845
32.970           -0.149842       -8.585338
32.985           -0.146181       -8.375568
33.000           -0.142481       -8.163572
33.015           -0.138743       -7.949386
33.030           -0.134967       -7.733047
33.045           -0.131154       -7.514593
33.060           -0.127305       -7.294060
33.075           -0.123421       -7.071489
33.090           -0.119501       -6.846917
33.105           -0.115547       -6.620384
33.120           -0.111560       -6.391929
33.135           -0.107540       -6.161593
33.150           -0.103488       -5.929416
33.165           -0.099404       -5.695439
33.180           -0.095290       -5.459704
33.195           -0.091146       -5.222254
33.210           -0.086972       -4.983130
33.225           -0.082770       -4.742377
33.240           -0.078540       -4.500037
33.255           -0.074284       -4.256156
33.270           -0.070001       -4.010778
33.285           -0.065693       -3.763949
33.300           -0.061361       -3.515715
33.315           -0.057005       -3.266122
33.330           -0.052625       -3.015218
33.345           -0.048224       -2.763051
33.360           -0.043802       -2.509670
33.375           -0.039359       -2.255123
33.390           -0.034897       -1.999460
33.405           -0.030416       -1.742731
33.420           -0.025918       -1.484988
33.435           -0.021403       -1.226282
33.450           -0.016872       -0.966666
33.465           -0.012325       -0.706191
33.480           -0.007765       -0.444912
33.495           -0.003192       -0.182881
33.510            0.001394        0.079846
33.525            0.005990        0.343214
33.540            0.010597        0.607168
33.555            0.015213        0.871652
33.570            0.019838        1.136610
33.585            0.024469        1.401984
33.600            0.029107        1.667717
33.615            0.033750        1.933751
33.630            0.038398        2.200028
33.645            0.043048        2.466489
33.660            0.047701        2.733076
33.675            0.052355        2.999728
33.690            0.057009        3.266387
33.705            0.061662        3.532992
33.720            0.066313        3.799483
33.735            0.070962        4.065800
33.750            0.075606        4.331883
33.765            0.080244        4.597670
33.780            0.084877        4.863101
33.795            0.089502        5.128115
33.810            0.094120        5.392651
33.825            0.098727        5.656648
33.840            0.103324        5.920045
33.855            0.107910        6.182782
33.870            0.112483        6.444796
33.885            0.117042        6.706029
33.900            0.121587        6.966418
33.915            0.126116        7.225903
33.930            0.130628        7.484425
33.945            0.135122        7.741922
33.960            0.139597        7.998336
33.975            0.144053        8.253607
33.990            0.148487        8.507675
34.005            0.152899        8.760481
34.020            0.157289        9.011968
34.035            0.161654        9.262076
34.050            0.165994        9.510747
34.065            0.170308        9.757925
34.080            0.174595       10.003552
34.095            0.178854       10.247572
34.110            0.183084       10.489929
34.125            0.187284       10.730566
34.140            0.191453       10.969429
34.155            0.195590       11.206464
34.170            0.199694       11.441615
34.185            0.203764       11.674830
34.200            0.207800       11.906056
34.215            0.211800       12.135239
34.230            0.215763       12.362329
34.245            0.219689       12.587274
34.260            0.223577       12.810023
34.275            0.227426       13.030526
34.290            0.231234       13.248733
34.305            0.235002       13.464597
34.320            0.238727       13.678067
34.335            0.242410       13.889098
34.350            0.246050       14.097641
34.365            0.249646       14.303651
34.380            0.253196       14.507081
34.395            0.256701       14.707888
34.410            0.260159       14.906026
34.425            0.263570       15.101451
34.440            0.266933       15.294122
34.455            0.270247       15.483995
34.470            0.273511       15.671028
34.485            0.276725       15.855182
34.500            0.279888       16.036416
34.515            0.283000       16.214690
34.530            0.286059       16.389966
34.545            0.289065       16.562206
34.560            0.292018       16.731372
34.575            0.294916       16.897430
34.590            0.297759       17.060341
34.605            0.300547       17.220074
34.620            0.303279       17.376592
34.635            0.305954       17.529863
34.650            0.308572       17.679855
34.665            0.311132       17.826537
34.680            0.313634       17.969877
34.695            0.316076       18.109848
34.710            0.318460       18.246419
34.725            0.320784       18.379563
34.740            0.323047       18.509253
34.755            0.325250       18.635464
34.770            0.327392       18.758170
34.785            0.329472       18.877349
34.800            0.331490       18.992977
34.815            0.333446       19.105032
34.830            0.335339       19.213493
34.845            0.337169       19.318342
34.860            0.338935       19.419559
34.875            0.340638       19.517128
34.890            0.342277       19.611031
34.905            0.343852       19.701253
34.920            0.345362       19.787781
34.935            0.346807       19.870601
34.950            0.348188       19.949701
34.965            0.349503       20.025072
34.980            0.350754       20.096702
34.995            0.351938       20.164585
35.010            0.353058       20.228712
35.025            0.354111       20.289077
35.040            0.355099       20.345676
35.055            0.356021       20.398505
35.070            0.356877       20.447561
35.085            0.357668       20.492843
35.100            0.358392       20.534349
35.115            0.359051       20.572082
35.130            0.359643       20.606043
35.145            0.360170       20.636234
35.160            0.360631       20.662659
35.175            0.361027       20.685325
35.190            0.361357       20.704236
35.205            0.361622       20.719399
35.220            0.361821       20.730824
35.235            0.361955       20.738518
35.250            0.362025       20.742492
35.265            0.362029       20.742756
35.280            0.361969       20.739322
35.295            0.361845       20.732203
35.310            0.361657       20.721412
35.325            0.361405       20.706963
35.340            0.361089       20.688870
35.355            0.360710       20.667150
35.370            0.360268       20.641819
35.385            0.359763       20.612893
35.400            0.359196       20.580389
35.415            0.358566       20.544327
35.430            0.357875       20.504724
35.445            0.357122       20.461600
35.460            0.356308       20.414973
35.475            0.355434       20.364865
35.490            0.354499       20.311294
35.505            0.353504       20.254283
35.520            0.352449       20.193851
35.535            0.351335       20.130021
35.550            0.350162       20.062814
35.565            0.348931       19.992252
35.580            0.347641       19.918356
35.595            0.346293       19.841150
35.610            0.344888       19.760655
35.625            0.343427       19.676894
35.640            0.341908       19.589890
35.655            0.340333       19.499666
35.670            0.338703       19.406244
35.685            0.337017       19.309647
35.700            0.335276       19.209899
35.715            0.333480       19.107023
35.730            0.331631       19.001041
35.745            0.329727       18.891978
35.760            0.327770       18.779855
35.775            0.325760       18.664697
35.790            0.323698       18.546526
35.805            0.321583       18.425367
35.820            0.319417       18.301241
35.835            0.317199       18.174173
35.850            0.314930       18.044186
35.865            0.312611       17.911304
35.880            0.310242       17.775550
35.895            0.307823       17.636947
35.910            0.305354       17.495520
35.925            0.302837       17.351291
35.940            0.300271       17.204286
35.955            0.297658       17.054527
35.970            0.294996       16.902040
35.985            0.292288       16.746848
36.000            0.289532       16.588976
36.015            0.286731       16.428449
36.030            0.283883       16.265292
36.045            0.280990       16.099529
36.060            0.278052       15.931187
36.075            0.275069       15.760291
36.090            0.272042       15.586868
36.105            0.268972       15.410943
36.120            0.265858       15.232543
36.135            0.262702       15.051696
36.150            0.259503       14.868429
36.165            0.256263       14.682770
36.180            0.252981       14.494747
36.195            0.249659       14.304389
36.210            0.246296       14.111726
36.225            0.242894       13.916787
36.240            0.239452       13.719603
36.255            0.235972       13.520204
36.270            0.232454       13.318622
36.285            0.228898       13.114889
36.300            0.225305       12.909036
36.315            0.221676       12.701098
36.330            0.218011       12.491107
36.345            0.214311       12.279098
36.360            0.210576       12.065106
36.375            0.206807       11.849165
36.390            0.203005       11.631313
36.405            0.199170       11.411585
36.420            0.195303       11.190019
36.435            0.191404       10.966652
36.450            0.187475       10.741524
36.465            0.183516       10.514672
36.480            0.179527       10.286136
36.495            0.175510       10.055958
36.510            0.171464        9.824177
36.525            0.167392        9.590835
36.540            0.163293        9.355974
36.555            0.159168        9.119636
36.570            0.155018        8.881865
36.585            0.150844        8.642703
36.600            0.146646        8.402196
36.615            0.142426        8.160388
36.630            0.138183        7.917324
36.645            0.133920        7.673050
36.660            0.129636        7.427612
36.675            0.125333        7.181057
36.690            0.121011        6.933431
36.705            0.116671        6.684783
36.720            0.112315        6.435160
36.735            0.107942        6.184610
36.750            0.103554        5.933183
36.765            0.099151        5.680927
36.780            0.094735        5.427893
36.795            0.090306        5.174129
36.810            0.085865        4.919686
36.825            0.081413        4.664614
36.840            0.076951        4.408964
36.855            0.072480        4.152788
36.870            0.068000        3.896136
36.885            0.063514        3.639060
36.900            0.059020        3.381611
36.915            0.054521        3.123843
36.930            0.050018        2.865806
36.945            0.045510        2.607554
36.960            0.041000        2.349138
36.975            0.036488        2.090612
36.990            0.031975        1.832029
37.005            0.027462        1.573440
37.020            0.022949        1.314901
37.035            0.018439        1.056462
37.050            0.013931        0.798179
37.065            0.009427        0.540105
37.080            0.004927        0.282292
37.095            0.000433        0.024795
37.110           -0.004055       -0.232333
37.125           -0.008535       -0.489039
37.140           -0.013007       -0.745268
37.155           -0.017470       -1.000967
37.170           -0.021923       -1.256083
37.185           -0.026364       -1.510561
37.200           -0.030794       -1.764348
37.215           -0.035210       -2.017390
37.230           -0.039613       -2.269634
37.245           -0.044000       -2.521025
37.260           -0.048372       -2.771511
37.275           -0.052727       -3.021038
37.290           -0.057064       -3.269553
37.305           -0.061383       -3.517002
37.320           -0.065683       -3.763332
37.335           -0.069961       -4.008489
37.350           -0.074219       -4.252422
37.365           -0.078454       -4.495076
37.380           -0.082666       -4.736400
37.395           -0.086854       -4.976341
37.410           -0.091016       -5.214846
37.425           -0.095153       -5.451864
37.440           -0.099263       -5.687341
37.455           -0.103345       -5.921228
37.470           -0.107398       -6.153471
37.485           -0.111422       -6.384021
37.500           -0.115416       -6.612825
37.515           -0.119378       -6.839834
37.530           -0.123307       -7.064997
37.545           -0.127204       -7.288263
37.560           -0.131067       -7.509585
37.575           -0.134895       -7.728911
37.590           -0.138687       -7.946194
37.605           -0.142443       -8.161384
37.620           -0.146161       -8.374434
37.635           -0.149842       -8.585297
37.650           -0.153483       -8.793925
37.665           -0.157084       -9.000272
37.680           -0.160645       -9.204292
37.695           -0.164165       -9.405940
37.710           -0.167642       -9.605170
37.725           -0.171076       -9.801939
37.740           -0.174467       -9.996202
37.755           -0.177813      -10.187918
37.770           -0.181114      -10.377043
37.785           -0.184369      -10.563537
37.800           -0.187577      -10.747358
37.815           -0.190738      -10.928467
37.830           -0.193851      -11.106825
37.845           -0.196915      -11.282392
37.860           -0.199930      -11.455132
37.875           -0.202895      -11.625007
37.890           -0.205809      -11.791982
37.905           -0.208672      -11.956021
37.920           -0.211483      -12.117092
37.935           -0.214242      -12.275160
37.950           -0.216948      -12.430193
37.965           -0.219600      -12.582161
37.980           -0.222198      -12.731032
37.995           -0.224742      -12.876778
38.010           -0.227231      -13.019371
38.025           -0.229664      -13.158784
38.040           -0.232041      -13.294989
38.055           -0.234362      -13.427963
38.070           -0.236626      -13.557682
38.085           -0.238833      -13.684121
38.100           -0.240982      -13.807261
38.115           -0.243073      -13.927079
38.130           -0.245106      -14.043556
38.145           -0.247081      -14.156674
38.160           -0.248996      -14.266415
38.175           -0.250852      -14.372764
38.190           -0.252649      -14.475704
38.205           -0.254386      -14.575222
38.220           -0.256063      -14.671305
38.235           -0.257679      -14.763941
38.250           -0.259236      -14.853120
38.265           -0.260732      -14.938831
38.280           -0.262167      -15.021067
38.295           -0.263542      -15.099820
38.310           -0.264855      -15.175084
38.325           -0.266108      -15.246853
38.340           -0.267299      -15.315124
38.355           -0.268430      -15.379894
38.370           -0.269499      -15.441160
38.385           -0.270507      -15.498922
38.400           -0.271454      -15.553181
38.415           -0.272340      -15.603937
38.430           -0.273165      -15.651192
38.445           -0.273929      -15.694951
38.460           -0.274631      -15.735217
38.475           -0.275273      -15.771995
38.490           -0.275854      -15.805294
38.505           -0.276375      -15.835118
38.520           -0.276835      -15.861478
38.535           -0.277235      -15.884382
38.550           -0.277574      -15.903841
38.565           -0.277854      -15.919866
38.580           -0.278074      -15.932469
38.595           -0.278235      -15.941663
38.610           -0.278336      -15.947462
38.625           -0.278378      -15.949882
38.640           -0.278361      -15.948938
38.655           -0.278287      -15.944646
38.670           -0.278154      -15.937026
38.685           -0.277963      -15.926094
38.700           -0.277715      -15.911871
38.715           -0.277409      -15.894376
38.730           -0.277047      -15.873631
38.745           -0.276629      -15.849658
38.760           -0.276154      -15.822480
38.775           -0.275624      -15.792119
38.790           -0.275039      -15.758601
38.805           -0.274400      -15.721951
38.820           -0.273706      -15.682194
38.835           -0.272958      -15.639357
38.850           -0.272157      -15.593468
38.865           -0.271304      -15.544556
38.880           -0.270398      -15.492649
38.895           -0.269440      -15.437777
38.910           -0.268431      -15.379970
38.925           -0.267372      -15.319261
38.940           -0.266262      -15.255681
38.955           -0.265103      -15.189262
38.970           -0.263894      -15.120039
38.985           -0.262638      -15.048045
39.000           -0.261334      -14.973316
39.015           -0.259982      -14.895886
39.030           -0.258584      -14.815791
39.045           -0.257141      -14.733070
39.060           -0.255652      -14.647759
39.075           -0.254118      -14.559895
39.090           -0.252541      -14.469519
39.105           -0.250920      -14.376668
39.120           -0.249257      -14.281383
39.135           -0.247552      -14.183705
39.150           -0.245806      -14.083673
39.165           -0.244020      -13.981331
39.180           -0.242194      -13.876718
39.195           -0.240330      -13.769879
39.210           -0.238427      -13.660855
39.225           -0.236487      -13.549691
39.240           -0.234510      -13.436430
39.255           -0.232497      -13.321117
39.270           -0.230450      -13.203795
39.285           -0.228368      -13.084510
39.300           -0.226252      -12.963308
39.315           -0.224104      -12.840234
39.330           -0.221924      -12.715333
39.345           -0.219713      -12.588653
39.360           -0.217472      -12.460240
39.375           -0.215202      -12.330141
39.390           -0.212902      -12.198403
39.405           -0.210575      -12.065072
39.420           -0.208221      -11.930197
39.435           -0.205841      -11.793825
39.450           -0.203436      -11.656003
39.465           -0.201006      -11.516780
39.480           -0.198552      -11.376203
39.495           -0.196076      -11.234320
39.510           -0.193578      -11.091180
39.525           -0.191058      -10.946829
39.540           -0.188519      -10.801317
39.555           -0.185959      -10.654690
39.570           -0.183382      -10.506998
39.585           -0.180786      -10.358287
39.600           -0.178174      -10.208606
39.615           -0.175545      -10.058002
39.630           -0.172901       -9.906522
39.645           -0.170243       -9.754214
39.660           -0.167571       -9.601125
39.675           -0.164887       -9.447302
39.690           -0.162190       -9.292792
39.705           -0.159482       -9.137641
39.720           -0.156764       -8.981895
39.735           -0.154036       -8.825600
39.750           -0.151299       -8.668803
39.765           -0.148555       -8.511548
39.780           -0.145803       -8.353880
39.795           -0.143044       -8.195845
39.810           -0.140281       -8.037486
39.825           -0.137512       -7.878848
39.840           -0.134739       -7.719974
39.855           -0.131963       -7.560908
39.870           -0.129184       -7.401692
39.885           -0.126403       -7.242369
39.900           -0.123621       -7.082982
39.915           -0.120839       -6.923571
39.930           -0.118057       -6.764178
39.945           -0.115276       -6.604843
39.960           -0.112497       -6.445608
39.975           -0.109720       -6.286511
39.990           -0.106947       -6.127592
40.005           -0.104177       -5.968890
40.020           -0.101411       -5.810443
40.035           -0.098651       -5.652289
40.050           -0.095897       -5.494466
40.065           -0.093148       -5.337010
40.080           -0.090407       -5.179957
40.095           -0.087674       -5.023343
40.110           -0.084949       -4.867204
40.125           -0.082232       -4.711574
40.140           -0.079526       -4.556487
40.155           -0.076829       -4.401977
40.170           -0.074143       -4.248076
40.185           -0.071468       -4.094818
40.200           -0.068805       -3.942233
40.215           -0.066154       -3.790354
40.230           -0.063516       -3.639211
40.245           -0.060892       -3.488834
40.260           -0.058281       -3.339253
40.275           -0.055685       -3.190496
40.290           -0.053103       -3.042593
40.305           -0.050537       -2.895570
40.320           -0.047987       -2.749455
40.335           -0.045453       -2.604274
40.350           -0.042936       -2.460054
40.365           -0.040436       -2.316820
40.380           -0.037954       -2.174597
40.395           -0.035490       -2.033408
40.410           -0.033044       -1.893278
40.425           -0.030617       -1.754229
40.440           -0.028209       -1.616284
40.455           -0.025822       -1.479464
40.470           -0.023454       -1.343791
40.485           -0.021106       -1.209286
40.500           -0.018779       -1.075967
40.515           -0.016473       -0.943855
40.530           -0.014189       -0.812969
40.545           -0.011926       -0.683327
40.560           -0.009686       -0.554946
40.575           -0.007467       -0.427843
40.590           -0.005272       -0.302036
40.605           -0.003099       -0.177539
40.620           -0.000949       -0.054369
40.635            0.001177        0.067459
40.650            0.003280        0.187932
40.665            0.005359        0.307036
40.680            0.007413        0.424757
40.695            0.009444        0.541082
40.710            0.011449        0.655999
40.725            0.013430        0.769497
40.740            0.015386        0.881564
40.755            0.017317        0.992190
40.770            0.019222        1.101363
40.785            0.021102        1.209075
40.800            0.022957        1.315316
40.815            0.024785        1.420076
40.830            0.026587        1.523348
40.845            0.028364        1.625123
40.860            0.030114        1.725394
40.875            0.031837        1.824153
40.890            0.033535        1.921394
40.905            0.035205        2.017110
40.920            0.036849        2.111295
40.935            0.038466        2.203943
40.950            0.040056        2.295049
40.965            0.041619        2.384608
40.980            0.043155        2.472615
40.995            0.044664        2.559067
41.010            0.046146        2.643958
41.025            0.047600        2.727287
41.040            0.049027        2.809048
41.055            0.050427        2.889240
41.070            0.051799        2.967860
41.085            0.053144        3.044906
41.100            0.054461        3.120375
41.115            0.055750        3.194266
41.130            0.057013        3.266577
41.145            0.058247        3.337308
41.160            0.059454        3.406459
41.175            0.060633        3.474027
41.190            0.061785        3.540015
41.205            0.062909        3.604421
41.220            0.064006        3.667246
41.235            0.065074        3.728492
41.250            0.066116        3.788160
41.265            0.067130        3.846250
41.280            0.068116        3.902765
41.295            0.069075        3.957708
41.310            0.070007        4.011080
41.325            0.070911        4.062885
41.340            0.071788        4.113126
41.355            0.072637        4.161806
41.370            0.073460        4.208930
41.385            0.074255        4.254501
41.400            0.075023        4.298525
41.415            0.075765        4.341006
41.430            0.076479        4.381950
41.445            0.077167        4.421362
41.460            0.077829        4.459249
41.475            0.078463        4.495617
41.490            0.079072        4.530473
41.505            0.079654        4.563824
41.520            0.080210        4.595677
41.535            0.080740        4.626041
41.550            0.081244        4.654924
41.565            0.081722        4.682334
41.580            0.082175        4.708281
41.595            0.082602        4.732773
41.610            0.083005        4.755821
41.625            0.083382        4.777435
41.640            0.083734        4.797624
41.655            0.084062        4.816400
41.670            0.084365        4.833773
41.685            0.084644        4.849755
41.700            0.084899        4.864358
41.715            0.085130        4.877592
41.730            0.085337        4.889471
41.745            0.085521        4.900006
41.760            0.085682        4.909210
41.775            0.085820        4.917095
41.790            0.085934        4.923676
41.805            0.086027        4.928964
41.820            0.086097        4.932972
41.835            0.086144        4.935715
41.850            0.086170        4.937205
41.865            0.086175        4.937457
41.880            0.086158        4.936483
41.895            0.086120        4.934298
41.910            0.086061        4.930914
41.925            0.085981        4.926346
41.940            0.085881        4.920607
41.955            0.085760        4.913711
41.970            0.085620        4.905671
41.985            0.085460        4.896501
42.000            0.085281        4.886213
42.015            0.085082        4.874821
42.030            0.084864        4.862338
42.045            0.084627        4.848776
42.060            0.084372        4.834149
42.075            0.084098        4.818468
42.090            0.083806        4.801745
42.105            0.083496        4.783993
42.120            0.083169        4.765223
42.135            0.082824        4.745446
42.150            0.082461        4.724673
42.165            0.082081        4.702916
42.180            0.081685        4.680183
42.195            0.081271        4.656487
42.210            0.080841        4.631835
42.225            0.080394        4.606238
42.240            0.079931        4.579705
42.255            0.079452        4.552244
42.270            0.078956        4.523864
42.285            0.078445        4.494572
42.300            0.077918        4.464378
42.315            0.077375        4.433287
42.330            0.076817        4.401308
42.345            0.076244        4.368447
42.360            0.075655        4.334710
42.375            0.075051        4.300104
42.390            0.074432        4.264635
42.405            0.073798        4.228308
42.420            0.073149        4.191130
42.435            0.072485        4.153105
42.450            0.071807        4.114238
42.465            0.071114        4.074535
42.480            0.070407        4.034000
42.495            0.069685        3.992637
42.510            0.068948        3.950453
42.525            0.068198        3.907450
42.540            0.067433        3.863635
42.555            0.066654        3.819010
42.570            0.065861        3.773581
42.585            0.065055        3.727352
42.600            0.064234        3.680328
42.615            0.063399        3.632513
42.630            0.062551        3.583914
42.645            0.061689        3.534533
42.660            0.060814        3.484378
42.675            0.059925        3.433453
42.690            0.059023        3.381765
42.705            0.058108        3.329319
42.720            0.057179        3.276121
42.735            0.056238        3.222179
42.750            0.055283        3.167499
42.765            0.054316        3.112090
42.780            0.053337        3.055958
42.795            0.052344        2.999113
42.810            0.051340        2.941563
42.825            0.050323        2.883318
42.840            0.049295        2.824387
42.855            0.048255        2.764782
42.870            0.047203        2.704512
42.885            0.046139        2.643589
42.900            0.045065        2.582026
42.915            0.043979        2.519836
42.930            0.042883        2.457030
42.945            0.041777        2.393625
42.960            0.040660        2.329633
42.975            0.039533        2.265071
42.990            0.038396        2.199954
43.005            0.037251        2.134298
43.020            0.036096        2.068121
43.035            0.034932        2.001440
43.050            0.033759        1.934274
43.065            0.032579        1.866642
43.080            0.031391        1.798563
43.095            0.030195        1.730058
43.110            0.028992        1.661147
43.125            0.027783        1.591852
43.140            0.026567        1.522195
43.155            0.025346        1.452198
43.170            0.024118        1.381884
43.185            0.022886        1.311279
43.200            0.021649        1.240404
43.215            0.020408        1.169286
43.230            0.019163        1.097949
43.245            0.017914        1.026419
43.260            0.016663        0.954722
43.275            0.015409        0.882885
43.290            0.014153        0.810934
43.305            0.012896        0.738897
43.320            0.011638        0.666801
43.335            0.010379        0.594674
43.350            0.009120        0.522545
43.365            0.007862        0.450441
43.380            0.006604        0.378392
43.395            0.005348        0.306427
43.410            0.004094        0.234573
43.425            0.002842        0.162862
43.440            0.001594        0.091321
43.455            0.000349        0.019981
43.470           -0.000892       -0.051129
43.485           -0.002129       -0.121980
43.500           -0.003360       -0.192542
43.515           -0.004586       -0.262786
43.530           -0.005806       -0.332682
43.545           -0.007020       -0.402201
43.560           -0.008226       -0.471313
43.575           -0.009425       -0.539991
43.590           -0.010615       -0.608203
43.605           -0.011797       -0.675923
43.620           -0.012970       -0.743121
43.635           -0.014133       -0.809769
43.650           -0.015286       -0.875840
43.665           -0.016429       -0.941304
43.680           -0.017560       -1.006136
43.695           -0.018680       -1.070308
43.710           -0.019788       -1.133794
43.725           -0.020884       -1.196566
43.740           -0.021967       -1.258600
43.755           -0.023036       -1.319869
43.770           -0.024092       -1.380350
43.785           -0.025133       -1.440017
43.800           -0.026160       -1.498846
43.815           -0.027172       -1.556814
43.830           -0.028168       -1.613898
43.845           -0.029148       -1.670076
43.860           -0.030113       -1.725325
43.875           -0.031060       -1.779625
43.890           -0.031991       -1.832955
43.905           -0.032905       -1.885295
43.920           -0.033800       -1.936625
43.935           -0.034678       -1.986926
43.950           -0.035538       -2.036181
43.965           -0.036379       -2.084372
43.980           -0.037201       -2.131482
43.995           -0.038004       -2.177494
44.010           -0.038788       -2.222394
44.025           -0.039552       -2.266167
44.040           -0.040296       -2.308798
44.055           -0.041020       -2.350274
44.070           -0.041724       -2.390582
44.085           -0.042406       -2.429711
44.100           -0.043069       -2.467648
44.115           -0.043710       -2.504384
44.130           -0.044330       -2.539909
44.145           -0.044928       -2.574212
44.160           -0.045506       -2.607287
44.175           -0.046061       -2.639124
44.190           -0.046595       -2.669718
44.205           -0.047107       -2.699060
44.220           -0.047598       -2.727147
44.235           -0.048066       -2.753972
44.250           -0.048512       -2.779532
44.265           -0.048936       -2.803822
44.280           -0.049338       -2.826840
44.295           -0.049717       -2.848584
44.310           -0.050074       -2.869051
44.325           -0.050409       -2.888240
44.340           -0.050722       -2.906152
44.355           -0.051012       -2.922786
44.370           -0.051280       -2.938143
44.385           -0.051526       -2.952224
44.400           -0.051750       -2.965031
44.415           -0.051951       -2.976568
44.430           -0.052130       -2.986836
44.445           -0.052287       -2.995840
44.460           -0.052422       -3.003583
44.475           -0.052536       -3.010070
44.490           -0.052627       -3.015307
44.505           -0.052697       -3.019298
44.520           -0.052745       -3.022051
44.535           -0.052771       -3.023571
44.550           -0.052776       -3.023866
44.565           -0.052760       -3.022943
44.580           -0.052723       -3.020810
44.595           -0.052665       -3.017475
44.610           -0.052586       -3.012947
44.625           -0.052486       -3.007235
44.640           -0.052366       -3.000348
44.655           -0.052225       -2.992296
44.670           -0.052065       -2.983090
44.685           -0.051884       -2.972739
44.700           -0.051684       -2.961255
44.715           -0.051464       -2.948648
44.730           -0.051224       -2.934930
44.745           -0.050966       -2.920112
44.760           -0.050688       -2.904207
44.775           -0.050392       -2.887227
44.790           -0.050077       -2.869185
44.805           -0.049743       -2.850093
44.820           -0.049392       -2.829964
44.835           -0.049023       -2.808811
44.850           -0.048636       -2.786649
44.865           -0.048232       -2.763490
44.880           -0.047811       -2.739350
44.895           -0.047372       -2.714242
44.910           -0.046918       -2.688181
44.925           -0.046446       -2.661181
44.940           -0.045959       -2.633258
44.955           -0.045456       -2.604427
44.970           -0.044937       -2.574703
44.985           -0.044403       -2.544102
45.000           -0.043854       -2.512640
45.015           -0.043290       -2.480332
45.030           -0.042712       -2.447196
45.045           -0.042119       -2.413248
45.060           -0.041513       -2.378504
45.075           -0.040893       -2.342983
45.090           -0.040260       -2.306699
45.105           -0.039613       -2.269673
45.120           -0.038954       -2.231920
45.135           -0.038283       -2.193459
45.150           -0.037600       -2.154309
45.165           -0.036905       -2.114486
45.180           -0.036198       -2.074011
45.195           -0.035481       -2.032901
45.210           -0.034753       -1.991177
45.225           -0.034014       -1.948856
45.240           -0.033265       -1.905959
45.255           -0.032507       -1.862504
45.270           -0.031739       -1.818513
45.285           -0.030962       -1.774005
45.300           -0.030177       -1.728999
45.315           -0.029383       -1.683518
45.330           -0.028581       -1.637580
45.345           -0.027772       -1.591207
45.360           -0.026955       -1.544420
45.375           -0.026132       -1.497240
45.390           -0.025302       -1.449688
45.405           -0.024466       -1.401786
45.420           -0.023624       -1.353554
45.435           -0.022777       -1.305015
45.450           -0.021925       -1.256190
45.465           -0.021068       -1.207100
45.480           -0.020207       -1.157768
45.495           -0.019342       -1.108216
45.510           -0.018474       -1.058465
45.525           -0.017602       -1.008537
45.540           -0.016728       -0.958454
45.555           -0.015852       -0.908237
45.570           -0.014973       -0.857909
45.585           -0.014093       -0.807492
45.600           -0.013212       -0.757006
45.615           -0.012330       -0.706473
45.630           -0.011448       -0.655915
45.645           -0.010565       -0.605354
45.660           -0.009683       -0.554808
45.675           -0.008802       -0.504301
45.690           -0.007921       -0.453852
45.705           -0.007042       -0.403481
45.720           -0.006165       -0.353209
45.735           -0.005289       -0.303056
45.750           -0.004416       -0.253040
45.765           -0.003546       -0.203182
45.780           -0.002679       -0.153499
45.795           -0.001815       -0.104009
45.810           -0.000955       -0.054732
45.825           -0.000099       -0.005684
45.840            0.000753        0.043117
45.855            0.001600        0.091656
45.870            0.002442        0.139916
45.885            0.003279        0.187881
45.900            0.004111        0.235537
45.915            0.004937        0.282869
45.930            0.005757        0.329864
45.945            0.006571        0.376508
45.960            0.007379        0.422788
45.975            0.008180        0.468693
45.990            0.008975        0.514211
46.005            0.009762        0.559332
46.020            0.010543        0.604045
46.035            0.011316        0.648341
46.050            0.012081        0.692212
46.065            0.012839        0.735649
46.080            0.013590        0.778645
46.095            0.014333        0.821194
46.110            0.015067        0.863289
46.125            0.015794        0.904926
46.140            0.016513        0.946100
46.155            0.017223        0.986807
46.170            0.017925        1.027044
46.185            0.018619        1.066809
46.200            0.019305        1.106101
46.215            0.019983        1.144917
46.230            0.020652        1.183258
46.245            0.021313        1.221125
46.260            0.021965        1.258518
46.275            0.022610        1.295439
46.290            0.023246        1.331890
46.305            0.023874        1.367875
46.320            0.024494        1.403397
46.335            0.025106        1.438460
46.350            0.025710        1.473069
46.365            0.026306        1.507229
46.380            0.026895        1.540946
46.395            0.027475        1.574227
46.410            0.028049        1.607078
46.425            0.028615        1.639507
46.440            0.029174        1.671522
46.455            0.029725        1.703131
46.470            0.030270        1.734342
46.485            0.030808        1.765165
46.500            0.031339        1.795608
46.515            0.031864        1.825683
46.530            0.032383        1.855398
46.545            0.032895        1.884764
46.560            0.033402        1.913792
46.575            0.033903        1.942492
46.590            0.034398        1.970875
46.605            0.034888        1.998953
46.620            0.035373        2.026737
46.635            0.035853        2.054237
46.650            0.036328        2.081466
46.665            0.036799        2.108436
46.680            0.037266        2.135157
46.695            0.037728        2.161641
46.710            0.038186        2.187900
46.725            0.038641        2.213945
46.740            0.039092        2.239788
46.755            0.039539        2.265440
46.770            0.039984        2.290913
46.785            0.040426        2.316217
46.800            0.040865        2.341364
46.815            0.041301        2.366363
46.830            0.041735        2.391227
46.845            0.042167        2.415965
46.860            0.042596        2.440588
46.875            0.043024        2.465105
46.890            0.043450        2.489526
46.905            0.043875        2.513860
46.920            0.044299        2.538118
46.935            0.044721        2.562307
46.950            0.045142        2.586437
46.965            0.045562        2.610515
46.980            0.045982        2.634549
46.995            0.046400        2.658548
47.010            0.046819        2.682519
47.025            0.047237        2.706469
47.040            0.047655        2.730404
47.055            0.048072        2.754331
47.070            0.048490        2.778256
47.085            0.048907        2.802185
47.100            0.049325        2.826124
47.115            0.049743        2.850077
47.130            0.050162        2.874051
47.145            0.050580        2.898049
47.160            0.051000        2.922075
47.175            0.051420        2.946135
47.190            0.051840        2.970232
47.205            0.052262        2.994370
47.220            0.052684        3.018552
47.235            0.053107        3.042781
47.250            0.053530        3.067061
47.265            0.053955        3.091394
47.280            0.054381        3.115783
47.295            0.054807        3.140231
47.310            0.055235        3.164740
47.325            0.055664        3.189312
47.340            0.056094        3.213949
47.355            0.056525        3.238654
47.370            0.056958        3.263429
47.385            0.057391        3.288275
47.400            0.057826        3.313194
47.415            0.058262        3.338189
47.430            0.058700        3.363261
47.445            0.059139        3.388411
47.460            0.059579        3.413642
47.475            0.060021        3.438956
47.490            0.060464        3.464353
47.505            0.060909        3.489837
47.520            0.061355        3.515409
47.535            0.061803        3.541071
47.550            0.062253        3.566824
47.565            0.062704        3.592672
47.580            0.063157        3.618616
47.595            0.063611        3.644657
47.610            0.064068        3.670800
47.625            0.064526        3.697044
47.640            0.064985        3.723394
47.655            0.065447        3.749852
47.670            0.065911        3.776419
47.685            0.066377        3.803098
47.700            0.066844        3.829893
47.715            0.067314        3.856805
47.730            0.067786        3.883836
47.745            0.068260        3.910990
47.760            0.068736        3.938270
47.775            0.069214        3.965677
47.790            0.069695        3.993214
47.805            0.070178        4.020883
47.820            0.070663        4.048688
47.835            0.071151        4.076630
47.850            0.071641        4.104711
47.865            0.072133        4.132934
47.880            0.072628        4.161301
47.895            0.073126        4.189812
47.910            0.073626        4.218471
47.925            0.074129        4.247277
47.940            0.074634        4.276233
47.955            0.075142        4.305339
47.970            0.075653        4.334595
47.985            0.076166        4.364003
48.000            0.076682        4.393561
48.015            0.077201        4.423270
48.030            0.077722        4.453128
48.045            0.078245        4.483135
48.060            0.078772        4.513288
48.075            0.079301        4.543586
48.090            0.079832        4.574026
48.105            0.080366        4.604606
48.120            0.080902        4.635321
48.135            0.081440        4.666167
48.150            0.081981        4.697141
48.165            0.082523        4.728236
48.180            0.083068        4.759447
48.195            0.083615        4.790768
48.210            0.084163        4.822191
48.225            0.084713        4.853710
48.240            0.085265        4.885316
48.255            0.085818        4.916999
48.270            0.086372        4.948752
48.285            0.086927        4.980563
48.300            0.087483        5.012422
48.315            0.088040        5.044317
48.330            0.088597        5.076237
48.345            0.089154        5.108168
48.360            0.089712        5.140098
48.375            0.090269        5.172012
48.390            0.090825        5.203896
48.405            0.091381        5.235734
48.420            0.091935        5.267511
48.435            0.092489        5.299209
48.450            0.093040        5.330813
48.465            0.093590        5.362303
48.480            0.094137        5.393663
48.495            0.094682        5.424873
48.510            0.095224        5.455913
48.525            0.095762        5.486765
48.540            0.096297        5.517407
48.555            0.096828        5.547820
48.570            0.097354        5.577980
48.585            0.097876        5.607868
48.600            0.098392        5.637461
48.615            0.098903        5.666737
48.630            0.099408        5.695672
48.645            0.099907        5.724244
48.660            0.100399        5.752429
48.675            0.100884        5.780205
48.690            0.101361        5.807546
48.705            0.101830        5.834430
48.720            0.102291        5.860831
48.735            0.102743        5.886727
48.750            0.103185        5.912091
48.765            0.103618        5.936901
48.780            0.104041        5.961131
48.795            0.104454        5.984757
48.810            0.104855        6.007754
48.825            0.105245        6.030099
48.840            0.105623        6.051766
48.855            0.105989        6.072733
48.870            0.106342        6.092974
48.885            0.106683        6.112467
48.900            0.107009        6.131186
48.915            0.107322        6.149110
48.930            0.107621        6.166215
48.945            0.107905        6.182478
48.960            0.108173        6.197877
48.975            0.108427        6.212390
48.990            0.108664        6.225994
49.005            0.108885        6.238669
49.020            0.109090        6.250394
49.035            0.109278        6.261148
49.050            0.109448        6.270911
49.065            0.109601        6.279663
49.080            0.109736        6.287386
49.095            0.109852        6.294062
49.110            0.109950        6.299671
49.125            0.110029        6.304197
49.140            0.110089        6.307623
49.155            0.110129        6.309932
49.170            0.110150        6.311109
49.185            0.110150        6.311139
49.200            0.110130        6.310007
49.215            0.110090        6.307700
49.230            0.110029        6.304204
49.245            0.109947        6.299506
49.260            0.109844        6.293595
49.275            0.109719        6.286459
49.290            0.109573        6.278088
49.305            0.109405        6.268472
49.320            0.109216        6.257601
49.335            0.109004        6.245467
49.350            0.108770        6.232061
49.365            0.108514        6.217377
49.380            0.108235        6.201408
49.395            0.107934        6.184146
49.410            0.107610        6.165588
49.425            0.107263        6.145728
49.440            0.106894        6.124563
49.455            0.106502        6.102088
49.470            0.106086        6.078300
49.485            0.105648        6.053198
49.500            0.105187        6.026779
49.515            0.104703        5.999043
49.530            0.104196        5.969988
49.545            0.103666        5.939616
49.560            0.103113        5.907926
49.575            0.102537        5.874919
49.590            0.101938        5.840598
49.605            0.101316        5.804964
49.620            0.100671        5.768021
49.635            0.100003        5.729770
49.650            0.099313        5.690216
49.665            0.098600        5.649363
49.680            0.097864        5.607215
49.695            0.097106        5.563778
49.710            0.096326        5.519056
49.725            0.095523        5.473055
49.740            0.094698        5.425782
49.755            0.093851        5.377243
49.770            0.092981        5.327444
49.785            0.092090        5.276394
49.800            0.091178        5.224098
49.815            0.090243        5.170566
49.830            0.089288        5.115805
49.845            0.088311        5.059823
49.860            0.087312        5.002629
49.875            0.086293        4.944232
49.890            0.085253        4.884641
49.905            0.084192        4.823865
49.920            0.083111        4.761913
49.935            0.082009        4.698795
49.950            0.080888        4.634520
49.965            0.079746        4.569099
49.980            0.078584        4.502542
49.995            0.077403        4.434859
50.010            0.076202        4.366060
50.025            0.074982        4.296155
50.040            0.073743        4.225155
50.055            0.072485        4.153072
50.070            0.071208        4.079914
50.085            0.069913        4.005694
50.100            0.068599        3.930422
50.115            0.067267        3.854109
50.130            0.065917        3.776765
50.145            0.064549        3.698403
50.160            0.063164        3.619034
50.175            0.061761        3.538668
50.190            0.060342        3.457316
50.205            0.058905        3.374991
50.220            0.057451        3.291703
50.235            0.055981        3.207463
50.250            0.054494        3.122285
50.265            0.052991        3.036178
50.280            0.051472        2.949154
50.295            0.049938        2.861227
50.310            0.048388        2.772406
50.325            0.046822        2.682704
50.340            0.045241        2.592132
50.355            0.043646        2.500704
50.370            0.042035        2.408431
50.385            0.040410        2.315325
50.400            0.038771        2.221399
50.415            0.037117        2.126665
50.430            0.035450        2.031135
50.445            0.033769        1.934823
50.460            0.032075        1.837741
50.475            0.030367        1.739902
50.490            0.028646        1.641319
50.505            0.026913        1.542006
50.520            0.025167        1.441976
50.535            0.023409        1.341242
50.550            0.021639        1.239819
50.565            0.019857        1.137721
50.580            0.018063        1.034961
50.595            0.016259        0.931554
50.610            0.014443        0.827514
50.625            0.012616        0.722857
50.640            0.010779        0.617597
50.655            0.008932        0.511749
50.670            0.007074        0.405329
50.685            0.005207        0.298353
50.700            0.003331        0.190836
50.715            0.001445        0.082794
50.730           -0.000450       -0.025756
50.745           -0.002353       -0.134798
50.760           -0.004264       -0.244316
50.775           -0.006184       -0.354291
50.790           -0.008111       -0.464708
50.805           -0.010045       -0.575548
50.820           -0.011987       -0.686794
50.835           -0.013935       -0.798428
50.850           -0.015890       -0.910432
50.865           -0.017851       -1.022787
50.880           -0.019818       -1.135476
50.895           -0.021790       -1.248479
50.910           -0.023767       -1.361777
50.925           -0.025750       -1.475352
50.940           -0.027736       -1.589184
50.955           -0.029727       -1.703253
50.970           -0.031722       -1.817539
50.985           -0.033720       -1.932023
51.000           -0.035721       -2.046685
51.015           -0.037725       -2.161504
51.030           -0.039732       -2.276459
51.045           -0.041740       -2.391531
51.060           -0.043750       -2.506697
51.075           -0.045761       -2.621938
51.090           -0.047774       -2.737232
51.105           -0.049787       -2.852558
51.120           -0.051800       -2.967893
51.135           -0.053812       -3.083218
51.150           -0.055825       -3.198509
51.165           -0.057836       -3.313745
51.180           -0.059846       -3.428905
51.195           -0.061854       -3.543965
51.210           -0.063860       -3.658903
51.225           -0.065863       -3.773698
51.240           -0.067864       -3.888327
51.255           -0.069861       -4.002766
51.270           -0.071855       -4.116993
51.285           -0.073845       -4.230986
51.300           -0.075830       -4.344721
51.315           -0.077810       -4.458176
51.330           -0.079785       -4.571326
51.345           -0.081754       -4.684149
51.360           -0.083717       -4.796622
51.375           -0.085673       -4.908721
51.390           -0.087623       -5.020421
51.405           -0.089565       -5.131701
51.420           -0.091500       -5.242536
51.435           -0.093426       -5.352902
51.450           -0.095343       -5.462775
51.465           -0.097252       -5.572132
51.480           -0.099151       -5.680948
51.495           -0.101041       -5.789200
51.510           -0.102920       -5.896862
51.525           -0.104788       -6.003912
51.540           -0.106645       -6.110325
51.555           -0.108491       -6.216077
51.570           -0.110325       -6.321143
51.585           -0.112146       -6.425499
51.600           -0.113955       -6.529121
51.615           -0.115750       -6.631985
51.630           -0.117532       -6.734067
51.645           -0.119299       -6.835342
51.660           -0.121052       -6.935787
51.675           -0.122790       -7.035377
51.690           -0.124513       -7.134088
51.705           -0.126220       -7.231897
51.720           -0.127911       -7.328779
51.735           -0.129586       -7.424712
51.750           -0.131243       -7.519670
51.765           -0.132883       -7.613632
51.780           -0.134505       -7.706575
51.795           -0.136109       -7.798474
51.810           -0.137694       -7.889307
51.825           -0.139261       -7.979052
51.840           -0.140808       -8.067686
51.855           -0.142335       -8.155188
51.870           -0.143842       -8.241536
51.885           -0.145328       -8.326708
51.900           -0.146794       -8.410683
51.915           -0.148238       -8.493440
51.930           -0.149661       -8.574960
51.945           -0.151062       -8.655222
51.960           -0.152441       -8.734207
51.975           -0.153797       -8.811896
51.990           -0.155130       -8.888269
52.005           -0.156439       -8.963309
52.020           -0.157725       -9.036999
52.035           -0.158988       -9.109321
52.050           -0.160226       -9.180258
52.065           -0.161439       -9.249795
52.080           -0.162628       -9.317915
52.095           -0.163792       -9.384604
52.110           -0.164931       -9.449848
52.125           -0.166044       -9.513633
52.140           -0.167132       -9.575945
52.155           -0.168193       -9.636772
52.170           -0.169229       -9.696103
52.185           -0.170238       -9.753926
52.200           -0.171221       -9.810229
52.215           -0.172177       -9.865004
52.230           -0.173106       -9.918241
52.245           -0.174008       -9.969931
52.260           -0.174883      -10.020067
52.275           -0.175731      -10.068640
52.290           -0.176551      -10.115644
52.305           -0.177344      -10.161073
52.320           -0.178109      -10.204922
52.335           -0.178847      -10.247184
52.350           -0.179557      -10.287858
52.365           -0.180239      -10.326937
52.380           -0.180893      -10.364421
52.395           -0.181520      -10.400305
52.410           -0.182118      -10.434589
52.425           -0.182688      -10.467270
52.440           -0.183231      -10.498349
52.455           -0.183745      -10.527824
52.470           -0.184232      -10.555697
52.485           -0.184690      -10.581967
52.500           -0.185121      -10.606637
52.515           -0.185523      -10.629707
52.530           -0.185898      -10.651180
52.545           -0.186245      -10.671058
52.560           -0.186564      -10.689344
52.575           -0.186856      -10.706042
52.590           -0.187119      -10.721155
52.605           -0.187356      -10.734687
52.620           -0.187564      -10.746643
52.635           -0.187746      -10.757027
52.650           -0.187899      -10.765844
52.665           -0.188026      -10.773100
52.680           -0.188126      -10.778798
52.695           -0.188198      -10.782946
52.710           -0.188243      -10.785549
52.725           -0.188262      -10.786614
52.740           -0.188254      -10.786145
52.755           -0.188219      -10.784150
52.770           -0.188158      -10.780636
52.785           -0.188070      -10.775608
52.800           -0.187956      -10.769074
52.815           -0.187816      -10.761041
52.830           -0.187649      -10.751515
52.845           -0.187457      -10.740504
52.860           -0.187239      -10.728014
52.875           -0.186996      -10.714054
52.890           -0.186726      -10.698631
52.905           -0.186432      -10.681751
52.920           -0.186112      -10.663422
52.935           -0.185767      -10.643653
52.950           -0.185397      -10.622449
52.965           -0.185002      -10.599820
52.980           -0.184582      -10.575773
52.995           -0.184138      -10.550315
53.010           -0.183669      -10.523454
53.025           -0.183176      -10.495198
53.040           -0.182658      -10.465555
53.055           -0.182117      -10.434532
53.070           -0.181552      -10.402138
53.085           -0.180962      -10.368381
53.100           -0.180350      -10.333268
53.115           -0.179713      -10.296809
53.130           -0.179053      -10.259009
53.145           -0.178371      -10.219880
53.160           -0.177665      -10.179427
53.175           -0.176936      -10.137660
53.190           -0.176184      -10.094587
53.205           -0.175409      -10.050216
53.220           -0.174612      -10.004556
53.235           -0.173793       -9.957615
53.250           -0.172952       -9.909402
53.265           -0.172088       -9.859926
53.280           -0.171203       -9.809195
53.295           -0.170296       -9.757218
53.310           -0.169367       -9.704003
53.325           -0.168417       -9.649561
53.340           -0.167445       -9.593898
53.355           -0.166452       -9.537025
53.370           -0.165439       -9.478950
53.385           -0.164404       -9.419683
53.400           -0.163349       -9.359232
53.415           -0.162274       -9.297606
53.430           -0.161178       -9.234815
53.445           -0.160062       -9.170868
53.460           -0.158926       -9.105773
53.475           -0.157770       -9.039539
53.490           -0.156594       -8.972176
53.505           -0.155399       -8.903694
53.520           -0.154184       -8.834100
53.535           -0.152950       -8.763403
53.550           -0.151697       -8.691614
53.565           -0.150425       -8.618740
53.580           -0.149135       -8.544791
53.595           -0.147825       -8.469775
53.610           -0.146498       -8.393702
53.625           -0.145152       -8.316579
53.640           -0.143787       -8.238416
53.655           -0.142405       -8.159222
53.670           -0.141005       -8.079003
53.685           -0.139587       -7.997770
53.700           -0.138152       -7.915531
53.715           -0.136699       -7.832293
53.730           -0.135229       -7.748065
53.745           -0.133742       -7.662854
53.760           -0.132238       -7.576670
53.775           -0.130717       -7.489520
53.790           -0.129179       -7.401412
53.805           -0.127625       -7.312353
53.820           -0.126054       -7.222352
53.835           -0.124467       -7.131416
53.850           -0.122863       -7.039552
53.865           -0.121244       -6.946769
53.880           -0.119609       -6.853074
53.895           -0.117958       -6.758474
53.910           -0.116291       -6.662978
53.925           -0.114609       -6.566592
53.940           -0.112911       -6.469324
53.955           -0.111198       -6.371182
53.970           -0.109470       -6.272173
53.985           -0.107727       -6.172306
54.000           -0.105969       -6.071588
54.015           -0.104197       -5.970026
54.030           -0.102409       -5.867630
54.045           -0.100608       -5.764406
54.060           -0.098792       -5.660364
54.075           -0.096962       -5.555511
54.090           -0.095118       -5.449857
54.105           -0.093260       -5.343410
54.120           -0.091389       -5.236179
54.135           -0.089504       -5.128173
54.150           -0.087605       -5.019403
54.165           -0.085694       -4.909877
54.180           -0.083769       -4.799607
54.195           -0.081832       -4.688601
54.210           -0.079881       -4.576872
54.225           -0.077919       -4.464429
54.240           -0.075944       -4.351285
54.255           -0.073957       -4.237452
54.270           -0.071959       -4.122940
54.285           -0.069949       -4.007764
54.300           -0.067927       -3.891935
54.315           -0.065894       -3.775467
54.330           -0.063851       -3.658374
54.345           -0.061796       -3.540670
54.360           -0.059732       -3.422369
54.375           -0.057657       -3.303487
54.390           -0.055572       -3.184039
54.405           -0.053478       -3.064041
54.420           -0.051374       -2.943509
54.435           -0.049261       -2.822460
54.450           -0.047140       -2.700911
54.465           -0.045010       -2.578880
54.480           -0.042872       -2.456385
54.495           -0.040726       -2.333443
54.510           -0.038573       -2.210075
54.525           -0.036413       -2.086300
54.540           -0.034246       -1.962137
54.555           -0.032072       -1.837606
54.570           -0.029893       -1.712728
54.585           -0.027708       -1.587523
54.600           -0.025517       -1.462014
54.615           -0.023321       -1.336221
54.630           -0.021121       -1.210166
54.645           -0.018917       -1.083872
54.660           -0.016709       -0.957361
54.675           -0.014498       -0.830656
54.690           -0.012283       -0.703780
54.705           -0.010066       -0.576756
54.720           -0.007847       -0.449609
54.735           -0.005626       -0.322361
54.750           -0.003404       -0.195037
54.765           -0.001181       -0.067661
54.780            0.001043        0.059742
54.795            0.003266        0.187148
54.810            0.005490        0.314532
54.825            0.007712        0.441870
54.840            0.009933        0.569136
54.855            0.012153        0.696304
54.870            0.014370        0.823351
54.885            0.016585        0.950251
54.900            0.018797        1.076977
54.915            0.021005        1.203506
54.930            0.023210        1.329811
54.945            0.025410        1.455867
54.960            0.027605        1.581649
54.975            0.029795        1.707130
54.990            0.031979        1.832286
55.005            0.034158        1.957092
55.020            0.036329        2.081520
55.035            0.038494        2.205547
55.050            0.040651        2.329147
55.065            0.042801        2.452294
55.080            0.044942        2.574963
55.095            0.047074        2.697129
55.110            0.049197        2.818767
55.125            0.051310        2.939851
55.140            0.053413        3.060357
55.155            0.055506        3.180259
55.170            0.057588        3.299534
55.185            0.059658        3.418155
55.200            0.061717        3.536099
55.215            0.063763        3.653340
55.230            0.065796        3.769856
55.245            0.067817        3.885620
55.260            0.069824        4.000609
55.275            0.071817        4.114799
55.290            0.073795        4.228166
55.305            0.075759        4.340687
55.320            0.077708        4.452337
55.335            0.079641        4.563093
55.350            0.081558        4.672932
55.365            0.083459        4.781831
55.380            0.085343        4.889766
55.395            0.087209        4.996716
55.410            0.089058        5.102657
55.425            0.090889        5.207567
55.440            0.092702        5.311425
55.455            0.094496        5.414207
55.470            0.096271        5.515894
55.485            0.098026        5.616462
55.500            0.099761        5.715891
55.515            0.101476        5.814161
55.530            0.103171        5.911249
55.545            0.104844        6.007138
55.560            0.106497        6.101805
55.575            0.108127        6.195232
55.590            0.109736        6.287400
55.605            0.111322        6.378289
55.620            0.112886        6.467880
55.635            0.114427        6.556157
55.650            0.115944        6.643099
55.665            0.117438        6.728692
55.680            0.118908        6.812916
55.695            0.120354        6.895756
55.710            0.121775        6.977195
55.725            0.123172        7.057218
55.740            0.124543        7.135809
55.755            0.125890        7.212954
55.770            0.127211        7.288638
55.785            0.128506        7.362848
55.800            0.129775        7.435569
55.815            0.131018        7.506790
55.830            0.132235        7.576497
55.845            0.133425        7.644679
55.860            0.134588        7.711325
55.875            0.135724        7.776423
55.890            0.136833        7.839964
55.905            0.137915        7.901937
55.920            0.138969        7.962334
55.935            0.139995        8.021145
55.950            0.140994        8.078362
55.965            0.141965        8.133978
55.980            0.142907        8.187986
55.995            0.143822        8.240379
56.010            0.144708        8.291150
56.025            0.145566        8.340295
56.040            0.146395        8.387807
56.055            0.147196        8.433683
56.070            0.147968        8.477917
56.085            0.148711        8.520508
56.100            0.149425        8.561450
56.115            0.150111        8.600742
56.130            0.150768        8.638382
56.145            0.151396        8.674366
56.160            0.151995        8.708694
56.175            0.152566        8.741366
56.190            0.153107        8.772379
56.205            0.153619        8.801734
56.220            0.154103        8.829431
56.235            0.154557        8.855471
56.250            0.154983        8.879853
56.265            0.155379        8.902581
56.280            0.155747        8.923654
56.295            0.156086        8.943075
56.310            0.156396        8.960845
56.325            0.156678        8.976968
56.340            0.156930        8.991445
56.355            0.157154        9.004280
56.370            0.157350        9.015476
56.385            0.157517        9.025036
56.400            0.157655        9.032964
56.415            0.157765        9.039264
56.430            0.157847        9.043939
56.445            0.157900        9.046994
56.460            0.157925        9.048434
56.475            0.157922        9.048262
56.490            0.157891        9.046485
56.505            0.157832        9.043106
56.520            0.157745        9.038131
56.535            0.157631        9.031565
56.550            0.157488        9.023415
56.565            0.157318        9.013684
56.580            0.157121        9.002380
56.595            0.156897        8.989509
56.610            0.156645        8.975075
56.625            0.156366        8.959087
56.640            0.156059        8.941549
56.655            0.155726        8.922469
56.670            0.155367        8.901854
56.685            0.154980        8.879710
56.700            0.154567        8.856045
56.715            0.154128        8.830866
56.730            0.153662        8.804180
56.745            0.153170        8.775994
56.760            0.152652        8.746318
56.775            0.152108        8.715158
56.790            0.151539        8.682523
56.805            0.150943        8.648421
56.820            0.150323        8.612861
56.835            0.149677        8.575851
56.850            0.149006        8.537401
56.865            0.148310        8.497520
56.880            0.147589        8.456216
56.895            0.146843        8.413501
56.910            0.146073        8.369383
56.925            0.145279        8.323872
56.940            0.144461        8.276980
56.955            0.143618        8.228716
56.970            0.142752        8.179091
56.985            0.141862        8.128116
57.000            0.140949        8.075804
57.015            0.140013        8.022164
57.030            0.139054        7.967209
57.045            0.138072        7.910951
57.060            0.137068        7.853403
57.075            0.136041        7.794576
57.090            0.134992        7.734484
57.105            0.133922        7.673140
57.120            0.132829        7.610557
57.135            0.131716        7.546750
57.150            0.130581        7.481731
57.165            0.129425        7.415515
57.180            0.128249        7.348116
57.195            0.127052        7.279550
57.210            0.125835        7.209832
57.225            0.124599        7.138976
57.240            0.123342        7.066999
57.255            0.122067        6.993916
57.270            0.120772        6.919743
57.285            0.119459        6.844498
57.300            0.118127        6.768197
57.315            0.116777        6.690856
57.330            0.115410        6.612494
57.345            0.114025        6.533128
57.360            0.112622        6.452777
57.375            0.111203        6.371457
57.390            0.109767        6.289189
57.405            0.108315        6.205991
57.420            0.106847        6.121882
57.435            0.105363        6.036882
57.450            0.103865        5.951011
57.465            0.102351        5.864289
57.480            0.100823        5.776737
57.495            0.099281        5.688375
57.510            0.097725        5.599225
57.525            0.096156        5.509308
57.540            0.094573        5.418647
57.555            0.092978        5.327263
57.570            0.091371        5.235180
57.585            0.089752        5.142420
57.600            0.088122        5.049006
57.615            0.086480        4.954963
57.630            0.084828        4.860314
57.645            0.083166        4.765085
57.660            0.081495        4.669299
57.675            0.079814        4.572982
57.690            0.078124        4.476160
57.705            0.076426        4.378859
57.720            0.074719        4.281105
57.735            0.073006        4.182925
57.750            0.071285        4.084346
57.765            0.069558        3.985395
57.780            0.067825        3.886101
57.795            0.066087        3.786492
57.810            0.064343        3.686596
57.825            0.062595        3.586443
57.840            0.060843        3.486061
57.855            0.059088        3.385482
57.870            0.057329        3.284734
57.885            0.055569        3.183848
57.900            0.053806        3.082855
57.915            0.052042        2.981787
57.930            0.050277        2.880674
57.945            0.048512        2.779549
57.960            0.046748        2.678443
57.975            0.044984        2.577389
57.990            0.043222        2.476419
58.005            0.041461        2.375567
58.020            0.039704        2.274865
58.035            0.037950        2.174346
58.050            0.036199        2.074045
58.065            0.034453        1.973995
58.080            0.032711        1.874229
58.095            0.030976        1.774782
58.110            0.029246        1.675688
58.125            0.027524        1.576980
58.140            0.025808        1.478694
58.155            0.024101        1.380864
58.170            0.022402        1.283524
58.185            0.020712        1.186708
58.200            0.019032        1.090450
58.215            0.017362        0.994786
58.230            0.015704        0.899749
58.245            0.014056        0.805373
58.260            0.012421        0.711693
58.275            0.010799        0.618741
58.290            0.009190        0.526553
58.305            0.007595        0.435161
58.320            0.006014        0.344599
58.335            0.004449        0.254899
58.350            0.002899        0.166095
58.365            0.001365        0.078218
58.380           -0.000152       -0.008698
58.395           -0.001651       -0.094624
58.410           -0.003133       -0.179526
58.425           -0.004597       -0.263375
58.440           -0.006041       -0.346139
58.455           -0.007466       -0.427789
58.470           -0.008871       -0.508295
58.485           -0.010256       -0.587629
58.500           -0.011620       -0.665761
58.515           -0.012962       -0.742663
58.530           -0.014282       -0.818309
58.545           -0.015580       -0.892672
58.560           -0.016855       -0.965724
58.575           -0.018107       -1.037442
58.590           -0.019335       -1.107799
58.605           -0.020539       -1.176771
58.620           -0.021718       -1.244336
58.635           -0.022872       -1.310469
58.650           -0.024001       -1.375150
58.665           -0.025104       -1.438356
58.680           -0.026181       -1.500067
58.695           -0.027232       -1.560263
58.710           -0.028256       -1.618925
58.725           -0.029252       -1.676035
58.740           -0.030222       -1.731575
58.755           -0.031163       -1.785528
58.770           -0.032077       -1.837878
58.785           -0.032962       -1.888612
58.800           -0.033819       -1.937713
58.815           -0.034648       -1.985170
58.830           -0.035447       -2.030969
58.845           -0.036217       -2.075099
58.860           -0.036958       -2.117550
58.875           -0.037670       -2.158311
58.890           -0.038351       -2.197374
58.905           -0.039003       -2.234731
58.920           -0.039626       -2.270375
58.935           -0.040218       -2.304299
58.950           -0.040780       -2.336499
58.965           -0.041311       -2.366970
58.980           -0.041813       -2.395710
58.995           -0.042284       -2.422714
59.010           -0.042725       -2.447983
59.025           -0.043136       -2.471516
59.040           -0.043517       -2.493313
59.055           -0.043867       -2.513376
59.070           -0.044187       -2.531707
59.085           -0.044476       -2.548310
59.100           -0.044736       -2.563188
59.115           -0.044966       -2.576348
59.130           -0.045166       -2.587796
59.145           -0.045336       -2.597538
59.160           -0.045476       -2.605583
59.175           -0.045587       -2.611940
59.190           -0.045669       -2.616620
59.205           -0.045721       -2.619632
59.220           -0.045745       -2.620990
59.235           -0.045740       -2.620706
59.250           -0.045707       -2.618794
59.265           -0.045645       -2.615268
59.280           -0.045556       -2.610145
59.295           -0.045439       -2.603441
59.310           -0.045294       -2.595173
59.325           -0.045123       -2.585360
59.340           -0.044925       -2.574021
59.355           -0.044701       -2.561175
59.370           -0.044451       -2.546845
59.385           -0.044175       -2.531050
59.400           -0.043874       -2.513815
59.415           -0.043549       -2.495162
59.430           -0.043199       -2.475115
59.445           -0.042825       -2.453699
59.460           -0.042428       -2.430940
59.475           -0.042008       -2.406864
59.490           -0.041565       -2.381497
59.505           -0.041100       -2.354868
59.520           -0.040614       -2.327004
59.535           -0.040107       -2.297935
59.550           -0.039579       -2.267689
59.565           -0.039031       -2.236297
59.580           -0.038463       -2.203790
59.595           -0.037877       -2.170198
59.610           -0.037272       -2.135552
59.625           -0.036650       -2.099886
59.640           -0.036010       -2.063231
59.655           -0.035354       -2.025619
59.670           -0.034681       -1.987086
59.685           -0.033993       -1.947663
59.700           -0.033290       -1.907384
59.715           -0.032573       -1.866285
59.730           -0.031842       -1.824399
59.745           -0.031098       -1.781761
59.760           -0.030341       -1.738406
59.775           -0.029572       -1.694369
59.790           -0.028792       -1.649685
59.805           -0.028002       -1.604389
59.820           -0.027201       -1.558518
59.835           -0.026391       -1.512106
59.850           -0.025572       -1.465189
59.865           -0.024745       -1.417803
59.880           -0.023911       -1.369983
59.895           -0.023069       -1.321765
59.910           -0.022221       -1.273185
59.925           -0.021368       -1.224277
59.940           -0.020509       -1.175078
59.955           -0.019646       -1.125623
59.970           -0.018779       -1.075947
59.985           -0.017909       -1.026085
60.000           -0.017036       -0.976072
60.015           -0.016161       -0.925942
60.030           -0.015284       -0.875731
60.045           -0.014407       -0.825472
60.060           -0.013530       -0.775200
60.075           -0.012653       -0.724949
60.090           -0.011777       -0.674752
60.105           -0.010902       -0.624643
60.120           -0.010030       -0.574655
60.135           -0.009160       -0.524821
60.150           -0.008293       -0.475173
60.165           -0.007431       -0.425744
60.180           -0.006572       -0.376565
60.195           -0.005719       -0.327669
60.210           -0.004871       -0.279086
60.225           -0.004029       -0.230849
60.240           -0.003194       -0.182987
60.255           -0.002365       -0.135531
60.270           -0.001545       -0.088512
60.285           -0.000732       -0.041958
60.300            0.000072        0.004101
60.315            0.000866        0.049635
60.330            0.001651        0.094617
60.345            0.002426        0.139017
60.360            0.003191        0.182808
60.375            0.003944        0.225963
60.390            0.004685        0.268454
60.405            0.005415        0.310254
60.420            0.006132        0.351337
60.435            0.006836        0.391677
60.450            0.007527        0.431249
60.465            0.008204        0.470026
60.480            0.008866        0.507985
60.495            0.009514        0.545102
60.510            0.010146        0.581351
60.525            0.010764        0.616710
60.540            0.011365        0.651156
60.555            0.011950        0.684666
60.570            0.012518        0.717218
60.585            0.013069        0.748791
60.600            0.013602        0.779363
60.615            0.014118        0.808913
60.630            0.014616        0.837422
60.645            0.015095        0.864870
60.660            0.015555        0.891238
60.675            0.015996        0.916508
60.690            0.016418        0.940660
60.705            0.016819        0.963678
60.720            0.017201        0.985546
60.735            0.017562        1.006246
60.750            0.017903        1.025763
60.765            0.018223        1.044082
60.780            0.018521        1.061188
60.795            0.018798        1.077069
60.810            0.019054        1.091710
60.825            0.019288        1.105098
60.840            0.019499        1.117223
60.855            0.019689        1.128073
60.870            0.019856        1.137638
60.885            0.020000        1.145907
60.900            0.020121        1.152872
60.915            0.020220        1.158524
60.930            0.020296        1.162856
60.945            0.020348        1.165860
60.960            0.020377        1.167531
60.975            0.020383        1.167863
60.990            0.020365        1.166852
61.005            0.020324        1.164493
61.020            0.020259        1.160783
61.035            0.020171        1.155720
61.050            0.020059        1.149303
61.065            0.019923        1.141531
61.080            0.019764        1.132402
61.095            0.019581        1.121919
61.110            0.019375        1.110083
61.125            0.019144        1.096895
61.140            0.018891        1.082359
61.155            0.018614        1.066479
61.170            0.018313        1.049259
61.185            0.017989        1.030705
61.200            0.017642        1.010821
61.215            0.017272        0.989617
61.230            0.016879        0.967097
61.245            0.016463        0.943272
61.260            0.016025        0.918150
61.275            0.015564        0.891741
61.290            0.015081        0.864054
61.305            0.014575        0.835102
61.320            0.014048        0.804895
61.335            0.013499        0.773447
61.350            0.012929        0.740769
61.365            0.012337        0.706877
61.380            0.011725        0.671785
61.395            0.011092        0.635506
61.410            0.010438        0.598058
61.425            0.009764        0.559456
61.440            0.009071        0.519716
61.455            0.008358        0.478856
61.470            0.007625        0.436894
61.485            0.006874        0.393849
61.500            0.006104        0.349738
61.515            0.005316        0.304582
61.530            0.004510        0.258400
61.545            0.003686        0.211213
61.560            0.002846        0.163041
61.575            0.001988        0.113905
61.590            0.001114        0.063828
61.605            0.000224        0.012830
61.620           -0.000682       -0.039065
61.635           -0.001603       -0.091835
61.650           -0.002539       -0.145456
61.665           -0.003489       -0.199906
61.680           -0.004453       -0.255160
61.695           -0.005431       -0.311195
61.710           -0.006423       -0.367985
61.725           -0.007427       -0.425507
61.740           -0.008443       -0.483736
61.755           -0.009471       -0.542645
61.770           -0.010511       -0.602211
61.785           -0.011561       -0.662406
61.800           -0.012622       -0.723206
61.815           -0.013694       -0.784584
61.830           -0.014774       -0.846514
61.845           -0.015865       -0.908970
61.860           -0.016963       -0.971925
61.875           -0.018070       -1.035352
61.890           -0.019185       -1.099224
61.905           -0.020307       -1.163515
61.920           -0.021436       -1.228198
61.935           -0.022571       -1.293244
61.950           -0.023713       -1.358628
61.965           -0.024859       -1.424320
61.980           -0.026011       -1.490295
61.995           -0.027166       -1.556525
62.010           -0.028326       -1.622981
62.025           -0.029490       -1.689636
62.040           -0.030656       -1.756464
62.055           -0.031825       -1.823435
62.070           -0.032996       -1.890522
62.085           -0.034168       -1.957698
62.100           -0.035342       -2.024935
62.115           -0.036516       -2.092205
62.130           -0.037690       -2.159481
62.145           -0.038864       -2.226734
62.160           -0.040037       -2.293937
62.175           -0.041208       -2.361063
62.190           -0.042378       -2.428083
62.205           -0.043545       -2.494971
62.220           -0.044710       -2.561699
62.235           -0.045871       -2.628239
62.250           -0.047029       -2.694564
62.265           -0.048182       -2.760647
62.280           -0.049331       -2.826460
62.295           -0.050475       -2.891977
62.310           -0.051612       -2.957170
62.325           -0.052744       -3.022012
62.340           -0.053869       -3.086477
62.355           -0.054987       -3.150537
62.370           -0.056098       -3.214166
62.385           -0.057200       -3.277338
62.400           -0.058294       -3.340025
62.415           -0.059380       -3.402201
62.430           -0.060455       -3.463841
62.445           -0.061521       -3.524917
62.460           -0.062577       -3.585405
62.475           -0.063622       -3.645277
62.490           -0.064656       -3.704509
62.505           -0.065678       -3.763074
62.520           -0.066688       -3.820948
62.535           -0.067686       -3.878104
62.550           -0.068670       -3.934519
62.565           -0.069642       -3.990165
62.580           -0.070599       -4.045020
62.595           -0.071542       -4.099058
62.610           -0.072471       -4.152255
62.625           -0.073384       -4.204586
62.640           -0.074282       -4.256027
62.655           -0.075164       -4.306554
62.670           -0.076029       -4.356144
62.685           -0.076878       -4.404774
62.700           -0.077709       -4.452419
62.715           -0.078523       -4.499058
62.730           -0.079319       -4.544666
62.745           -0.080097       -4.589222
62.760           -0.080856       -4.632704
62.775           -0.081596       -4.675089
62.790           -0.082316       -4.716357
62.805           -0.083016       -4.756485
62.820           -0.083696       -4.795452
62.835           -0.084356       -4.833239
62.850           -0.084994       -4.869825
62.865           -0.085612       -4.905189
62.880           -0.086207       -4.939313
62.895           -0.086781       -4.972178
62.910           -0.087332       -5.003764
62.925           -0.087861       -5.034053
62.940           -0.088367       -5.063029
62.955           -0.088849       -5.090673
62.970           -0.089308       -5.116968
62.985           -0.089743       -5.141900
63.000           -0.090154       -5.165451
63.015           -0.090541       -5.187607
63.030           -0.090903       -5.208354
63.045           -0.091240       -5.227677
63.060           -0.091552       -5.245563
63.075           -0.091839       -5.262000
63.090           -0.092101       -5.276975
63.105           -0.092336       -5.290478
63.120           -0.092546       -5.302497
63.135           -0.092730       -5.313023
63.150           -0.092887       -5.322048
63.165           -0.093018       -5.329562
63.180           -0.093123       -5.335558
63.195           -0.093201       -5.340029
63.210           -0.093252       -5.342969
63.225           -0.093277       -5.344374
63.240           -0.093275       -5.344239
63.255           -0.093245       -5.342561
63.270           -0.093189       -5.339337
63.285           -0.093106       -5.334566
63.300           -0.092995       -5.328246
63.315           -0.092858       -5.320378
63.330           -0.092694       -5.310964
63.345           -0.092503       -5.300004
63.360           -0.092284       -5.287503
63.375           -0.092039       -5.273463
63.390           -0.091767       -5.257890
63.405           -0.091469       -5.240789
63.420           -0.091144       -5.222168
63.435           -0.090793       -5.202032
63.450           -0.090415       -5.180392
63.465           -0.090011       -5.157256
63.480           -0.089581       -5.132634
63.495           -0.089126       -5.106538
63.510           -0.088645       -5.078980
63.525           -0.088139       -5.049972
63.540           -0.087607       -5.019528
63.555           -0.087051       -4.987664
63.570           -0.086470       -4.954394
63.585           -0.085866       -4.919734
63.600           -0.085237       -4.883702
63.615           -0.084584       -4.846315
63.630           -0.083908       -4.807592
63.645           -0.083209       -4.767552
63.660           -0.082488       -4.726215
63.675           -0.081744       -4.683601
63.690           -0.080979       -4.639731
63.705           -0.080191       -4.594628
63.720           -0.079383       -4.548314
63.735           -0.078554       -4.500812
63.750           -0.077705       -4.452144
63.765           -0.076835       -4.402336
63.780           -0.075946       -4.351411
63.795           -0.075039       -4.299394
63.810           -0.074112       -4.246311
63.825           -0.073167       -4.192186
63.840           -0.072205       -4.137047
63.855           -0.071225       -4.080918
63.870           -0.070229       -4.023826
63.885           -0.069216       -3.965799
63.900           -0.068188       -3.906862
63.915           -0.067144       -3.847043
63.930           -0.066085       -3.786369
63.945           -0.065011       -3.724867
63.960           -0.063924       -3.662565
63.975           -0.062823       -3.599490
63.990           -0.061709       -3.535668
64.005           -0.060583       -3.471128
64.020           -0.059444       -3.405897
64.035           -0.058294       -3.340002
64.050           -0.057133       -3.273470
64.065           -0.055961       -3.206329
64.080           -0.054779       -3.138604
64.095           -0.053587       -3.070323
64.110           -0.052386       -3.001512
64.125           -0.051177       -2.932198
64.140           -0.049958       -2.862406
64.155           -0.048732       -2.792163
64.170           -0.047499       -2.721494
64.185           -0.046259       -2.650424
64.200           -0.045012       -2.578979
64.215           -0.043759       -2.507183
64.230           -0.042500       -2.435060
64.245           -0.041236       -2.362635
64.260           -0.039967       -2.289932
64.275           -0.038693       -2.216974
64.290           -0.037416       -2.143783
64.305           -0.036135       -2.070384
64.320           -0.034851       -1.996798
64.335           -0.033564       -1.923047
64.350           -0.032274       -1.849154
64.365           -0.030982       -1.775139
64.380           -0.029688       -1.701025
64.395           -0.028394       -1.626830
64.410           -0.027098       -1.552576
64.425           -0.025801       -1.478283
64.440           -0.024504       -1.403971
64.455           -0.023207       -1.329659
64.470           -0.021910       -1.255366
64.485           -0.020614       -1.181110
64.500           -0.019319       -1.106911
64.515           -0.018026       -1.032787
64.530           -0.016733       -0.958755
64.545           -0.015443       -0.884833
64.560           -0.014155       -0.811038
64.575           -0.012870       -0.737388
64.590           -0.011587       -0.663900
64.605           -0.010308       -0.590589
64.620           -0.009032       -0.517473
64.635           -0.007759       -0.444568
64.650           -0.006491       -0.371889
64.665           -0.005226       -0.299453
64.680           -0.003967       -0.227275
64.695           -0.002712       -0.155371
64.710           -0.001462       -0.083756
64.725           -0.000217       -0.012445
64.740            0.001022        0.058546
64.755            0.002255        0.129203
64.770            0.003482        0.199511
64.785            0.004703        0.269455
64.800            0.005917        0.339020
64.815            0.007124        0.408193
64.830            0.008324        0.476957
64.845            0.009517        0.545300
64.860            0.010702        0.613206
64.875            0.011880        0.680661
64.890            0.013049        0.747651
64.905            0.014210        0.814161
64.920            0.015362        0.880178
64.935            0.016505        0.945688
64.950            0.017640        1.010675
64.965            0.018764        1.075126
64.980            0.019880        1.139028
64.995            0.020985        1.202365
65.010            0.022081        1.265124
65.025            0.023166        1.327290
65.040            0.024240        1.388851
65.055            0.025304        1.449791
65.070            0.026356        1.510098
65.085            0.027397        1.569756
65.100            0.028427        1.628753
65.115            0.029445        1.687075
65.130            0.030451        1.744707
65.145            0.031444        1.801637
65.160            0.032426        1.857851
65.175            0.033394        1.913335
65.190            0.034349        1.968076
65.205            0.035292        2.022061
65.220            0.036220        2.075277
65.235            0.037136        2.127711
65.250            0.038037        2.179350
65.265            0.038924        2.230181
65.280            0.039797        2.280193
65.295            0.040655        2.329372
65.310            0.041499        2.377707
65.325            0.042327        2.425187
65.340            0.043141        2.471799
65.355            0.043939        2.517532
65.370            0.044722        2.562376
65.385            0.045489        2.606320
65.400            0.046240        2.649353
65.415            0.046975        2.691465
65.430            0.047694        2.732647
65.445            0.048396        2.772889
65.460            0.049082        2.812182
65.475            0.049751        2.850519
65.490            0.050403        2.887890
65.505            0.051038        2.924289
65.520            0.051657        2.959708
65.535            0.052258        2.994139
65.550            0.052841        3.027578
65.565            0.053407        3.060018
65.580            0.053956        3.091454
65.595            0.054487        3.121881
65.610            0.055000        3.151295
65.625            0.055496        3.179692
65.640            0.055974        3.207070
65.655            0.056434        3.233425
65.670            0.056876        3.258755
65.685            0.057300        3.283060
65.700            0.057706        3.306338
65.715            0.058095        3.328589
65.730            0.058465        3.349813
65.745            0.058818        3.370012
65.760            0.059152        3.389186
65.775            0.059469        3.407337
65.790            0.059768        3.424469
65.805            0.060050        3.440585
65.820            0.060313        3.455687
65.835            0.060559        3.469782
65.850            0.060788        3.482873
65.865            0.060999        3.494965
65.880            0.061192        3.506066
65.895            0.061369        3.516181
65.910            0.061528        3.525318
65.925            0.061671        3.533484
65.940            0.061797        3.540687
65.955            0.061906        3.546935
65.970            0.061998        3.552238
65.985            0.062074        3.556605
66.000            0.062135        3.560046
66.015            0.062179        3.562571
66.030            0.062207        3.564190
66.045            0.062220        3.564915
66.060            0.062217        3.564757
66.075            0.062199        3.563728
66.090            0.062166        3.561839
66.105            0.062118        3.559103
66.120            0.062056        3.555533
66.135            0.061979        3.551141
66.150            0.061888        3.545940
66.165            0.061784        3.539943
66.180            0.061665        3.533165
66.195            0.061534        3.525617
66.210            0.061389        3.517315
66.225            0.061231        3.508272
66.240            0.061060        3.498501
66.255            0.060877        3.488017
66.270            0.060682        3.476834
66.285            0.060475        3.464965
66.300            0.060256        3.452426
66.315            0.060026        3.439230
66.330            0.059784        3.425391
66.345            0.059532        3.410924
66.360            0.059269        3.395842
66.375            0.058995        3.380159
66.390            0.058711        3.363890
66.405            0.058417        3.347049
66.420            0.058113        3.329649
66.435            0.057800        3.311703
66.450            0.057478        3.293227
66.465            0.057146        3.274232
66.480            0.056806        3.254733
66.495            0.056457        3.234743
66.510            0.056100        3.214275
66.525            0.055734        3.193342
66.540            0.055361        3.171956
66.555            0.054980        3.150132
66.570            0.054592        3.127881
66.585            0.054196        3.105215
66.600            0.053794        3.082148
66.615            0.053384        3.058691
66.630            0.052968        3.034857
66.645            0.052546        3.010656
66.660            0.052117        2.986102
66.675            0.051683        2.961205
66.690            0.051242        2.935978
66.705            0.050797        2.910430
66.720            0.050345        2.884575
66.735            0.049889        2.858421
66.750            0.049427        2.831982
66.765            0.048961        2.805266
66.780            0.048490        2.778285
66.795            0.048015        2.751050
66.810            0.047535        2.723570
66.825            0.047052        2.695856
66.840            0.046564        2.667917
66.855            0.046073        2.639765
66.870            0.045578        2.611408
66.885            0.045079        2.582856
66.900            0.044578        2.554118
66.915            0.044073        2.525205
66.930            0.043566        2.496125
66.945            0.043055        2.466887
66.960            0.042542        2.437500
66.975            0.042027        2.407974
66.990            0.041509        2.378315
67.005            0.040990        2.348534
67.020            0.040468        2.318637
67.035            0.039944        2.288634
67.050            0.039419        2.258532
67.065            0.038892        2.228338
67.080            0.038363        2.198061
67.095            0.037834        2.167707
67.110            0.037303        2.137284
67.125            0.036771        2.106798
67.140            0.036238        2.076257
67.155            0.035704        2.045666
67.170            0.035169        2.015032
67.185            0.034634        1.984361
67.200            0.034098        1.953658
67.215            0.033561        1.922929
67.230            0.033025        1.892180
67.245            0.032488        1.861414
67.260            0.031951        1.830638
67.275            0.031413        1.799854
67.290            0.030876        1.769068
67.305            0.030339        1.738282
67.320            0.029802        1.707502
67.335            0.029264        1.676729
67.350            0.028728        1.645967
67.365            0.028191        1.615218
67.380            0.027654        1.584486
67.395            0.027118        1.553771
67.410            0.026583        1.523076
67.425            0.026047        1.492402
67.440            0.025512        1.461751
67.455            0.024978        1.431123
67.470            0.024444        1.400519
67.485            0.023910        1.369939
67.500            0.023377        1.339384
67.515            0.022844        1.308853
67.530            0.022311        1.278346
67.545            0.021779        1.247861
67.560            0.021248        1.217400
67.575            0.020716        1.186959
67.590            0.020185        1.156538
67.605            0.019655        1.126135
67.620            0.019124        1.095748
67.635            0.018594        1.065375
67.650            0.018064        1.035015
67.665            0.017535        1.004665
67.680            0.017005        0.974322
67.695            0.016476        0.943984
67.710            0.015946        0.913649
67.725            0.015417        0.883312
67.740            0.014887        0.852972
67.755            0.014358        0.822625
67.770            0.013828        0.792269
67.785            0.013298        0.761900
67.800            0.012767        0.731514
67.815            0.012237        0.701110
67.830            0.011706        0.670683
67.845            0.011174        0.640231
67.860            0.010642        0.609749
67.875            0.010110        0.579236
67.890            0.009576        0.548688
67.905            0.009043        0.518101
67.920            0.008508        0.487472
67.935            0.007973        0.456800
67.950            0.007436        0.426080
67.965            0.006899        0.395309
67.980            0.006361        0.364486
67.995            0.005823        0.333607
68.010            0.005283        0.302670
68.025            0.004742        0.271672
68.040            0.004199        0.240611
68.055            0.003656        0.209485
68.070            0.003112        0.178291
68.085            0.002566        0.147028
68.100            0.002019        0.115693
68.115            0.001471        0.084285
68.130            0.000922        0.052802
68.145            0.000371        0.021243
68.160           -0.000181       -0.010394
68.175           -0.000735       -0.042109
68.190           -0.001290       -0.073905
68.205           -0.001846       -0.105782
68.220           -0.002404       -0.137741
68.235           -0.002963       -0.169783
68.250           -0.003524       -0.201908
68.265           -0.004086       -0.234117
68.280           -0.004650       -0.266411
68.295           -0.005215       -0.298789
68.310           -0.005781       -0.331252
68.325           -0.006349       -0.363799
68.340           -0.006919       -0.396432
68.355           -0.007490       -0.429149
68.370           -0.008063       -0.461950
68.385           -0.008637       -0.494835
68.400           -0.009212       -0.527804
68.415           -0.009789       -0.560855
68.430           -0.010367       -0.593988
68.445           -0.010947       -0.627203
68.460           -0.011528       -0.660497
68.475           -0.012110       -0.693871
68.490           -0.012694       -0.727322
68.505           -0.013279       -0.760851
68.520           -0.013866       -0.794454
68.535           -0.014454       -0.828130
68.550           -0.015043       -0.861879
68.565           -0.015633       -0.895697
68.580           -0.016224       -0.929584
68.595           -0.016817       -0.963536
68.610           -0.017411       -0.997551
68.625           -0.018005       -1.031628
68.640           -0.018601       -1.065762
68.655           -0.019198       -1.099952
68.670           -0.019795       -1.134194
68.685           -0.020394       -1.168485
68.700           -0.020993       -1.202822
68.715           -0.021593       -1.237201
68.730           -0.022194       -1.271618
68.745           -0.022795       -1.306069
68.760           -0.023397       -1.340549
68.775           -0.023999       -1.375054
68.790           -0.024602       -1.409578
68.805           -0.025205       -1.444118
68.820           -0.025808       -1.478667
68.835           -0.026411       -1.513219
68.850           -0.027014       -1.547769
68.865           -0.027617       -1.582309
68.880           -0.028219       -1.616834
68.895           -0.028821       -1.651337
68.910           -0.029423       -1.685809
68.925           -0.030024       -1.720244
68.940           -0.030624       -1.754634
68.955           -0.031223       -1.788969
68.970           -0.031822       -1.823242
68.985           -0.032418       -1.857442
69.000           -0.033014       -1.891562
69.015           -0.033608       -1.925591
69.030           -0.034200       -1.959520
69.045           -0.034790       -1.993337
69.060           -0.035378       -2.027031
69.075           -0.035964       -2.060593
69.090           -0.036547       -2.094010
69.105           -0.037128       -2.127270
69.120           -0.037705       -2.160362
69.135           -0.038280       -2.193273
69.150           -0.038851       -2.225990
69.165           -0.039418       -2.258500
69.180           -0.039982       -2.290789
69.195           -0.040541       -2.322845
69.210           -0.041096       -2.354652
69.225           -0.041647       -2.386198
69.240           -0.042193       -2.417467
69.255           -0.042733       -2.448444
69.270           -0.043269       -2.479116
69.285           -0.043798       -2.509466
69.300           -0.044322       -2.539479
69.315           -0.044840       -2.569139
69.330           -0.045351       -2.598432
69.345           -0.045856       -2.627341
69.360           -0.046353       -2.655850
69.375           -0.046844       -2.683943
69.390           -0.047326       -2.711604
69.405           -0.047801       -2.738817
69.420           -0.048268       -2.765564
69.435           -0.048727       -2.791831
69.450           -0.049176       -2.817600
69.465           -0.049617       -2.842854
69.480           -0.050049       -2.867579
69.495           -0.050471       -2.891756
69.510           -0.050883       -2.915370
69.525           -0.051285       -2.938405
69.540           -0.051676       -2.960844
69.555           -0.052057       -2.982671
69.570           -0.052427       -3.003870
69.585           -0.052786       -3.024425
69.600           -0.053133       -3.044321
69.615           -0.053469       -3.063541
69.630           -0.053792       -3.082071
69.645           -0.054103       -3.099895
69.660           -0.054402       -3.116998
69.675           -0.054688       -3.133366
69.690           -0.054960       -3.148983
69.705           -0.055219       -3.163836
69.720           -0.055465       -3.177909
69.735           -0.055697       -3.191190
69.750           -0.055915       -3.203665
69.765           -0.056118       -3.215321
69.780           -0.056307       -3.226144
69.795           -0.056481       -3.236122
69.810           -0.056640       -3.245242
69.825           -0.056784       -3.253493
69.840           -0.056913       -3.260863
69.855           -0.057026       -3.267340
69.870           -0.057123       -3.272913
69.885           -0.057204       -3.277572
69.900           -0.057270       -3.281306
69.915           -0.057318       -3.284106
69.930           -0.057351       -3.285961
69.945           -0.057367       -3.286864
69.960           -0.057366       -3.286803
69.975           -0.057348       -3.285773
69.990           -0.057312       -3.283763
70.005           -0.057260       -3.280767
70.020           -0.057191       -3.276777
70.035           -0.057103       -3.271787
70.050           -0.056999       -3.265790
70.065           -0.056876       -3.258779
70.080           -0.056736       -3.250749
70.095           -0.056578       -3.241696
70.110           -0.056402       -3.231613
70.125           -0.056208       -3.220497
70.140           -0.055996       -3.208343
70.155           -0.055766       -3.195148
70.170           -0.055517       -3.180908
70.185           -0.055251       -3.165621
70.200           -0.054965       -3.149285
70.215           -0.054662       -3.131896
70.230           -0.054340       -3.113454
70.245           -0.054000       -3.093957
70.260           -0.053641       -3.073405
70.275           -0.053264       -3.051796
70.290           -0.052868       -3.029132
70.305           -0.052454       -3.005411
70.320           -0.052022       -2.980636
70.335           -0.051571       -2.954807
70.350           -0.051102       -2.927926
70.365           -0.050614       -2.899995
70.380           -0.050109       -2.871016
70.395           -0.049585       -2.840991
70.410           -0.049042       -2.809924
70.425           -0.048482       -2.777819
70.440           -0.047904       -2.744678
70.455           -0.047307       -2.710507
70.470           -0.046693       -2.675310
70.485           -0.046061       -2.639092
70.500           -0.045411       -2.601858
70.515           -0.044744       -2.563614
70.530           -0.044058       -2.524365
70.545           -0.043356       -2.484119
70.560           -0.042636       -2.442883
70.575           -0.041899       -2.400662
70.590           -0.041146       -2.357465
70.605           -0.040375       -2.313299
70.620           -0.039587       -2.268173
70.635           -0.038783       -2.222095
70.650           -0.037962       -2.175074
70.665           -0.037125       -2.127119
70.680           -0.036272       -2.078240
70.695           -0.035403       -2.028446
70.710           -0.034518       -1.977748
70.725           -0.033618       -1.926157
70.740           -0.032702       -1.873682
70.755           -0.031771       -1.820336
70.770           -0.030825       -1.766130
70.785           -0.029864       -1.711076
70.800           -0.028888       -1.655186
70.815           -0.027899       -1.598473
70.830           -0.026895       -1.540950
70.845           -0.025877       -1.482630
70.860           -0.024845       -1.423527
70.875           -0.023800       -1.363655
70.890           -0.022742       -1.303028
70.905           -0.021671       -1.241661
70.920           -0.020587       -1.179570
70.935           -0.019491       -1.116769
70.950           -0.018383       -1.053274
70.965           -0.017263       -0.989103
70.980           -0.016132       -0.924271
70.995           -0.014989       -0.858795
71.010           -0.013835       -0.792693
71.025           -0.012671       -0.725983
71.040           -0.011496       -0.658682
71.055           -0.010312       -0.590810
71.070           -0.009117       -0.522385
71.085           -0.007914       -0.453427
71.100           -0.006701       -0.383955
71.115           -0.005480       -0.313991
71.130           -0.004251       -0.243553
71.145           -0.003014       -0.172663
71.160           -0.001769       -0.101343
71.175           -0.000517       -0.029615
71.190            0.000742        0.042500
71.205            0.002007        0.114980
71.220            0.003278        0.187800
71.235            0.004554        0.260938
71.250            0.005836        0.334370
71.265            0.007122        0.408072
71.280            0.008413        0.482019
71.295            0.009707        0.556188
71.310            0.011005        0.630552
71.325            0.012306        0.705086
71.340            0.013609        0.779766
71.355            0.014915        0.854563
71.370            0.016222        0.929453
71.385            0.017530        1.004409
71.400            0.018839        1.079404
71.415            0.020148        1.154410
71.430            0.021457        1.229401
71.445            0.022765        1.304350
71.460            0.024072        1.379228
71.475            0.025377        1.454007
71.490            0.026680        1.528661
71.505            0.027980        1.603161
71.520            0.029278        1.677478
71.535            0.030571        1.751586
71.550            0.031860        1.825456
71.565            0.033145        1.899059
71.580            0.034424        1.972368
71.595            0.035698        2.045355
71.610            0.036966        2.117993
71.625            0.038227        2.190252
71.640            0.039481        2.262106
71.655            0.040728        2.333528
71.670            0.041966        2.404490
71.685            0.043196        2.474966
71.700            0.044417        2.544928
71.715            0.045629        2.614351
71.730            0.046831        2.683209
71.745            0.048022        2.751475
71.760            0.049203        2.819125
71.775            0.050373        2.886135
71.790            0.051530        2.952478
71.805            0.052676        3.018133
71.820            0.053810        3.083075
71.835            0.054930        3.147281
71.850            0.056038        3.210729
71.865            0.057132        3.273398
71.880            0.058211        3.335265
71.895            0.059277        3.396311
71.910            0.060328        3.456514
71.925            0.061363        3.515857
71.940            0.062384        3.574320
71.955            0.063388        3.631884
71.970            0.064377        3.688532
71.985            0.065349        3.744248
72.000            0.066305        3.799014
72.015            0.067244        3.852816
72.030            0.068166        3.905639
72.045            0.069071        3.957467
72.060            0.069958        4.008288
72.075            0.070827        4.058089
72.090            0.071678        4.106857
72.105            0.072511        4.154581
72.120            0.073326        4.201250
72.135            0.074122        4.246853
72.150            0.074899        4.291380
72.165            0.075657        4.334824
72.180            0.076396        4.377174
72.195            0.077116        4.418423
72.210            0.077817        4.458565
72.225            0.078498        4.497592
72.240            0.079159        4.535497
72.255            0.079801        4.572277
72.270            0.080423        4.607924
72.285            0.081026        4.642436
72.300            0.081608        4.675807
72.315            0.082171        4.708034
72.330            0.082713        4.739115
72.345            0.083236        4.769046
72.360            0.083738        4.797826
72.375            0.084220        4.825452
72.390            0.084682        4.851924
72.405            0.085124        4.877240
72.420            0.085546        4.901401
72.435            0.085947        4.924405
72.450            0.086328        4.946253
72.465            0.086690        4.966947
72.480            0.087031        4.986486
72.495            0.087352        5.004873
72.510            0.087652        5.022108
72.525            0.087933        5.038195
72.540            0.088194        5.053135
72.555            0.088435        5.066931
72.570            0.088655        5.079586
72.585            0.088857        5.091103
72.600            0.089038        5.101487
72.615            0.089199        5.110741
72.630            0.089341        5.118870
72.645            0.089463        5.125878
72.660            0.089566        5.131770
72.675            0.089650        5.136552
72.690            0.089714        5.140229
72.705            0.089759        5.142807
72.720            0.089785        5.144292
72.735            0.089792        5.144692
72.750            0.089780        5.144014
72.765            0.089749        5.142264
72.780            0.089700        5.139451
72.795            0.089633        5.135582
72.810            0.089547        5.130667
72.825            0.089443        5.124714
72.840            0.089321        5.117732
72.855            0.089182        5.109731
72.870            0.089024        5.100722
72.885            0.088850        5.090715
72.900            0.088658        5.079721
72.915            0.088449        5.067750
72.930            0.088223        5.054816
72.945            0.087981        5.040929
72.960            0.087722        5.026103
72.975            0.087447        5.010351
72.990            0.087156        4.993686
73.005            0.086850        4.976122
73.020            0.086528        4.957673
73.035            0.086191        4.938353
73.050            0.085838        4.918178
73.065            0.085472        4.897164
73.080            0.085090        4.875325
73.095            0.084695        4.852679
73.110            0.084286        4.829241
73.125            0.083864        4.805028
73.140            0.083428        4.780058
73.155            0.082979        4.754349
73.170            0.082518        4.727917
73.185            0.082044        4.700781
73.200            0.081559        4.672959
73.215            0.081061        4.644470
73.230            0.080553        4.615333
73.245            0.080033        4.585566
73.260            0.079503        4.555189
73.275            0.078963        4.524221
73.290            0.078412        4.492681
73.305            0.077852        4.460589
73.320            0.077283        4.427964
73.335            0.076704        4.394826
73.350            0.076117        4.361195
73.365            0.075522        4.327091
73.380            0.074919        4.292532
73.395            0.074308        4.257539
73.410            0.073690        4.222130
73.425            0.073065        4.186326
73.440            0.072434        4.150145
73.455            0.071796        4.113607
73.470            0.071152        4.076730
73.485            0.070503        4.039533
73.500            0.069849        4.002034
73.515            0.069189        3.964252
73.530            0.068525        3.926204
73.545            0.067857        3.887909
73.560            0.067184        3.849382
73.575            0.066508        3.810642
73.590            0.065829        3.771704
73.605            0.065146        3.732585
73.620            0.064460        3.693300
73.635            0.063772        3.653865
73.650            0.063081        3.614296
73.665            0.062389        3.574605
73.680            0.061694        3.534807
73.695            0.060998        3.494917
73.710            0.060300        3.454946
73.725            0.059601        3.414908
73.740            0.058902        3.374814
73.755            0.058201        3.334676
73.770            0.057500        3.294506
73.785            0.056798        3.254314
73.800            0.056097        3.214110
73.815            0.055395        3.173903
73.830            0.054693        3.133704
73.845            0.053992        3.093519
73.860            0.053291        3.053357
73.875            0.052591        3.013227
73.890            0.051891        2.973134
73.905            0.051192        2.933086
73.920            0.050494        2.893087
73.935            0.049797        2.853145
73.950            0.049101        2.813263
73.965            0.048406        2.773446
73.980            0.047712        2.733698
73.995            0.047020        2.694023
74.010            0.046328        2.654423
74.025            0.045639        2.614901
74.040            0.044950        2.575459
74.055            0.044263        2.536099
74.070            0.043578        2.496821
74.085            0.042894        2.457626
74.100            0.042211        2.418514
74.115            0.041530        2.379484
74.130            0.040850        2.340537
74.145            0.040172        2.301670
74.160            0.039495        2.262881
74.175            0.038819        2.224169
74.190            0.038145        2.185531
74.205            0.037472        2.146963
74.220            0.036800        2.108463
74.235            0.036129        2.070025
74.250            0.035459        2.031646
74.265            0.034790        1.993321
74.280            0.034122        1.955044
74.295            0.033455        1.916809
74.310            0.032788        1.878611
74.325            0.032122        1.840443
74.340            0.031456        1.802298
74.355            0.030791        1.764168
74.370            0.030125        1.726046
74.385            0.029460        1.687923
74.400            0.028794        1.649790
74.415            0.028128        1.611640
74.430            0.027462        1.573462
74.445            0.026795        1.535246
74.460            0.026127        1.496983
74.475            0.025458        1.458662
74.490            0.024788        1.420273
74.505            0.024117        1.381803
74.520            0.023444        1.343242
74.535            0.022769        1.304579
74.550            0.022092        1.265800
74.565            0.021413        1.226893
74.580            0.020732        1.187847
74.595            0.020048        1.148648
74.610            0.019361        1.109283
74.625            0.018670        1.069740
74.640            0.017977        1.030004
74.655            0.017280        0.990062
74.670            0.016579        0.949900
74.685            0.015874        0.909506
74.700            0.015165        0.868864
74.715            0.014451        0.827960
74.730            0.013732        0.786782
74.745            0.013008        0.745315
74.760            0.012279        0.703545
74.775            0.011545        0.661458
74.790            0.010804        0.619040
74.805            0.010058        0.576278
74.820            0.009305        0.533158
74.835            0.008546        0.489667
74.850            0.007781        0.445792
74.865            0.007008        0.401520
74.880            0.006228        0.356837
74.895            0.005441        0.311733
74.910            0.004646        0.266194
74.925            0.003843        0.220209
74.940            0.003033        0.173768
74.955            0.002214        0.126858
74.970            0.001387        0.079470
74.985            0.000551        0.031594
75.000           -0.000293       -0.016780
75.015           -0.001146       -0.065660
75.030           -0.002008       -0.115055
75.045           -0.002879       -0.164972
75.060           -0.003760       -0.215419
75.075           -0.004650       -0.266402
75.090           -0.005549       -0.317927
75.105           -0.006458       -0.369998
75.120           -0.007376       -0.422622
75.135           -0.008304       -0.475800
75.150           -0.009242       -0.529537
75.165           -0.010190       -0.583835
75.180           -0.011147       -0.638694
75.195           -0.012115       -0.694117
75.210           -0.013092       -0.750103
75.225           -0.014079       -0.806651
75.240           -0.015075       -0.863761
75.255           -0.016082       -0.921429
75.270           -0.017098       -0.979653
75.285           -0.018124       -1.038429
75.300           -0.019159       -1.097752
75.315           -0.020204       -1.157618
75.330           -0.021258       -1.218020
75.345           -0.022322       -1.278951
75.360           -0.023394       -1.340405
75.375           -0.024476       -1.402372
75.390           -0.025566       -1.464843
75.405           -0.026665       -1.527810
75.420           -0.027773       -1.591262
75.435           -0.028888       -1.655188
75.450           -0.030012       -1.719576
75.465           -0.031144       -1.784414
75.480           -0.032283       -1.849689
75.495           -0.033430       -1.915388
75.510           -0.034584       -1.981496
75.525           -0.035744       -2.048000
75.540           -0.036912       -2.114884
75.555           -0.038085       -2.182132
75.570           -0.039265       -2.249729
75.585           -0.040451       -2.317657
75.600           -0.041642       -2.385901
75.615           -0.042838       -2.454442
75.630           -0.044039       -2.523263
75.645           -0.045245       -2.592347
75.660           -0.046455       -2.661674
75.675           -0.047669       -2.731225
75.690           -0.048886       -2.800983
75.705           -0.050107       -2.870927
75.720           -0.051331       -2.941039
75.735           -0.052557       -3.011298
75.750           -0.053786       -3.081684
75.765           -0.055016       -3.152178
75.780           -0.056248       -3.222759
75.795           -0.057481       -3.293407
75.810           -0.058715       -3.364102
75.825           -0.059949       -3.434822
75.840           -0.061183       -3.505547
75.855           -0.062417       -3.576257
75.870           -0.063651       -3.646931
75.885           -0.064883       -3.717547
75.900           -0.066115       -3.788085
75.915           -0.067344       -3.858524
75.930           -0.068571       -3.928844
75.945           -0.069796       -3.999023
75.960           -0.071018       -4.069040
75.975           -0.072237       -4.138875
75.990           -0.073452       -4.208507
76.005           -0.074664       -4.277916
76.020           -0.075871       -4.347080
76.035           -0.077073       -4.415979
76.050           -0.078271       -4.484593
76.065           -0.079463       -4.552902
76.080           -0.080650       -4.620884
76.095           -0.081830       -4.688520
76.110           -0.083004       -4.755789
76.125           -0.084172       -4.822673
76.140           -0.085332       -4.889149
76.155           -0.086485       -4.955200
76.170           -0.087630       -5.020805
76.185           -0.088766       -5.085944
76.200           -0.089895       -5.150599
76.215           -0.091015       -5.214749
76.230           -0.092125       -5.278377
76.245           -0.093226       -5.341461
76.260           -0.094317       -5.403985
76.275           -0.095398       -5.465929
76.290           -0.096469       -5.527274
76.305           -0.097529       -5.588002
76.320           -0.098578       -5.648094
76.335           -0.099615       -5.707533
76.350           -0.100641       -5.766301
76.365           -0.101655       -5.824379
76.380           -0.102656       -5.881751
76.395           -0.103645       -5.938398
76.410           -0.104620       -5.994303
76.425           -0.105583       -6.049450
76.440           -0.106532       -6.103821
76.455           -0.107467       -6.157400
76.470           -0.108388       -6.210170
76.485           -0.109295       -6.262115
76.500           -0.110186       -6.313220
76.515           -0.111063       -6.363467
76.530           -0.111925       -6.412842
76.545           -0.112771       -6.461329
76.560           -0.113602       -6.508914
76.575           -0.114416       -6.555581
76.590           -0.115215       -6.601316
76.605           -0.115996       -6.646105
76.620           -0.116761       -6.689934
76.635           -0.117509       -6.732788
76.650           -0.118240       -6.774656
76.665           -0.118953       -6.815522
76.680           -0.119649       -6.855376
76.695           -0.120327       -6.894204
76.710           -0.120986       -6.931994
76.725           -0.121627       -6.968735
76.740           -0.122250       -7.004415
76.755           -0.122854       -7.039023
76.770           -0.123439       -7.072548
76.785           -0.124005       -7.104981
76.800           -0.124552       -7.136310
76.815           -0.125079       -7.166527
76.830           -0.125587       -7.195622
76.845           -0.126075       -7.223588
76.860           -0.126544       -7.250414
76.875           -0.126992       -7.276094
76.890           -0.127420       -7.300619
76.905           -0.127828       -7.323984
76.920           -0.128215       -7.346181
76.935           -0.128582       -7.367203
76.950           -0.128928       -7.387046
76.965           -0.129254       -7.405704
76.980           -0.129559       -7.423171
76.995           -0.129843       -7.439444
77.010           -0.130106       -7.454519
77.025           -0.130348       -7.468392
77.040           -0.130569       -7.481061
77.055           -0.130769       -7.492522
77.070           -0.130948       -7.502773
77.085           -0.131106       -7.511813
77.100           -0.131243       -7.519641
77.115           -0.131358       -7.526257
77.130           -0.131452       -7.531659
77.145           -0.131525       -7.535849
77.160           -0.131577       -7.538826
77.175           -0.131608       -7.540593
77.190           -0.131618       -7.541151
77.205           -0.131607       -7.540501
77.220           -0.131574       -7.538648
77.235           -0.131521       -7.535593
77.250           -0.131447       -7.531340
77.265           -0.131352       -7.525894
77.280           -0.131236       -7.519258
77.295           -0.131099       -7.511437
77.310           -0.130942       -7.502438
77.325           -0.130765       -7.492264
77.340           -0.130567       -7.480922
77.355           -0.130349       -7.468420
77.370           -0.130110       -7.454763
77.385           -0.129852       -7.439958
77.400           -0.129573       -7.424014
77.415           -0.129275       -7.406937
77.430           -0.128958       -7.388737
77.445           -0.128621       -7.369422
77.460           -0.128264       -7.349000
77.475           -0.127889       -7.327480
77.490           -0.127494       -7.304872
77.505           -0.127081       -7.281185
77.520           -0.126649       -7.256429
77.535           -0.126198       -7.230615
77.550           -0.125729       -7.203751
77.565           -0.125242       -7.175848
77.580           -0.124737       -7.146916
77.595           -0.124215       -7.116967
77.610           -0.123674       -7.086010
77.625           -0.123117       -7.054057
77.640           -0.122542       -7.021117
77.655           -0.121950       -6.987201
77.670           -0.121341       -6.952321
77.685           -0.120715       -6.916486
77.700           -0.120074       -6.879707
77.715           -0.119415       -6.841994
77.730           -0.118741       -6.803358
77.745           -0.118051       -6.763808
77.760           -0.117345       -6.723356
77.775           -0.116623       -6.682009
77.790           -0.115886       -6.639779
77.805           -0.115134       -6.596674
77.820           -0.114366       -6.552703
77.835           -0.113584       -6.507874
77.850           -0.112787       -6.462197
77.865           -0.111975       -6.415679
77.880           -0.111148       -6.368327
77.895           -0.110307       -6.320150
77.910           -0.109452       -6.271154
77.925           -0.108583       -6.221345
77.940           -0.107700       -6.170730
77.955           -0.106802       -6.119314
77.970           -0.105891       -6.067102
77.985           -0.104966       -6.014098
78.000           -0.104027       -5.960308
78.015           -0.103075       -5.905734
78.030           -0.102108       -5.850381
78.045           -0.101129       -5.794249
78.060           -0.100136       -5.737343
78.075           -0.099129       -5.679663
78.090           -0.098109       -5.621211
78.105           -0.097075       -5.561987
78.120           -0.096028       -5.501992
78.135           -0.094967       -5.441226
78.150           -0.093893       -5.379687
78.165           -0.092806       -5.317375
78.180           -0.091705       -5.254288
78.195           -0.090590       -5.190424
78.210           -0.089462       -5.125780
78.225           -0.088320       -5.060355
78.240           -0.087164       -4.994144
78.255           -0.085995       -4.927145
78.270           -0.084812       -4.859354
78.285           -0.083615       -4.790766
78.300           -0.082404       -4.721378
78.315           -0.081178       -4.651184
78.330           -0.079939       -4.580181
78.345           -0.078686       -4.508364
78.360           -0.077418       -4.435727
78.375           -0.076136       -4.362266
78.390           -0.074839       -4.287977
78.405           -0.073528       -4.212853
78.420           -0.072202       -4.136891
78.435           -0.070862       -4.060086
78.450           -0.069507       -3.982433
78.465           -0.068136       -3.903927
78.480           -0.066751       -3.824566
78.495           -0.065351       -3.744344
78.510           -0.063936       -3.663259
78.525           -0.062506       -3.581307
78.540           -0.061060       -3.498486
78.555           -0.059599       -3.414793
78.570           -0.058123       -3.330228
78.585           -0.056632       -3.244788
78.600           -0.055126       -3.158474
78.615           -0.053604       -3.071285
78.630           -0.052067       -2.983222
78.645           -0.050515       -2.894288
78.660           -0.048947       -2.804483
78.675           -0.047365       -2.713811
78.690           -0.045767       -2.622276
78.705           -0.044155       -2.529883
78.720           -0.042527       -2.436637
78.735           -0.040885       -2.342546
78.750           -0.039228       -2.247615
78.765           -0.037557       -2.151855
78.780           -0.035871       -2.055273
78.795           -0.034171       -1.957882
78.810           -0.032458       -1.859691
78.825           -0.030730       -1.760714
78.840           -0.028989       -1.660964
78.855           -0.027235       -1.560455
78.870           -0.025468       -1.459204
78.885           -0.023688       -1.357227
78.900           -0.021896       -1.254542
78.915           -0.020092       -1.151167
78.930           -0.018276       -1.047122
78.945           -0.016448       -0.942429
78.960           -0.014610       -0.837109
78.975           -0.012762       -0.731185
78.990           -0.010903       -0.624681
79.005           -0.009034       -0.517623
79.020           -0.007156       -0.410035
79.035           -0.005270       -0.301946
79.050           -0.003375       -0.193382
79.065           -0.001473       -0.084373
79.080            0.000437        0.025052
79.095            0.002354        0.134863
79.110            0.004277        0.245027
79.125            0.006205        0.355514
79.140            0.008138        0.466290
79.155            0.010076        0.577322
79.170            0.012018        0.688576
79.185            0.013963        0.800017
79.200            0.015911        0.911609
79.215            0.017860        1.023318
79.230            0.019811        1.135106
79.245            0.021763        1.246936
79.260            0.023715        1.358772
79.275            0.025666        1.470576
79.290            0.027617        1.582309
79.305            0.029565        1.693935
79.320            0.031510        1.805414
79.335            0.033453        1.916708
79.350            0.035391        2.027777
79.365            0.037325        2.138585
79.380            0.039254        2.249090
79.395            0.041177        2.359256
79.410            0.043093        2.469042
79.425            0.045002        2.578411
79.440            0.046903        2.687324
79.455            0.048795        2.795742
79.470            0.050678        2.903627
79.485            0.052551        3.010942
79.500            0.054413        3.117649
79.515            0.056264        3.223710
79.530            0.058104        3.329090
79.545            0.059930        3.433751
79.560            0.061744        3.537658
79.575            0.063544        3.640774
79.590            0.065329        3.743066
79.605            0.067099        3.844499
79.620            0.068854        3.945039
79.635            0.070592        4.044652
79.650            0.072314        4.143307
79.665            0.074019        4.240970
79.680            0.075706        4.337612
79.695            0.077374        4.433201
79.710            0.079023        4.527707
79.725            0.080653        4.621102
79.740            0.082264        4.713356
79.755            0.083853        4.804442
79.770            0.085422        4.894334
79.785            0.086970        4.983005
79.800            0.088496        5.070430
79.815            0.089999        5.156585
79.830            0.091480        5.241445
79.845            0.092939        5.324988
79.860            0.094373        5.407191
79.875            0.095784        5.488034
79.890            0.097171        5.567496
79.905            0.098534        5.645558
79.920            0.099871        5.722199
79.935            0.101184        5.797403
79.950            0.102471        5.871152
79.965            0.103732        5.943430
79.980            0.104968        6.014221
79.995            0.106177        6.083510
80.010            0.107360        6.151283
80.025            0.108516        6.217526
80.040            0.109646        6.282228
80.055            0.110748        6.345375
80.070            0.111823        6.406958
80.085            0.112870        6.466965
80.100            0.113889        6.525388
80.115            0.114881        6.582216
80.130            0.115845        6.637441
80.145            0.116781        6.691057
80.160            0.117689        6.743055
80.175            0.118568        6.793430
80.190            0.119418        6.842176
80.205            0.120241        6.889287
80.220            0.121034        6.934759
80.235            0.121799        6.978589
80.250            0.122536        7.020772
80.265            0.123243        7.061307
80.280            0.123922        7.100190
80.295            0.124571        7.137420
80.310            0.125192        7.172995
80.325            0.125784        7.206916
80.340            0.126348        7.239182
80.355            0.126882        7.269793
80.370            0.127387        7.298751
80.385            0.127864        7.326055
80.400            0.128312        7.351709
80.415            0.128730        7.375713
80.430            0.129121        7.398072
80.445            0.129482        7.418787
80.460            0.129815        7.437863
80.475            0.130120        7.455304
80.490            0.130396        7.471113
80.505            0.130643        7.485296
80.520            0.130862        7.497857
80.535            0.131053        7.508803
80.550            0.131216        7.518139
80.565            0.131351        7.525872
80.580            0.131458        7.532008
80.595            0.131538        7.536556
80.610            0.131589        7.539521
80.625            0.131614        7.540914
80.640            0.131611        7.540742
80.655            0.131581        7.539013
80.670            0.131523        7.535738
80.685            0.131439        7.530925
80.700            0.131329        7.524586
80.715            0.131192        7.516731
80.730            0.131028        7.507369
80.745            0.130839        7.496514
80.760            0.130624        7.484177
80.775            0.130383        7.470370
80.790            0.130116        7.455105
80.805            0.129825        7.438397
80.820            0.129508        7.420257
80.835            0.129167        7.400702
80.850            0.128801        7.379744
80.865            0.128411        7.357400
80.880            0.127997        7.333684
80.895            0.127559        7.308612
80.910            0.127098        7.282201
80.925            0.126614        7.254467
80.940            0.126108        7.225428
80.955            0.125578        7.195102
80.970            0.125027        7.163507
80.985            0.124454        7.130661
81.000            0.123859        7.096585
81.015            0.123243        7.061297
81.030            0.122606        7.024818
81.045            0.121949        6.987169
81.060            0.121272        6.948371
81.075            0.120575        6.908445
81.090            0.119859        6.867415
81.105            0.119124        6.825301
81.120            0.118370        6.782129
81.135            0.117599        6.737921
81.150            0.116810        6.692702
81.165            0.116003        6.646495
81.180            0.115180        6.599327
81.195            0.114340        6.551223
81.210            0.113485        6.502208
81.225            0.112614        6.452310
81.240            0.111728        6.401554
81.255            0.110828        6.349970
81.270            0.109914        6.297583
81.285            0.108986        6.244423
81.300            0.108045        6.190518
81.315            0.107092        6.135896
81.330            0.106126        6.080589
81.345            0.105150        6.024624
81.360            0.104162        5.968033
81.375            0.103164        5.910845
81.390            0.102156        5.853092
81.405            0.101138        5.794805
81.420            0.100112        5.736015
81.435            0.099078        5.676754
81.450            0.098036        5.617054
81.465            0.096987        5.556947
81.480            0.095931        5.496466
81.495            0.094870        5.435645
81.510            0.093803        5.374515
81.525            0.092731        5.313110
81.540            0.091655        5.251464
81.555            0.090576        5.189610
81.570            0.089493        5.127582
81.585            0.088408        5.065414
81.600            0.087321        5.003140
81.615            0.086233        4.940795
81.630            0.085144        4.878412
81.645            0.084055        4.816025
81.660            0.082967        4.753669
81.675            0.081880        4.691379
81.690            0.080795        4.629189
81.705            0.079711        4.567132
81.720            0.078631        4.505244
81.735            0.077555        4.443559
81.750            0.076482        4.382110
81.765            0.075414        4.320932
81.780            0.074352        4.260059
81.795            0.073296        4.199524
81.810            0.072245        4.139361
81.825            0.071203        4.079603
81.840            0.070167        4.020284
81.855            0.069140        3.961435
81.870            0.068122        3.903091
81.885            0.067113        3.845282
81.900            0.066114        3.788041
81.915            0.065125        3.731400
81.930            0.064148        3.675389
81.945            0.063182        3.620039
81.960            0.062228        3.565380
81.975            0.061286        3.511443
81.990            0.060358        3.458257
82.005            0.059443        3.405849
82.020            0.058543        3.354249
82.035            0.057657        3.303483
82.050            0.056786        3.253579
82.065            0.055930        3.204562
82.080            0.055091        3.156459
82.095            0.054267        3.109294
82.110            0.053461        3.063091
82.125            0.052672        3.017873
82.140            0.051900        2.973663
82.155            0.051147        2.930481
82.170            0.050411        2.888349
82.185            0.049695        2.847286
82.200            0.048997        2.807312
82.215            0.048318        2.768443
82.230            0.047660        2.730696
82.245            0.047021        2.694087
82.260            0.046402        2.658631
82.275            0.045803        2.624341
82.290            0.045225        2.591229
82.305            0.044668        2.559306
82.320            0.044132        2.528583
82.335            0.043617        2.499069
82.350            0.043123        2.470770
82.365            0.042650        2.443693
82.380            0.042199        2.417844
82.395            0.041770        2.393225
82.410            0.041361        2.369839
82.425            0.040975        2.347688
82.440            0.040610        2.326771
82.455            0.040266        2.307086
82.470            0.039944        2.288630
82.485            0.039643        2.271400
82.500            0.039364        2.255389
82.515            0.039106        2.240591
82.530            0.038868        2.226996
82.545            0.038652        2.214595
82.560            0.038456        2.203377
82.575            0.038281        2.193329
82.590            0.038126        2.184437
82.605            0.037990        2.176686
82.620            0.037875        2.170059
82.635            0.037778        2.164537
82.650            0.037701        2.160103
82.665            0.037642        2.156735
82.680            0.037602        2.154411
82.695            0.037579        2.153108
82.710            0.037573        2.152802
82.725            0.037585        2.153466
82.740            0.037613        2.155076
82.755            0.037657        2.157601
82.770            0.037717        2.161015
82.785            0.037791        2.165285
82.800            0.037880        2.170383
82.815            0.037983        2.176275
82.830            0.038099        2.182928
82.845            0.038228        2.190309
82.860            0.038369        2.198383
82.875            0.038521        2.207115
82.890            0.038685        2.216467
82.905            0.038858        2.226404
82.920            0.039041        2.236888
82.935            0.039233        2.247880
82.950            0.039433        2.259342
82.965            0.039641        2.271234
82.980            0.039855        2.283517
82.995            0.040075        2.296150
83.010            0.040301        2.309093
83.025            0.040532        2.322305
83.040            0.040766        2.335746
83.055            0.041004        2.349374
83.070            0.041245        2.363148
83.085            0.041487        2.377027
83.100            0.041730        2.390969
83.115            0.041974        2.404932
83.130            0.042217        2.418876
83.145            0.042460        2.432759
83.160            0.042700        2.446541
83.175            0.042938        2.460180
83.190            0.043173        2.473637
83.205            0.043404        2.486870
83.220            0.043630        2.499841
83.235            0.043852        2.512509
83.250            0.044067        2.524835
83.265            0.044275        2.536782
83.280            0.044476        2.548311
83.295            0.044670        2.559385
83.310            0.044854        2.569966
83.325            0.045030        2.580018
83.340            0.045195        2.589505
83.355            0.045351        2.598393
83.370            0.045495        2.606647
83.385            0.045627        2.614232
83.400            0.045747        2.621117
83.415            0.045854        2.627269
83.430            0.045948        2.632655
83.445            0.046029        2.637246
83.460            0.046094        2.641011
83.475            0.046145        2.643920
83.490            0.046180        2.645946
83.505            0.046200        2.647061
83.520            0.046203        2.647236
83.535            0.046189        2.646447
83.550            0.046158        2.644667
83.565            0.046109        2.641872
83.580            0.046042        2.638038
83.595            0.045957        2.633142
83.610            0.045853        2.627161
83.625            0.045729        2.620074
83.640            0.045586        2.611859
83.655            0.045422        2.602497
83.670            0.045238        2.591968
83.685            0.045034        2.580253
83.700            0.044808        2.567333
83.715            0.044562        2.553193
83.730            0.044293        2.537814
83.745            0.044003        2.521181
83.760            0.043690        2.503279
83.775            0.043356        2.484091
83.790            0.042998        2.463605
83.805            0.042618        2.441806
83.820            0.042214        2.418681
83.835            0.041787        2.394219
83.850            0.041336        2.368406
83.865            0.040862        2.341231
83.880            0.040364        2.312685
83.895            0.039842        2.282755
83.910            0.039295        2.251433
83.925            0.038724        2.218709
83.940            0.038128        2.184573
83.955            0.037507        2.149019
83.970            0.036862        2.112036
83.985            0.036191        2.073619
84.000            0.035496        2.033760
84.015            0.034775        1.992453
84.030            0.034029        1.949691
84.045            0.033257        1.905468
84.060            0.032459        1.859779
84.075            0.031636        1.812620
84.090            0.030787        1.763986
84.105            0.029913        1.713872
84.120            0.029012        1.662276
84.135            0.028086        1.609193
84.150            0.027133        1.554622
84.165            0.026155        1.498561
84.180            0.025150        1.441006
84.195            0.024120        1.381958
84.210            0.023063        1.321414
84.225            0.021980        1.259375
84.240            0.020871        1.195841
84.255            0.019736        1.130811
84.270            0.018575        1.064288
84.285            0.017388        0.996272
84.300            0.016175        0.926767
84.315            0.014936        0.855773
84.330            0.013671        0.783295
84.345            0.012380        0.709336
84.360            0.011064        0.633900
84.375            0.009721        0.556992
84.390            0.008353        0.478618
84.405            0.006960        0.398784
84.420            0.005541        0.317495
84.435            0.004097        0.234761
84.450            0.002628        0.150588
84.465            0.001134        0.064985
84.480           -0.000385       -0.022038
84.495           -0.001928       -0.110472
84.510           -0.003496       -0.200306
84.525           -0.005088       -0.291527
84.540           -0.006704       -0.384125
84.555           -0.008344       -0.478086
84.570           -0.010008       -0.573396
84.585           -0.011694       -0.670040
84.600           -0.013404       -0.768005
84.615           -0.015137       -0.867272
84.630           -0.016892       -0.967826
84.645           -0.018669       -1.069648
84.660           -0.020468       -1.172720
84.675           -0.022288       -1.277023
84.690           -0.024130       -1.382536
84.705           -0.025992       -1.489237
84.720           -0.027875       -1.597106
84.735           -0.029777       -1.706118
84.750           -0.031700       -1.816250
84.765           -0.033641       -1.927477
84.780           -0.035601       -2.039774
84.795           -0.037579       -2.153113
84.810           -0.039575       -2.267469
84.825           -0.041588       -2.382811
84.840           -0.043618       -2.499111
84.855           -0.045664       -2.616338
84.870           -0.047725       -2.734462
84.885           -0.049802       -2.853451
84.900           -0.051893       -2.973271
84.915           -0.053999       -3.093889
84.930           -0.056117       -3.215270
84.945           -0.058248       -3.337379
84.960           -0.060392       -3.460179
84.975           -0.062546       -3.583633
84.990           -0.064712       -3.707703
85.005           -0.066887       -3.832349
85.020           -0.069072       -3.957532
85.035           -0.071265       -4.083212
85.050           -0.073467       -4.209347
85.065           -0.075676       -4.335894
85.080           -0.077891       -4.462811
85.095           -0.080112       -4.590054
85.110           -0.082337       -4.717578
85.125           -0.084567       -4.845340
85.140           -0.086800       -4.973291
85.155           -0.089036       -5.101387
85.170           -0.091273       -5.229580
85.185           -0.093512       -5.357822
85.200           -0.095750       -5.486065
85.215           -0.097987       -5.614260
85.230           -0.100223       -5.742358
85.245           -0.102456       -5.870309
85.260           -0.104686       -5.998062
85.275           -0.106911       -6.125566
85.290           -0.109131       -6.252772
85.305           -0.111345       -6.379626
85.320           -0.113552       -6.506077
85.335           -0.115752       -6.632073
85.350           -0.117942       -6.757561
85.365           -0.120122       -6.882490
85.380           -0.122292       -7.006804
85.395           -0.124450       -7.130453
85.410           -0.126595       -7.253383
85.425           -0.128727       -7.375539
85.440           -0.130845       -7.496871
85.455           -0.132947       -7.617323
85.470           -0.135033       -7.736843
85.485           -0.137102       -7.855377
85.500           -0.139153       -7.972874
85.515           -0.141185       -8.089280
85.530           -0.143196       -8.204542
85.545           -0.145187       -8.318608
85.560           -0.147156       -8.431426
85.575           -0.149103       -8.542944
85.590           -0.151025       -8.653112
85.605           -0.152924       -8.761878
85.620           -0.154797       -8.869192
85.635           -0.156643       -8.975003
85.650           -0.158463       -9.079263
85.665           -0.160255       -9.181922
85.680           -0.162018       -9.282933
85.695           -0.163751       -9.382247
85.710           -0.165454       -9.479819
85.725           -0.167126       -9.575601
85.740           -0.168765       -9.669549
85.755           -0.170372       -9.761617
85.770           -0.171946       -9.851763
85.785           -0.173485       -9.939943
85.800           -0.174989      -10.026115
85.815           -0.176457      -10.110239
85.830           -0.177889      -10.192274
85.845           -0.179283      -10.272180
85.860           -0.180640      -10.349921
85.875           -0.181959      -10.425459
85.890           -0.183238      -10.498757
85.905           -0.184478      -10.569782
85.920           -0.185677      -10.638500
85.935           -0.186835      -10.704877
85.950           -0.187952      -10.768882
85.965           -0.189028      -10.830485
85.980           -0.190060      -10.889657
85.995           -0.191050      -10.946371
86.010           -0.191997      -11.000598
86.025           -0.192899      -11.052315
86.040           -0.193758      -11.101496
86.055           -0.194571      -11.148119
86.070           -0.195340      -11.192162
86.085           -0.196063      -11.233606
86.100           -0.196741      -11.272429
86.115           -0.197373      -11.308616
86.130           -0.197958      -11.342149
86.145           -0.198497      -11.373014
86.160           -0.198988      -11.401195
86.175           -0.199433      -11.426682
86.190           -0.199831      -11.449461
86.205           -0.200181      -11.469524
86.220           -0.200484      -11.486862
86.235           -0.200738      -11.501466
86.250           -0.200946      -11.513332
86.265           -0.201105      -11.522453
86.280           -0.201216      -11.528827
86.295           -0.201279      -11.532451
86.310           -0.201294      -11.533324
86.325           -0.201262      -11.531446
86.340           -0.201181      -11.526818
86.355           -0.201052      -11.519443
86.370           -0.200876      -11.509325
86.385           -0.200651      -11.496468
86.400           -0.200379      -11.480879
86.415           -0.200060      -11.462566
86.430           -0.199692      -11.441536
86.445           -0.199278      -11.417799
86.460           -0.198817      -11.391366
86.475           -0.198309      -11.362249
86.490           -0.197754      -11.330460
86.505           -0.197153      -11.296014
86.520           -0.196505      -11.258926
86.535           -0.195812      -11.219212
86.550           -0.195073      -11.176888
86.565           -0.194290      -11.131973
86.580           -0.193461      -11.084487
86.595           -0.192587      -11.034448
86.610           -0.191670      -10.981878
86.625           -0.190709      -10.926799
86.640           -0.189704      -10.869233
86.655           -0.188656      -10.809205
86.670           -0.187566      -10.746739
86.685           -0.186434      -10.681859
86.700           -0.185260      -10.614593
86.715           -0.184044      -10.544967
86.730           -0.182788      -10.473008
86.745           -0.181492      -10.398746
86.760           -0.180157      -10.322210
86.775           -0.178782      -10.243429
86.790           -0.177368      -10.162434
86.805           -0.175916      -10.079256
86.820           -0.174427       -9.993927
86.835           -0.172901       -9.906480
86.850           -0.171338       -9.816947
86.865           -0.169740       -9.725363
86.880           -0.168106       -9.631761
86.895           -0.166438       -9.536177
86.910           -0.164735       -9.438645
86.925           -0.163000       -9.339201
86.940           -0.161231       -9.237881
86.955           -0.159431       -9.134723
86.970           -0.157599       -9.029762
86.985           -0.155736       -8.923037
87.000           -0.153844       -8.814584
87.015           -0.151921       -8.704443
87.030           -0.149970       -8.592651
87.045           -0.147991       -8.479247
87.060           -0.145984       -8.364270
87.075           -0.143951       -8.247759
87.090           -0.141891       -8.129755
87.105           -0.139806       -8.010295
87.120           -0.137696       -7.889421
87.135           -0.135563       -7.767171
87.150           -0.133406       -7.643587
87.165           -0.131226       -7.518707
87.180           -0.129025       -7.392574
87.195           -0.126802       -7.265226
87.210           -0.124559       -7.136704
87.225           -0.122296       -7.007048
87.240           -0.120014       -6.876300
87.255           -0.117714       -6.744499
87.270           -0.115396       -6.611686
87.285           -0.113061       -6.477900
87.300           -0.110709       -6.343182
87.315           -0.108343       -6.207572
87.330           -0.105961       -6.071111
87.345           -0.103565       -5.933837
87.360           -0.101156       -5.795790
87.375           -0.098733       -5.657010
87.390           -0.096299       -5.517537
87.405           -0.093853       -5.377408
87.420           -0.091397       -5.236664
87.435           -0.088930       -5.095341
87.450           -0.086455       -4.953480
87.465           -0.083970       -4.811117
87.480           -0.081477       -4.668291
87.495           -0.078977       -4.525039
87.510           -0.076470       -4.381397
87.525           -0.073957       -4.237404
87.540           -0.071438       -4.093094
87.555           -0.068914       -3.948505
87.570           -0.066387       -3.803671
87.585           -0.063855       -3.658628
87.600           -0.061321       -3.513412
87.615           -0.058784       -3.368055
87.630           -0.056245       -3.222593
87.645           -0.053705       -3.077059
87.660           -0.051164       -2.931486
87.675           -0.048623       -2.785907
87.690           -0.046083       -2.640354
87.705           -0.043544       -2.494859
87.720           -0.041006       -2.349453
87.735           -0.038470       -2.204168
87.750           -0.035937       -2.059033
87.765           -0.033407       -1.914079
87.780           -0.030881       -1.769335
87.795           -0.028359       -1.624829
87.810           -0.025841       -1.480591
87.825           -0.023329       -1.336648
87.840           -0.020822       -1.193028
87.855           -0.018322       -1.049758
87.870           -0.015828       -0.906863
87.885           -0.013341       -0.764371
87.900           -0.010861       -0.622306
87.915           -0.008390       -0.480694
87.930           -0.005926       -0.339559
87.945           -0.003472       -0.198924
87.960           -0.001026       -0.058813
87.975            0.001409        0.080750
87.990            0.003835        0.219744
88.005            0.006251        0.358147
88.020            0.008656        0.495937
88.035            0.011050        0.633093
88.050            0.013432        0.769595
88.065            0.015803        0.905422
88.080            0.018161        1.040556
88.095            0.020507        1.174977
88.110            0.022841        1.308667
88.125            0.025161        1.441607
88.140            0.027468        1.573780
88.155            0.029761        1.705169
88.170            0.032040        1.835757
88.185            0.034305        1.965527
88.200            0.036555        2.094464
88.215            0.038791        2.222552
88.230            0.041011        2.349776
88.245            0.043216        2.476122
88.260            0.045406        2.601574
88.275            0.047580        2.726119
88.290            0.049737        2.849744
88.305            0.051879        2.972435
88.320            0.054004        3.094179
88.335            0.056112        3.214965
88.350            0.058203        3.334778
88.365            0.060277        3.453609
88.380            0.062333        3.571444
88.395            0.064373        3.688274
88.410            0.066394        3.804086
88.425            0.068397        3.918870
88.440            0.070382        4.032616
88.455            0.072349        4.145314
88.470            0.074298        4.256953
88.485            0.076228        4.367524
88.500            0.078139        4.477017
88.515            0.080031        4.585423
88.530            0.081904        4.692733
88.545            0.083757        4.798937
88.560            0.085591        4.904028
88.575            0.087406        5.007997
88.590            0.089201        5.110834
88.605            0.090976        5.212533
88.620            0.092731        5.313084
88.635            0.094466        5.412480
88.650            0.096180        5.510712
88.665            0.097874        5.607774
88.680            0.099548        5.703657
88.695            0.101200        5.798353
88.710            0.102832        5.891856
88.725            0.104443        5.984157
88.740            0.106033        6.075249
88.755            0.107602        6.165126
88.770            0.109149        6.253779
88.785            0.110675        6.341201
88.800            0.112179        6.427386
88.815            0.113662        6.512325
88.830            0.115122        6.596012
88.845            0.116561        6.678440
88.860            0.117977        6.759602
88.875            0.119372        6.839490
88.890            0.120744        6.918098
88.905            0.122093        6.995418
88.920            0.123420        7.071443
88.935            0.124724        7.146166
88.950            0.126005        7.219581
88.965            0.127264        7.291679
88.980            0.128499        7.362455
88.995            0.129711        7.431900
89.010            0.130900        7.500009
89.025            0.132065        7.566773
89.040            0.133207        7.632186
89.055            0.134325        7.696241
89.070            0.135419        7.758931
89.085            0.136489        7.820248
89.100            0.137535        7.880186
89.115            0.138557        7.938737
89.130            0.139555        7.995895
89.145            0.140528        8.051652
89.160            0.141476        8.106002
89.175            0.142400        8.158938
89.190            0.143299        8.210453
89.205            0.144174        8.260539
89.220            0.145023        8.309191
89.235            0.145847        8.356401
89.250            0.146645        8.402162
89.265            0.147419        8.446469
89.280            0.148166        8.489313
89.295            0.148889        8.530690
89.310            0.149585        8.570591
89.325            0.150256        8.609012
89.340            0.150900        8.645946
89.355            0.151519        8.681386
89.370            0.152111        8.715326
89.385            0.152677        8.747761
89.400            0.153217        8.778684
89.415            0.153730        8.808090
89.430            0.154217        8.835973
89.445            0.154677        8.862329
89.460            0.155110        8.887150
89.475            0.155516        8.910433
89.490            0.155896        8.932173
89.505            0.156248        8.952364
89.520            0.156574        8.971002
89.535            0.156872        8.988082
89.550            0.157142        9.003601
89.565            0.157386        9.017553
89.580            0.157602        9.029936
89.595            0.157791        9.040746
89.610            0.157952        9.049979
89.625            0.158086        9.057632
89.640            0.158191        9.063702
89.655            0.158270        9.068187
89.670            0.158320        9.071084
89.685            0.158343        9.072391
89.700            0.158338        9.072106
89.715            0.158305        9.070228
89.730            0.158245        9.066755
89.745            0.158156        9.061686
89.760            0.158040        9.055021
89.775            0.157896        9.046759
89.790            0.157724        9.036900
89.805            0.157524        9.025445
89.820            0.157296        9.012393
89.835            0.157040        8.997747
89.850            0.156757        8.981507
89.865            0.156446        8.963675
89.880            0.156107        8.944253
89.895            0.155740        8.923243
89.910            0.155346        8.900648
89.925            0.154924        8.876472
89.940            0.154474        8.850717
89.955            0.153997        8.823388
89.970            0.153493        8.794489
89.985            0.152961        8.764025
90.000            0.152402        8.732001
90.015            0.151816        8.698422
90.030            0.151203        8.663294
90.045            0.150563        8.626625
90.060            0.149896        8.588419
90.075            0.149203        8.548685
90.090            0.148483        8.507431
90.105            0.147736        8.464663
90.120            0.146964        8.420392
90.135            0.146165        8.374625
90.150            0.145340        8.327371
90.165            0.144490        8.278641
90.180            0.143613        8.228445
90.195            0.142712        8.176793
90.210            0.141785        8.123696
90.225            0.140833        8.069165
90.240            0.139857        8.013212
90.255            0.138856        7.955849
90.270            0.137830        7.897089
90.285            0.136780        7.836944
90.300            0.135707        7.775428
90.315            0.134609        7.712555
90.330            0.133489        7.648338
90.345            0.132345        7.582791
90.360            0.131178        7.515930
90.375            0.129988        7.447769
90.390            0.128776        7.378324
90.405            0.127542        7.307610
90.420            0.126286        7.235644
90.435            0.125008        7.162440
90.450            0.123709        7.088017
90.465            0.122389        7.012391
90.480            0.121049        6.935578
90.495            0.119688        6.857595
90.510            0.118306        6.778462
90.525            0.116906        6.698194
90.540            0.115485        6.616811
90.555            0.114046        6.534329
90.570            0.112587        6.450768
90.585            0.111110        6.366145
90.600            0.109615        6.280480
90.615            0.108102        6.193790
90.630            0.106571        6.106096
90.645            0.105024        6.017415
90.660            0.103459        5.927767
90.675            0.101878        5.837171
90.690            0.100280        5.745647
90.705            0.098667        5.653213
90.720            0.097038        5.559888
90.735            0.095394        5.465693
90.750            0.093735        5.370647
90.765            0.092062        5.274769
90.780            0.090375        5.178079
90.795            0.088673        5.080596
90.810            0.086958        4.982340
90.825            0.085230        4.883330
90.840            0.083489        4.783587
90.855            0.081736        4.683129
90.870            0.079971        4.581977
90.885            0.078193        4.480149
90.900            0.076405        4.377667
90.915            0.074605        4.274548
90.930            0.072794        4.170813
90.945            0.070973        4.066481
90.960            0.069142        3.961573
90.975            0.067302        3.856107
90.990            0.065452        3.750103
91.005            0.063593        3.643582
91.020            0.061725        3.536563
91.035            0.059848        3.429065
91.050            0.057964        3.321109
91.065            0.056072        3.212713
91.080            0.054173        3.103900
91.095            0.052267        2.994687
91.110            0.050354        2.885096
91.125            0.048435        2.775146
91.140            0.046511        2.664859
91.155            0.044580        2.554253
91.170            0.042645        2.443351
91.185            0.040704        2.332172
91.200            0.038759        2.220738
91.215            0.036810        2.109069
91.230            0.034857        1.997187
91.245            0.032901        1.885113
91.260            0.030942        1.772869
91.275            0.028981        1.660477
91.290            0.027017        1.547958
91.305            0.025051        1.435336
91.320            0.023084        1.322633
91.335            0.021116        1.209871
91.350            0.019148        1.097074
91.365            0.017179        0.984266
91.380            0.015210        0.871469
91.395            0.013242        0.758710
91.410            0.011275        0.646011
91.425            0.009310        0.533397
91.440            0.007346        0.420895
91.455            0.005385        0.308529
91.470            0.003427        0.196325
91.485            0.001471        0.084310
91.500           -0.000480       -0.027491
91.515           -0.002427       -0.139049
91.530           -0.004369       -0.250337
91.545           -0.006306       -0.361328
91.560           -0.008238       -0.471994
91.575           -0.010163       -0.582306
91.590           -0.012082       -0.692234
91.605           -0.013993       -0.801751
91.620           -0.015897       -0.910825
91.635           -0.017792       -1.019427
91.650           -0.019679       -1.127527
91.665           -0.021556       -1.235093
91.680           -0.023424       -1.342095
91.695           -0.025281       -1.448502
91.710           -0.027127       -1.554280
91.725           -0.028962       -1.659399
91.740           -0.030785       -1.763825
91.755           -0.032594       -1.867526
91.770           -0.034391       -1.970470
91.785           -0.036174       -2.072622
91.800           -0.037943       -2.173950
91.815           -0.039696       -2.274419
91.830           -0.041434       -2.373997
91.845           -0.043156       -2.472648
91.860           -0.044861       -2.570338
91.875           -0.046549       -2.667034
91.890           -0.048218       -2.762700
91.905           -0.049869       -2.857303
91.920           -0.051501       -2.950808
91.935           -0.053114       -3.043180
91.950           -0.054705       -3.134384
91.965           -0.056276       -3.224386
91.980           -0.057825       -3.313152
91.995           -0.059352       -3.400647
92.010           -0.060857       -3.486836
92.025           -0.062338       -3.571687
92.040           -0.063795       -3.655164
92.055           -0.065227       -3.737234
92.070           -0.066634       -3.817864
92.085           -0.068016       -3.897020
92.100           -0.069371       -3.974670
92.115           -0.070699       -4.050780
92.130           -0.072000       -4.125320
92.145           -0.073273       -4.198257
92.160           -0.074518       -4.269559
92.175           -0.075733       -4.339197
92.190           -0.076919       -4.407139
92.205           -0.078075       -4.473357
92.220           -0.079200       -4.537821
92.235           -0.080294       -4.600502
92.250           -0.081356       -4.661373
92.265           -0.082387       -4.720406
92.280           -0.083384       -4.777576
92.295           -0.084349       -4.832856
92.310           -0.085281       -4.886221
92.325           -0.086178       -4.937648
92.340           -0.087042       -4.987113
92.355           -0.087870       -5.034593
92.370           -0.088664       -5.080069
92.385           -0.089422       -5.123518
92.400           -0.090145       -5.164921
92.415           -0.090831       -5.204260
92.430           -0.091482       -5.241516
92.445           -0.092095       -5.276675
92.460           -0.092672       -5.309719
92.475           -0.093212       -5.340636
92.490           -0.093714       -5.369410
92.505           -0.094179       -5.396031
92.520           -0.094605       -5.420486
92.535           -0.094994       -5.442767
92.550           -0.095345       -5.462865
92.565           -0.095657       -5.480771
92.580           -0.095932       -5.496480
92.595           -0.096167       -5.509986
92.610           -0.096365       -5.521286
92.625           -0.096523       -5.530376
92.640           -0.096643       -5.537256
92.655           -0.096725       -5.541924
92.670           -0.096768       -5.544383
92.685           -0.096772       -5.544634
92.700           -0.096738       -5.542680
92.715           -0.096666       -5.538526
92.730           -0.096555       -5.532179
92.745           -0.096406       -5.523644
92.760           -0.096219       -5.512931
92.775           -0.095994       -5.500048
92.790           -0.095731       -5.485008
92.805           -0.095431       -5.467820
92.820           -0.095094       -5.448499
92.835           -0.094720       -5.427058
92.850           -0.094309       -5.403512
92.865           -0.093862       -5.377878
92.880           -0.093378       -5.350174
92.895           -0.092859       -5.320416
92.910           -0.092304       -5.288626
92.925           -0.091714       -5.254823
92.940           -0.091089       -5.219029
92.955           -0.090430       -5.181266
92.970           -0.089737       -5.141557
92.985           -0.089010       -5.099926
93.000           -0.088251       -5.056398
93.015           -0.087458       -5.010998
93.030           -0.086634       -4.963754
93.045           -0.085778       -4.914692
93.060           -0.084890       -4.863841
93.075           -0.083972       -4.811228
93.090           -0.083023       -4.756883
93.105           -0.082045       -4.700836
93.120           -0.081038       -4.643116
93.135           -0.080002       -4.583755
93.150           -0.078937       -4.522784
93.165           -0.077846       -4.460234
93.180           -0.076727       -4.396138
93.195           -0.075582       -4.330528
93.210           -0.074411       -4.263437
93.225           -0.073215       -4.194897
93.240           -0.071994       -4.124943
93.255           -0.070749       -4.053607
93.270           -0.069480       -3.980923
93.285           -0.068189       -3.906926
93.300           -0.066875       -3.831648
93.315           -0.065539       -3.755125
93.330           -0.064183       -3.677390
93.345           -0.062805       -3.598477
93.360           -0.061408       -3.518421
93.375           -0.059991       -3.437256
93.390           -0.058556       -3.355016
93.405           -0.057103       -3.271735
93.420           -0.055631       -3.187448
93.435           -0.054143       -3.102187
93.450           -0.052639       -3.015987
93.465           -0.051119       -2.928882
93.480           -0.049583       -2.840905
93.495           -0.048033       -2.752089
93.510           -0.046469       -2.662469
93.525           -0.044891       -2.572077
93.540           -0.043301       -2.480946
93.555           -0.041698       -2.389110
93.570           -0.040083       -2.296600
93.585           -0.038457       -2.203449
93.600           -0.036821       -2.109691
93.615           -0.035175       -2.015356
93.630           -0.033519       -1.920477
93.645           -0.031854       -1.825086
93.660           -0.030180       -1.729215
93.675           -0.028499       -1.632895
93.690           -0.026811       -1.536158
93.705           -0.025116       -1.439035
93.720           -0.023415       -1.341558
93.735           -0.021708       -1.243759
93.750           -0.019996       -1.145667
93.765           -0.018279       -1.047314
93.780           -0.016558       -0.948731
93.795           -0.014834       -0.849950
93.810           -0.013107       -0.751001
93.825           -0.011378       -0.651915
93.840           -0.009647       -0.552724
93.855           -0.007914       -0.453457
93.870           -0.006181       -0.354147
93.885           -0.004448       -0.254824
93.900           -0.002714       -0.155520
93.915           -0.000982       -0.056265
93.930            0.000749        0.042909
93.945            0.002478        0.141971
93.960            0.004204        0.240889
93.975            0.005928        0.339631
93.990            0.007647        0.438167
94.005            0.009363        0.536464
94.020            0.011074        0.634490
94.035            0.012780        0.732214
94.050            0.014479        0.829603
94.065            0.016173        0.926625
94.080            0.017859        1.023247
94.095            0.019538        1.119437
94.110            0.021209        1.215162
94.125            0.022871        1.310390
94.140            0.024523        1.405087
94.155            0.026166        1.499221
94.170            0.027799        1.592758
94.185            0.029420        1.685666
94.200            0.031030        1.777911
94.215            0.032628        1.869459
94.230            0.034213        1.960278
94.245            0.035785        2.050334
94.260            0.037343        2.139594
94.275            0.038886        2.228025
94.290            0.040415        2.315592
94.305            0.041927        2.402264
94.320            0.043424        2.488006
94.335            0.044904        2.572785
94.350            0.046366        2.656570
94.365            0.047810        2.739325
94.380            0.049236        2.821021
94.395            0.050643        2.901622
94.410            0.052030        2.981098
94.425            0.053397        3.059417
94.440            0.054743        3.136545
94.455            0.056068        3.212454
94.470            0.057371        3.287110
94.485            0.058651        3.360483
94.500            0.059909        3.432544
94.515            0.061143        3.503261
94.530            0.062354        3.572605
94.545            0.063540        3.640548
94.560            0.064700        3.707060
94.575            0.065836        3.772114
94.590            0.066945        3.835681
94.605            0.068028        3.897735
94.620            0.069084        3.958249
94.635            0.070113        4.017198
94.650            0.071114        4.074556
94.665            0.072087        4.130298
94.680            0.073032        4.184400
94.695            0.073947        4.236840
94.710            0.074833        4.287594
94.725            0.075689        4.336640
94.740            0.076514        4.383958
94.755            0.077310        4.429527
94.770            0.078074        4.473327
94.785            0.078808        4.515339
94.800            0.079509        4.555545
94.815            0.080179        4.593929
94.830            0.080817        4.630473
94.845            0.081422        4.665161
94.860            0.081995        4.697979
94.875            0.082535        4.728914
94.890            0.083042        4.757950
94.905            0.083515        4.785077
94.920            0.083955        4.810283
94.935            0.084361        4.833558
94.950            0.084734        4.854891
94.965            0.085072        4.874274
94.980            0.085376        4.891699
94.995            0.085646        4.907158
95.010            0.085881        4.920647
95.025            0.086082        4.932160
95.040            0.086249        4.941691
95.055            0.086381        4.949239
95.070            0.086478        4.954801
95.085            0.086540        4.958375
95.100            0.086568        4.959960
95.115            0.086561        4.959557
95.130            0.086519        4.957167
95.145            0.086443        4.952793
95.160            0.086332        4.946437
95.175            0.086186        4.938104
95.190            0.086006        4.927798
95.205            0.085792        4.915527
95.220            0.085544        4.901295
95.235            0.085261        4.885113
95.250            0.084945        4.866988
95.265            0.084595        4.846930
95.280            0.084211        4.824950
95.295            0.083794        4.801059
95.310            0.083344        4.775271
95.325            0.082861        4.747599
95.340            0.082346        4.718057
95.355            0.081798        4.686661
95.370            0.081218        4.653427
95.385            0.080606        4.618373
95.400            0.079963        4.581517
95.415            0.079288        4.542878
95.430            0.078583        4.502476
95.445            0.077848        4.460333
95.460            0.077082        4.416471
95.475            0.076287        4.370912
95.490            0.075462        4.323680
95.505            0.074609        4.274799
95.520            0.073728        4.224296
95.535            0.072819        4.172197
95.550            0.071882        4.118529
95.565            0.070918        4.063320
95.580            0.069928        4.006598
95.595            0.068912        3.948394
95.610            0.067871        3.888738
95.625            0.066805        3.827661
95.640            0.065715        3.765195
95.655            0.064601        3.701372
95.670            0.063464        3.636226
95.685            0.062305        3.569791
95.700            0.061123        3.502101
95.715            0.059920        3.433191
95.730            0.058697        3.363098
95.745            0.057454        3.291857
95.760            0.056191        3.219504
95.775            0.054909        3.146079
95.790            0.053610        3.071616
95.805            0.052293        2.996156
95.820            0.050959        2.919736
95.835            0.049609        2.842396
95.850            0.048244        2.764173
95.865            0.046864        2.685107
95.880            0.045470        2.605238
95.895            0.044063        2.524606
95.910            0.042643        2.443249
95.925            0.041211        2.361209
95.940            0.039768        2.278524
95.955            0.038314        2.195235
95.970            0.036851        2.111382
95.985            0.035378        2.027003
96.000            0.033897        1.942140
96.015            0.032408        1.856831
96.030            0.030912        1.771116
96.045            0.029409        1.685034
96.060            0.027901        1.598624
96.075            0.026388        1.511923
96.090            0.024870        1.424971
96.105            0.023349        1.337805
96.120            0.021825        1.250462
96.135            0.020298        1.162979
96.150            0.018769        1.075392
96.165            0.017239        0.987737
96.180            0.015709        0.900050
96.195            0.014178        0.812365
96.210            0.012649        0.724716
96.225            0.011120        0.637137
96.240            0.009593        0.549660
96.255            0.008069        0.462317
96.270            0.006547        0.375139
96.285            0.005029        0.288158
96.300            0.003515        0.201402
96.315            0.002005        0.114901
96.330            0.000501        0.028683
96.345           -0.000999       -0.057225
96.360           -0.002492       -0.142796
96.375           -0.003979       -0.228005
96.390           -0.005460       -0.312826
96.405           -0.006933       -0.397236
96.420           -0.008399       -0.481212
96.435           -0.009856       -0.564731
96.450           -0.011306       -0.647773
96.465           -0.012746       -0.730316
96.480           -0.014178       -0.812342
96.495           -0.015600       -0.893832
96.510           -0.017013       -0.974768
96.525           -0.018416       -1.055134
96.540           -0.019808       -1.134913
96.555           -0.021190       -1.214090
96.570           -0.022561       -1.292652
96.585           -0.023921       -1.370585
96.600           -0.025270       -1.447877
96.615           -0.026608       -1.524516
96.630           -0.027934       -1.600492
96.645           -0.029248       -1.675795
96.660           -0.030551       -1.750416
96.675           -0.031841       -1.824348
96.690           -0.033119       -1.897582
96.705           -0.034385       -1.970112
96.720           -0.035638       -2.041933
96.735           -0.036880       -2.113040
96.750           -0.038108       -2.183429
96.765           -0.039324       -2.253096
96.780           -0.040527       -2.322038
96.795           -0.041718       -2.390254
96.810           -0.042896       -2.457743
96.825           -0.044061       -2.524503
96.840           -0.045213       -2.590535
96.855           -0.046353       -2.655840
96.870           -0.047480       -2.720419
96.885           -0.048595       -2.784273
96.900           -0.049697       -2.847406
96.915           -0.050786       -2.909821
96.930           -0.051863       -2.971520
96.945           -0.052927       -3.032508
96.960           -0.053979       -3.092789
96.975           -0.055019       -3.152369
96.990           -0.056047       -3.211253
97.005           -0.057063       -3.269447
97.020           -0.058066       -3.326957
97.035           -0.059058       -3.383789
97.050           -0.060038       -3.439950
97.065           -0.061007       -3.495448
97.080           -0.061964       -3.550290
97.095           -0.062910       -3.604484
97.110           -0.063845       -3.658037
97.125           -0.064768       -3.710958
97.140           -0.065681       -3.763255
97.155           -0.066583       -3.814935
97.170           -0.067475       -3.866009
97.185           -0.068356       -3.916484
97.200           -0.069226       -3.966368
97.215           -0.070087       -4.015671
97.230           -0.070937       -4.064400
97.245           -0.071778       -4.112565
97.260           -0.072609       -4.160173
97.275           -0.073430       -4.207233
97.290           -0.074242       -4.253754
97.305           -0.075045       -4.299742
97.320           -0.075838       -4.345207
97.335           -0.076623       -4.390154
97.350           -0.077398       -4.434593
97.365           -0.078165       -4.478529
97.380           -0.078923       -4.521969
97.395           -0.079673       -4.564920
97.410           -0.080414       -4.607387
97.425           -0.081147       -4.649377
97.440           -0.081872       -4.690894
97.455           -0.082588       -4.731944
97.470           -0.083296       -4.772530
97.485           -0.083997       -4.812656
97.500           -0.084689       -4.852327
97.515           -0.085374       -4.891544
97.530           -0.086050       -4.930310
97.545           -0.086719       -4.968628
97.560           -0.087380       -5.006498
97.575           -0.088033       -5.043920
97.590           -0.088678       -5.080897
97.605           -0.089316       -5.117426
97.620           -0.089946       -5.153507
97.635           -0.090568       -5.189140
97.650           -0.091182       -5.224321
97.665           -0.091788       -5.259048
97.680           -0.092386       -5.293319
97.695           -0.092976       -5.327129
97.710           -0.093558       -5.360475
97.725           -0.094132       -5.393351
97.740           -0.094697       -5.425753
97.755           -0.095254       -5.457674
97.770           -0.095803       -5.489109
97.785           -0.096343       -5.520051
97.800           -0.096874       -5.550492
97.815           -0.097397       -5.580426
97.830           -0.097910       -5.609844
97.845           -0.098415       -5.638737
97.860           -0.098910       -5.667098
97.875           -0.099395       -5.694916
97.890           -0.099871       -5.722183
97.905           -0.100337       -5.748889
97.920           -0.100793       -5.775024
97.935           -0.101239       -5.800577
97.950           -0.101675       -5.825539
97.965           -0.102100       -5.849898
97.980           -0.102514       -5.873645
97.995           -0.102918       -5.896768
98.010           -0.103311       -5.919256
98.025           -0.103692       -5.941098
98.040           -0.104061       -5.962284
98.055           -0.104420       -5.982803
98.070           -0.104766       -6.002642
98.085           -0.105100       -6.021792
98.100           -0.105422       -6.040242
98.115           -0.105732       -6.057981
98.130           -0.106029       -6.074998
98.145           -0.106313       -6.091283
98.160           -0.106584       -6.106826
98.175           -0.106842       -6.121617
98.190           -0.107087       -6.135646
98.205           -0.107319       -6.148903
98.220           -0.107536       -6.161379
98.235           -0.107740       -6.173065
98.250           -0.107930       -6.183953
98.265           -0.108106       -6.194034
98.280           -0.108268       -6.203300
98.295           -0.108415       -6.211743
98.310           -0.108548       -6.219356
98.325           -0.108666       -6.226131
98.340           -0.108770       -6.232062
98.355           -0.108859       -6.237143
98.370           -0.108932       -6.241368
98.385           -0.108991       -6.244730
98.400           -0.109035       -6.247225
98.415           -0.109063       -6.248847
98.430           -0.109076       -6.249592
98.445           -0.109074       -6.249456
98.460           -0.109056       -6.248435
98.475           -0.109022       -6.246524
98.490           -0.108973       -6.243721
98.505           -0.108909       -6.240023
98.520           -0.108829       -6.235427
98.535           -0.108733       -6.229930
98.550           -0.108621       -6.223531
98.565           -0.108494       -6.216228
98.580           -0.108350       -6.208018
98.595           -0.108191       -6.198900
98.610           -0.108016       -6.188875
98.625           -0.107825       -6.177939
98.640           -0.107619       -6.166094
98.655           -0.107396       -6.153337
98.670           -0.107157       -6.139670
98.685           -0.106903       -6.125091
98.700           -0.106633       -6.109601
98.715           -0.106346       -6.093201
98.730           -0.106044       -6.075889
98.745           -0.105726       -6.057668
98.760           -0.105392       -6.038537
98.775           -0.105043       -6.018497
98.790           -0.104677       -5.997550
98.805           -0.104296       -5.975695
98.820           -0.103898       -5.952935
98.835           -0.103485       -5.929271
98.850           -0.103057       -5.904704
98.865           -0.102612       -5.879236
98.880           -0.102152       -5.852868
98.895           -0.101676       -5.825602
98.910           -0.101184       -5.797440
98.925           -0.100677       -5.768385
98.940           -0.100155       -5.738438
98.955           -0.099616       -5.707602
98.970           -0.099063       -5.675879
98.985           -0.098494       -5.643273
99.000           -0.097909       -5.609786
99.015           -0.097309       -5.575422
99.030           -0.096694       -5.540184
99.045           -0.096064       -5.504075
99.060           -0.095419       -5.467100
99.075           -0.094759       -5.429263
99.090           -0.094083       -5.390567
99.105           -0.093393       -5.351019
99.120           -0.092688       -5.310622
99.135           -0.091968       -5.269383
99.150           -0.091234       -5.227307
99.165           -0.090485       -5.184399
99.180           -0.089722       -5.140667
99.195           -0.088944       -5.096116
99.210           -0.088152       -5.050755
99.225           -0.087347       -5.004590
99.240           -0.086527       -4.957630
99.255           -0.085694       -4.909883
99.270           -0.084847       -4.861357
99.285           -0.083986       -4.812062
99.300           -0.083113       -4.762008
99.315           -0.082226       -4.711204
99.330           -0.081326       -4.659661
99.345           -0.080414       -4.607389
99.360           -0.079489       -4.554401
99.375           -0.078552       -4.500708
99.390           -0.077603       -4.446322
99.405           -0.076642       -4.391256
99.420           -0.075669       -4.335523
99.435           -0.074685       -4.279137
99.450           -0.073690       -4.222111
99.465           -0.072684       -4.164461
99.480           -0.071667       -4.106200
99.495           -0.070639       -4.047345
99.510           -0.069602       -3.987910
99.525           -0.068555       -3.927911
99.540           -0.067498       -3.867365
99.555           -0.066432       -3.806289
99.570           -0.065357       -3.744699
99.585           -0.064274       -3.682612
99.600           -0.063182       -3.620047
99.615           -0.062082       -3.557019
99.630           -0.060974       -3.493549
99.645           -0.059859       -3.429653
99.660           -0.058736       -3.365350
99.675           -0.057607       -3.300659
99.690           -0.056472       -3.235598
99.705           -0.055330       -3.170186
99.720           -0.054183       -3.104442
99.735           -0.053030       -3.038384
99.750           -0.051872       -2.972032
99.765           -0.050709       -2.905404
99.780           -0.049542       -2.838520
99.795           -0.048370       -2.771398
99.810           -0.047195       -2.704057
99.825           -0.046016       -2.636516
99.840           -0.044834       -2.568793
99.855           -0.043649       -2.500907
99.870           -0.042462       -2.432876
99.885           -0.041272       -2.364719
99.900           -0.040081       -2.296453
99.915           -0.038888       -2.228096
99.930           -0.037693       -2.159666
99.945           -0.036498       -2.091179
99.960           -0.035302       -2.022654
99.975           -0.034106       -1.954105
99.990           -0.032909       -1.885551
100.005          -0.031713       -1.817007
100.020          -0.030517       -1.748488
100.035          -0.029322       -1.680010
100.050          -0.028128       -1.611588
100.065          -0.026935       -1.543237
100.080          -0.025743       -1.474970
100.095          -0.024553       -1.406802
100.110          -0.023366       -1.338747
100.125          -0.022180       -1.270816
100.140          -0.020997       -1.203023
100.155          -0.019816       -1.135380
100.170          -0.018638       -1.067898
100.185          -0.017464       -1.000589
100.200          -0.016292       -0.933464
100.215          -0.015124       -0.866533
100.230          -0.013959       -0.799805
100.245          -0.012798       -0.733292
100.260          -0.011641       -0.667000
100.275          -0.010488       -0.600939
100.290          -0.009340       -0.535118
100.305          -0.008195       -0.469543
100.320          -0.007055       -0.404221
100.335          -0.005919       -0.339160
100.350          -0.004789       -0.274366
100.365          -0.003662       -0.209843
100.380          -0.002541       -0.145598
100.395          -0.001425       -0.081636
100.410          -0.000313       -0.017959
100.425           0.000793        0.045427
100.440           0.001894        0.108519
100.455           0.002990        0.171315
100.470           0.004081        0.233811
100.485           0.005166        0.296007
100.500           0.006247        0.357901
100.515           0.007321        0.419491
100.530           0.008391        0.480777
100.545           0.009455        0.541759
100.560           0.010515        0.602437
100.575           0.011568        0.662813
100.590           0.012617        0.722886
100.605           0.013660        0.782660
100.620           0.014698        0.842135
100.635           0.015731        0.901315
100.650           0.016759        0.960203
100.665           0.017781        1.018801
100.680           0.018799        1.077114
100.695           0.019812        1.135145
100.710           0.020820        1.192900
100.725           0.021823        1.250382
100.740           0.022822        1.307598
100.755           0.023816        1.364553
100.770           0.024806        1.421253
100.785           0.025791        1.477704
100.800           0.026772        1.533913
100.815           0.027749        1.589886
100.830           0.028722        1.645631
100.845           0.029691        1.701155
100.860           0.030656        1.756466
100.875           0.031618        1.811572
100.890           0.032576        1.866481
100.905           0.033531        1.921201
100.920           0.034483        1.975741
100.935           0.035432        2.030108
100.950           0.036378        2.084313
100.965           0.037321        2.138364
100.980           0.038262        2.192270
100.995           0.039201        2.246039
101.010           0.040137        2.299681
101.025           0.041071        2.353205
101.040           0.042003        2.406619
101.055           0.042934        2.459934
101.070           0.043863        2.513157
101.085           0.044790        2.566297
101.100           0.045717        2.619364
101.115           0.046642        2.672366
101.130           0.047566        2.725310
101.145           0.048489        2.778206
101.160           0.049411        2.831061
101.175           0.050333        2.883883
101.190           0.051255        2.936680
101.205           0.052176        2.989458
101.220           0.053097        3.042225
101.235           0.054018        3.094987
101.250           0.054939        3.147750
101.265           0.055860        3.200521
101.280           0.056781        3.253304
101.295           0.057702        3.306105
101.310           0.058624        3.358928
101.325           0.059547        3.411778
101.340           0.060470        3.464658
101.355           0.061393        3.517571
101.370           0.062317        3.570521
101.385           0.063242        3.623510
101.400           0.064168        3.676540
101.415           0.065094        3.729611
101.430           0.066021        3.782726
101.445           0.066949        3.835883
101.460           0.067877        3.889084
101.475           0.068807        3.942328
101.490           0.069737        3.995613
101.505           0.070667        4.048938
101.520           0.071599        4.102300
101.535           0.072531        4.155698
101.550           0.073463        4.209128
101.565           0.074396        4.262586
101.580           0.075330        4.316069
101.595           0.076263        4.369572
101.610           0.077197        4.423090
101.625           0.078132        4.476617
101.640           0.079066        4.530149
101.655           0.080000        4.583678
101.670           0.080934        4.637198
101.685           0.081868        4.690703
101.700           0.082802        4.744185
101.715           0.083735        4.797635
101.730           0.084667        4.851048
101.745           0.085598        4.904413
101.760           0.086529        4.957722
101.775           0.087458        5.010967
101.790           0.088386        5.064138
101.805           0.089312        5.117227
101.820           0.090237        5.170222
101.835           0.091161        5.223116
101.850           0.092082        5.275896
101.865           0.093001        5.328555
101.880           0.093918        5.381080
101.895           0.094832        5.433462
101.910           0.095743        5.485690
101.925           0.096652        5.537753
101.940           0.097558        5.589640
101.955           0.098460        5.641341
101.970           0.099359        5.692844
101.985           0.100254        5.744138
102.000           0.101146        5.795213
102.015           0.102033        5.846056
102.030           0.102916        5.896656
102.045           0.103795        5.947002
102.060           0.104669        5.997083
102.075           0.105538        6.046888
102.090           0.106402        6.096403
102.105           0.107261        6.145620
102.120           0.108115        6.194524
102.135           0.108963        6.243106
102.150           0.109805        6.291354
102.165           0.110641        6.339255
102.180           0.111471        6.386798
102.195           0.112294        6.433972
102.210           0.113111        6.480764
102.225           0.113920        6.527164
102.240           0.114723        6.573158
102.255           0.115519        6.618735
102.270           0.116307        6.663884
102.285           0.117087        6.708592
102.300           0.117859        6.752847
102.315           0.118624        6.796637
102.330           0.119380        6.839950
102.345           0.120127        6.882773
102.360           0.120866        6.925094
102.375           0.121595        6.966900
102.390           0.122316        7.008179
102.405           0.123027        7.048919
102.420           0.123728        7.089106
102.435           0.124420        7.128727
102.450           0.125101        7.167769
102.465           0.125772        7.206219
102.480           0.126433        7.244064
102.495           0.127082        7.281291
102.510           0.127721        7.317885
102.525           0.128349        7.353833
102.540           0.128964        7.389121
102.555           0.129569        7.423735
102.570           0.130161        7.457661
102.585           0.130741        7.490885
102.600           0.131308        7.523392
102.615           0.131863        7.555167
102.630           0.132404        7.586196
102.645           0.132932        7.616465
102.660           0.133447        7.645957
102.675           0.133948        7.674659
102.690           0.134435        7.702554
102.705           0.134907        7.729628
102.720           0.135365        7.755865
102.735           0.135808        7.781249
102.750           0.136236        7.805766
102.765           0.136649        7.829398
102.780           0.137046        7.852132
102.795           0.137426        7.873949
102.810           0.137791        7.894836
102.825           0.138139        7.914775
102.840           0.138470        7.933752
102.855           0.138784        7.951749
102.870           0.139081        7.968751
102.885           0.139360        7.984742
102.900           0.139621        7.999705
102.915           0.139864        8.013626
102.930           0.140089        8.026487
102.945           0.140294        8.038274
102.960           0.140481        8.048969
102.975           0.140648        8.058558
102.990           0.140796        8.067025
103.005           0.140924        8.074354
103.020           0.141032        8.080530
103.035           0.141119        8.085537
103.050           0.141186        8.089360
103.065           0.141232        8.091984
103.080           0.141256        8.093395
103.095           0.141260        8.093577
103.110           0.141241        8.092516
103.125           0.141201        8.090198
103.140           0.141138        8.086609
103.155           0.141053        8.081735
103.170           0.140945        8.075563
103.185           0.140815        8.068078
103.200           0.140661        8.059269
103.215           0.140484        8.049123
103.230           0.140283        8.037628
103.245           0.140059        8.024770
103.260           0.139810        8.010540
103.275           0.139538        7.994925
103.290           0.139241        7.977915
103.305           0.138919        7.959500
103.320           0.138573        7.939669
103.335           0.138202        7.918413
103.350           0.137806        7.895723
103.365           0.137385        7.871590
103.380           0.136939        7.846007
103.395           0.136467        7.818965
103.410           0.135969        7.790458
103.425           0.135446        7.760480
103.440           0.134897        7.729024
103.455           0.134322        7.696086
103.470           0.133721        7.661660
103.485           0.133094        7.625744
103.500           0.132441        7.588332
103.515           0.131762        7.549424
103.530           0.131057        7.509017
103.545           0.130326        7.467110
103.560           0.129568        7.423702
103.575           0.128784        7.378793
103.590           0.127974        7.332386
103.605           0.127138        7.284481
103.620           0.126276        7.235081
103.635           0.125388        7.184190
103.650           0.124474        7.131812
103.665           0.123534        7.077952
103.680           0.122568        7.022616
103.695           0.121576        6.965812
103.710           0.120559        6.907546
103.725           0.119517        6.847828
103.740           0.118450        6.786667
103.755           0.117357        6.724073
103.770           0.116240        6.660059
103.785           0.115098        6.594635
103.800           0.113932        6.527817
103.815           0.112742        6.459616
103.830           0.111527        6.390049
103.845           0.110290        6.319132
103.860           0.109029        6.246882
103.875           0.107745        6.173315
103.890           0.106438        6.098452
103.905           0.105109        6.022311
103.920           0.103758        5.944913
103.935           0.102386        5.866280
103.950           0.100992        5.786433
103.965           0.099578        5.705396
103.980           0.098143        5.623193
103.995           0.096689        5.539847
104.010           0.095214        5.455385
104.025           0.093721        5.369833
104.040           0.092210        5.283217
104.055           0.090680        5.195566
104.070           0.089132        5.106907
104.085           0.087568        5.017270
104.100           0.085987        4.926683
104.115           0.084390        4.835178
104.130           0.082777        4.742785
104.145           0.081150        4.649535
104.160           0.079508        4.555459
104.175           0.077852        4.460591
104.190           0.076183        4.364962
104.205           0.074501        4.268605
104.220           0.072807        4.171554
104.235           0.071102        4.073841
104.250           0.069386        3.975502
104.265           0.067659        3.876569
104.280           0.065922        3.777077
104.295           0.064177        3.677061
104.310           0.062423        3.576554
104.325           0.060661        3.475591
104.340           0.058891        3.374206
104.355           0.057115        3.272435
104.370           0.055332        3.170310
104.385           0.053544        3.067867
104.400           0.051751        2.965140
104.415           0.049954        2.862162
104.430           0.048153        2.758968
104.445           0.046349        2.655590
104.460           0.044542        2.552063
104.475           0.042733        2.448419
104.490           0.040923        2.344690
104.505           0.039111        2.240909
104.520           0.037300        2.137109
104.535           0.035488        2.033319
104.550           0.033677        1.929572
104.565           0.031868        1.825899
104.580           0.030060        1.722329
104.595           0.028255        1.618891
104.610           0.026452        1.515617
104.625           0.024653        1.412533
104.640           0.022858        1.309668
104.655           0.021067        1.207050
104.670           0.019281        1.104706
104.685           0.017500        1.002663
104.700           0.015724        0.900946
104.715           0.013955        0.799581
104.730           0.012193        0.698594
104.745           0.010437        0.598008
104.760           0.008689        0.497847
104.775           0.006949        0.398134
104.790           0.005217        0.298893
104.805           0.003493        0.200145
104.820           0.001779        0.101912
104.835           0.000074        0.004215
104.850          -0.001622       -0.092924
104.865          -0.003307       -0.189487
104.880          -0.004982       -0.285454
104.895          -0.006646       -0.380805
104.910          -0.008299       -0.475522
104.925          -0.009941       -0.569587
104.940          -0.011571       -0.662983
104.955          -0.013189       -0.755691
104.970          -0.014795       -0.847695
104.985          -0.016388       -0.938980
105.000          -0.017969       -1.029528
105.015          -0.019536       -1.119326
105.030          -0.021090       -1.208356
105.045          -0.022630       -1.296606
105.060          -0.024156       -1.384061
105.075          -0.025669       -1.470707
105.090          -0.027167       -1.556530
105.105          -0.028650       -1.641518
105.120          -0.030118       -1.725657
105.135          -0.031572       -1.808935
105.150          -0.033010       -1.891341
105.165          -0.034433       -1.972862
105.180          -0.035840       -2.053488
105.195          -0.037231       -2.133207
105.210          -0.038607       -2.212010
105.225          -0.039966       -2.289885
105.240          -0.041309       -2.366823
105.255          -0.042635       -2.442814
105.270          -0.043945       -2.517850
105.285          -0.045238       -2.591922
105.300          -0.046513       -2.665021
105.315          -0.047772       -2.737141
105.330          -0.049014       -2.808272
105.345          -0.050238       -2.878408
105.360          -0.051444       -2.947543
105.375          -0.052633       -3.015671
105.390          -0.053805       -3.082785
105.405          -0.054958       -3.148881
105.420          -0.056094       -3.213954
105.435          -0.057212       -3.277999
105.450          -0.058312       -3.341013
105.465          -0.059393       -3.402993
105.480          -0.060457       -3.463936
105.495          -0.061503       -3.523839
105.510          -0.062530       -3.582703
105.525          -0.063539       -3.640524
105.540          -0.064530       -3.697304
105.555          -0.065503       -3.753043
105.570          -0.066458       -3.807741
105.585          -0.067394       -3.861400
105.600          -0.068313       -3.914022
105.615          -0.069213       -3.965610
105.630          -0.070095       -4.016167
105.645          -0.070960       -4.065699
105.660          -0.071806       -4.114209
105.675          -0.072635       -4.161703
105.690          -0.073447       -4.208188
105.705          -0.074241       -4.253671
105.720          -0.075017       -4.298159
105.735          -0.075776       -4.341661
105.750          -0.076518       -4.384186
105.765          -0.077244       -4.425744
105.780          -0.077952       -4.466345
105.795          -0.078645       -4.506000
105.810          -0.079320       -4.544722
105.825          -0.079980       -4.582523
105.840          -0.080624       -4.619416
105.855          -0.081252       -4.655415
105.870          -0.081865       -4.690535
105.885          -0.082463       -4.724791
105.900          -0.083046       -4.758199
105.915          -0.083615       -4.790774
105.930          -0.084169       -4.822534
105.945          -0.084709       -4.853497
105.960          -0.085236       -4.883680
105.975          -0.085750       -4.913101
105.990          -0.086250       -4.941780
106.005          -0.086738       -4.969736
106.020          -0.087214       -4.996988
106.035          -0.087678       -5.023557
106.050          -0.088130       -5.049463
106.065          -0.088571       -5.074727
106.080          -0.089001       -5.099369
106.095          -0.089420       -5.123411
106.110          -0.089830       -5.146874
106.125          -0.090230       -5.169780
106.140          -0.090620       -5.192150
106.155          -0.091002       -5.214005
106.170          -0.091374       -5.235368
106.185          -0.091739       -5.256259
106.200          -0.092096       -5.276701
106.215          -0.092445       -5.296715
106.230          -0.092787       -5.316322
106.245          -0.093123       -5.335544
106.260          -0.093452       -5.354401
106.275          -0.093775       -5.372913
106.290          -0.094092       -5.391102
106.305          -0.094405       -5.408987
106.320          -0.094712       -5.426587
106.335          -0.095014       -5.443923
106.350          -0.095313       -5.461012
106.365          -0.095607       -5.477873
106.380          -0.095898       -5.494523
106.395          -0.096185       -5.510980
106.410          -0.096469       -5.527260
106.425          -0.096750       -5.543380
106.440          -0.097029       -5.559354
106.455          -0.097306       -5.575197
106.470          -0.097580       -5.590924
106.485          -0.097853       -5.606547
106.500          -0.098124       -5.622079
106.515          -0.098393       -5.637532
106.530          -0.098662       -5.652917
106.545          -0.098930       -5.668244
106.560          -0.099196       -5.683523
106.575          -0.099462       -5.698762
106.590          -0.099728       -5.713970
106.605          -0.099993       -5.729153
106.620          -0.100257       -5.744318
106.635          -0.100522       -5.759471
106.650          -0.100786       -5.774616
106.665          -0.101050       -5.789758
106.680          -0.101315       -5.804899
106.695          -0.101579       -5.820042
106.710          -0.101843       -5.835190
106.725          -0.102108       -5.850341
106.740          -0.102372       -5.865499
106.755          -0.102637       -5.880660
106.770          -0.102902       -5.895826
106.785          -0.103166       -5.910993
106.800          -0.103431       -5.926160
106.815          -0.103696       -5.941323
106.830          -0.103960       -5.956479
106.845          -0.104225       -5.971624
106.860          -0.104489       -5.986754
106.875          -0.104752       -6.001862
106.890          -0.105015       -6.016945
106.905          -0.105278       -6.031994
106.920          -0.105540       -6.047005
106.935          -0.105801       -6.061971
106.950          -0.106062       -6.076883
106.965          -0.106321       -6.091736
106.980          -0.106579       -6.106521
106.995          -0.106836       -6.121231
107.010          -0.107091       -6.135857
107.025          -0.107345       -6.150392
107.040          -0.107597       -6.164827
107.055          -0.107847       -6.179154
107.070          -0.108095       -6.193364
107.085          -0.108340       -6.207448
107.100          -0.108584       -6.221400
107.115          -0.108825       -6.235209
107.130          -0.109063       -6.248867
107.145          -0.109299       -6.262368
107.160          -0.109532       -6.275701
107.175          -0.109761       -6.288860
107.190          -0.109988       -6.301836
107.205          -0.110211       -6.314622
107.220          -0.110431       -6.327210
107.235          -0.110647       -6.339594
107.250          -0.110859       -6.351765
107.265          -0.111068       -6.363718
107.280          -0.111273       -6.375446
107.295          -0.111473       -6.386943
107.310          -0.111670       -6.398202
107.325          -0.111862       -6.409219
107.340          -0.112050       -6.419987
107.355          -0.112233       -6.430502
107.370          -0.112412       -6.440759
107.385          -0.112587       -6.450754
107.400          -0.112757       -6.460481
107.415          -0.112922       -6.469938
107.430          -0.113082       -6.479120
107.445          -0.113237       -6.488025
107.460          -0.113388       -6.496648
107.475          -0.113533       -6.504987
107.490          -0.113674       -6.513040
107.505          -0.113809       -6.520803
107.520          -0.113940       -6.528274
107.535          -0.114065       -6.535452
107.550          -0.114185       -6.542333
107.565          -0.114300       -6.548917
107.580          -0.114410       -6.555201
107.595          -0.114514       -6.561184
107.610          -0.114613       -6.566864
107.625          -0.114707       -6.572239
107.640          -0.114796       -6.577308
107.655          -0.114879       -6.582069
107.670          -0.114956       -6.586520
107.685          -0.115029       -6.590661
107.700          -0.115096       -6.594488
107.715          -0.115157       -6.598001
107.730          -0.115213       -6.601197
107.745          -0.115263       -6.604074
107.760          -0.115307       -6.606630
107.775          -0.115346       -6.608862
107.790          -0.115380       -6.610768
107.805          -0.115407       -6.612344
107.820          -0.115429       -6.613588
107.835          -0.115445       -6.614496
107.850          -0.115455       -6.615064
107.865          -0.115459       -6.615288
107.880          -0.115456       -6.615164
107.895          -0.115448       -6.614688
107.910          -0.115434       -6.613854
107.925          -0.115413       -6.612657
107.940          -0.115385       -6.611091
107.955          -0.115351       -6.609151
107.970          -0.115311       -6.606829
107.985          -0.115264       -6.604119
108.000          -0.115209       -6.601014
108.015          -0.115148       -6.597505
108.030          -0.115080       -6.593586
108.045          -0.115004       -6.589248
108.060          -0.114921       -6.584482
108.075          -0.114830       -6.579278
108.090          -0.114731       -6.573628
108.105          -0.114625       -6.567521
108.120          -0.114510       -6.560948
108.135          -0.114387       -6.553896
108.150          -0.114255       -6.546356
108.165          -0.114115       -6.538316
108.180          -0.113966       -6.529763
108.195          -0.113807       -6.520687
108.210          -0.113640       -6.511074
108.225          -0.113462       -6.500912
108.240          -0.113275       -6.490188
108.255          -0.113078       -6.478887
108.270          -0.112870       -6.466997
108.285          -0.112652       -6.454504
108.300          -0.112424       -6.441392
108.315          -0.112184       -6.427648
108.330          -0.111932       -6.413257
108.345          -0.111670       -6.398204
108.360          -0.111395       -6.382472
108.375          -0.111108       -6.366048
108.390          -0.110809       -6.348915
108.405          -0.110498       -6.331057
108.420          -0.110173       -6.312458
108.435          -0.109835       -6.293102
108.450          -0.109484       -6.272972
108.465          -0.109119       -6.252051
108.480          -0.108740       -6.230324
108.495          -0.108346       -6.207773
108.510          -0.107938       -6.184381
108.525          -0.107515       -6.160131
108.540          -0.107076       -6.135005
108.555          -0.106622       -6.108987
108.570          -0.106152       -6.082059
108.585          -0.105666       -6.054204
108.600          -0.105163       -6.025404
108.615          -0.104644       -5.995642
108.630          -0.104107       -5.964900
108.645          -0.103553       -5.933161
108.660          -0.102982       -5.900407
108.675          -0.102392       -5.866621
108.690          -0.101784       -5.831786
108.705          -0.101157       -5.795884
108.720          -0.100512       -5.758897
108.735          -0.099847       -5.720809
108.750          -0.099163       -5.681603
108.765          -0.098459       -5.641261
108.780          -0.097734       -5.599767
108.795          -0.096990       -5.557105
108.810          -0.096224       -5.513257
108.825          -0.095438       -5.468209
108.840          -0.094631       -5.421943
108.855          -0.093802       -5.374444
108.870          -0.092951       -5.325698
108.885          -0.092078       -5.275689
108.900          -0.091183       -5.224402
108.915          -0.090265       -5.171823
108.930          -0.089325       -5.117939
108.945          -0.088361       -5.062737
108.960          -0.087375       -5.006202
108.975          -0.086365       -4.948324
108.990          -0.085331       -4.889090
109.005          -0.084273       -4.828490
109.020          -0.083191       -4.766513
109.035          -0.082085       -4.703149
109.050          -0.080955       -4.638389
109.065          -0.079800       -4.572224
109.080          -0.078621       -4.504648
109.095          -0.077417       -4.435654
109.110          -0.076188       -4.365235
109.125          -0.074934       -4.293387
109.140          -0.073655       -4.220106
109.155          -0.072351       -4.145389
109.170          -0.071022       -4.069234
109.185          -0.069667       -3.991641
109.200          -0.068288       -3.912608
109.215          -0.066883       -3.832138
109.230          -0.065454       -3.750233
109.245          -0.063999       -3.666897
109.260          -0.062520       -3.582134
109.275          -0.061016       -3.495951
109.290          -0.059487       -3.408356
109.305          -0.057934       -3.319356
109.320          -0.056356       -3.228962
109.335          -0.054754       -3.137185
109.350          -0.053128       -3.044038
109.365          -0.051479       -2.949535
109.380          -0.049806       -2.853691
109.395          -0.048110       -2.756524
109.410          -0.046392       -2.658052
109.425          -0.044651       -2.558293
109.440          -0.042887       -2.457270
109.455          -0.041103       -2.355005
109.470          -0.039296       -2.251522
109.485          -0.037470       -2.146845
109.500          -0.035622       -2.041002
109.515          -0.033755       -1.934021
109.530          -0.031868       -1.825930
109.545          -0.029963       -1.716761
109.560          -0.028040       -1.606546
109.575          -0.026098       -1.495318
109.590          -0.024140       -1.383111
109.605          -0.022165       -1.269962
109.620          -0.020174       -1.155906
109.635          -0.018169       -1.040983
109.650          -0.016148       -0.925232
109.665          -0.014114       -0.808692
109.680          -0.012067       -0.691405
109.695          -0.010008       -0.573413
109.710          -0.007937       -0.454760
109.725          -0.005855       -0.335490
109.740          -0.003764       -0.215646
109.755          -0.001663       -0.095277
109.770           0.000446        0.025574
109.785           0.002563        0.146857
109.800           0.004687        0.268527
109.815           0.006816        0.390533
109.830           0.008951        0.512829
109.845           0.011089        0.635364
109.860           0.013231        0.758089
109.875           0.015376        0.880954
109.890           0.017522        1.003908
109.905           0.019668        1.126903
109.920           0.021815        1.249886
109.935           0.023960        1.372808
109.950           0.026103        1.495618
109.965           0.028244        1.618265
109.980           0.030381        1.740698
109.995           0.032513        1.862868
110.010           0.034640        1.984723
110.025           0.036760        2.106215
110.040           0.038874        2.227293
110.055           0.040979        2.347907
110.070           0.043075        2.468009
110.085           0.045161        2.587549
110.100           0.047237        2.706480
110.115           0.049301        2.824754
110.130           0.051353        2.942323
110.145           0.053392        3.059140
110.160           0.055417        3.175160
110.175           0.057427        3.290337
110.190           0.059422        3.404625
110.205           0.061400        3.517981
110.220           0.063362        3.630360
110.235           0.065305        3.741720
110.250           0.067230        3.852019
110.265           0.069136        3.961215
110.280           0.071022        4.069267
110.295           0.072887        4.176135
110.310           0.074731        4.281780
110.325           0.076553        4.386163
110.340           0.078352        4.489246
110.355           0.080128        4.590994
110.370           0.081880        4.691368
110.385           0.083607        4.790335
110.400           0.085309        4.887859
110.415           0.086986        4.983907
110.430           0.088636        5.078446
110.445           0.090259        5.171444
110.460           0.091854        5.262868
110.475           0.093422        5.352690
110.490           0.094961        5.440878
110.505           0.096471        5.527404
110.520           0.097952        5.612240
110.535           0.099403        5.695358
110.550           0.100823        5.776733
110.565           0.102212        5.856337
110.580           0.103570        5.934147
110.595           0.104897        6.010137
110.610           0.106191        6.084286
110.625           0.107452        6.156569
110.640           0.108681        6.226965
110.655           0.109876        6.295454
110.670           0.111038        6.362015
110.685           0.112166        6.426630
110.700           0.113259        6.489278
110.715           0.114318        6.549944
110.730           0.115342        6.608609
110.745           0.116331        6.665258
110.760           0.117284        6.719877
110.775           0.118202        6.772450
110.790           0.119083        6.822964
110.805           0.119929        6.871407
110.820           0.120738        6.917767
110.835           0.121510        6.962034
110.850           0.122246        7.004198
110.865           0.122945        7.044250
110.880           0.123607        7.082182
110.895           0.124232        7.117988
110.910           0.124820        7.151661
110.925           0.125370        7.183196
110.940           0.125883        7.212590
110.955           0.126359        7.239839
110.970           0.126797        7.264942
110.985           0.127198        7.287898
111.000           0.127561        7.308707
111.015           0.127887        7.327371
111.030           0.128175        7.343891
111.045           0.128426        7.358271
111.060           0.128640        7.370516
111.075           0.128816        7.380631
111.090           0.128956        7.388623
111.105           0.129058        7.394500
111.120           0.129124        7.398270
111.135           0.129153        7.399943
111.150           0.129146        7.399531
111.165           0.129103        7.397045
111.180           0.129023        7.392500
111.195           0.128908        7.385908
111.210           0.128758        7.377287
111.225           0.128572        7.366651
111.240           0.128352        7.354018
111.255           0.128097        7.339408
111.270           0.127808        7.322839
111.285           0.127485        7.304332
111.300           0.127128        7.283909
111.315           0.126739        7.261591
111.330           0.126317        7.237403
111.345           0.125862        7.211368
111.360           0.125376        7.183511
111.375           0.124858        7.153859
111.390           0.124310        7.122439
111.405           0.123731        7.089277
111.420           0.123123        7.054402
111.435           0.122484        7.017843
111.450           0.121818        6.979630
111.465           0.121122        6.939792
111.480           0.120399        6.898362
111.495           0.119649        6.855369
111.510           0.118872        6.810847
111.525           0.118068        6.764826
111.540           0.117240        6.717341
111.555           0.116386        6.668425
111.570           0.115508        6.618111
111.585           0.114606        6.566432
111.600           0.113681        6.513423
111.615           0.112733        6.459119
111.630           0.111763        6.403554
111.645           0.110772        6.346763
111.660           0.109760        6.288781
111.675           0.108728        6.229642
111.690           0.107676        6.169382
111.705           0.106605        6.108035
111.720           0.105516        6.045637
111.735           0.104409        5.982223
111.750           0.103286        5.917827
111.765           0.102145        5.852485
111.780           0.100989        5.786231
111.795           0.099817        5.719100
111.810           0.098631        5.651126
111.825           0.097430        5.582343
111.840           0.096216        5.512785
111.855           0.094989        5.442486
111.870           0.093750        5.371480
111.885           0.092499        5.299800
111.900           0.091237        5.227479
111.915           0.089964        5.154550
111.930           0.088681        5.081045
111.945           0.087389        5.006996
111.960           0.086087        4.932437
111.975           0.084778        4.857397
111.990           0.083460        4.781909
112.005           0.082135        4.706005
112.020           0.080804        4.629714
112.035           0.079466        4.553068
112.050           0.078123        4.476097
112.065           0.076774        4.398831
112.080           0.075421        4.321301
112.095           0.074064        4.243535
112.110           0.072703        4.165565
112.125           0.071339        4.087418
112.140           0.069972        4.009125
112.155           0.068604        3.930714
112.170           0.067234        3.852215
112.185           0.065863        3.773655
112.200           0.064491        3.695065
112.215           0.063119        3.616472
112.230           0.061748        3.537904
112.245           0.060378        3.459392
112.260           0.059009        3.380962
112.275           0.057642        3.302643
112.290           0.056278        3.224463
112.305           0.054916        3.146452
112.320           0.053558        3.068637
112.335           0.052204        2.991046
112.350           0.050854        2.913708
112.365           0.049509        2.836651
112.380           0.048169        2.759904
112.395           0.046836        2.683494
112.410           0.045509        2.607452
112.425           0.044188        2.531804
112.440           0.042875        2.456581
112.455           0.041570        2.381809
112.470           0.040274        2.307518
112.485           0.038986        2.233737
112.500           0.037708        2.160495
112.515           0.036439        2.087819
112.530           0.035181        2.015739
112.545           0.033934        1.944284
112.560           0.032698        1.873481
112.575           0.031475        1.803361
112.590           0.030263        1.733951
112.605           0.029065        1.665281
112.620           0.027879        1.597378
112.635           0.026708        1.530270
112.650           0.025551        1.463987
112.665           0.024409        1.398556
112.680           0.023283        1.334005
112.695           0.022172        1.270362
112.710           0.021078        1.207654
112.725           0.020000        1.145908
112.740           0.018939        1.085151
112.755           0.017897        1.025409
112.770           0.016872        0.966709
112.785           0.015866        0.909076
112.800           0.014880        0.852536
112.815           0.013912        0.797113
112.830           0.012965        0.742832
112.845           0.012038        0.689716
112.860           0.011132        0.637788
112.875           0.010246        0.587072
112.890           0.009383        0.537589
112.905           0.008541        0.489360
112.920           0.007721        0.442406
112.935           0.006925        0.396746
112.950           0.006151        0.352400
112.965           0.005400        0.309386
112.980           0.004673        0.267721
112.995           0.003969        0.227421
113.010           0.003290        0.188503
113.025           0.002635        0.150982
113.040           0.002005        0.114870
113.055           0.001399        0.080181
113.070           0.000819        0.046926
113.085           0.000264        0.015117
113.100          -0.000266       -0.015237
113.115          -0.000770       -0.044128
113.130          -0.001249       -0.071546
113.145          -0.001701       -0.097487
113.160          -0.002128       -0.121943
113.175          -0.002529       -0.144912
113.190          -0.002904       -0.166389
113.205          -0.003253       -0.186372
113.220          -0.003575       -0.204861
113.235          -0.003872       -0.221854
113.250          -0.004143       -0.237354
113.265          -0.004387       -0.251363
113.280          -0.004606       -0.263884
113.295          -0.004798       -0.274921
113.310          -0.004965       -0.284480
113.325          -0.005106       -0.292569
113.340          -0.005222       -0.299194
113.355          -0.005312       -0.304365
113.370          -0.005377       -0.308091
113.385          -0.005417       -0.310385
113.400          -0.005432       -0.311257
113.415          -0.005423       -0.310722
113.430          -0.005389       -0.308793
113.445          -0.005332       -0.305486
113.460          -0.005250       -0.300817
113.475          -0.005145       -0.294803
113.490          -0.005017       -0.287463
113.505          -0.004866       -0.278815
113.520          -0.004693       -0.268879
113.535          -0.004497       -0.257677
113.550          -0.004280       -0.245231
113.565          -0.004042       -0.231562
113.580          -0.003782       -0.216696
113.595          -0.003502       -0.200655
113.610          -0.003202       -0.183466
113.625          -0.002882       -0.165154
113.640          -0.002544       -0.145746
113.655          -0.002186       -0.125269
113.670          -0.001811       -0.103752
113.685          -0.001418       -0.081223
113.700          -0.001007       -0.057712
113.715          -0.000580       -0.033249
113.730          -0.000137       -0.007865
113.745           0.000321        0.018409
113.760           0.000795        0.045540
113.775           0.001283        0.073496
113.790           0.001785        0.102245
113.805           0.002300        0.131752
113.820           0.002827        0.161983
113.835           0.003367        0.192904
113.850           0.003918        0.224479
113.865           0.004480        0.256674
113.880           0.005052        0.289451
113.895           0.005633        0.322776
113.910           0.006224        0.356610
113.925           0.006823        0.390917
113.940           0.007429        0.425660
113.955           0.008042        0.460801
113.970           0.008662        0.496300
113.985           0.009287        0.532122
114.000           0.009917        0.568225
114.015           0.010552        0.604572
114.030           0.011190        0.641124
114.045           0.011831        0.677841
114.060           0.012474        0.714684
114.075           0.013118        0.751612
114.090           0.013763        0.788587
114.105           0.014409        0.825568
114.120           0.015054        0.862514
114.135           0.015697        0.899387
114.150           0.016339        0.936146
114.165           0.016978        0.972750
114.180           0.017613        1.009160
114.195           0.018245        1.045335
114.210           0.018871        1.081235
114.225           0.019492        1.116820
114.240           0.020107        1.152051
114.255           0.020715        1.186887
114.270           0.021316        1.221289
114.285           0.021908        1.255217
114.300           0.022491        1.288632
114.315           0.023064        1.321496
114.330           0.023628        1.353770
114.345           0.024180        1.385415
114.360           0.024721        1.416394
114.375           0.025249        1.446668
114.390           0.025765        1.476202
114.405           0.026266        1.504957
114.420           0.026754        1.532899
114.435           0.027227        1.559992
114.450           0.027684        1.586200
114.465           0.028126        1.611489
114.480           0.028551        1.635825
114.495           0.028958        1.659175
114.510           0.029348        1.681507
114.525           0.029719        1.702789
114.540           0.030072        1.722991
114.555           0.030405        1.742081
114.570           0.030718        1.760032
114.585           0.031011        1.776814
114.600           0.031283        1.792400
114.615           0.031534        1.806764
114.630           0.031763        1.819880
114.645           0.031970        1.831724
114.660           0.032154        1.842272
114.675           0.032315        1.851501
114.690           0.032453        1.859391
114.705           0.032566        1.865922
114.720           0.032656        1.871073
114.735           0.032722        1.874828
114.750           0.032763        1.877170
114.765           0.032779        1.878082
114.780           0.032769        1.877551
114.795           0.032735        1.875564
114.810           0.032674        1.872108
114.825           0.032588        1.867174
114.840           0.032476        1.860752
114.855           0.032338        1.852833
114.870           0.032174        1.843412
114.885           0.031983        1.832483
114.900           0.031766        1.820041
114.915           0.031522        1.806084
114.930           0.031252        1.790611
114.945           0.030956        1.773621
114.960           0.030633        1.755115
114.975           0.030283        1.735096
114.990           0.029907        1.713568
115.005           0.029505        1.690535
115.020           0.029077        1.666003
115.035           0.028623        1.639982
115.050           0.028143        1.612478
115.065           0.027637        1.583503
115.080           0.027106        1.553067
115.095           0.026550        1.521183
115.110           0.025968        1.487866
115.125           0.025362        1.453129
115.140           0.024731        1.416989
115.155           0.024076        1.379464
115.170           0.023397        1.340571
115.185           0.022695        1.300330
115.200           0.021970        1.258762
115.215           0.021221        1.215889
115.230           0.020451        1.171733
115.245           0.019658        1.126317
115.260           0.018844        1.079668
115.275           0.018008        1.031809
115.290           0.017153        0.982769
115.305           0.016277        0.932575
115.320           0.015381        0.881255
115.335           0.014466        0.828838
115.350           0.013533        0.775356
115.365           0.012581        0.720838
115.380           0.011612        0.665317
115.395           0.010626        0.608825
115.410           0.009624        0.551397
115.425           0.008606        0.493065
115.440           0.007572        0.433865
115.455           0.006525        0.373832
115.470           0.005463        0.313003
115.485           0.004388        0.251413
115.500           0.003300        0.189101
115.515           0.002201        0.126104
115.530           0.001090        0.062461
115.545          -0.000031       -0.001789
115.560          -0.001163       -0.066608
115.575          -0.002303       -0.131954
115.590          -0.003452       -0.197789
115.605          -0.004609       -0.264071
115.620          -0.005773       -0.330759
115.635          -0.006943       -0.397811
115.650          -0.008119       -0.465187
115.665          -0.009300       -0.532845
115.680          -0.010485       -0.600741
115.695          -0.011673       -0.668834
115.710          -0.012864       -0.737080
115.725          -0.014058       -0.805438
115.740          -0.015252       -0.873865
115.755          -0.016447       -0.942317
115.770          -0.017641       -1.010751
115.785          -0.018834       -1.079125
115.800          -0.020026       -1.147395
115.815          -0.021215       -1.215518
115.830          -0.022400       -1.283452
115.845          -0.023582       -1.351154
115.860          -0.024759       -1.418581
115.875          -0.025930       -1.485690
115.890          -0.027095       -1.552441
115.905          -0.028253       -1.618790
115.920          -0.029403       -1.684695
115.935          -0.030545       -1.750117
115.950          -0.031678       -1.815014
115.965          -0.032801       -1.879345
115.980          -0.033913       -1.943071
115.995          -0.035014       -2.006152
116.010          -0.036103       -2.068550
116.025          -0.037179       -2.130225
116.040          -0.038243       -2.191141
116.055          -0.039292       -2.251260
116.070          -0.040327       -2.310546
116.085          -0.041346       -2.368963
116.100          -0.042350       -2.426477
116.115          -0.043337       -2.483053
116.130          -0.044308       -2.538660
116.145          -0.045261       -2.593263
116.160          -0.046196       -2.646833
116.175          -0.047112       -2.699339
116.190          -0.048010       -2.750751
116.205          -0.048887       -2.801041
116.220          -0.049745       -2.850183
116.235          -0.050582       -2.898150
116.250          -0.051398       -2.944917
116.265          -0.052193       -2.990459
116.280          -0.052966       -3.034756
116.295          -0.053717       -3.077784
116.310          -0.054446       -3.119525
116.325          -0.055152       -3.159957
116.340          -0.055834       -3.199065
116.355          -0.056493       -3.236832
116.370          -0.057129       -3.273241
116.385          -0.057740       -3.308279
116.400          -0.058328       -3.341934
116.415          -0.058891       -3.374195
116.430          -0.059429       -3.405050
116.445          -0.059943       -3.434491
116.460          -0.060432       -3.462511
116.475          -0.060896       -3.489103
116.490          -0.061335       -3.514262
116.505          -0.061750       -3.537986
116.520          -0.062138       -3.560271
116.535          -0.062502       -3.581116
116.550          -0.062841       -3.600521
116.565          -0.063155       -3.618488
116.580          -0.063443       -3.635020
116.595          -0.063707       -3.650118
116.610          -0.063945       -3.663790
116.625          -0.064159       -3.676040
116.640          -0.064348       -3.686875
116.655          -0.064513       -3.696304
116.670          -0.064653       -3.704335
116.685          -0.064769       -3.710979
116.700          -0.064861       -3.716247
116.715          -0.064929       -3.720151
116.730          -0.064973       -3.722703
116.745          -0.064995       -3.723918
116.760          -0.064993       -3.723810
116.775          -0.064968       -3.722394
116.790          -0.064921       -3.719687
116.805          -0.064851       -3.715704
116.820          -0.064760       -3.710465
116.835          -0.064647       -3.703986
116.850          -0.064512       -3.696286
116.865          -0.064357       -3.687385
116.880          -0.064181       -3.677303
116.895          -0.063985       -3.666059
116.910          -0.063769       -3.653674
116.925          -0.063533       -3.640169
116.940          -0.063278       -3.625565
116.955          -0.063004       -3.609885
116.970          -0.062712       -3.593149
116.985          -0.062402       -3.575381
117.000          -0.062074       -3.556602
117.015          -0.061729       -3.536835
117.030          -0.061368       -3.516104
117.045          -0.060989       -3.494430
117.060          -0.060595       -3.471836
117.075          -0.060185       -3.448346
117.090          -0.059760       -3.423983
117.105          -0.059320       -3.398770
117.120          -0.058865       -3.372729
117.135          -0.058397       -3.345884
117.150          -0.057915       -3.318257
117.165          -0.057419       -3.289872
117.180          -0.056911       -3.260751
117.195          -0.056390       -3.230917
117.210          -0.055857       -3.200393
117.225          -0.055313       -3.169200
117.240          -0.054757       -3.137361
117.255          -0.054191       -3.104898
117.270          -0.053614       -3.071833
117.285          -0.053026       -3.038187
117.300          -0.052429       -3.003983
117.315          -0.051823       -2.969241
117.330          -0.051208       -2.933982
117.345          -0.050584       -2.898228
117.360          -0.049951       -2.861999
117.375          -0.049311       -2.825316
117.390          -0.048663       -2.788198
117.405          -0.048008       -2.750666
117.420          -0.047346       -2.712739
117.435          -0.046678       -2.674437
117.450          -0.046003       -2.635780
117.465          -0.045322       -2.596786
117.480          -0.044636       -2.557474
117.495          -0.043945       -2.517863
117.510          -0.043249       -2.477971
117.525          -0.042548       -2.437817
117.540          -0.041843       -2.397417
117.555          -0.041134       -2.356791
117.570          -0.040421       -2.315955
117.585          -0.039705       -2.274926
117.600          -0.038986       -2.233721
117.615          -0.038264       -2.192358
117.630          -0.037539       -2.150853
117.645          -0.036813       -2.109222
117.660          -0.036084       -2.067480
117.675          -0.035354       -2.025645
117.690          -0.034623       -1.983731
117.705          -0.033890       -1.941754
117.720          -0.033157       -1.899729
117.735          -0.032422       -1.857671
117.750          -0.031688       -1.815595
117.765          -0.030954       -1.773515
117.780          -0.030219       -1.731446
117.795          -0.029486       -1.689401
117.810          -0.028752       -1.647395
117.825          -0.028020       -1.605440
117.840          -0.027289       -1.563552
117.855          -0.026559       -1.521741
117.870          -0.025831       -1.480023
117.885          -0.025105       -1.438409
117.900          -0.024381       -1.396911
117.915          -0.023659       -1.355543
117.930          -0.022939       -1.314317
117.945          -0.022222       -1.273243
117.960          -0.021508       -1.232335
117.975          -0.020797       -1.191603
117.990          -0.020090       -1.151059
118.005          -0.019386       -1.110715
118.020          -0.018685       -1.070580
118.035          -0.017989       -1.030665
118.050          -0.017296       -0.990982
118.065          -0.016608       -0.951541
118.080          -0.015924       -0.912351
118.095          -0.015244       -0.873424
118.110          -0.014569       -0.834768
118.125          -0.013900       -0.796393
118.140          -0.013235       -0.758310
118.155          -0.012576       -0.720527
118.170          -0.011922       -0.683054
118.185          -0.011273       -0.645900
118.200          -0.010630       -0.609074
118.215          -0.009993       -0.572584
118.230          -0.009363       -0.536440
118.245          -0.008738       -0.500651
118.260          -0.008120       -0.465224
118.275          -0.007508       -0.430169
118.290          -0.006903       -0.395494
118.305          -0.006304       -0.361207
118.320          -0.005713       -0.327316
118.335          -0.005128       -0.293830
118.350          -0.004551       -0.260757
118.365          -0.003981       -0.228105
118.380          -0.003419       -0.195882
118.395          -0.002864       -0.164095
118.410          -0.002317       -0.132754
118.425          -0.001778       -0.101865
118.440          -0.001247       -0.071438
118.455          -0.000724       -0.041479
118.470          -0.000209       -0.011997
118.485           0.000297        0.017001
118.500           0.000794        0.045506
118.515           0.001283        0.073511
118.530           0.001763        0.101008
118.545           0.002234        0.127989
118.560           0.002696        0.154446
118.575           0.003148        0.180371
118.590           0.003591        0.205757
118.605           0.004025        0.230595
118.620           0.004448        0.254878
118.635           0.004862        0.278597
118.650           0.005266        0.301746
118.665           0.005660        0.324315
118.680           0.006044        0.346299
118.695           0.006417        0.367687
118.710           0.006780        0.388474
118.725           0.007132        0.408650
118.740           0.007474        0.428209
118.755           0.007804        0.447142
118.770           0.008123        0.465442
118.785           0.008432        0.483102
118.800           0.008729        0.500114
118.815           0.009014        0.516470
118.830           0.009288        0.532163
118.845           0.009550        0.547186
118.860           0.009801        0.561531
118.875           0.010039        0.575192
118.890           0.010265        0.588162
118.905           0.010480        0.600433
118.920           0.010681        0.611999
118.935           0.010871        0.622853
118.950           0.011048        0.632989
118.965           0.011212        0.642401
118.980           0.011364        0.651082
118.995           0.011502        0.659026
119.010           0.011628        0.666227
119.025           0.011740        0.672681
119.040           0.011840        0.678380
119.055           0.011926        0.683321
119.070           0.011999        0.687499
119.085           0.012059        0.690908
119.100           0.012105        0.693543
119.115           0.012137        0.695402
119.130           0.012156        0.696479
119.145           0.012161        0.696771
119.160           0.012152        0.696274
119.175           0.012130        0.694986
119.190           0.012093        0.692903
119.205           0.012043        0.690023
119.220           0.011979        0.686343
119.235           0.011901        0.681861
119.250           0.011808        0.676577
119.265           0.011702        0.670488
119.280           0.011582        0.663594
119.295           0.011448        0.655894
119.310           0.011299        0.647387
119.325           0.011137        0.638075
119.340           0.010960        0.627958
119.355           0.010769        0.617036
119.370           0.010565        0.605311
119.385           0.010346        0.592784
119.400           0.010113        0.579459
119.415           0.009867        0.565337
119.430           0.009607        0.550422
119.445           0.009333        0.534718
119.460           0.009045        0.518228
119.475           0.008743        0.500956
119.490           0.008428        0.482909
119.505           0.008100        0.464091
119.520           0.007758        0.444509
119.535           0.007403        0.424168
119.550           0.007035        0.403077
119.565           0.006654        0.381242
119.580           0.006260        0.358672
119.595           0.005853        0.335376
119.610           0.005434        0.311362
119.625           0.005003        0.286641
119.640           0.004559        0.261223
119.655           0.004104        0.235119
119.670           0.003636        0.208341
119.685           0.003157        0.180901
119.700           0.002667        0.152811
119.715           0.002166        0.124085
119.730           0.001653        0.094737
119.745           0.001131        0.064781
119.760           0.000597        0.034234
119.775           0.000054        0.003109
119.790          -0.000499       -0.028575
119.805          -0.001061       -0.060802
119.820          -0.001633       -0.093554
119.835          -0.002213       -0.126814
119.850          -0.002802       -0.160562
119.865          -0.003400       -0.194778
119.880          -0.004005       -0.229444
119.895          -0.004617       -0.264537
119.910          -0.005237       -0.300038
119.925          -0.005863       -0.335924
119.940          -0.006496       -0.372173
119.955          -0.007134       -0.408762
119.970          -0.007778       -0.445668
119.985          -0.008428       -0.482868
120.000          -0.009082       -0.520336
120.015          -0.009740       -0.558049
120.030          -0.010402       -0.595981
120.045          -0.011067       -0.634106
120.060          -0.011736       -0.672399
120.075          -0.012406       -0.710832
120.090          -0.013079       -0.749381
120.105          -0.013753       -0.788017
120.120          -0.014429       -0.826713
120.135          -0.015105       -0.865441
120.150          -0.015781       -0.904175
120.165          -0.016456       -0.942885
120.180          -0.017131       -0.981543
120.195          -0.017804       -1.020122
120.210          -0.018476       -1.058593
120.225          -0.019145       -1.096927
120.240          -0.019811       -1.135096
120.255          -0.020474       -1.173070
120.270          -0.021133       -1.210822
120.285          -0.021787       -1.248323
120.300          -0.022437       -1.285544
120.315          -0.023081       -1.322457
120.330          -0.023720       -1.359034
120.345          -0.024352       -1.395246
120.360          -0.024977       -1.431066
120.375          -0.025595       -1.466466
120.390          -0.026205       -1.501418
120.405          -0.026806       -1.535896
120.420          -0.027399       -1.569871
120.435          -0.027983       -1.603319
120.450          -0.028557       -1.636213
120.465          -0.029121       -1.668526
120.480          -0.029675       -1.700234
120.495          -0.030217       -1.731312
120.510          -0.030748       -1.761734
120.525          -0.031267       -1.791478
120.540          -0.031774       -1.820519
120.555          -0.032268       -1.848834
120.570          -0.032749       -1.876402
120.585          -0.033217       -1.903199
120.600          -0.033671       -1.929204
120.615          -0.034111       -1.954396
120.630          -0.034536       -1.978756
120.645          -0.034946       -2.002262
120.660          -0.035341       -2.024897
120.675          -0.035721       -2.046640
120.690          -0.036084       -2.067475
120.705          -0.036432       -2.087383
120.720          -0.036763       -2.106349
120.735          -0.037077       -2.124354
120.750          -0.037374       -2.141385
120.765          -0.037654       -2.157425
120.780          -0.037917       -2.172461
120.795          -0.038161       -2.186478
120.810          -0.038388       -2.199463
120.825          -0.038596       -2.211403
120.840          -0.038786       -2.222287
120.855          -0.038958       -2.232101
120.870          -0.039110       -2.240837
120.885          -0.039243       -2.248482
120.900          -0.039358       -2.255028
120.915          -0.039453       -2.260465
120.930          -0.039528       -2.264784
120.945          -0.039584       -2.267977
120.960          -0.039620       -2.270036
120.975          -0.039636       -2.270954
120.990          -0.039632       -2.270725
121.005          -0.039607       -2.269342
121.020          -0.039563       -2.266801
121.035          -0.039498       -2.263095
121.050          -0.039413       -2.258220
121.065          -0.039308       -2.252173
121.080          -0.039182       -2.244949
121.095          -0.039035       -2.236547
121.110          -0.038868       -2.226963
121.125          -0.038680       -2.216195
121.140          -0.038471       -2.204242
121.155          -0.038242       -2.191102
121.170          -0.037992       -2.176777
121.185          -0.037721       -2.161265
121.200          -0.037430       -2.144566
121.215          -0.037118       -2.126684
121.230          -0.036785       -2.107617
121.245          -0.036431       -2.087370
121.260          -0.036058       -2.065944
121.275          -0.035663       -2.043343
121.290          -0.035248       -2.019571
121.305          -0.034813       -1.994631
121.320          -0.034357       -1.968529
121.335          -0.033882       -1.941269
121.350          -0.033386       -1.912859
121.365          -0.032870       -1.883303
121.380          -0.032334       -1.852610
121.395          -0.031779       -1.820788
121.410          -0.031204       -1.787843
121.425          -0.030609       -1.753786
121.440          -0.029996       -1.718625
121.455          -0.029363       -1.682371
121.470          -0.028711       -1.645035
121.485          -0.028041       -1.606627
121.500          -0.027352       -1.567159
121.515          -0.026645       -1.526644
121.530          -0.025920       -1.485096
121.545          -0.025177       -1.442527
121.560          -0.024416       -1.398952
121.575          -0.023639       -1.354387
121.590          -0.022844       -1.308847
121.605          -0.022032       -1.262348
121.620          -0.021204       -1.214907
121.635          -0.020360       -1.166541
121.650          -0.019500       -1.117270
121.665          -0.018625       -1.067111
121.680          -0.017734       -1.016083
121.695          -0.016829       -0.964208
121.710          -0.015909       -0.911505
121.725          -0.014975       -0.857996
121.740          -0.014027       -0.803702
121.755          -0.013066       -0.748646
121.770          -0.012093       -0.692851
121.785          -0.011106       -0.636340
121.800          -0.010108       -0.579136
121.815          -0.009098       -0.521266
121.830          -0.008077       -0.462752
121.845          -0.007045       -0.403622
121.860          -0.006002       -0.343901
121.875          -0.004950       -0.283616
121.890          -0.003888       -0.222793
121.905          -0.002818       -0.161460
121.920          -0.001739       -0.099644
121.935          -0.000652       -0.037375
121.950           0.000442        0.025320
121.965           0.001543        0.088412
121.980           0.002651        0.151872
121.995           0.003764        0.215669
122.010           0.004883        0.279774
122.025           0.006007        0.344157
122.040           0.007135        0.408786
122.055           0.008266        0.473632
122.070           0.009401        0.538664
122.085           0.010539        0.603849
122.100           0.011679        0.669158
122.115           0.012820        0.734557
122.130           0.013963        0.800015
122.145           0.015106        0.865501
122.160           0.016249        0.930982
122.175           0.017391        0.996426
122.190           0.018532        1.061801
122.205           0.019671        1.127074
122.220           0.020808        1.192213
122.235           0.021942        1.257186
122.250           0.023073        1.321959
122.265           0.024199        1.386500
122.280           0.025321        1.450778
122.295           0.026438        1.514758
122.310           0.027548        1.578408
122.325           0.028653        1.641697
122.340           0.029751        1.704591
122.355           0.030841        1.767059
122.370           0.031923        1.829067
122.385           0.032997        1.890584
122.400           0.034061        1.951577
122.415           0.035116        2.012015
122.430           0.036161        2.071866
122.445           0.037195        2.131097
122.460           0.038217        2.189678
122.475           0.039228        2.247577
122.490           0.040226        2.304764
122.505           0.041211        2.361206
122.520           0.042182        2.416873
122.535           0.043140        2.471735
122.550           0.044083        2.525762
122.565           0.045011        2.578923
122.580           0.045923        2.631190
122.595           0.046819        2.682532
122.610           0.047698        2.732921
122.625           0.048561        2.782328
122.640           0.049405        2.830725
122.655           0.050232        2.878083
122.670           0.051040        2.924376
122.685           0.051829        2.969576
122.700           0.052598        3.013657
122.715           0.053348        3.056591
122.730           0.054076        3.098355
122.745           0.054785        3.138922
122.760           0.055471        3.178268
122.775           0.056136        3.216368
122.790           0.056779        3.253199
122.805           0.057399        3.288738
122.820           0.057997        3.322963
122.835           0.058571        3.355851
122.850           0.059121        3.387382
122.865           0.059647        3.417536
122.880           0.060149        3.446292
122.895           0.060626        3.473631
122.910           0.061078        3.499535
122.925           0.061505        3.523987
122.940           0.061906        3.546970
122.955           0.062282        3.568468
122.970           0.062631        3.588465
122.985           0.062953        3.606948
123.000           0.063249        3.623904
123.015           0.063518        3.639319
123.030           0.063760        3.653181
123.045           0.063975        3.665482
123.060           0.064162        3.676209
123.075           0.064322        3.685356
123.090           0.064453        3.692913
123.105           0.064558        3.698875
123.120           0.064634        3.703234
123.135           0.064682        3.705988
123.150           0.064702        3.707130
123.165           0.064693        3.706660
123.180           0.064657        3.704576
123.195           0.064592        3.700875
123.210           0.064500        3.695560
123.225           0.064379        3.688632
123.240           0.064230        3.680093
123.255           0.064053        3.669947
123.270           0.063848        3.658199
123.285           0.063615        3.644855
123.300           0.063354        3.629921
123.315           0.063066        3.613407
123.330           0.062750        3.595320
123.345           0.062407        3.575673
123.360           0.062037        3.554475
123.375           0.061640        3.531739
123.390           0.061217        3.507480
123.405           0.060767        3.481712
123.420           0.060292        3.454451
123.435           0.059790        3.425713
123.450           0.059263        3.395517
123.465           0.058711        3.363881
123.480           0.058134        3.330826
123.495           0.057533        3.296372
123.510           0.056907        3.260543
123.525           0.056258        3.223360
123.540           0.055586        3.184848
123.555           0.054891        3.145032
123.570           0.054174        3.103938
123.585           0.053435        3.061593
123.600           0.052674        3.018025
123.615           0.051893        2.973262
123.630           0.051092        2.927334
123.645           0.050270        2.880272
123.660           0.049430        2.832106
123.675           0.048570        2.782870
123.690           0.047693        2.732595
123.705           0.046798        2.681315
123.720           0.045886        2.629064
123.735           0.044958        2.575878
123.750           0.044014        2.521792
123.765           0.043055        2.466842
123.780           0.042081        2.411066
123.795           0.041094        2.354499
123.810           0.040093        2.297182
123.825           0.039081        2.239151
123.840           0.038056        2.180445
123.855           0.037020        2.121105
123.870           0.035974        2.061169
123.885           0.034918        2.000678
123.900           0.033854        1.939672
123.915           0.032781        1.878192
123.930           0.031700        1.816278
123.945           0.030613        1.753972
123.960           0.029519        1.691314
123.975           0.028420        1.628346
123.990           0.027316        1.565110
124.005           0.026209        1.501646
124.020           0.025098        1.437997
124.035           0.023984        1.374203
124.050           0.022869        1.310306
124.065           0.021753        1.246347
124.080           0.020636        1.182367
124.095           0.019520        1.118407
124.110           0.018405        1.054507
124.125           0.017291        0.990707
124.140           0.016180        0.927048
124.155           0.015072        0.863568
124.170           0.013968        0.800307
124.185           0.012868        0.737303
124.200           0.011774        0.674595
124.215           0.010685        0.612220
124.230           0.009603        0.550215
124.245           0.008528        0.488617
124.260           0.007461        0.427461
124.275           0.006402        0.366782
124.290           0.005351        0.306615
124.305           0.004311        0.246993
124.320           0.003280        0.187950
124.335           0.002260        0.129517
124.350           0.001252        0.071726
124.365           0.000255        0.014607
124.380          -0.000730       -0.041811
124.395          -0.001702       -0.097498
124.410          -0.002660       -0.152427
124.425          -0.003605       -0.206571
124.440          -0.004536       -0.259904
124.455          -0.005452       -0.312402
124.470          -0.006354       -0.364040
124.485          -0.007240       -0.414795
124.500          -0.008110       -0.464645
124.515          -0.008963       -0.513570
124.530          -0.009801       -0.561549
124.545          -0.010621       -0.608563
124.560          -0.011425       -0.654595
124.575          -0.012211       -0.699627
124.590          -0.012979       -0.743643
124.605          -0.013729       -0.786628
124.620          -0.014461       -0.828569
124.635          -0.015175       -0.869452
124.650          -0.015870       -0.909265
124.665          -0.016546       -0.947997
124.680          -0.017203       -0.985637
124.695          -0.017840       -1.022178
124.710          -0.018459       -1.057609
124.725          -0.019058       -1.091924
124.740          -0.019637       -1.125116
124.755          -0.020197       -1.157179
124.770          -0.020736       -1.188109
124.785          -0.021256       -1.217901
124.800          -0.021756       -1.246552
124.815          -0.022237       -1.274059
124.830          -0.022697       -1.300420
124.845          -0.023137       -1.325635
124.860          -0.023557       -1.349703
124.875          -0.023957       -1.372625
124.890          -0.024337       -1.394400
124.905          -0.024697       -1.415031
124.920          -0.025037       -1.434520
124.935          -0.025357       -1.452870
124.950          -0.025658       -1.470083
124.965          -0.025938       -1.486164
124.980          -0.026199       -1.501117
124.995          -0.026441       -1.514946
125.010          -0.026663       -1.527658
125.025          -0.026865       -1.539257
125.040          -0.027048       -1.549750
125.055          -0.027212       -1.559143
125.070          -0.027357       -1.567444
125.085          -0.027483       -1.574660
125.100          -0.027590       -1.580798
125.115          -0.027679       -1.585866
125.130          -0.027749       -1.589874
125.145          -0.027800       -1.592829
125.160          -0.027833       -1.594742
125.175          -0.027849       -1.595621
125.190          -0.027846       -1.595476
125.205          -0.027826       -1.594317
125.220          -0.027788       -1.592155
125.235          -0.027733       -1.589000
125.250          -0.027661       -1.584864
125.265          -0.027572       -1.579757
125.280          -0.027466       -1.573691
125.295          -0.027344       -1.566678
125.310          -0.027205       -1.558730
125.325          -0.027050       -1.549859
125.340          -0.026879       -1.540079
125.355          -0.026693       -1.529402
125.370          -0.026491       -1.517842
125.385          -0.026274       -1.505411
125.400          -0.026043       -1.492125
125.415          -0.025796       -1.477997
125.430          -0.025535       -1.463042
125.445          -0.025260       -1.447275
125.460          -0.024971       -1.430710
125.475          -0.024668       -1.413363
125.490          -0.024352       -1.395249
125.505          -0.024022       -1.376386
125.520          -0.023680       -1.356788
125.535          -0.023326       -1.336472
125.550          -0.022959       -1.315456
125.565          -0.022580       -1.293756
125.580          -0.022190       -1.271390
125.595          -0.021788       -1.248375
125.610          -0.021376       -1.224729
125.625          -0.020952       -1.200470
125.640          -0.020518       -1.175616
125.655          -0.020075       -1.150187
125.670          -0.019621       -1.124201
125.685          -0.019158       -1.097676
125.700          -0.018686       -1.070632
125.715          -0.018205       -1.043088
125.730          -0.017716       -1.015064
125.745          -0.017219       -0.986579
125.760          -0.016714       -0.957653
125.775          -0.016202       -0.928305
125.790          -0.015683       -0.898556
125.805          -0.015157       -0.868424
125.820          -0.014625       -0.837931
125.835          -0.014086       -0.807095
125.850          -0.013543       -0.775937
125.865          -0.012994       -0.744476
125.880          -0.012440       -0.712733
125.895          -0.011881       -0.680726
125.910          -0.011318       -0.648475
125.925          -0.010751       -0.616000
125.940          -0.010181       -0.583319
125.955          -0.009607       -0.550452
125.970          -0.009031       -0.517417
125.985          -0.008451       -0.484233
126.000          -0.007870       -0.450919
126.015          -0.007287       -0.417491
126.030          -0.006702       -0.383969
126.045          -0.006115       -0.350369
126.060          -0.005528       -0.316709
126.075          -0.004939       -0.283004
126.090          -0.004351       -0.249273
126.105          -0.003762       -0.215530
126.120          -0.003173       -0.181791
126.135          -0.002584       -0.148072
126.150          -0.001996       -0.114388
126.165          -0.001409       -0.080752
126.180          -0.000823       -0.047180
126.195          -0.000239       -0.013684
126.210           0.000344        0.019722
126.225           0.000925        0.053025
126.240           0.001505        0.086213
126.255           0.002082        0.119273
126.270           0.002656        0.152195
126.285           0.003228        0.184967
126.300           0.003797        0.217577
126.315           0.004364        0.250017
126.330           0.004927        0.282274
126.345           0.005486        0.314340
126.360           0.006042        0.346206
126.375           0.006595        0.377862
126.390           0.007144        0.409299
126.405           0.007688        0.440510
126.420           0.008229        0.471485
126.435           0.008765        0.502217
126.450           0.009297        0.532699
126.465           0.009825        0.562922
126.480           0.010348        0.592880
126.495           0.010866        0.622566
126.510           0.011379        0.651972
126.525           0.011887        0.681093
126.540           0.012390        0.709922
126.555           0.012888        0.738452
126.570           0.013381        0.766677
126.585           0.013868        0.794591
126.600           0.014350        0.822188
126.615           0.014826        0.849462
126.630           0.015296        0.876407
126.645           0.015761        0.903017
126.660           0.016219        0.929287
126.675           0.016672        0.955210
126.690           0.017118        0.980782
126.705           0.017558        1.005996
126.720           0.017992        1.030846
126.735           0.018419        1.055327
126.750           0.018840        1.079434
126.765           0.019254        1.103160
126.780           0.019661        1.126501
126.795           0.020062        1.149450
126.810           0.020455        1.172002
126.825           0.020842        1.194152
126.840           0.021221        1.215894
126.855           0.021594        1.237223
126.870           0.021959        1.258134
126.885           0.022316        1.278621
126.900           0.022666        1.298679
126.915           0.023009        1.318304
126.930           0.023344        1.337490
126.945           0.023671        1.356234
126.960           0.023990        1.374529
126.975           0.024301        1.392372
126.990           0.024605        1.409759
127.005           0.024900        1.426686
127.020           0.025188        1.443149
127.035           0.025467        1.459145
127.050           0.025738        1.474670
127.065           0.026001        1.489722
127.080           0.026255        1.504298
127.095           0.026501        1.518397
127.110           0.026739        1.532015
127.125           0.026968        1.545153
127.140           0.027189        1.557808
127.155           0.027401        1.569980
127.170           0.027605        1.581669
127.185           0.027801        1.592875
127.200           0.027988        1.603599
127.215           0.028167        1.613842
127.230           0.028337        1.623606
127.245           0.028499        1.632892
127.260           0.028653        1.641704
127.275           0.028799        1.650044
127.290           0.028936        1.657916
127.305           0.029065        1.665324
127.320           0.029187        1.672274
127.335           0.029300        1.678769
127.350           0.029406        1.684815
127.365           0.029503        1.690420
127.380           0.029594        1.695588
127.395           0.029676        1.700329
127.410           0.029752        1.704648
127.425           0.029820        1.708554
127.440           0.029881        1.712056
127.455           0.029935        1.715163
127.470           0.029983        1.717883
127.485           0.030024        1.720227
127.500           0.030058        1.722204
127.515           0.030086        1.723826
127.530           0.030109        1.725103
127.545           0.030125        1.726046
127.560           0.030136        1.726667
127.575           0.030141        1.726976
127.590           0.030142        1.726987
127.605           0.030137        1.726711
127.620           0.030127        1.726160
127.635           0.030113        1.725347
127.650           0.030094        1.724284
127.665           0.030072        1.722983
127.680           0.030045        1.721459
127.695           0.030015        1.719722
127.710           0.029981        1.717786
127.725           0.029944        1.715663
127.740           0.029904        1.713366
127.755           0.029861        1.710907
127.770           0.029815        1.708299
127.785           0.029768        1.705553
127.800           0.029717        1.702681
127.815           0.029665        1.699695
127.830           0.029611        1.696607
127.845           0.029556        1.693427
127.860           0.029499        1.690166
127.875           0.029441        1.686834
127.890           0.029382        1.683442
127.905           0.029322        1.680000
127.920           0.029261        1.676516
127.935           0.029199        1.672999
127.950           0.029138        1.669457
127.965           0.029075        1.665900
127.980           0.029013        1.662332
127.995           0.028951        1.658763
128.010           0.028889        1.655197
128.025           0.028827        1.651641
128.040           0.028765        1.648100
128.055           0.028703        1.644577
128.070           0.028642        1.641079
128.085           0.028582        1.637606
128.100           0.028522        1.634163
128.115           0.028462        1.630752
128.130           0.028403        1.627373
128.145           0.028345        1.624028
128.160           0.028287        1.620718
128.175           0.028230        1.617441
128.190           0.028173        1.614196
128.205           0.028117        1.610983
128.220           0.028061        1.607798
128.235           0.028006        1.604638
128.250           0.027951        1.601501
128.265           0.027897        1.598381
128.280           0.027843        1.595273
128.295           0.027789        1.592174
128.310           0.027735        1.589075
128.325           0.027680        1.585970
128.340           0.027626        1.582853
128.355           0.027571        1.579714
128.370           0.027516        1.576546
128.385           0.027460        1.573340
128.400           0.027403        1.570086
128.415           0.027345        1.566773
128.430           0.027286        1.563391
128.445           0.027226        1.559930
128.460           0.027164        1.556376
128.475           0.027100        1.552719
128.490           0.027034        1.548945
128.505           0.026966        1.545042
128.520           0.026895        1.540995
128.535           0.026822        1.536793
128.550           0.026746        1.532419
128.565           0.026666        1.527860
128.580           0.026583        1.523100
128.595           0.026496        1.518126
128.610           0.026405        1.512920
128.625           0.026310        1.507469
128.640           0.026211        1.501755
128.655           0.026106        1.495764
128.670           0.025996        1.489478
128.685           0.025881        1.482882
128.700           0.025760        1.475959
128.715           0.025634        1.468692
128.730           0.025500        1.461066
128.745           0.025361        1.453064
128.760           0.025214        1.444669
128.775           0.025061        1.435864
128.790           0.024899        1.426635
128.805           0.024731        1.416964
128.820           0.024554        1.406835
128.835           0.024369        1.396234
128.850           0.024175        1.385143
128.865           0.023973        1.373548
128.880           0.023761        1.361433
128.895           0.023541        1.348784
128.910           0.023310        1.335587
128.925           0.023070        1.321827
128.940           0.022820        1.307490
128.955           0.022560        1.292564
128.970           0.022288        1.277036
128.985           0.022007        1.260893
129.000           0.021714        1.244124
129.015           0.021410        1.226717
129.030           0.021095        1.208662
129.045           0.020769        1.189948
129.060           0.020430        1.170567
129.075           0.020080        1.150509
129.090           0.019718        1.129766
129.105           0.019344        1.108331
129.120           0.018958        1.086197
129.135           0.018559        1.063357
129.150           0.018148        1.039806
129.165           0.017725        1.015539
129.180           0.017288        0.990553
129.195           0.016840        0.964844
129.210           0.016378        0.938410
129.225           0.015904        0.911248
129.240           0.015418        0.883358
129.255           0.014918        0.854739
129.270           0.014406        0.825392
129.285           0.013881        0.795319
129.300           0.013343        0.764521
129.315           0.012793        0.733000
129.330           0.012231        0.700761
129.345           0.011655        0.667807
129.360           0.011068        0.634143
129.375           0.010468        0.599776
129.390           0.009856        0.564710
129.405           0.009232        0.528954
129.420           0.008596        0.492514
129.435           0.007948        0.455400
129.450           0.007289        0.417619
129.465           0.006618        0.379181
129.480           0.005936        0.340097
129.495           0.005243        0.300377
129.510           0.004538        0.260032
129.525           0.003824        0.219074
129.540           0.003098        0.177515
129.555           0.002363        0.135368
129.570           0.001617        0.092645
129.585           0.000862        0.049361
129.600           0.000096        0.005529
129.615          -0.000678       -0.038837
129.630          -0.001461       -0.083721
129.645          -0.002253       -0.129109
129.660          -0.003054       -0.174986
129.675          -0.003863       -0.221335
129.690          -0.004680       -0.268142
129.705          -0.005505       -0.315389
129.720          -0.006337       -0.363061
129.735          -0.007176       -0.411140
129.750          -0.008022       -0.459611
129.765          -0.008874       -0.508457
129.780          -0.009733       -0.557660
129.795          -0.010598       -0.607203
129.810          -0.011468       -0.657069
129.825          -0.012344       -0.707241
129.840          -0.013224       -0.757700
129.855          -0.014110       -0.808431
129.870          -0.015000       -0.859414
129.885          -0.015894       -0.910633
129.900          -0.016791       -0.962070
129.915          -0.017693       -1.013707
129.930          -0.018597       -1.065526
129.945          -0.019504       -1.117510
129.960          -0.020414       -1.169641
129.975          -0.021326       -1.221901
129.990          -0.022240       -1.274273
130.005          -0.023156       -1.326738
130.020          -0.024073       -1.379280
130.035          -0.024991       -1.431880
130.050          -0.025910       -1.484521
130.065          -0.026829       -1.537186
130.080          -0.027748       -1.589856
130.095          -0.028667       -1.642514
130.110          -0.029586       -1.695143
130.125          -0.030504       -1.747724
130.140          -0.031420       -1.800242
130.155          -0.032335       -1.852677
130.170          -0.033249       -1.905013
130.185          -0.034160       -1.957232
130.200          -0.035069       -2.009318
130.215          -0.035976       -2.061252
130.230          -0.036879       -2.113017
130.245          -0.037779       -2.164596
130.260          -0.038676       -2.215973
130.275          -0.039569       -2.267129
130.290          -0.040458       -2.318048
130.305          -0.041342       -2.368713
130.320          -0.042221       -2.419106
130.335          -0.043096       -2.469211
130.350          -0.043965       -2.519011
130.365          -0.044829       -2.568490
130.380          -0.045686       -2.617630
130.395          -0.046538       -2.666416
130.410          -0.047383       -2.714830
130.425          -0.048221       -2.762856
130.440          -0.049052       -2.810479
130.455          -0.049876       -2.857682
130.470          -0.050692       -2.904450
130.485          -0.051501       -2.950766
130.500          -0.052301       -2.996615
130.515          -0.053093       -3.041983
130.530          -0.053876       -3.086853
130.545          -0.054650       -3.131212
130.560          -0.055415       -3.175044
130.575          -0.056171       -3.218335
130.590          -0.056916       -3.261071
130.605          -0.057652       -3.303238
130.620          -0.058378       -3.344824
130.635          -0.059094       -3.385814
130.650          -0.059798       -3.426197
130.665          -0.060492       -3.465959
130.680          -0.061175       -3.505090
130.695          -0.061847       -3.543576
130.710          -0.062507       -3.581407
130.725          -0.063156       -3.618573
130.740          -0.063793       -3.655062
130.755          -0.064418       -3.690866
130.770          -0.065031       -3.725974
130.785          -0.065631       -3.760378
130.800          -0.066219       -3.794069
130.815          -0.066794       -3.827039
130.830          -0.067357       -3.859282
130.845          -0.067907       -3.890790
130.860          -0.068444       -3.921556
130.875          -0.068968       -3.951575
130.890          -0.069479       -3.980842
130.905          -0.069976       -4.009352
130.920          -0.070461       -4.037100
130.935          -0.070932       -4.064083
130.950          -0.071389       -4.090298
130.965          -0.071833       -4.115743
130.980          -0.072264       -4.140415
130.995          -0.072681       -4.164312
131.010          -0.073085       -4.187435
131.025          -0.073475       -4.209782
131.040          -0.073851       -4.231353
131.055          -0.074214       -4.252150
131.070          -0.074563       -4.272173
131.085          -0.074899       -4.291424
131.100          -0.075222       -4.309905
131.115          -0.075531       -4.327619
131.130          -0.075827       -4.344568
131.145          -0.076110       -4.360756
131.160          -0.076379       -4.376188
131.175          -0.076635       -4.390867
131.190          -0.076878       -4.404798
131.205          -0.077108       -4.417987
131.220          -0.077326       -4.430438
131.235          -0.077530       -4.442157
131.250          -0.077722       -4.453151
131.265          -0.077901       -4.463426
131.280          -0.078068       -4.472989
131.295          -0.078223       -4.481847
131.310          -0.078365       -4.490006
131.325          -0.078496       -4.497475
131.340          -0.078614       -4.504261
131.355          -0.078721       -4.510372
131.370          -0.078816       -4.515815
131.385          -0.078899       -4.520600
131.400          -0.078971       -4.524734
131.415          -0.079032       -4.528225
131.430          -0.079082       -4.531082
131.445          -0.079121       -4.533313
131.460          -0.079149       -4.534927
131.475          -0.079167       -4.535933
131.490          -0.079174       -4.536338
131.505          -0.079171       -4.536152
131.520          -0.079157       -4.535383
131.535          -0.079134       -4.534039
131.550          -0.079101       -4.532129
131.565          -0.079057       -4.529660
131.580          -0.079005       -4.526641
131.595          -0.078943       -4.523080
131.610          -0.078871       -4.518985
131.625          -0.078790       -4.514363
131.640          -0.078701       -4.509221
131.655          -0.078602       -4.503568
131.670          -0.078495       -4.497410
131.685          -0.078378       -4.490753
131.700          -0.078254       -4.483606
131.715          -0.078120       -4.475972
131.730          -0.077979       -4.467860
131.745          -0.077829       -4.459275
131.760          -0.077671       -4.450221
131.775          -0.077505       -4.440705
131.790          -0.077331       -4.430731
131.805          -0.077149       -4.420303
131.820          -0.076959       -4.409426
131.835          -0.076761       -4.398104
131.850          -0.076556       -4.386339
131.865          -0.076343       -4.374136
131.880          -0.076122       -4.361496
131.895          -0.075894       -4.348422
131.910          -0.075659       -4.334916
131.925          -0.075415       -4.320979
131.940          -0.075165       -4.306612
131.955          -0.074906       -4.291816
131.970          -0.074641       -4.276591
131.985          -0.074367       -4.260936
132.000          -0.074087       -4.244851
132.015          -0.073798       -4.228335
132.030          -0.073503       -4.211385
132.045          -0.073199       -4.194000
132.060          -0.072888       -4.176178
132.075          -0.072569       -4.157914
132.090          -0.072243       -4.139206
132.105          -0.071908       -4.120049
132.120          -0.071566       -4.100440
132.135          -0.071216       -4.080372
132.150          -0.070858       -4.059841
132.165          -0.070491       -4.038841
132.180          -0.070116       -4.017365
132.195          -0.069733       -3.995407
132.210          -0.069341       -3.972960
132.225          -0.068941       -3.950015
132.240          -0.068531       -3.926565
132.255          -0.068113       -3.902601
132.270          -0.067686       -3.878115
132.285          -0.067249       -3.853097
132.300          -0.066803       -3.827537
132.315          -0.066347       -3.801426
132.330          -0.065882       -3.774753
132.345          -0.065406       -3.747508
132.360          -0.064921       -3.719680
132.375          -0.064425       -3.691257
132.390          -0.063918       -3.662228
132.405          -0.063400       -3.632581
132.420          -0.062872       -3.602304
132.435          -0.062332       -3.571386
132.450          -0.061781       -3.539814
132.465          -0.061219       -3.507576
132.480          -0.060644       -3.474659
132.495          -0.060058       -3.441051
132.510          -0.059459       -3.406739
132.525          -0.058847       -3.371711
132.540          -0.058223       -3.335953
132.555          -0.057586       -3.299455
132.570          -0.056936       -3.262202
132.585          -0.056273       -3.224184
132.600          -0.055595       -3.185387
132.615          -0.054905       -3.145800
132.630          -0.054200       -3.105412
132.645          -0.053481       -3.064210
132.660          -0.052747       -3.022185
132.675          -0.051999       -2.979324
132.690          -0.051236       -2.935618
132.705          -0.050458       -2.891056
132.720          -0.049666       -2.845630
132.735          -0.048858       -2.799329
132.750          -0.048034       -2.752146
132.765          -0.047195       -2.704072
132.780          -0.046340       -2.655099
132.795          -0.045470       -2.605222
132.810          -0.044583       -2.554433
132.825          -0.043681       -2.502726
132.840          -0.042762       -2.450098
132.855          -0.041828       -2.396544
132.870          -0.040877       -2.342059
132.885          -0.039909       -2.286642
132.900          -0.038926       -2.230290
132.915          -0.037926       -2.173002
132.930          -0.036910       -2.114778
132.945          -0.035877       -2.055617
132.960          -0.034828       -1.995523
132.975          -0.033763       -1.934495
132.990          -0.032682       -1.872538
133.005          -0.031584       -1.809655
133.020          -0.030471       -1.745851
133.035          -0.029341       -1.681132
133.050          -0.028196       -1.615504
133.065          -0.027035       -1.548974
133.080          -0.025858       -1.481552
133.095          -0.024666       -1.413246
133.110          -0.023458       -1.344066
133.125          -0.022236       -1.274024
133.140          -0.020999       -1.203131
133.155          -0.019747       -1.131401
133.170          -0.018480       -1.058847
133.185          -0.017200       -0.985484
133.200          -0.015906       -0.911327
133.215          -0.014598       -0.836393
133.230          -0.013277       -0.760699
133.245          -0.011943       -0.684263
133.260          -0.010596       -0.607104
133.275          -0.009237       -0.529242
133.290          -0.007866       -0.450697
133.305          -0.006484       -0.371490
133.320          -0.005090       -0.291644
133.335          -0.003686       -0.211181
133.350          -0.002271       -0.130124
133.365          -0.000846       -0.048499
133.380           0.000588        0.033671
133.395           0.002031        0.116360
133.410           0.003483        0.199541
133.425           0.004943        0.283189
133.440           0.006410        0.367276
133.455           0.007885        0.451773
133.470           0.009366        0.536654
133.485           0.010854        0.621888
133.500           0.012347        0.707446
133.515           0.013846        0.793300
133.530           0.015349        0.879418
133.545           0.016856        0.965770
133.560           0.018367        1.052325
133.575           0.019880        1.139052
133.590           0.021396        1.225919
133.605           0.022914        1.312894
133.620           0.024434        1.399945
133.635           0.025954        1.487039
133.650           0.027474        1.574145
133.665           0.028994        1.661229
133.680           0.030513        1.748258
133.695           0.032030        1.835200
133.710           0.033546        1.922020
133.725           0.035058        2.008686
133.740           0.036568        2.095165
133.755           0.038073        2.181422
133.770           0.039574        2.267426
133.785           0.041070        2.353142
133.800           0.042561        2.438537
133.815           0.044045        2.523579
133.830           0.045522        2.608234
133.845           0.046992        2.692469
133.860           0.048455        2.776251
133.875           0.049909        2.859549
133.890           0.051353        2.942330
133.905           0.052789        3.024561
133.920           0.054214        3.106212
133.935           0.055628        3.187250
133.950           0.057031        3.267644
133.965           0.058423        3.347365
133.980           0.059802        3.426380
133.995           0.061168        3.504661
134.010           0.062521        3.582177
134.025           0.063860        3.658900
134.040           0.065185        3.734801
134.055           0.066494        3.809851
134.070           0.067789        3.884024
134.085           0.069068        3.957291
134.100           0.070330        4.029627
134.115           0.071576        4.101006
134.130           0.072805        4.171401
134.145           0.074016        4.240789
134.160           0.075209        4.309145
134.175           0.076383        4.376445
134.190           0.077539        4.442668
134.205           0.078676        4.507791
134.220           0.079793        4.571793
134.235           0.080890        4.634652
134.250           0.081967        4.696350
134.265           0.083023        4.756867
134.280           0.084058        4.816184
134.295           0.085072        4.874285
134.310           0.086065        4.931151
134.325           0.087036        4.986768
134.340           0.087984        5.041120
134.355           0.088910        5.094193
134.370           0.089814        5.145972
134.385           0.090695        5.196446
134.400           0.091553        5.245602
134.415           0.092388        5.293429
134.430           0.093199        5.339917
134.445           0.093987        5.385056
134.460           0.094751        5.428838
134.475           0.095491        5.471254
134.490           0.096208        5.512297
134.505           0.096900        5.551962
134.520           0.097568        5.590242
134.535           0.098212        5.627133
134.550           0.098832        5.662631
134.565           0.099427        5.696732
134.580           0.099998        5.729435
134.595           0.100544        5.760737
134.610           0.101066        5.790638
134.625           0.101563        5.819137
134.640           0.102036        5.846235
134.655           0.102485        5.871932
134.670           0.102909        5.896230
134.685           0.103308        5.919132
134.700           0.103684        5.940641
134.715           0.104035        5.960760
134.730           0.104362        5.979494
134.745           0.104665        5.996847
134.760           0.104944        6.012825
134.775           0.105199        6.027433
134.790           0.105430        6.040677
134.805           0.105637        6.052566
134.820           0.105821        6.063105
134.835           0.105982        6.072303
134.850           0.106119        6.080168
134.865           0.106233        6.086709
134.880           0.106324        6.091934
134.895           0.106393        6.095854
134.910           0.106438        6.098477
134.925           0.106462        6.099814
134.940           0.106463        6.099875
134.955           0.106442        6.098671
134.970           0.106399        6.096213
134.985           0.106334        6.092513
135.000           0.106248        6.087582
135.015           0.106141        6.081431
135.030           0.106013        6.074073
135.045           0.105863        6.065521
135.060           0.105693        6.055786
135.075           0.105503        6.044881
135.090           0.105293        6.032820
135.105           0.105062        6.019615
135.120           0.104812        6.005279
135.135           0.104542        5.989827
135.150           0.104253        5.973270
135.165           0.103945        5.955624
135.180           0.103618        5.936902
135.195           0.103273        5.917117
135.210           0.102910        5.896285
135.225           0.102528        5.874418
135.240           0.102129        5.851532
135.255           0.101712        5.827641
135.270           0.101277        5.802759
135.285           0.100826        5.776901
135.300           0.100358        5.750082
135.315           0.099873        5.722316
135.330           0.099372        5.693618
135.345           0.098855        5.664003
135.360           0.098323        5.633486
135.375           0.097775        5.602083
135.390           0.097211        5.569808
135.405           0.096633        5.536677
135.420           0.096040        5.502705
135.435           0.095433        5.467907
135.450           0.094811        5.432299
135.465           0.094176        5.395896
135.480           0.093527        5.358714
135.495           0.092865        5.320768
135.510           0.092190        5.282075
135.525           0.091501        5.242649
135.540           0.090801        5.202506
135.555           0.090088        5.161663
135.570           0.089363        5.120134
135.585           0.088627        5.077936
135.600           0.087879        5.035084
135.615           0.087120        4.991594
135.630           0.086350        4.947481
135.645           0.085569        4.902763
135.660           0.084779        4.857453
135.675           0.083978        4.811569
135.690           0.083167        4.765125
135.705           0.082347        4.718137
135.720           0.081518        4.670621
135.735           0.080679        4.622593
135.750           0.079833        4.574067
135.765           0.078977        4.525059
135.780           0.078114        4.475585
135.795           0.077242        4.425659
135.810           0.076363        4.375297
135.825           0.075477        4.324514
135.840           0.074584        4.273324
135.855           0.073683        4.221743
135.870           0.072776        4.169784
135.885           0.071863        4.117463
135.900           0.070944        4.064793
135.915           0.070019        4.011789
135.930           0.069088        3.958465
135.945           0.068152        3.904834
135.960           0.067211        3.850911
135.975           0.066265        3.796708
135.990           0.065314        3.742239
136.005           0.064359        3.687517
136.020           0.063400        3.632555
136.035           0.062437        3.577366
136.050           0.061470        3.521961
136.065           0.060499        3.466354
136.080           0.059525        3.410555
136.095           0.058548        3.354578
136.110           0.057569        3.298433
136.125           0.056586        3.242132
136.140           0.055601        3.185687
136.155           0.054613        3.129107
136.170           0.053624        3.072404
136.185           0.052632        3.015589
136.200           0.051639        2.958670
136.215           0.050644        2.901660
136.230           0.049647        2.844567
136.245           0.048649        2.787400
136.260           0.047650        2.730171
136.275           0.046651        2.672887
136.290           0.045650        2.615557
136.305           0.044649        2.558192
136.320           0.043647        2.500798
136.335           0.042645        2.443386
136.350           0.041643        2.385962
136.365           0.040641        2.328536
136.380           0.039638        2.271114
136.395           0.038636        2.213706
136.410           0.037635        2.156318
136.425           0.036634        2.098958
136.440           0.035633        2.041633
136.455           0.034633        1.984351
136.470           0.033635        1.927119
136.485           0.032637        1.869944
136.500           0.031640        1.812832
136.515           0.030644        1.755791
136.530           0.029650        1.698827
136.545           0.028657        1.641947
136.560           0.027666        1.585157
136.575           0.026677        1.528463
136.590           0.025689        1.471873
136.605           0.024703        1.415392
136.620           0.023719        1.359026
136.635           0.022738        1.302782
136.650           0.021758        1.246666
136.665           0.020781        1.190683
136.680           0.019807        1.134841
136.695           0.018835        1.079145
136.710           0.017865        1.023600
136.725           0.016899        0.968214
136.740           0.015935        0.912991
136.755           0.014974        0.857938
136.770           0.014016        0.803061
136.785           0.013061        0.748365
136.800           0.012110        0.693857
136.815           0.011162        0.639542
136.830           0.010218        0.585426
136.845           0.009277        0.531515
136.860           0.008339        0.477815
136.875           0.007406        0.424331
136.890           0.006476        0.371071
136.905           0.005551        0.318039
136.920           0.004629        0.265241
136.935           0.003712        0.212684
136.950           0.002799        0.160372
136.965           0.001890        0.108313
136.980           0.000986        0.056513
136.995           0.000087        0.004976
137.010          -0.000808       -0.046291
137.025          -0.001698       -0.097282
137.040          -0.002583       -0.147991
137.055          -0.003463       -0.198412
137.070          -0.004338       -0.248539
137.085          -0.005207       -0.298367
137.100          -0.006072       -0.347888
137.115          -0.006931       -0.397097
137.130          -0.007784       -0.445989
137.145          -0.008632       -0.494556
137.160          -0.009474       -0.542793
137.175          -0.010310       -0.590694
137.190          -0.011140       -0.638253
137.205          -0.011964       -0.685464
137.220          -0.012781       -0.732320
137.235          -0.013593       -0.778816
137.250          -0.014398       -0.824945
137.265          -0.015197       -0.870702
137.280          -0.015989       -0.916081
137.295          -0.016774       -0.961075
137.310          -0.017552       -1.005678
137.325          -0.018324       -1.049886
137.340          -0.019088       -1.093690
137.355          -0.019846       -1.137087
137.370          -0.020596       -1.180069
137.385          -0.021339       -1.222632
137.400          -0.022074       -1.264768
137.415          -0.022802       -1.306474
137.430          -0.023523       -1.347742
137.445          -0.024235       -1.388567
137.460          -0.024940       -1.428944
137.475          -0.025637       -1.468867
137.490          -0.026325       -1.508331
137.505          -0.027006       -1.547330
137.520          -0.027678       -1.585860
137.535          -0.028343       -1.623915
137.550          -0.028998       -1.661490
137.565          -0.029646       -1.698581
137.580          -0.030285       -1.735182
137.595          -0.030915       -1.771290
137.610          -0.031536       -1.806899
137.625          -0.032149       -1.842006
137.640          -0.032753       -1.876606
137.655          -0.033348       -1.910696
137.670          -0.033934       -1.944271
137.685          -0.034511       -1.977329
137.700          -0.035079       -2.009865
137.715          -0.035637       -2.041878
137.730          -0.036187       -2.073363
137.745          -0.036727       -2.104319
137.760          -0.037258       -2.134743
137.775          -0.037780       -2.164632
137.790          -0.038292       -2.193986
137.805          -0.038795       -2.222803
137.820          -0.039289       -2.251080
137.835          -0.039773       -2.278819
137.850          -0.040248       -2.306017
137.865          -0.040713       -2.332674
137.880          -0.041169       -2.358791
137.895          -0.041615       -2.384368
137.910          -0.042052       -2.409405
137.925          -0.042480       -2.433905
137.940          -0.042898       -2.457867
137.955          -0.043307       -2.481293
137.970          -0.043706       -2.504187
137.985          -0.044097       -2.526551
138.000          -0.044478       -2.548386
138.015          -0.044850       -2.569698
138.030          -0.045213       -2.590489
138.045          -0.045566       -2.610763
138.060          -0.045911       -2.630525
138.075          -0.046247       -2.649780
138.090          -0.046575       -2.668534
138.105          -0.046893       -2.686791
138.120          -0.047203       -2.704557
138.135          -0.047505       -2.721841
138.150          -0.047798       -2.738647
138.165          -0.048084       -2.754984
138.180          -0.048361       -2.770859
138.195          -0.048630       -2.786280
138.210          -0.048891       -2.801256
138.225          -0.049145       -2.815794
138.240          -0.049391       -2.829906
138.255          -0.049630       -2.843599
138.270          -0.049862       -2.856884
138.285          -0.050087       -2.869771
138.300          -0.050305       -2.882270
138.315          -0.050517       -2.894393
138.330          -0.050722       -2.906151
138.345          -0.050921       -2.917554
138.360          -0.051114       -2.928615
138.375          -0.051301       -2.939346
138.390          -0.051483       -2.949760
138.405          -0.051659       -2.959868
138.420          -0.051831       -2.969683
138.435          -0.051997       -2.979219
138.450          -0.052159       -2.988489
138.465          -0.052316       -2.997506
138.480          -0.052470       -3.006283
138.495          -0.052619       -3.014836
138.510          -0.052764       -3.023176
138.525          -0.052907       -3.031320
138.540          -0.053045       -3.039280
138.555          -0.053181       -3.047070
138.570          -0.053315       -3.054707
138.585          -0.053446       -3.062202
138.600          -0.053574       -3.069572
138.615          -0.053701       -3.076830
138.630          -0.053826       -3.083991
138.645          -0.053949       -3.091070
138.660          -0.054072       -3.098080
138.675          -0.054193       -3.105036
138.690          -0.054314       -3.111953
138.705          -0.054434       -3.118844
138.720          -0.054554       -3.125723
138.735          -0.054674       -3.132605
138.750          -0.054795       -3.139503
138.765          -0.054916       -3.146431
138.780          -0.055037       -3.153402
138.795          -0.055160       -3.160430
138.810          -0.055284       -3.167526
138.825          -0.055409       -3.174705
138.840          -0.055536       -3.181978
138.855          -0.055665       -3.189358
138.870          -0.055796       -3.196856
138.885          -0.055929       -3.204484
138.900          -0.056064       -3.212254
138.915          -0.056203       -3.220175
138.930          -0.056344       -3.228258
138.945          -0.056488       -3.236514
138.960          -0.056635       -3.244952
138.975          -0.056786       -3.253581
138.990          -0.056940       -3.262410
139.005          -0.057098       -3.271447
139.020          -0.057259       -3.280700
139.035          -0.057424       -3.290176
139.050          -0.057594       -3.299882
139.065          -0.057767       -3.309824
139.080          -0.057945       -3.320008
139.095          -0.058127       -3.330439
139.110          -0.058314       -3.341121
139.125          -0.058504       -3.352059
139.140          -0.058700       -3.363256
139.155          -0.058900       -3.374715
139.170          -0.059104       -3.386437
139.185          -0.059314       -3.398425
139.200          -0.059528       -3.410680
139.215          -0.059746       -3.423201
139.230          -0.059969       -3.435989
139.245          -0.060197       -3.449042
139.260          -0.060430       -3.462358
139.275          -0.060667       -3.475937
139.290          -0.060908       -3.489773
139.305          -0.061154       -3.503865
139.320          -0.061404       -3.518207
139.335          -0.061659       -3.532795
139.350          -0.061918       -3.547623
139.365          -0.062181       -3.562685
139.380          -0.062447       -3.577974
139.395          -0.062718       -3.593482
139.410          -0.062992       -3.609202
139.425          -0.063270       -3.625124
139.440          -0.063552       -3.641239
139.455          -0.063836       -3.657538
139.470          -0.064124       -3.674008
139.485          -0.064414       -3.690640
139.500          -0.064707       -3.707422
139.515          -0.065002       -3.724340
139.530          -0.065299       -3.741383
139.545          -0.065599       -3.758536
139.560          -0.065900       -3.775787
139.575          -0.066202       -3.793119
139.590          -0.066506       -3.810519
139.605          -0.066811       -3.827972
139.620          -0.067116       -3.845461
139.635          -0.067422       -3.862970
139.650          -0.067727       -3.880482
139.665          -0.068033       -3.897982
139.680          -0.068338       -3.915451
139.695          -0.068642       -3.932871
139.710          -0.068944       -3.950226
139.725          -0.069246       -3.967497
139.740          -0.069546       -3.984666
139.755          -0.069843       -4.001713
139.770          -0.070138       -4.018621
139.785          -0.070430       -4.035370
139.800          -0.070720       -4.051942
139.815          -0.071006       -4.068317
139.830          -0.071288       -4.084476
139.845          -0.071565       -4.100401
139.860          -0.071839       -4.116071
139.875          -0.072108       -4.131467
139.890          -0.072371       -4.146571
139.905          -0.072629       -4.161363
139.920          -0.072882       -4.175825
139.935          -0.073128       -4.189937
139.950          -0.073368       -4.203681
139.965          -0.073601       -4.217038
139.980          -0.073827       -4.229990
139.995          -0.074046       -4.242518
140.010          -0.074257       -4.254605
140.025          -0.074460       -4.266233
140.040          -0.074654       -4.277385
140.055          -0.074840       -4.288044
140.070          -0.075018       -4.298193
140.085          -0.075186       -4.307815
140.100          -0.075344       -4.316894
140.115          -0.075493       -4.325416
140.130          -0.075631       -4.333363
140.145          -0.075760       -4.340723
140.160          -0.075878       -4.347479
140.175          -0.075985       -4.353618
140.190          -0.076081       -4.359127
140.205          -0.076166       -4.363992
140.220          -0.076239       -4.368200
140.235          -0.076301       -4.371739
140.250          -0.076351       -4.374597
140.265          -0.076389       -4.376763
140.280          -0.076414       -4.378226
140.295          -0.076428       -4.378975
140.310          -0.076428       -4.379000
140.325          -0.076416       -4.378292
140.340          -0.076390       -4.376841
140.355          -0.076352       -4.374639
140.370          -0.076300       -4.371678
140.385          -0.076235       -4.367949
140.400          -0.076157       -4.363446
140.415          -0.076064       -4.358162
140.430          -0.075958       -4.352090
140.445          -0.075838       -4.345223
140.460          -0.075705       -4.337557
140.475          -0.075557       -4.329086
140.490          -0.075395       -4.319805
140.505          -0.075219       -4.309710
140.520          -0.075028       -4.298796
140.535          -0.074823       -4.287059
140.550          -0.074604       -4.274497
140.565          -0.074370       -4.261105
140.580          -0.074122       -4.246881
140.595          -0.073859       -4.231823
140.610          -0.073582       -4.215927
140.625          -0.073290       -4.199193
140.640          -0.072983       -4.181617
140.655          -0.072662       -4.163199
140.670          -0.072325       -4.143937
140.685          -0.071974       -4.123830
140.700          -0.071609       -4.102877
140.715          -0.071228       -4.081077
140.730          -0.070833       -4.058430
140.745          -0.070423       -4.034934
140.760          -0.069998       -4.010590
140.775          -0.069558       -3.985398
140.790          -0.069104       -3.959356
140.805          -0.068634       -3.932466
140.820          -0.068150       -3.904727
140.835          -0.067651       -3.876140
140.850          -0.067138       -3.846703
140.865          -0.066609       -3.816419
140.880          -0.066066       -3.785287
140.895          -0.065508       -3.753307
140.910          -0.064935       -3.720480
140.925          -0.064347       -3.686806
140.940          -0.063744       -3.652285
140.955          -0.063127       -3.616919
140.970          -0.062495       -3.580707
140.985          -0.061848       -3.543651
141.000          -0.061187       -3.505750
141.015          -0.060511       -3.467005
141.030          -0.059820       -3.427417
141.045          -0.059114       -3.386986
141.060          -0.058394       -3.345713
141.075          -0.057659       -3.303599
141.090          -0.056909       -3.260644
141.105          -0.056145       -3.216850
141.120          -0.055366       -3.172216
141.135          -0.054572       -3.126744
141.150          -0.053764       -3.080434
141.165          -0.052941       -3.033289
141.180          -0.052103       -2.985308
141.195          -0.051251       -2.936493
141.210          -0.050385       -2.886845
141.225          -0.049504       -2.836367
141.240          -0.048608       -2.785059
141.255          -0.047699       -2.732923
141.270          -0.046774       -2.679962
141.285          -0.045835       -2.626178
141.300          -0.044882       -2.571573
141.315          -0.043915       -2.516149
141.330          -0.042934       -2.459911
141.345          -0.041938       -2.402861
141.360          -0.040928       -2.345002
141.375          -0.039904       -2.286339
141.390          -0.038866       -2.226876
141.405          -0.037815       -2.166617
141.420          -0.036749       -2.105568
141.435          -0.035670       -2.043735
141.450          -0.034577       -1.981122
141.465          -0.033471       -1.917737
141.480          -0.032351       -1.853586
141.495          -0.031218       -1.788677
141.510          -0.030072       -1.723018
141.525          -0.028913       -1.656618
141.540          -0.027742       -1.589484
141.555          -0.026557       -1.521628
141.570          -0.025361       -1.453059
141.585          -0.024152       -1.383789
141.600          -0.022931       -1.313828
141.615          -0.021698       -1.243190
141.630          -0.020453       -1.171887
141.645          -0.019197       -1.099932
141.660          -0.017930       -1.027341
141.675          -0.016653       -0.954128
141.690          -0.015364       -0.880309
141.705          -0.014066       -0.805901
141.720          -0.012757       -0.730921
141.735          -0.011439       -0.655386
141.750          -0.010111       -0.579316
141.765          -0.008774       -0.502731
141.780          -0.007429       -0.425650
141.795          -0.006075       -0.348094
141.810          -0.004714       -0.270085
141.825          -0.003345       -0.191647
141.840          -0.001969       -0.112801
141.855          -0.000586       -0.033572
141.870           0.000803        0.046016
141.885           0.002198        0.125937
141.900           0.003598        0.206166
141.915           0.005003        0.286676
141.930           0.006413        0.367439
141.945           0.007827        0.448429
141.960           0.009244        0.529616
141.975           0.010663        0.610973
141.990           0.012086        0.692469
142.005           0.013510        0.774075
142.020           0.014936        0.855761
142.035           0.016362        0.937496
142.050           0.017789        1.019250
142.065           0.019216        1.100991
142.080           0.020642        1.182687
142.095           0.022066        1.264307
142.110           0.023489        1.345819
142.125           0.024909        1.427192
142.140           0.026326        1.508392
142.155           0.027740        1.589388
142.170           0.029150        1.670148
142.185           0.030554        1.750639
142.200           0.031954        1.830830
142.215           0.033348        1.910689
142.230           0.034735        1.990185
142.245           0.036116        2.069285
142.260           0.037489        2.147959
142.275           0.038854        2.226176
142.290           0.040211        2.303907
142.305           0.041558        2.381120
142.320           0.042896        2.457788
142.335           0.044225        2.533880
142.350           0.045542        2.609369
142.365           0.046849        2.684228
142.380           0.048144        2.758428
142.395           0.049427        2.831945
142.410           0.050697        2.904752
142.425           0.051955        2.976825
142.440           0.053200        3.048140
142.455           0.054431        3.118673
142.470           0.055648        3.188404
142.485           0.056851        3.257309
142.500           0.058039        3.325370
142.515           0.059211        3.392566
142.530           0.060369        3.458879
142.545           0.061510        3.524291
142.560           0.062636        3.588786
142.575           0.063746        3.652349
142.590           0.064838        3.714965
142.605           0.065914        3.776620
142.620           0.066974        3.837302
142.635           0.068015        3.897000
142.650           0.069040        3.955702
142.665           0.070047        4.013400
142.680           0.071036        4.070086
142.695           0.072008        4.125751
142.710           0.072962        4.180390
142.725           0.073897        4.233997
142.740           0.074815        4.286567
142.755           0.075714        4.338098
142.770           0.076595        4.388585
142.785           0.077458        4.438028
142.800           0.078303        4.486427
142.815           0.079129        4.533779
142.830           0.079938        4.580088
142.845           0.080728        4.625354
142.860           0.081500        4.669580
142.875           0.082253        4.712768
142.890           0.082989        4.754924
142.905           0.083707        4.796050
142.920           0.084407        4.836154
142.935           0.085089        4.875239
142.950           0.085754        4.913314
142.965           0.086401        4.950385
142.980           0.087030        4.986458
142.995           0.087642        5.021544
143.010           0.088238        5.055649
143.025           0.088816        5.088782
143.040           0.089378        5.120954
143.055           0.089922        5.152174
143.070           0.090451        5.182451
143.085           0.090963        5.211796
143.100           0.091459        5.240221
143.115           0.091939        5.267734
143.130           0.092404        5.294349
143.145           0.092853        5.320075
143.160           0.093287        5.344925
143.175           0.093705        5.368911
143.190           0.094109        5.392044
143.205           0.094498        5.414336
143.220           0.094873        5.435799
143.235           0.095233        5.456445
143.250           0.095579        5.476288
143.265           0.095912        5.495339
143.280           0.096231        5.513610
143.295           0.096536        5.531114
143.310           0.096828        5.547864
143.325           0.097108        5.563872
143.340           0.097375        5.579150
143.355           0.097629        5.593712
143.370           0.097871        5.607569
143.385           0.098100        5.620735
143.400           0.098318        5.633222
143.415           0.098525        5.645041
143.430           0.098719        5.656207
143.445           0.098903        5.666732
143.460           0.099076        5.676627
143.475           0.099238        5.685905
143.490           0.099389        5.694579
143.505           0.099530        5.702662
143.520           0.099661        5.710164
143.535           0.099782        5.717100
143.550           0.099894        5.723480
143.565           0.099995        5.729318
143.580           0.100088        5.734625
143.595           0.100172        5.739413
143.610           0.100246        5.743695
143.625           0.100312        5.747482
143.640           0.100370        5.750786
143.655           0.100420        5.753619
143.670           0.100461        5.755992
143.685           0.100495        5.757917
143.700           0.100521        5.759406
143.715           0.100539        5.760469
143.730           0.100550        5.761117
143.745           0.100555        5.761362
143.760           0.100552        5.761213
143.775           0.100543        5.760683
143.790           0.100527        5.759779
143.805           0.100505        5.758514
143.820           0.100477        5.756896
143.835           0.100443        5.754934
143.850           0.100402        5.752639
143.865           0.100357        5.750018
143.880           0.100305        5.747080
143.895           0.100249        5.743833
143.910           0.100187        5.740284
143.925           0.100120        5.736442
143.940           0.100048        5.732312
143.955           0.099971        5.727901
143.970           0.099889        5.723215
143.985           0.099802        5.718259
144.000           0.099711        5.713037
144.015           0.099616        5.707553
144.030           0.099515        5.701812
144.045           0.099411        5.695816
144.060           0.099302        5.689568
144.075           0.099188        5.683068
144.090           0.099070        5.676319
144.105           0.098948        5.669319
144.120           0.098822        5.662070
144.135           0.098691        5.654569
144.150           0.098556        5.646815
144.165           0.098416        5.638805
144.180           0.098271        5.630536
144.195           0.098122        5.622003
144.210           0.097969        5.613202
144.225           0.097810        5.604127
144.240           0.097647        5.594772
144.255           0.097479        5.585130
144.270           0.097305        5.575192
144.285           0.097127        5.564949
144.300           0.096942        5.554393
144.315           0.096753        5.543514
144.330           0.096557        5.532300
144.345           0.096355        5.520739
144.360           0.096147        5.508820
144.375           0.095933        5.496529
144.390           0.095711        5.483853
144.405           0.095483        5.470778
144.420           0.095248        5.457288
144.435           0.095005        5.443369
144.450           0.094754        5.429004
144.465           0.094495        5.414178
144.480           0.094228        5.398872
144.495           0.093952        5.383070
144.510           0.093668        5.366754
144.525           0.093373        5.349907
144.540           0.093070        5.332508
144.555           0.092756        5.314541
144.570           0.092432        5.295985
144.585           0.092098        5.276822
144.600           0.091753        5.257033
144.615           0.091396        5.236598
144.630           0.091028        5.215497
144.645           0.090647        5.193712
144.660           0.090255        5.171223
144.675           0.089850        5.148010
144.690           0.089432        5.124055
144.705           0.089000        5.099337
144.720           0.088555        5.073840
144.735           0.088096        5.047543
144.750           0.087623        5.020428
144.765           0.087135        4.992479
144.780           0.086632        4.963676
144.795           0.086115        4.934004
144.810           0.085581        4.903444
144.825           0.085032        4.871982
144.840           0.084467        4.839602
144.855           0.083886        4.806288
144.870           0.083288        4.772026
144.885           0.082673        4.736802
144.900           0.082041        4.700603
144.915           0.081392        4.663417
144.930           0.080726        4.625232
144.945           0.080041        4.586036
144.960           0.079340        4.545820
144.975           0.078620        4.504574
144.990           0.077882        4.462290
145.005           0.077125        4.418960
145.020           0.076351        4.374576
145.035           0.075558        4.329132
145.050           0.074746        4.282624
145.065           0.073916        4.235047
145.080           0.073066        4.186397
145.095           0.072199        4.136671
145.110           0.071312        4.085868
145.125           0.070406        4.033987
145.140           0.069482        3.981027
145.155           0.068539        3.926990
145.170           0.067577        3.871877
145.185           0.066596        3.815690
145.200           0.065597        3.758434
145.215           0.064579        3.700111
145.230           0.063543        3.640728
145.245           0.062488        3.580290
145.260           0.061415        3.518804
145.275           0.060323        3.456278
145.290           0.059214        3.392719
145.305           0.058087        3.328136
145.320           0.056942        3.262540
145.335           0.055780        3.195941
145.350           0.054600        3.128350
145.365           0.053403        3.059779
145.380           0.052190        2.990240
145.395           0.050959        2.919748
145.410           0.049712        2.848316
145.425           0.048450        2.775958
145.440           0.047171        2.702689
145.455           0.045876        2.628526
145.470           0.044567        2.553484
145.485           0.043242        2.477581
145.500           0.041902        2.400834
145.515           0.040549        2.323260
145.530           0.039181        2.244878
145.545           0.037799        2.165706
145.560           0.036403        2.085765
145.575           0.034995        2.005073
145.590           0.033574        1.923650
145.605           0.032141        1.841518
145.620           0.030695        1.758697
145.635           0.029238        1.675207
145.650           0.027769        1.591071
145.665           0.026290        1.506311
145.680           0.024800        1.420948
145.695           0.023300        1.335004
145.710           0.021790        1.248503
145.725           0.020271        1.161466
145.740           0.018743        1.073919
145.755           0.017207        0.985882
145.770           0.015662        0.897381
145.785           0.014110        0.808438
145.800           0.012550        0.719078
145.815           0.010984        0.629324
145.830           0.009411        0.539201
145.845           0.007832        0.448733
145.860           0.006247        0.357944
145.875           0.004658        0.266858
145.890           0.003063        0.175501
145.905           0.001464        0.083895
145.920          -0.000138       -0.007933
145.935          -0.001745       -0.099959
145.950          -0.003354       -0.192158
145.965          -0.004966       -0.284507
145.980          -0.006580       -0.376980
145.995          -0.008195       -0.469552
146.010          -0.009812       -0.562200
146.025          -0.011430       -0.654898
146.040          -0.013048       -0.747621
146.055          -0.014667       -0.840346
146.070          -0.016285       -0.933048
146.085          -0.017902       -1.025703
146.100          -0.019518       -1.118286
146.115          -0.021132       -1.210773
146.130          -0.022744       -1.303141
146.145          -0.024354       -1.395365
146.160          -0.025960       -1.487422
146.175          -0.027564       -1.579288
146.190          -0.029163       -1.670940
146.205          -0.030759       -1.762354
146.220          -0.032350       -1.853507
146.235          -0.033936       -1.944376
146.250          -0.035516       -2.034939
146.265          -0.037091       -2.125172
146.280          -0.038660       -2.215054
146.295          -0.040222       -2.304562
146.310          -0.041777       -2.393674
146.325          -0.043325       -2.482368
146.340          -0.044866       -2.570623
146.355          -0.046398       -2.658417
146.370          -0.047922       -2.745730
146.385          -0.049437       -2.832539
146.400          -0.050943       -2.918825
146.415          -0.052440       -3.004566
146.430          -0.053926       -3.089743
146.445          -0.055403       -3.174336
146.460          -0.056868       -3.258324
146.475          -0.058323       -3.341687
146.490          -0.059767       -3.424408
146.505          -0.061199       -3.506465
146.520          -0.062620       -3.587841
146.535          -0.064028       -3.668516
146.550          -0.065423       -3.748472
146.565          -0.066806       -3.827690
146.580          -0.068175       -3.906153
146.595          -0.069531       -3.983843
146.610          -0.070873       -4.060741
146.625          -0.072201       -4.136830
146.640          -0.073515       -4.212094
146.655          -0.074814       -4.286514
146.670          -0.076098       -4.360075
146.685          -0.077366       -4.432758
146.700          -0.078619       -4.504549
146.715          -0.079856       -4.575430
146.730          -0.081077       -4.645385
146.745          -0.082282       -4.714399
146.760          -0.083470       -4.782455
146.775          -0.084640       -4.849539
146.790          -0.085794       -4.915635
146.805          -0.086930       -4.980728
146.820          -0.088048       -5.044802
146.835          -0.089149       -5.107844
146.850          -0.090231       -5.169839
146.865          -0.091294       -5.230772
146.880          -0.092339       -5.290630
146.895          -0.093365       -5.349398
146.910          -0.094371       -5.407064
146.925          -0.095358       -5.463613
146.940          -0.096325       -5.519033
146.955          -0.097273       -5.573310
146.970          -0.098200       -5.626433
146.985          -0.099107       -5.678389
147.000          -0.099993       -5.729167
147.015          -0.100858       -5.778753
147.030          -0.101703       -5.827137
147.045          -0.102526       -5.874309
147.060          -0.103328       -5.920256
147.075          -0.104108       -5.964970
147.090          -0.104867       -6.008440
147.105          -0.105604       -6.050656
147.120          -0.106319       -6.091609
147.135          -0.107011       -6.131291
147.150          -0.107681       -6.169694
147.165          -0.108329       -6.206809
147.180          -0.108954       -6.242629
147.195          -0.109557       -6.277148
147.210          -0.110137       -6.310359
147.225          -0.110693       -6.342256
147.240          -0.111227       -6.372834
147.255          -0.111738       -6.402088
147.270          -0.112225       -6.430015
147.285          -0.112689       -6.456610
147.300          -0.113130       -6.481871
147.315          -0.113548       -6.505796
147.330          -0.113942       -6.528383
147.345          -0.114313       -6.549631
147.360          -0.114660       -6.569539
147.375          -0.114984       -6.588109
147.390          -0.115285       -6.605340
147.405          -0.115562       -6.621236
147.420          -0.115817       -6.635798
147.435          -0.116047       -6.649030
147.450          -0.116255       -6.660935
147.465          -0.116440       -6.671518
147.480          -0.116602       -6.680785
147.495          -0.116741       -6.688741
147.510          -0.116857       -6.695393
147.525          -0.116950       -6.700750
147.540          -0.117021       -6.704818
147.555          -0.117070       -6.707608
147.570          -0.117096       -6.709128
147.585          -0.117101       -6.709389
147.600          -0.117084       -6.708403
147.615          -0.117045       -6.706180
147.630          -0.116985       -6.702734
147.645          -0.116903       -6.698077
147.660          -0.116801       -6.692223
147.675          -0.116678       -6.685186
147.690          -0.116535       -6.676980
147.705          -0.116372       -6.667623
147.720          -0.116189       -6.657128
147.735          -0.115986       -6.645513
147.750          -0.115764       -6.632795
147.765          -0.115523       -6.618991
147.780          -0.115264       -6.604118
147.795          -0.114986       -6.588196
147.810          -0.114690       -6.571242
147.825          -0.114376       -6.553275
147.840          -0.114045       -6.534315
147.855          -0.113697       -6.514382
147.870          -0.113333       -6.493494
147.885          -0.112952       -6.471672
147.900          -0.112555       -6.448935
147.915          -0.112143       -6.425304
147.930          -0.111715       -6.400800
147.945          -0.111272       -6.375442
147.960          -0.110815       -6.349250
147.975          -0.110344       -6.322246
147.990          -0.109859       -6.294448
148.005          -0.109360       -6.265878
148.020          -0.108848       -6.236556
148.035          -0.108324       -6.206500
148.050          -0.107787       -6.175732
148.065          -0.107238       -6.144270
148.080          -0.106677       -6.112133
148.095          -0.106105       -6.079340
148.110          -0.105521       -6.045911
148.125          -0.104927       -6.011862
148.140          -0.104322       -5.977212
148.155          -0.103707       -5.941979
148.170          -0.103082       -5.906178
148.185          -0.102448       -5.869828
148.200          -0.101804       -5.832943
148.215          -0.101151       -5.795540
148.230          -0.100490       -5.757634
148.245          -0.099820       -5.719239
148.260          -0.099141       -5.680369
148.275          -0.098455       -5.641038
148.290          -0.097760       -5.601258
148.305          -0.097059       -5.561043
148.320          -0.096349       -5.520404
148.335          -0.095633       -5.479351
148.350          -0.094909       -5.437897
148.365          -0.094179       -5.396051
148.380          -0.093442       -5.353822
148.395          -0.092698       -5.311219
148.410          -0.091948       -5.268251
148.425          -0.091192       -5.224926
148.440          -0.090430       -5.181251
148.455          -0.089662       -5.137232
148.470          -0.088887       -5.092877
148.485          -0.088108       -5.048189
148.500          -0.087322       -5.003176
148.515          -0.086531       -4.957840
148.530          -0.085734       -4.912188
148.545          -0.084932       -4.866221
148.560          -0.084124       -4.819944
148.575          -0.083311       -4.773359
148.590          -0.082492       -4.726470
148.605          -0.081669       -4.679277
148.620          -0.080840       -4.631783
148.635          -0.080006       -4.583989
148.650          -0.079166       -4.535897
148.665          -0.078322       -4.487506
148.680          -0.077472       -4.438818
148.695          -0.076617       -4.389833
148.710          -0.075757       -4.340551
148.725          -0.074892       -4.290972
148.740          -0.074021       -4.241095
148.755          -0.073145       -4.190921
148.770          -0.072264       -4.140448
148.785          -0.071378       -4.089676
148.800          -0.070487       -4.038605
148.815          -0.069590       -3.987232
148.830          -0.068688       -3.935559
148.845          -0.067781       -3.883583
148.860          -0.066869       -3.831305
148.875          -0.065951       -3.778723
148.890          -0.065028       -3.725837
148.905          -0.064100       -3.672646
148.920          -0.063166       -3.619150
148.935          -0.062227       -3.565348
148.950          -0.061283       -3.511240
148.965          -0.060333       -3.456826
148.980          -0.059378       -3.402106
148.995          -0.058418       -3.347080
149.010          -0.057452       -3.291749
149.025          -0.056481       -3.236114
149.040          -0.055505       -3.180175
149.055          -0.054523       -3.123933
149.070          -0.053536       -3.067391
149.085          -0.052544       -3.010549
149.100          -0.051547       -2.953409
149.115          -0.050544       -2.895975
149.130          -0.049537       -2.838247
149.145          -0.048524       -2.780230
149.160          -0.047507       -2.721926
149.175          -0.046484       -2.663338
149.190          -0.045457       -2.604471
149.205          -0.044424       -2.545329
149.220          -0.043387       -2.485916
149.235          -0.042346       -2.426236
149.250          -0.041300       -2.366295
149.265          -0.040249       -2.306099
149.280          -0.039194       -2.245653
149.295          -0.038135       -2.184964
149.310          -0.037071       -2.124037
149.325          -0.036004       -2.062881
149.340          -0.034933       -2.001502
149.355          -0.033858       -1.939908
149.370          -0.032779       -1.878107
149.385          -0.031697       -1.816108
149.400          -0.030612       -1.753919
149.415          -0.029523       -1.691550
149.430          -0.028432       -1.629010
149.445          -0.027337       -1.566309
149.460          -0.026240       -1.503458
149.475          -0.025141       -1.440468
149.490          -0.024039       -1.377349
149.505          -0.022936       -1.314114
149.520          -0.021830       -1.250774
149.535          -0.020723       -1.187342
149.550          -0.019615       -1.123830
149.565          -0.018505       -1.060253
149.580          -0.017394       -0.996622
149.595          -0.016283       -0.932953
149.610          -0.015171       -0.869260
149.625          -0.014060       -0.805558
149.640          -0.012948       -0.741861
149.655          -0.011837       -0.678185
149.670          -0.010726       -0.614547
149.685          -0.009616       -0.550963
149.700          -0.008508       -0.487449
149.715          -0.007401       -0.424022
149.730          -0.006295       -0.360701
149.745          -0.005192       -0.297502
149.760          -0.004092       -0.234444
149.775          -0.002994       -0.171546
149.790          -0.001899       -0.108826
149.805          -0.000808       -0.046304
149.820           0.000279        0.016002
149.835           0.001363        0.078071
149.850           0.002441        0.139883
149.865           0.003515        0.201417
149.880           0.004584        0.262655
149.895           0.005647        0.323574
149.910           0.006705        0.384153
149.925           0.007756        0.444373
149.940           0.008800        0.504210
149.955           0.009837        0.563644
149.970           0.010867        0.622653
149.985           0.011889        0.681216
150.000           0.012903        0.739310
150.015           0.013909        0.796915
150.030           0.014905        0.854007
150.045           0.015892        0.910566
150.060           0.016870        0.966570
150.075           0.017837        1.021996
150.090           0.018794        1.076824
150.105           0.019740        1.131033
150.120           0.020675        1.184600
150.135           0.021599        1.237505
150.150           0.022510        1.289727
150.165           0.023409        1.341246
150.180           0.024296        1.392042
150.195           0.025169        1.442095
150.210           0.026030        1.491385
150.225           0.026876        1.539893
150.240           0.027709        1.587602
150.255           0.028527        1.634492
150.270           0.029331        1.680546
150.285           0.030120        1.725749
150.300           0.030894        1.770082
150.315           0.031652        1.813530
150.330           0.032395        1.856079
150.345           0.033121        1.897714
150.360           0.033832        1.938421
150.375           0.034526        1.978187
150.390           0.035203        2.017000
150.405           0.035864        2.054849
150.420           0.036507        2.091724
150.435           0.037134        2.127613
150.450           0.037743        2.162510
150.465           0.038334        2.196405
150.480           0.038908        2.229291
150.495           0.039465        2.261163
150.510           0.040003        2.292015
150.525           0.040524        2.321842
150.540           0.041026        2.350642
150.555           0.041511        2.378412
150.570           0.041978        2.405150
150.585           0.042426        2.430855
150.600           0.042857        2.455529
150.615           0.043270        2.479172
150.630           0.043664        2.501786
150.645           0.044041        2.523375
150.660           0.044400        2.543942
150.675           0.044741        2.563494
150.690           0.045065        2.582034
150.705           0.045371        2.599571
150.720           0.045660        2.616111
150.735           0.045931        2.631663
150.750           0.046186        2.646236
150.765           0.046423        2.659841
150.780           0.046644        2.672486
150.795           0.046848        2.684185
150.810           0.047036        2.694948
150.825           0.047207        2.704790
150.840           0.047363        2.713722
150.855           0.047504        2.721759
150.870           0.047629        2.728915
150.885           0.047738        2.735206
150.900           0.047833        2.740646
150.915           0.047914        2.745252
150.930           0.047980        2.749040
150.945           0.048032        2.752026
150.960           0.048070        2.754227
150.975           0.048095        2.755661
150.990           0.048107        2.756345
151.005           0.048106        2.756297
151.020           0.048093        2.755534
151.035           0.048068        2.754074
151.050           0.048030        2.751936
151.065           0.047982        2.749138
151.080           0.047921        2.745697
151.095           0.047850        2.741631
151.110           0.047769        2.736960
151.125           0.047677        2.731699
151.140           0.047575        2.725869
151.155           0.047464        2.719485
151.170           0.047343        2.712566
151.185           0.047213        2.705129
151.200           0.047075        2.697190
151.215           0.046928        2.688768
151.230           0.046773        2.679877
151.245           0.046610        2.670535
151.260           0.046439        2.660757
151.275           0.046261        2.650560
151.290           0.046076        2.639957
151.305           0.045884        2.628964
151.320           0.045686        2.617597
151.335           0.045481        2.605868
151.350           0.045270        2.593791
151.365           0.045054        2.581380
151.380           0.044831        2.568649
151.395           0.044604        2.555609
151.410           0.044371        2.542272
151.425           0.044133        2.528652
151.440           0.043891        2.514758
151.455           0.043644        2.500603
151.470           0.043392        2.486196
151.485           0.043137        2.471549
151.500           0.042877        2.456671
151.515           0.042613        2.441572
151.530           0.042346        2.426261
151.545           0.042075        2.410747
151.560           0.041801        2.395040
151.575           0.041524        2.379146
151.590           0.041243        2.363076
151.605           0.040960        2.346836
151.620           0.040674        2.330434
151.635           0.040385        2.313879
151.650           0.040093        2.297176
151.665           0.039799        2.280333
151.680           0.039503        2.263358
151.695           0.039205        2.246256
151.710           0.038904        2.229036
151.725           0.038601        2.211703
151.740           0.038297        2.194263
151.755           0.037991        2.176725
151.770           0.037683        2.159093
151.785           0.037374        2.141374
151.800           0.037063        2.123576
151.815           0.036751        2.105704
151.830           0.036438        2.087765
151.845           0.036124        2.069765
151.860           0.035809        2.051711
151.875           0.035493        2.033611
151.890           0.035177        2.015471
151.905           0.034859        1.997297
151.920           0.034542        1.979097
151.935           0.034224        1.960879
151.950           0.033906        1.942649
151.965           0.033587        1.924416
151.980           0.033269        1.906187
151.995           0.032951        1.887971
152.010           0.032634        1.869775
152.025           0.032317        1.851607
152.040           0.032000        1.833478
152.055           0.031685        1.815394
152.070           0.031370        1.797367
152.085           0.031056        1.779404
152.100           0.030744        1.761515
152.115           0.030433        1.743711
152.130           0.030124        1.726001
152.145           0.029817        1.708395
152.160           0.029512        1.690904
152.175           0.029209        1.673539
152.190           0.028908        1.656311
152.205           0.028610        1.639231
152.220           0.028315        1.622310
152.235           0.028022        1.605560
152.250           0.027733        1.588992
152.265           0.027447        1.572619
152.280           0.027165        1.556453
152.295           0.026887        1.540507
152.310           0.026613        1.524792
152.325           0.026343        1.509322
152.340           0.026077        1.494109
152.355           0.025816        1.479166
152.370           0.025560        1.464507
152.385           0.025310        1.450144
152.400           0.025065        1.436091
152.415           0.024825        1.422361
152.430           0.024591        1.408967
152.445           0.024363        1.395924
152.460           0.024142        1.383243
152.475           0.023927        1.370940
152.490           0.023719        1.359026
152.505           0.023519        1.347516
152.520           0.023325        1.336422
152.535           0.023139        1.325758
152.550           0.022960        1.315537
152.565           0.022790        1.305772
152.580           0.022628        1.296475
152.595           0.022474        1.287659
152.610           0.022329        1.279337
152.625           0.022192        1.271521
152.640           0.022065        1.264223
152.655           0.021947        1.257453
152.670           0.021838        1.251225
152.685           0.021739        1.245548
152.700           0.021650        1.240434
152.715           0.021570        1.235893
152.730           0.021501        1.231935
152.745           0.021443        1.228568
152.760           0.021394        1.225804
152.775           0.021357        1.223650
152.790           0.021330        1.222114
152.805           0.021314        1.221204
152.820           0.021309        1.220927
152.835           0.021316        1.221291
152.850           0.021333        1.222300
152.865           0.021362        1.223961
152.880           0.021403        1.226278
152.895           0.021455        1.229257
152.910           0.021518        1.232899
152.925           0.021593        1.237210
152.940           0.021680        1.242190
152.955           0.021779        1.247841
152.970           0.021889        1.254166
152.985           0.022011        1.261163
153.000           0.022145        1.268833
153.015           0.022291        1.277175
153.030           0.022448        1.286187
153.045           0.022617        1.295866
153.060           0.022798        1.306209
153.075           0.022990        1.317212
153.090           0.023193        1.328871
153.105           0.023408        1.341180
153.120           0.023634        1.354133
153.135           0.023871        1.367724
153.150           0.024119        1.381945
153.165           0.024379        1.396787
153.180           0.024648        1.412241
153.195           0.024929        1.428299
153.210           0.025219        1.444950
153.225           0.025520        1.462183
153.240           0.025831        1.479986
153.255           0.026151        1.498347
153.270           0.026481        1.517254
153.285           0.026820        1.536693
153.300           0.027169        1.556650
153.315           0.027526        1.577110
153.330           0.027891        1.598060
153.345           0.028265        1.619482
153.360           0.028647        1.641361
153.375           0.029037        1.663682
153.390           0.029434        1.686426
153.405           0.029838        1.709577
153.420           0.030249        1.733116
153.435           0.030666        1.757027
153.450           0.031089        1.781291
153.465           0.031519        1.805889
153.480           0.031954        1.830803
153.495           0.032394        1.856013
153.510           0.032838        1.881500
153.525           0.033288        1.907245
153.540           0.033741        1.933229
153.555           0.034199        1.959432
153.570           0.034659        1.985833
153.585           0.035123        2.012414
153.600           0.035590        2.039155
153.615           0.036059        2.066036
153.630           0.036530        2.093037
153.645           0.037003        2.120139
153.660           0.037478        2.147322
153.675           0.037953        2.174566
153.690           0.038430        2.201853
153.705           0.038906        2.229163
153.720           0.039383        2.256478
153.735           0.039859        2.283777
153.750           0.040335        2.311044
153.765           0.040810        2.338259
153.780           0.041284        2.365404
153.795           0.041756        2.392463
153.810           0.042227        2.419416
153.825           0.042695        2.446247
153.840           0.043161        2.472939
153.855           0.043624        2.499475
153.870           0.044084        2.525839
153.885           0.044541        2.552016
153.900           0.044994        2.577988
153.915           0.045444        2.603742
153.930           0.045889        2.629261
153.945           0.046330        2.654533
153.960           0.046767        2.679541
153.975           0.047198        2.704273
153.990           0.047625        2.728714
154.005           0.048046        2.752852
154.020           0.048462        2.776674
154.035           0.048872        2.800168
154.050           0.049276        2.823320
154.065           0.049674        2.846121
154.080           0.050066        2.868557
154.095           0.050451        2.890618
154.110           0.050829        2.912294
154.125           0.051201        2.933573
154.140           0.051565        2.954447
154.155           0.051922        2.974904
154.170           0.052272        2.994937
154.185           0.052614        3.014535
154.200           0.052948        3.033690
154.215           0.053274        3.052393
154.230           0.053593        3.070638
154.245           0.053903        3.088414
154.260           0.054205        3.105716
154.275           0.054499        3.122536
154.290           0.054784        3.138866
154.305           0.055060        3.154701
154.320           0.055328        3.170034
154.335           0.055586        3.184859
154.350           0.055836        3.199170
154.365           0.056077        3.212962
154.380           0.056308        3.226230
154.395           0.056531        3.238968
154.410           0.056744        3.251172
154.425           0.056947        3.262838
154.440           0.057141        3.273962
154.455           0.057326        3.284540
154.470           0.057501        3.294568
154.485           0.057666        3.304044
154.500           0.057822        3.312964
154.515           0.057968        3.321326
154.530           0.058104        3.329128
154.545           0.058231        3.336368
154.560           0.058347        3.343043
154.575           0.058454        3.349152
154.590           0.058550        3.354696
154.605           0.058637        3.359671
154.620           0.058714        3.364079
154.635           0.058781        3.367918
154.650           0.058838        3.371190
154.665           0.058886        3.373893
154.680           0.058923        3.376030
154.695           0.058950        3.377601
154.710           0.058968        3.378607
154.725           0.058976        3.379049
154.740           0.058973        3.378930
154.755           0.058962        3.378252
154.770           0.058940        3.377017
154.785           0.058909        3.375228
154.800           0.058868        3.372888
154.815           0.058818        3.369999
154.830           0.058758        3.366566
154.845           0.058688        3.362592
154.860           0.058610        3.358082
154.875           0.058522        3.353038
154.890           0.058424        3.347466
154.905           0.058318        3.341371
154.920           0.058202        3.334756
154.935           0.058078        3.327628
154.950           0.057945        3.319990
154.965           0.057803        3.311849
154.980           0.057652        3.303209
154.995           0.057492        3.294077
155.010           0.057325        3.284458
155.025           0.057148        3.274358
155.040           0.056964        3.263782
155.055           0.056771        3.252737
155.070           0.056570        3.241228
155.085           0.056361        3.229261
155.100           0.056145        3.216843
155.115           0.055920        3.203979
155.130           0.055688        3.190676
155.145           0.055448        3.176938
155.160           0.055201        3.162773
155.175           0.054946        3.148185
155.190           0.054684        3.133181
155.205           0.054415        3.117767
155.220           0.054139        3.101947
155.235           0.053856        3.085727
155.250           0.053566        3.069113
155.265           0.053269        3.052109
155.280           0.052966        3.034721
155.295           0.052656        3.016954
155.310           0.052339        2.998811
155.325           0.052016        2.980298
155.340           0.051687        2.961418
155.355           0.051351        2.942177
155.370           0.051009        2.922577
155.385           0.050660        2.902622
155.400           0.050306        2.882316
155.415           0.049945        2.861662
155.430           0.049579        2.840663
155.445           0.049206        2.819322
155.460           0.048828        2.797641
155.475           0.048444        2.775623
155.490           0.048054        2.753270
155.505           0.047658        2.730584
155.520           0.047256        2.707566
155.535           0.046848        2.684218
155.550           0.046435        2.660542
155.565           0.046016        2.636538
155.580           0.045592        2.612208
155.595           0.045161        2.587552
155.610           0.044725        2.562571
155.625           0.044284        2.537265
155.640           0.043836        2.511635
155.655           0.043383        2.485681
155.670           0.042925        2.459403
155.685           0.042460        2.432801
155.700           0.041990        2.405875
155.715           0.041515        2.378624
155.730           0.041034        2.351048
155.745           0.040547        2.323147
155.760           0.040054        2.294919
155.775           0.039556        2.266366
155.790           0.039051        2.237485
155.805           0.038542        2.208276
155.820           0.038026        2.178739
155.835           0.037505        2.148873
155.850           0.036978        2.118676
155.865           0.036445        2.088150
155.880           0.035907        2.057291
155.895           0.035362        2.026101
155.910           0.034812        1.994578
155.925           0.034256        1.962721
155.940           0.033694        1.930531
155.955           0.033126        1.898005
155.970           0.032553        1.865145
155.985           0.031974        1.831949
156.000           0.031388        1.798417
156.015           0.030797        1.764548
156.030           0.030200        1.730342
156.045           0.029597        1.695800
156.060           0.028989        1.660920
156.075           0.028374        1.625703
156.090           0.027753        1.590149
156.105           0.027127        1.554258
156.120           0.026495        1.518029
156.135           0.025856        1.481463
156.150           0.025212        1.444561
156.165           0.024562        1.407323
156.180           0.023907        1.369749
156.195           0.023245        1.331839
156.210           0.022577        1.293595
156.225           0.021904        1.255017
156.240           0.021225        1.216106
156.255           0.020540        1.176864
156.270           0.019849        1.137290
156.285           0.019153        1.097386
156.300           0.018451        1.057153
156.315           0.017743        1.016593
156.330           0.017029        0.975707
156.345           0.016310        0.934496
156.360           0.015585        0.892963
156.375           0.014855        0.851109
156.390           0.014119        0.808936
156.405           0.013377        0.766446
156.420           0.012630        0.723641
156.435           0.011877        0.680523
156.450           0.011119        0.637095
156.465           0.010356        0.593360
156.480           0.009587        0.549320
156.495           0.008814        0.504979
156.510           0.008034        0.460339
156.525           0.007250        0.415404
156.540           0.006461        0.370177
156.555           0.005666        0.324662
156.570           0.004867        0.278862
156.585           0.004063        0.232783
156.600           0.003254        0.186428
156.615           0.002440        0.139802
156.630           0.001622        0.092910
156.645           0.000799        0.045756
156.660          -0.000029       -0.001653
156.675          -0.000861       -0.049313
156.690          -0.001697       -0.097217
156.705          -0.002537       -0.145360
156.720          -0.003381       -0.193734
156.735          -0.004230       -0.242334
156.750          -0.005082       -0.291153
156.765          -0.005937       -0.340182
156.780          -0.006797       -0.389416
156.795          -0.007659       -0.438845
156.810          -0.008525       -0.488461
156.825          -0.009394       -0.538258
156.840          -0.010266       -0.588224
156.855          -0.011141       -0.638353
156.870          -0.012019       -0.688634
156.885          -0.012899       -0.739058
156.900          -0.013781       -0.789615
156.915          -0.014666       -0.840295
156.930          -0.015552       -0.891089
156.945          -0.016441       -0.941984
156.960          -0.017331       -0.992971
156.975          -0.018222       -1.044039
156.990          -0.019114       -1.095176
157.005          -0.020008       -1.146372
157.020          -0.020902       -1.197613
157.035          -0.021797       -1.248890
157.050          -0.022693       -1.300190
157.065          -0.023588       -1.351501
157.080          -0.024484       -1.402811
157.095          -0.025379       -1.454108
157.110          -0.026274       -1.505379
157.125          -0.027168       -1.556614
157.140          -0.028061       -1.607798
157.155          -0.028954       -1.658921
157.170          -0.029845       -1.709970
157.185          -0.030734       -1.760933
157.200          -0.031622       -1.811798
157.215          -0.032508       -1.862553
157.230          -0.033391       -1.913186
157.245          -0.034273       -1.963686
157.260          -0.035152       -2.014041
157.275          -0.036028       -2.064241
157.290          -0.036901       -2.114273
157.305          -0.037771       -2.164129
157.320          -0.038638       -2.213796
157.335          -0.039501       -2.263265
157.350          -0.040361       -2.312526
157.365          -0.041217       -2.361570
157.380          -0.042069       -2.410388
157.395          -0.042917       -2.458970
157.410          -0.043761       -2.507309
157.425          -0.044600       -2.555397
157.440          -0.045435       -2.603226
157.455          -0.046265       -2.650789
157.470          -0.047090       -2.698080
157.485          -0.047911       -2.745093
157.500          -0.048726       -2.791821
157.515          -0.049537       -2.838261
157.530          -0.050342       -2.884406
157.545          -0.051143       -2.930254
157.560          -0.051938       -2.975800
157.575          -0.052727       -3.021041
157.590          -0.053511       -3.065975
157.605          -0.054290       -3.110599
157.620          -0.055064       -3.154912
157.635          -0.055832       -3.198912
157.650          -0.056594       -3.242599
157.665          -0.057351       -3.285973
157.680          -0.058103       -3.329034
157.695          -0.058849       -3.371782
157.710          -0.059589       -3.414219
157.725          -0.060325       -3.456345
157.740          -0.061054       -3.498164
157.755          -0.061779       -3.539677
157.770          -0.062498       -3.580887
157.785          -0.063212       -3.621798
157.800          -0.063921       -3.662411
157.815          -0.064625       -3.702732
157.830          -0.065324       -3.742765
157.845          -0.066017       -3.782512
157.860          -0.066706       -3.821980
157.875          -0.067390       -3.861173
157.890          -0.068070       -3.900095
157.905          -0.068744       -3.938753
157.920          -0.069414       -3.977150
157.935          -0.070080       -4.015294
157.950          -0.070741       -4.053188
157.965          -0.071399       -4.090840
157.980          -0.072052       -4.128254
157.995          -0.072701       -4.165437
158.010          -0.073346       -4.202393
158.025          -0.073987       -4.239130
158.040          -0.074624       -4.275653
158.055          -0.075258       -4.311967
158.070          -0.075888       -4.348078
158.085          -0.076515       -4.383991
158.100          -0.077139       -4.419713
158.115          -0.077759       -4.455248
158.130          -0.078376       -4.490601
158.145          -0.078990       -4.525778
158.160          -0.079601       -4.560783
158.175          -0.080209       -4.595620
158.190          -0.080814       -4.630295
158.205          -0.081416       -4.664812
158.220          -0.082016       -4.699173
158.235          -0.082613       -4.733383
158.250          -0.083208       -4.767445
158.265          -0.083800       -4.801362
158.280          -0.084389       -4.835137
158.295          -0.084976       -4.868772
158.310          -0.085561       -4.902270
158.325          -0.086143       -4.935631
158.340          -0.086723       -4.968858
158.355          -0.087301       -5.001952
158.370          -0.087876       -5.034913
158.385          -0.088449       -5.067741
158.400          -0.089019       -5.100437
158.415          -0.089588       -5.133000
158.430          -0.090154       -5.165429
158.445          -0.090717       -5.197724
158.460          -0.091279       -5.229882
158.475          -0.091837       -5.261901
158.490          -0.092394       -5.293779
158.505          -0.092948       -5.325514
158.520          -0.093499       -5.357102
158.535          -0.094048       -5.388539
158.550          -0.094594       -5.419822
158.565          -0.095137       -5.450946
158.580          -0.095677       -5.481906
158.595          -0.096215       -5.512697
158.610          -0.096749       -5.543313
158.625          -0.097280       -5.573748
158.640          -0.097808       -5.603995
158.655          -0.098333       -5.634049
158.670          -0.098854       -5.663900
158.685          -0.099371       -5.693542
158.700          -0.099885       -5.722967
158.715          -0.100394       -5.752165
158.730          -0.100900       -5.781128
158.745          -0.101401       -5.809846
158.760          -0.101898       -5.838310
158.775          -0.102390       -5.866509
158.790          -0.102877       -5.894433
158.805          -0.103360       -5.922071
158.820          -0.103837       -5.949411
158.835          -0.104309       -5.976442
158.850          -0.104775       -6.003151
158.865          -0.105235       -6.029527
158.880          -0.105689       -6.055556
158.895          -0.106137       -6.081226
158.910          -0.106579       -6.106522
158.925          -0.107014       -6.131431
158.940          -0.107441       -6.155939
158.955          -0.107862       -6.180031
158.970          -0.108275       -6.203693
158.985          -0.108680       -6.226909
159.000          -0.109077       -6.249665
159.015          -0.109466       -6.271945
159.030          -0.109846       -6.293733
159.045          -0.110218       -6.315014
159.060          -0.110580       -6.335770
159.075          -0.110933       -6.355987
159.090          -0.111276       -6.375646
159.105          -0.111609       -6.394733
159.120          -0.111932       -6.413229
159.135          -0.112244       -6.431119
159.150          -0.112546       -6.448385
159.165          -0.112836       -6.465011
159.180          -0.113114       -6.480979
159.195          -0.113381       -6.496273
159.210          -0.113636       -6.510875
159.225          -0.113879       -6.524770
159.240          -0.114109       -6.537939
159.255          -0.114325       -6.550366
159.270          -0.114529       -6.562035
159.285          -0.114719       -6.572929
159.300          -0.114896       -6.583032
159.315          -0.115058       -6.592328
159.330          -0.115206       -6.600801
159.345          -0.115339       -6.608435
159.360          -0.115457       -6.615216
159.375          -0.115560       -6.621127
159.390          -0.115648       -6.626155
159.405          -0.115720       -6.630285
159.420          -0.115776       -6.633503
159.435          -0.115816       -6.635795
159.450          -0.115840       -6.637149
159.465          -0.115847       -6.637551
159.480          -0.115837       -6.636990
159.495          -0.115811       -6.635453
159.510          -0.115766       -6.632929
159.525          -0.115705       -6.629408
159.540          -0.115626       -6.624879
159.555          -0.115529       -6.619331
159.570          -0.115414       -6.612757
159.585          -0.115282       -6.605147
159.600          -0.115131       -6.596493
159.615          -0.114961       -6.586788
159.630          -0.114773       -6.576025
159.645          -0.114567       -6.564196
159.660          -0.114342       -6.551297
159.675          -0.114098       -6.537322
159.690          -0.113835       -6.522266
159.705          -0.113553       -6.506126
159.720          -0.113253       -6.488897
159.735          -0.112933       -6.470577
159.750          -0.112594       -6.451163
159.765          -0.112236       -6.430654
159.780          -0.111859       -6.409047
159.795          -0.111463       -6.386342
159.810          -0.111047       -6.362539
159.825          -0.110613       -6.337638
159.840          -0.110159       -6.311639
159.855          -0.109686       -6.284544
159.870          -0.109194       -6.256354
159.885          -0.108683       -6.227070
159.900          -0.108153       -6.196696
159.915          -0.107604       -6.165233
159.930          -0.107036       -6.132685
159.945          -0.106449       -6.099055
159.960          -0.105843       -6.064347
159.975          -0.105218       -6.028564
159.990          -0.104575       -5.991711
160.005          -0.103913       -5.953792
160.020          -0.103233       -5.914811
160.035          -0.102534       -5.874774
160.050          -0.101817       -5.833684
160.065          -0.101082       -5.791548
160.080          -0.100328       -5.748371
160.095          -0.099556       -5.704156
160.110          -0.098767       -5.658910
160.125          -0.097959       -5.612638
160.140          -0.097134       -5.565345
160.155          -0.096290       -5.517037
160.170          -0.095430       -5.467717
160.185          -0.094551       -5.417393
160.200          -0.093656       -5.366069
160.215          -0.092742       -5.313749
160.230          -0.091812       -5.260439
160.245          -0.090864       -5.206144
160.260          -0.089900       -5.150867
160.275          -0.088918       -5.094615
160.290          -0.087919       -5.037391
160.305          -0.086903       -4.979199
160.320          -0.085871       -4.920044
160.335          -0.084822       -4.859930
160.350          -0.083756       -4.798860
160.365          -0.082673       -4.736838
160.380          -0.081574       -4.673868
160.395          -0.080459       -4.609952
160.410          -0.079327       -4.545095
160.425          -0.078179       -4.479300
160.440          -0.077014       -4.412568
160.455          -0.075833       -4.344904
160.470          -0.074636       -4.276310
160.485          -0.073422       -4.206788
160.500          -0.072193       -4.136342
160.515          -0.070947       -4.064973
160.530          -0.069686       -3.992685
160.545          -0.068408       -3.919480
160.560          -0.067114       -3.845361
160.575          -0.065805       -3.770329
160.590          -0.064479       -3.694388
160.605          -0.063138       -3.617540
160.620          -0.061781       -3.539789
160.635          -0.060408       -3.461136
160.650          -0.059020       -3.381585
160.665          -0.057616       -3.301140
160.680          -0.056196       -3.219803
160.695          -0.054761       -3.137579
160.710          -0.053311       -3.054471
160.725          -0.051845       -2.970484
160.740          -0.050364       -2.885622
160.755          -0.048867       -2.799889
160.770          -0.047356       -2.713292
160.785          -0.045829       -2.625835
160.800          -0.044288       -2.537526
160.815          -0.042732       -2.448369
160.830          -0.041161       -2.358372
160.845          -0.039576       -2.267543
160.860          -0.037976       -2.175890
160.875          -0.036363       -2.083420
160.890          -0.034735       -1.990143
160.905          -0.033093       -1.896068
160.920          -0.031437       -1.801206
160.935          -0.029768       -1.705567
160.950          -0.028085       -1.609163
160.965          -0.026389       -1.512005
160.980          -0.024681       -1.414106
160.995          -0.022959       -1.315480
161.010          -0.021226       -1.216139
161.025          -0.019480       -1.116100
161.040          -0.017722       -1.015377
161.055          -0.015952       -0.913985
161.070          -0.014171       -0.811942
161.085          -0.012379       -0.709265
161.100          -0.010576       -0.605971
161.115          -0.008763       -0.502080
161.130          -0.006940       -0.397611
161.145          -0.005107       -0.292582
161.160          -0.003264       -0.187017
161.175          -0.001413       -0.080934
161.190           0.000448        0.025643
161.205           0.002316        0.132693
161.220           0.004192        0.240192
161.235           0.006076        0.348116
161.250           0.007966        0.456441
161.265           0.009864        0.565142
161.280           0.011767        0.674194
161.295           0.013676        0.783571
161.310           0.015590        0.893246
161.325           0.017509        1.003192
161.340           0.019432        1.113381
161.355           0.021359        1.223787
161.370           0.023289        1.334379
161.385           0.025222        1.445131
161.400           0.027158        1.556011
161.415           0.029094        1.666991
161.430           0.031033        1.778041
161.445           0.032972        1.889130
161.460           0.034911        2.000228
161.475           0.036849        2.111305
161.490           0.038787        2.222328
161.505           0.040723        2.333266
161.520           0.042657        2.444088
161.535           0.044589        2.554762
161.550           0.046518        2.665257
161.565           0.048442        2.775539
161.580           0.050363        2.885577
161.595           0.052279        2.995338
161.610           0.054189        3.104790
161.625           0.056093        3.213900
161.640           0.057991        3.322635
161.655           0.059882        3.430964
161.670           0.061765        3.538852
161.685           0.063639        3.646268
161.700           0.065505        3.753179
161.715           0.067362        3.859552
161.730           0.069208        3.965354
161.745           0.071045        4.070553
161.760           0.072870        4.175117
161.775           0.074683        4.279012
161.790           0.076484        4.382207
161.805           0.078272        4.484669
161.820           0.080047        4.586367
161.835           0.081808        4.687267
161.850           0.083555        4.787338
161.865           0.085286        4.886549
161.880           0.087002        4.984867
161.895           0.088702        5.082261
161.910           0.090385        5.178700
161.925           0.092051        5.274153
161.940           0.093700        5.368589
161.955           0.095329        5.461976
161.970           0.096941        5.554285
161.985           0.098532        5.645484
162.000           0.100104        5.735544
162.015           0.101656        5.824435
162.030           0.103186        5.912126
162.045           0.104695        5.998589
162.060           0.106182        6.083793
162.075           0.107647        6.167710
162.090           0.109088        6.250310
162.105           0.110507        6.331566
162.120           0.111901        6.411449
162.135           0.113271        6.489930
162.150           0.114615        6.566981
162.165           0.115935        6.642576
162.180           0.117228        6.716687
162.195           0.118495        6.789287
162.210           0.119736        6.860348
162.225           0.120949        6.929846
162.240           0.122134        6.997753
162.255           0.123291        7.064044
162.270           0.124419        7.128694
162.285           0.125518        7.191678
162.300           0.126588        7.252970
162.315           0.127628        7.312548
162.330           0.128638        7.370386
162.345           0.129616        7.426463
162.360           0.130564        7.480753
162.375           0.131480        7.533237
162.390           0.132364        7.583890
162.405           0.133216        7.632692
162.420           0.134035        7.679622
162.435           0.134821        7.724659
162.450           0.135573        7.767783
162.465           0.136292        7.808976
162.480           0.136977        7.848217
162.495           0.137628        7.885489
162.510           0.138244        7.920774
162.525           0.138824        7.954056
162.540           0.139370        7.985318
162.555           0.139880        8.014545
162.570           0.140355        8.041721
162.585           0.140793        8.066832
162.600           0.141195        8.089865
162.615           0.141560        8.110808
162.630           0.141889        8.129649
162.645           0.142181        8.146375
162.660           0.142436        8.160978
162.675           0.142654        8.173448
162.690           0.142834        8.183776
162.705           0.142977        8.191955
162.720           0.143082        8.197977
162.735           0.143149        8.201837
162.750           0.143179        8.203531
162.765           0.143170        8.203054
162.780           0.143124        8.200402
162.795           0.143040        8.195576
162.810           0.142918        8.188572
162.825           0.142757        8.179391
162.840           0.142559        8.168035
162.855           0.142323        8.154505
162.870           0.142049        8.138805
162.885           0.141737        8.120938
162.900           0.141388        8.100910
162.915           0.141000        8.078728
162.930           0.140576        8.054398
162.945           0.140114        8.027930
162.960           0.139615        7.999333
162.975           0.139079        7.968618
162.990           0.138506        7.935796
163.005           0.137896        7.900881
163.020           0.137251        7.863887
163.035           0.136569        7.824830
163.050           0.135852        7.783725
163.065           0.135099        7.740590
163.080           0.134311        7.695444
163.095           0.133488        7.648307
163.110           0.132631        7.599199
163.125           0.131740        7.548144
163.140           0.130815        7.495163
163.155           0.129857        7.440281
163.170           0.128867        7.383524
163.185           0.127844        7.324919
163.200           0.126789        7.264492
163.215           0.125703        7.202273
163.230           0.124587        7.138291
163.245           0.123440        7.072578
163.260           0.122263        7.005165
163.275           0.121058        6.936085
163.290           0.119823        6.865372
163.305           0.118561        6.793061
163.320           0.117272        6.719189
163.335           0.115956        6.643792
163.350           0.114614        6.566908
163.365           0.113247        6.488577
163.380           0.111855        6.408838
163.395           0.110440        6.327731
163.410           0.109001        6.245300
163.425           0.107540        6.161585
163.440           0.106057        6.076632
163.455           0.104554        5.990483
163.470           0.103030        5.903185
163.485           0.101487        5.814782
163.500           0.099926        5.725322
163.515           0.098347        5.634852
163.530           0.096751        5.543419
163.545           0.095139        5.451074
163.560           0.093512        5.357865
163.575           0.091871        5.263841
163.590           0.090217        5.169055
163.605           0.088550        5.073556
163.620           0.086872        4.977396
163.635           0.085183        4.880629
163.650           0.083484        4.783305
163.665           0.081777        4.685479
163.680           0.080062        4.587204
163.695           0.078340        4.488533
163.710           0.076612        4.389521
163.725           0.074878        4.290221
163.740           0.073141        4.190689
163.755           0.071401        4.090979
163.770           0.069659        3.991147
163.785           0.067915        3.891246
163.800           0.066171        3.791333
163.815           0.064428        3.691463
163.830           0.062687        3.591690
163.845           0.060948        3.492069
163.860           0.059213        3.392657
163.875           0.057483        3.293507
163.890           0.055758        3.194674
163.905           0.054039        3.096212
163.920           0.052328        2.998176
163.935           0.050625        2.900620
163.950           0.048932        2.803597
163.965           0.047249        2.707159
163.980           0.045577        2.611360
163.995           0.043917        2.516252
164.010           0.042270        2.421886
164.025           0.040637        2.328313
164.040           0.039018        2.235583
164.055           0.037415        2.143746
164.070           0.035829        2.052852
164.085           0.034260        1.962946
164.100           0.032709        1.874079
164.115           0.031177        1.786294
164.130           0.029664        1.699639
164.145           0.028172        1.614158
164.160           0.026702        1.529894
164.175           0.025253        1.446890
164.190           0.023827        1.365187
164.205           0.022424        1.284827
164.220           0.021046        1.205847
164.235           0.019692        1.128286
164.250           0.018364        1.052182
164.265           0.017062        0.977570
164.280           0.015786        0.904483
164.295           0.014538        0.832956
164.310           0.013317        0.763019
164.325           0.012125        0.694704
164.340           0.010961        0.628039
164.355           0.009827        0.563051
164.370           0.008723        0.499767
164.385           0.007648        0.438212
164.400           0.006604        0.378407
164.415           0.005592        0.320376
164.430           0.004610        0.264137
164.445           0.003660        0.209710
164.460           0.002742        0.157111
164.475           0.001856        0.106356
164.490           0.001003        0.057457
164.505           0.000182        0.010428
164.520          -0.000606       -0.034721
164.535          -0.001361       -0.077981
164.550          -0.002083       -0.119346
164.565          -0.002772       -0.158809
164.580          -0.003427       -0.196368
164.595          -0.004049       -0.232018
164.610          -0.004638       -0.265761
164.625          -0.005194       -0.297596
164.640          -0.005716       -0.327527
164.655          -0.006206       -0.355558
164.670          -0.006662       -0.381695
164.685          -0.007085       -0.405945
164.700          -0.007476       -0.428317
164.715          -0.007833       -0.448823
164.730          -0.008159       -0.467474
164.745          -0.008452       -0.484285
164.760          -0.008714       -0.499270
164.775          -0.008944       -0.512447
164.790          -0.009143       -0.523835
164.805          -0.009311       -0.533453
164.820          -0.009448       -0.541322
164.835          -0.009555       -0.547466
164.850          -0.009633       -0.551909
164.865          -0.009681       -0.554676
164.880          -0.009700       -0.555795
164.895          -0.009692       -0.555293
164.910          -0.009655       -0.553201
164.925          -0.009591       -0.549549
164.940          -0.009501       -0.544369
164.955          -0.009385       -0.537695
164.970          -0.009243       -0.529560
164.985          -0.009076       -0.520001
165.000          -0.008885       -0.509054
165.015          -0.008670       -0.496756
165.030          -0.008432       -0.483147
165.045          -0.008173       -0.468264
165.060          -0.007892       -0.452150
165.075          -0.007589       -0.434845
165.090          -0.007267       -0.416391
165.105          -0.006926       -0.396830
165.120          -0.006566       -0.376207
165.135          -0.006188       -0.354564
165.150          -0.005794       -0.331948
165.165          -0.005383       -0.308402
165.180          -0.004956       -0.283974
165.195          -0.004515       -0.258707
165.210          -0.004061       -0.232651
165.225          -0.003593       -0.205850
165.240          -0.003113       -0.178352
165.255          -0.002622       -0.150204
165.270          -0.002120       -0.121454
165.285          -0.001608       -0.092149
165.300          -0.001088       -0.062337
165.315          -0.000560       -0.032065
165.330          -0.000024       -0.001381
165.345           0.000518        0.029667
165.360           0.001065        0.061033
165.375           0.001617        0.092670
165.390           0.002173        0.124530
165.405           0.002733        0.156568
165.420           0.003294        0.188737
165.435           0.003857        0.220991
165.450           0.004421        0.253286
165.465           0.004984        0.285577
165.480           0.005547        0.317820
165.495           0.006108        0.349971
165.510           0.006667        0.381987
165.525           0.007223        0.413827
165.540           0.007775        0.445449
165.555           0.008322        0.476812
165.570           0.008864        0.507877
165.585           0.009400        0.538605
165.600           0.009930        0.568957
165.615           0.010453        0.598897
165.630           0.010967        0.628388
165.645           0.011474        0.657395
165.660           0.011971        0.685883
165.675           0.012459        0.713820
165.690           0.012936        0.741174
165.705           0.013403        0.767912
165.720           0.013858        0.794005
165.735           0.014302        0.819424
165.750           0.014733        0.844141
165.765           0.015152        0.868128
165.780           0.015557        0.891361
165.795           0.015949        0.913815
165.810           0.016327        0.935466
165.825           0.016690        0.956291
165.840           0.017039        0.976269
165.855           0.017373        0.995381
165.870           0.017691        1.013606
165.885           0.017993        1.030927
165.900           0.018279        1.047327
165.915           0.018549        1.062790
165.930           0.018802        1.077301
165.945           0.019039        1.090846
165.960           0.019258        1.103412
165.975           0.019460        1.114988
165.990           0.019645        1.125563
166.005           0.019812        1.135127
166.020           0.019961        1.143670
166.035           0.020092        1.151186
166.050           0.020205        1.157666
166.065           0.020300        1.163104
166.080           0.020377        1.167496
166.095           0.020435        1.170836
166.110           0.020475        1.173121
166.125           0.020496        1.174347
166.140           0.020499        1.174512
166.155           0.020483        1.173615
166.170           0.020449        1.171655
166.185           0.020396        1.168631
166.200           0.020325        1.164544
166.215           0.020235        1.159395
166.230           0.020127        1.153185
166.245           0.020000        1.145917
166.260           0.019855        1.137593
166.275           0.019691        1.128217
166.290           0.019509        1.117791
166.305           0.019309        1.106322
166.320           0.019091        1.093812
166.335           0.018854        1.080268
166.350           0.018600        1.065694
166.365           0.018328        1.050097
166.380           0.018038        1.033483
166.395           0.017730        1.015859
166.410           0.017405        0.997231
166.425           0.017062        0.977608
166.440           0.016703        0.956997
166.455           0.016326        0.935406
166.470           0.015932        0.912843
166.485           0.015522        0.889318
166.500           0.015094        0.864840
166.515           0.014651        0.839417
166.530           0.014191        0.813060
166.545           0.013714        0.785778
166.560           0.013222        0.757582
166.575           0.012714        0.728483
166.590           0.012191        0.698491
166.605           0.011652        0.667618
166.620           0.011098        0.635875
166.635           0.010529        0.603274
166.650           0.009945        0.569826
166.665           0.009347        0.535545
166.680           0.008734        0.500443
166.695           0.008108        0.464532
166.710           0.007467        0.427827
166.725           0.006813        0.390341
166.740           0.006145        0.352087
166.755           0.005464        0.313079
166.770           0.004771        0.273333
166.785           0.004064        0.232863
166.800           0.003345        0.191683
166.815           0.002615        0.149810
166.830           0.001872        0.107258
166.845           0.001118        0.064044
166.860           0.000352        0.020184
166.875          -0.000424       -0.024306
166.890          -0.001211       -0.069409
166.905          -0.002009       -0.115108
166.920          -0.002817       -0.161385
166.935          -0.003634       -0.208224
166.950          -0.004461       -0.255605
166.965          -0.005297       -0.303513
166.980          -0.006142       -0.351927
166.995          -0.006996       -0.400830
167.010          -0.007858       -0.450203
167.025          -0.008727       -0.500027
167.040          -0.009604       -0.550282
167.055          -0.010489       -0.600951
167.070          -0.011380       -0.652012
167.085          -0.012277       -0.703448
167.100          -0.013181       -0.755237
167.115          -0.014091       -0.807360
167.130          -0.015006       -0.859798
167.145          -0.015927       -0.912530
167.160          -0.016852       -0.965535
167.175          -0.017781       -1.018794
167.190          -0.018715       -1.072287
167.205          -0.019652       -1.125994
167.220          -0.020593       -1.179893
167.235          -0.021537       -1.233964
167.250          -0.022483       -1.288189
167.265          -0.023432       -1.342545
167.280          -0.024382       -1.397013
167.295          -0.025335       -1.451572
167.310          -0.026288       -1.506203
167.325          -0.027243       -1.560885
167.340          -0.028198       -1.615598
167.355          -0.029153       -1.670323
167.370          -0.030108       -1.725039
167.385          -0.031062       -1.779727
167.400          -0.032016       -1.834368
167.415          -0.032968       -1.888941
167.430          -0.033919       -1.943427
167.445          -0.034868       -1.997808
167.460          -0.035815       -2.052063
167.475          -0.036760       -2.106175
167.490          -0.037701       -2.160124
167.505          -0.038640       -2.213891
167.520          -0.039575       -2.267459
167.535          -0.040506       -2.320808
167.550          -0.041433       -2.373921
167.565          -0.042355       -2.426779
167.580          -0.043273       -2.479365
167.595          -0.044186       -2.531661
167.610          -0.045093       -2.583648
167.625          -0.045995       -2.635310
167.640          -0.046891       -2.686629
167.655          -0.047780       -2.737587
167.670          -0.048663       -2.788169
167.685          -0.049539       -2.838356
167.700          -0.050407       -2.888131
167.715          -0.051269       -2.937479
167.730          -0.052122       -2.986381
167.745          -0.052968       -3.034822
167.760          -0.053805       -3.082785
167.775          -0.054633       -3.130253
167.790          -0.055453       -3.177211
167.805          -0.056263       -3.223641
167.820          -0.057064       -3.269528
167.835          -0.057855       -3.314856
167.850          -0.058636       -3.359608
167.865          -0.059407       -3.403768
167.880          -0.060167       -3.447322
167.895          -0.060916       -3.490252
167.910          -0.061654       -3.532543
167.925          -0.062381       -3.574179
167.940          -0.063096       -3.615145
167.955          -0.063799       -3.655426
167.970          -0.064490       -3.695005
167.985          -0.065168       -3.733868
168.000          -0.065834       -3.771999
168.015          -0.066486       -3.809384
168.030          -0.067125       -3.846008
168.045          -0.067751       -3.881855
168.060          -0.068363       -3.916911
168.075          -0.068961       -3.951161
168.090          -0.069544       -3.984592
168.105          -0.070113       -4.017188
168.120          -0.070667       -4.048937
168.135          -0.071206       -4.079825
168.150          -0.071730       -4.109837
168.165          -0.072239       -4.138962
168.180          -0.072731       -4.167185
168.195          -0.073208       -4.194494
168.210          -0.073668       -4.220878
168.225          -0.074112       -4.246323
168.240          -0.074540       -4.270819
168.255          -0.074951       -4.294353
168.270          -0.075344       -4.316916
168.285          -0.075721       -4.338496
168.300          -0.076080       -4.359084
168.315          -0.076422       -4.378670
168.330          -0.076746       -4.397244
168.345          -0.077053       -4.414798
168.360          -0.077341       -4.431323
168.375          -0.077612       -4.446813
168.390          -0.077864       -4.461259
168.405          -0.078097       -4.474655
168.420          -0.078313       -4.486995
168.435          -0.078510       -4.498273
168.450          -0.078688       -4.508484
168.465          -0.078847       -4.517624
168.480          -0.078988       -4.525689
168.495          -0.079110       -4.532675
168.510          -0.079213       -4.538580
168.525          -0.079297       -4.543401
168.540          -0.079363       -4.547138
168.555          -0.079409       -4.549789
168.570          -0.079436       -4.551354
168.585          -0.079444       -4.551833
168.600          -0.079434       -4.551227
168.615          -0.079404       -4.549538
168.630          -0.079356       -4.546768
168.645          -0.079289       -4.542919
168.660          -0.079203       -4.537995
168.675          -0.079098       -4.531999
168.690          -0.078975       -4.524936
168.705          -0.078833       -4.516811
168.720          -0.078673       -4.507629
168.735          -0.078494       -4.497396
168.750          -0.078298       -4.486118
168.765          -0.078083       -4.473803
168.780          -0.077850       -4.460458
168.795          -0.077599       -4.446091
168.810          -0.077330       -4.430710
168.825          -0.077044       -4.414323
168.840          -0.076741       -4.396941
168.855          -0.076420       -4.378572
168.870          -0.076083       -4.359226
168.885          -0.075728       -4.338914
168.900          -0.075357       -4.317647
168.915          -0.074969       -4.295434
168.930          -0.074565       -4.272287
168.945          -0.074145       -4.248218
168.960          -0.073709       -4.223239
168.975          -0.073258       -4.197361
168.990          -0.072791       -4.170597
169.005          -0.072308       -4.142958
169.020          -0.071811       -4.114458
169.035          -0.071299       -4.085110
169.050          -0.070772       -4.054926
169.065          -0.070231       -4.023919
169.080          -0.069675       -3.992103
169.095          -0.069106       -3.959491
169.110          -0.068523       -3.926097
169.125          -0.067927       -3.891935
169.140          -0.067318       -3.857017
169.155          -0.066695       -3.821359
169.170          -0.066060       -3.784974
169.185          -0.065413       -3.747877
169.200          -0.064753       -3.710081
169.215          -0.064082       -3.671601
169.230          -0.063398       -3.632451
169.245          -0.062704       -3.592646
169.260          -0.061998       -3.552201
169.275          -0.061281       -3.511130
169.290          -0.060553       -3.469449
169.305          -0.059815       -3.427171
169.320          -0.059067       -3.384313
169.335          -0.058310       -3.340890
169.350          -0.057542       -3.296917
169.365          -0.056765       -3.252409
169.380          -0.055979       -3.207382
169.395          -0.055185       -3.161853
169.410          -0.054382       -3.115837
169.425          -0.053570       -3.069350
169.440          -0.052751       -3.022409
169.455          -0.051924       -2.975031
169.470          -0.051090       -2.927231
169.485          -0.050249       -2.879028
169.500          -0.049400       -2.830438
169.515          -0.048546       -2.781479
169.530          -0.047685       -2.732169
169.545          -0.046819       -2.682525
169.560          -0.045947       -2.632566
169.575          -0.045070       -2.582310
169.590          -0.044188       -2.531776
169.605          -0.043301       -2.480983
169.620          -0.042411       -2.429951
169.635          -0.041516       -2.378698
169.650          -0.040618       -2.327245
169.665          -0.039717       -2.275612
169.680          -0.038813       -2.223820
169.695          -0.037907       -2.171888
169.710          -0.036998       -2.119839
169.725          -0.036088       -2.067693
169.740          -0.035177       -2.015473
169.755          -0.034264       -1.963199
169.770          -0.033351       -1.910894
169.785          -0.032438       -1.858581
169.800          -0.031526       -1.806282
169.815          -0.030613       -1.754020
169.830          -0.029702       -1.701819
169.845          -0.028793       -1.649701
169.860          -0.027885       -1.597691
169.875          -0.026980       -1.545812
169.890          -0.026077       -1.494089
169.905          -0.025177       -1.442545
169.920          -0.024281       -1.391206
169.935          -0.023389       -1.340095
169.950          -0.022501       -1.289237
169.965          -0.021619       -1.238657
169.980          -0.020741       -1.188381
169.995          -0.019869       -1.138433
170.010          -0.019004       -1.088838
170.025          -0.018145       -1.039622
170.040          -0.017293       -0.990809
170.055          -0.016448       -0.942425
170.070          -0.015612       -0.894495
170.085          -0.014784       -0.847044
170.100          -0.013964       -0.800098
170.115          -0.013154       -0.753680
170.130          -0.012354       -0.707816
170.145          -0.011563       -0.662532
170.160          -0.010784       -0.617850
170.175          -0.010015       -0.573797
170.190          -0.009257       -0.530395
170.205          -0.008511       -0.487670
170.220          -0.007778       -0.445645
170.235          -0.007057       -0.404343
170.250          -0.006349       -0.363788
170.265          -0.005655       -0.324003
170.280          -0.004974       -0.285010
170.295          -0.004308       -0.246832
170.310          -0.003656       -0.209490
170.325          -0.003020       -0.173007
170.340          -0.002398       -0.137403
170.355          -0.001792       -0.102699
170.370          -0.001203       -0.068915
170.385          -0.000630       -0.036071
170.400          -0.000073       -0.004186
170.415           0.000466        0.026720
170.430           0.000988        0.056631
170.445           0.001493        0.085527
170.460           0.001979        0.113392
170.475           0.002447        0.140209
170.490           0.002897        0.165963
170.505           0.003327        0.190638
170.520           0.003739        0.214219
170.535           0.004131        0.236692
170.550           0.004504        0.258044
170.565           0.004857        0.278263
170.580           0.005189        0.297336
170.595           0.005502        0.315252
170.610           0.005794        0.332000
170.625           0.006066        0.347571
170.640           0.006317        0.361955
170.655           0.006548        0.375145
170.670           0.006757        0.387133
170.685           0.006945        0.397912
170.700           0.007112        0.407476
170.715           0.007257        0.415821
170.730           0.007382        0.422942
170.745           0.007485        0.428835
170.760           0.007566        0.433499
170.775           0.007626        0.436931
170.790           0.007664        0.439131
170.805           0.007681        0.440098
170.820           0.007677        0.439835
170.835           0.007651        0.438342
170.850           0.007603        0.435623
170.865           0.007534        0.431681
170.880           0.007444        0.426521
170.895           0.007333        0.420149
170.910           0.007201        0.412570
170.925           0.007048        0.403792
170.940           0.006874        0.393824
170.955           0.006679        0.382675
170.970           0.006464        0.370355
170.985           0.006229        0.356874
171.000           0.005973        0.342246
171.015           0.005698        0.326482
171.030           0.005404        0.309598
171.045           0.005089        0.291607
171.060           0.004756        0.272525
171.075           0.004405        0.252369
171.090           0.004034        0.231156
171.105           0.003646        0.208904
171.120           0.003240        0.185634
171.135           0.002816        0.161364
171.150           0.002376        0.136116
171.165           0.001918        0.109912
171.180           0.001445        0.082773
171.195           0.000955        0.054724
171.210           0.000450        0.025788
171.225          -0.000070       -0.004010
171.240          -0.000605       -0.034643
171.255          -0.001153       -0.066086
171.270          -0.001716       -0.098312
171.285          -0.002291       -0.131293
171.300          -0.002880       -0.165001
171.315          -0.003480       -0.199406
171.330          -0.004092       -0.234479
171.345          -0.004716       -0.270190
171.360          -0.005350       -0.306508
171.375          -0.005994       -0.343403
171.390          -0.006647       -0.380842
171.405          -0.007309       -0.418793
171.420          -0.007980       -0.457224
171.435          -0.008659       -0.496102
171.450          -0.009344       -0.535394
171.465          -0.010037       -0.575066
171.480          -0.010735       -0.615083
171.495          -0.011439       -0.655413
171.510          -0.012148       -0.696021
171.525          -0.012861       -0.736872
171.540          -0.013577       -0.777932
171.555          -0.014297       -0.819166
171.570          -0.015019       -0.860539
171.585          -0.015743       -0.902015
171.600          -0.016468       -0.943562
171.615          -0.017194       -0.985142
171.630          -0.017920       -1.026723
171.645          -0.018645       -1.068268
171.660          -0.019369       -1.109744
171.675          -0.020091       -1.151116
171.690          -0.020810       -1.192350
171.705          -0.021527       -1.233411
171.720          -0.022240       -1.274267
171.735          -0.022949       -1.314884
171.750          -0.023653       -1.355228
171.765          -0.024352       -1.395267
171.780          -0.025045       -1.434969
171.795          -0.025731       -1.474301
171.810          -0.026411       -1.513232
171.825          -0.027083       -1.551730
171.840          -0.027747       -1.589766
171.855          -0.028402       -1.627309
171.870          -0.029048       -1.664329
171.885          -0.029685       -1.700798
171.900          -0.030311       -1.736686
171.915          -0.030927       -1.771966
171.930          -0.031531       -1.806610
171.945          -0.032124       -1.840592
171.960          -0.032705       -1.873885
171.975          -0.033274       -1.906464
171.990          -0.033830       -1.938304
172.005          -0.034372       -1.969381
172.020          -0.034901       -1.999671
172.035          -0.035415       -2.029150
172.050          -0.035915       -2.057798
172.065          -0.036400       -2.085591
172.080          -0.036870       -2.112510
172.095          -0.037324       -2.138534
172.110          -0.037763       -2.163644
172.125          -0.038185       -2.187820
172.140          -0.038590       -2.211044
172.155          -0.038978       -2.233299
172.170          -0.039350       -2.254568
172.185          -0.039703       -2.274835
172.200          -0.040039       -2.294084
172.215          -0.040357       -2.312301
172.230          -0.040657       -2.329471
172.245          -0.040938       -2.345580
172.260          -0.041201       -2.360617
172.275          -0.041444       -2.374568
172.290          -0.041668       -2.387422
172.305          -0.041873       -2.399168
172.320          -0.042059       -2.409796
172.335          -0.042225       -2.419295
172.350          -0.042371       -2.427657
172.365          -0.042497       -2.434873
172.380          -0.042602       -2.440935
172.395          -0.042688       -2.445836
172.410          -0.042753       -2.449568
172.425          -0.042798       -2.452125
172.440          -0.042822       -2.453502
172.455          -0.042825       -2.453693
172.470          -0.042808       -2.452693
172.485          -0.042769       -2.450497
172.500          -0.042710       -2.447103
172.515          -0.042630       -2.442507
172.530          -0.042529       -2.436705
172.545          -0.042406       -2.429695
172.560          -0.042263       -2.421476
172.575          -0.042098       -2.412046
172.590          -0.041912       -2.401404
172.605          -0.041705       -2.389548
172.620          -0.041477       -2.376480
172.635          -0.041228       -2.362198
172.650          -0.040958       -2.346704
172.665          -0.040666       -2.329998
172.680          -0.040353       -2.312082
172.695          -0.040020       -2.292957
172.710          -0.039665       -2.272626
172.725          -0.039289       -2.251090
172.740          -0.038892       -2.228354
172.755          -0.038474       -2.204419
172.770          -0.038036       -2.179290
172.785          -0.037576       -2.152970
172.800          -0.037096       -2.125464
172.815          -0.036596       -2.096776
172.830          -0.036074       -2.066911
172.845          -0.035533       -2.035874
172.860          -0.034971       -2.003671
172.875          -0.034388       -1.970308
172.890          -0.033786       -1.935791
172.905          -0.033163       -1.900127
172.920          -0.032521       -1.863323
172.935          -0.031859       -1.825385
172.950          -0.031177       -1.786322
172.965          -0.030476       -1.746141
172.980          -0.029755       -1.704851
172.995          -0.029015       -1.662460
173.010          -0.028256       -1.618977
173.025          -0.027479       -1.574411
173.040          -0.026682       -1.528773
173.055          -0.025867       -1.482071
173.070          -0.025034       -1.434317
173.085          -0.024182       -1.385520
173.100          -0.023312       -1.335692
173.115          -0.022425       -1.284843
173.130          -0.021520       -1.232986
173.145          -0.020597       -1.180132
173.160          -0.019658       -1.126293
173.175          -0.018701       -1.071482
173.190          -0.017728       -1.015712
173.205          -0.016738       -0.958996
173.220          -0.015731       -0.901348
173.235          -0.014709       -0.842780
173.250          -0.013671       -0.783309
173.265          -0.012618       -0.722948
173.280          -0.011549       -0.661711
173.295          -0.010465       -0.599615
173.310          -0.009367       -0.536674
173.325          -0.008254       -0.472904
173.340          -0.007127       -0.408322
173.355          -0.005985       -0.342944
173.370          -0.004831       -0.276786
173.385          -0.003663       -0.209866
173.400          -0.002482       -0.142200
173.415          -0.001288       -0.073808
173.430          -0.000082       -0.004706
173.445           0.001136        0.065087
173.460           0.002366        0.135553
173.475           0.003607        0.206673
173.490           0.004859        0.278428
173.505           0.006123        0.350798
173.520           0.007396        0.423764
173.535           0.008680        0.497306
173.550           0.009973        0.571404
173.565           0.011275        0.646038
173.580           0.012587        0.721186
173.595           0.013907        0.796829
173.610           0.015236        0.872944
173.625           0.016572        0.949511
173.640           0.017916        1.026509
173.655           0.019267        1.103915
173.670           0.020625        1.181707
173.685           0.021989        1.259864
173.700           0.023359        1.338363
173.715           0.024735        1.417183
173.730           0.026115        1.496299
173.745           0.027501        1.575690
173.760           0.028891        1.655333
173.775           0.030285        1.735205
173.790           0.031683        1.815282
173.805           0.033083        1.895542
173.820           0.034487        1.975961
173.835           0.035893        2.056516
173.850           0.037301        2.137183
173.865           0.038710        2.217939
173.880           0.040121        2.298760
173.895           0.041532        2.379624
173.910           0.042944        2.460505
173.925           0.044355        2.541381
173.940           0.045767        2.622228
173.955           0.047177        2.703022
173.970           0.048585        2.783740
173.985           0.049992        2.864358
174.000           0.051397        2.944853
174.015           0.052800        3.025201
174.030           0.054199        3.105378
174.045           0.055595        3.185362
174.060           0.056987        3.265130
174.075           0.058375        3.344658
174.090           0.059759        3.423923
174.105           0.061137        3.502902
174.120           0.062510        3.581572
174.135           0.063878        3.659912
174.150           0.065239        3.737898
174.165           0.066593        3.815509
174.180           0.067941        3.892721
174.195           0.069281        3.969514
174.210           0.070614        4.045865
174.225           0.071938        4.121753
174.240           0.073254        4.197157
174.255           0.074561        4.272055
174.270           0.075859        4.346426
174.285           0.077148        4.420250
174.300           0.078426        4.493506
174.315           0.079695        4.566175
174.330           0.080952        4.638235
174.345           0.082199        4.709667
174.360           0.083435        4.780452
174.375           0.084658        4.850571
174.390           0.085870        4.920003
174.405           0.087070        4.988731
174.420           0.088257        5.056735
174.435           0.089431        5.123998
174.450           0.090591        5.190500
174.465           0.091738        5.256225
174.480           0.092872        5.321155
174.495           0.093991        5.385271
174.510           0.095095        5.448557
174.525           0.096185        5.510995
174.540           0.097260        5.572569
174.555           0.098319        5.633262
174.570           0.099363        5.693058
174.585           0.100390        5.751939
174.600           0.101402        5.809891
174.615           0.102397        5.866896
174.630           0.103375        5.922939
174.645           0.104336        5.978005
174.660           0.105280        6.032077
174.675           0.106206        6.085141
174.690           0.107114        6.137180
174.705           0.108004        6.188180
174.720           0.108876        6.238124
174.735           0.109729        6.286999
174.750           0.110563        6.334789
174.765           0.111378        6.381479
174.780           0.112173        6.427054
174.795           0.112949        6.471499
174.810           0.113705        6.514799
174.825           0.114440        6.556938
174.840           0.115155        6.597903
174.855           0.115849        6.637678
174.870           0.116523        6.676248
174.885           0.117174        6.713598
174.900           0.117805        6.749712
174.915           0.118413        6.784577
174.930           0.119000        6.818177
174.945           0.119564        6.850496
174.960           0.120105        6.881520
174.975           0.120624        6.911233
174.990           0.121119        6.939620
175.005           0.121591        6.966666
175.020           0.122040        6.992354
175.035           0.122464        7.016671
175.050           0.122864        7.039599
175.065           0.123240        7.061125
175.080           0.123591        7.081232
175.095           0.123917        7.099905
175.110           0.124217        7.117128
175.125           0.124492        7.132886
175.140           0.124742        7.147164
175.155           0.124965        7.159945
175.170           0.125161        7.171216
175.185           0.125331        7.180960
175.200           0.125475        7.189162
175.215           0.125591        7.195808
175.230           0.125679        7.200882
175.245           0.125740        7.204370
175.260           0.125773        7.206257
175.275           0.125778        7.206529
175.290           0.125754        7.205172
175.305           0.125702        7.202172
175.320           0.125620        7.197516
175.335           0.125510        7.191190
175.350           0.125370        7.183182
175.365           0.125201        7.173479
175.380           0.125002        7.162070
175.395           0.124773        7.148942
175.410           0.124513        7.134085
175.425           0.124224        7.117488
175.440           0.123903        7.099141
175.455           0.123552        7.079034
175.470           0.123171        7.057160
175.485           0.122758        7.033508
175.500           0.122314        7.008073
175.515           0.121839        6.980847
175.530           0.121332        6.951824
175.545           0.120794        6.920999
175.560           0.120225        6.888366
175.575           0.119624        6.853923
175.590           0.118991        6.817666
175.605           0.118326        6.779593
175.620           0.117630        6.739702
175.635           0.116902        6.697994
175.650           0.116142        6.654469
175.665           0.115351        6.609128
175.680           0.114528        6.561974
175.695           0.113673        6.513011
175.710           0.112787        6.462242
175.725           0.111870        6.409673
175.740           0.110921        6.355310
175.755           0.109941        6.299161
175.770           0.108930        6.241234
175.785           0.107888        6.181539
175.800           0.106816        6.120086
175.815           0.105713        6.056887
175.830           0.104579        5.991953
175.845           0.103416        5.925300
175.860           0.102223        5.856941
175.875           0.101000        5.786893
175.890           0.099749        5.715171
175.905           0.098468        5.641794
175.920           0.097159        5.566780
175.935           0.095821        5.490149
175.950           0.094456        5.411923
175.965           0.093063        5.332121
175.980           0.091643        5.250769
175.995           0.090197        5.167888
176.010           0.088724        5.083504
176.025           0.087225        4.997642
176.040           0.085701        4.910329
176.055           0.084153        4.821592
176.070           0.082580        4.731459
176.085           0.080983        4.639959
176.100           0.079362        4.547123
176.115           0.077719        4.452982
176.130           0.076054        4.357565
176.145           0.074367        4.260907
176.160           0.072659        4.163041
176.175           0.070930        4.063999
176.190           0.069182        3.963817
176.205           0.067414        3.862531
176.220           0.065627        3.760175
176.235           0.063823        3.656787
176.250           0.062001        3.552405
176.265           0.060163        3.447065
176.280           0.058308        3.340807
176.295           0.056438        3.233669
176.310           0.054554        3.125692
176.325           0.052655        3.016916
176.340           0.050743        2.907380
176.355           0.048819        2.797128
176.370           0.046883        2.686200
176.385           0.044936        2.574638
176.400           0.042978        2.462486
176.415           0.041011        2.349786
176.430           0.039036        2.236582
176.445           0.037052        2.122917
176.460           0.035061        2.008837
176.475           0.033063        1.894385
176.490           0.031060        1.779607
176.505           0.029052        1.664548
176.520           0.027040        1.549253
176.535           0.025024        1.433769
176.550           0.023006        1.318140
176.565           0.020986        1.202415
176.580           0.018965        1.086638
176.595           0.016945        0.970858
176.610           0.014925        0.855119
176.625           0.012906        0.739471
176.640           0.010890        0.623959
176.655           0.008877        0.508632
176.670           0.006868        0.393535
176.685           0.004865        0.278717
176.700           0.002866        0.164225
176.715           0.000875        0.050105
176.730          -0.001110       -0.063594
176.745          -0.003086       -0.176826
176.760          -0.005053       -0.289543
176.775          -0.007011       -0.401700
176.790          -0.008958       -0.513248
176.805          -0.010893       -0.624143
176.820          -0.012817       -0.734337
176.835          -0.014727       -0.843785
176.850          -0.016623       -0.952441
176.865          -0.018505       -1.060260
176.880          -0.020371       -1.167198
176.895          -0.022222       -1.273210
176.910          -0.024055       -1.378252
176.925          -0.025871       -1.482282
176.940          -0.027668       -1.585256
176.955          -0.029446       -1.687133
176.970          -0.031204       -1.787871
176.985          -0.032942       -1.887430
177.000          -0.034658       -1.985770
177.015          -0.036353       -2.082851
177.030          -0.038024       -2.178637
177.045          -0.039673       -2.273089
177.060          -0.041297       -2.366171
177.075          -0.042898       -2.457847
177.090          -0.044472       -2.548085
177.105          -0.046022       -2.636850
177.120          -0.047545       -2.724110
177.135          -0.049041       -2.809834
177.150          -0.050510       -2.893993
177.165          -0.051951       -2.976558
177.180          -0.053363       -3.057502
177.195          -0.054747       -3.136798
177.210          -0.056102       -3.214423
177.225          -0.057427       -3.290353
177.240          -0.058723       -3.364566
177.255          -0.059988       -3.437041
177.270          -0.061222       -3.507760
177.285          -0.062425       -3.576705
177.300          -0.063597       -3.643861
177.315          -0.064738       -3.709212
177.330          -0.065847       -3.772745
177.345          -0.066924       -3.834450
177.360          -0.067969       -3.894315
177.375          -0.068981       -3.952333
177.390          -0.069961       -4.008497
177.405          -0.070909       -4.062801
177.420          -0.071825       -4.115242
177.435          -0.072707       -4.165817
177.450          -0.073557       -4.214526
177.465          -0.074375       -4.261369
177.480          -0.075160       -4.306348
177.495          -0.075913       -4.349468
177.510          -0.076633       -4.390734
177.525          -0.077321       -4.430151
177.540          -0.077977       -4.467729
177.555          -0.078600       -4.503477
177.570          -0.079193       -4.537404
177.585          -0.079753       -4.569525
177.600          -0.080283       -4.599851
177.615          -0.080781       -4.628397
177.630          -0.081248       -4.655180
177.645          -0.081685       -4.680216
177.660          -0.082092       -4.703523
177.675          -0.082469       -4.725120
177.690          -0.082816       -4.745027
177.705          -0.083135       -4.763267
177.720          -0.083424       -4.779859
177.735          -0.083686       -4.794829
177.750          -0.083919       -4.808198
177.765          -0.084125       -4.819992
177.780          -0.084304       -4.830236
177.795          -0.084456       -4.838956
177.810          -0.084582       -4.846178
177.825          -0.084682       -4.851929
177.840          -0.084757       -4.856237
177.855          -0.084808       -4.859130
177.870          -0.084834       -4.860635
177.885          -0.084837       -4.860783
177.900          -0.084816       -4.859601
177.915          -0.084773       -4.857119
177.930          -0.084707       -4.853367
177.945          -0.084620       -4.848373
177.960          -0.084512       -4.842168
177.975          -0.084383       -4.834781
177.990          -0.084234       -4.826242
178.005          -0.084065       -4.816581
178.020          -0.083878       -4.805827
178.035          -0.083671       -4.794010
178.050          -0.083447       -4.781158
178.065          -0.083205       -4.767302
178.080          -0.082946       -4.752469
178.095          -0.082671       -4.736688
178.110          -0.082379       -4.719988
178.125          -0.082072       -4.702397
178.140          -0.081750       -4.683942
178.155          -0.081413       -4.664650
178.170          -0.081063       -4.644548
178.185          -0.080698       -4.623662
178.200          -0.080320       -4.602018
178.215          -0.079930       -4.579641
178.230          -0.079527       -4.556557
178.245          -0.079112       -4.532789
178.260          -0.078686       -4.508361
178.275          -0.078248       -4.483296
178.290          -0.077800       -4.457618
178.305          -0.077342       -4.431347
178.320          -0.076873       -4.404507
178.335          -0.076395       -4.377116
178.350          -0.075908       -4.349196
178.365          -0.075412       -4.320766
178.380          -0.074907       -4.291846
178.395          -0.074394       -4.262453
178.410          -0.073873       -4.232605
178.425          -0.073344       -4.202320
178.440          -0.072808       -4.171613
178.455          -0.072265       -4.140501
178.470          -0.071716       -4.108999
178.485          -0.071159       -4.077122
178.500          -0.070597       -4.044882
178.515          -0.070028       -4.012294
178.530          -0.069453       -3.979371
178.545          -0.068873       -3.946123
178.560          -0.068287       -3.912563
178.575          -0.067696       -3.878701
178.590          -0.067100       -3.844548
178.605          -0.066499       -3.810113
178.620          -0.065893       -3.775405
178.635          -0.065283       -3.740432
178.650          -0.064668       -3.705202
178.665          -0.064049       -3.669722
178.680          -0.063425       -3.633998
178.695          -0.062798       -3.598038
178.710          -0.062166       -3.561846
178.725          -0.061530       -3.525426
178.740          -0.060891       -3.488784
178.755          -0.060247       -3.451924
178.770          -0.059600       -3.414848
178.785          -0.058950       -3.377559
178.800          -0.058295       -3.340060
178.815          -0.057637       -3.302353
178.830          -0.056975       -3.264439
178.845          -0.056310       -3.226318
178.860          -0.055641       -3.187992
178.875          -0.054968       -3.149461
178.890          -0.054292       -3.110723
178.905          -0.053613       -3.071780
178.920          -0.052929       -3.032628
178.935          -0.052242       -2.993267
178.950          -0.051552       -2.953696
178.965          -0.050857       -2.913912
178.980          -0.050159       -2.873912
178.995          -0.049457       -2.833695
179.010          -0.048752       -2.793257
179.025          -0.048042       -2.752595
179.040          -0.047328       -2.711706
179.055          -0.046611       -2.670586
179.070          -0.045889       -2.629232
179.085          -0.045163       -2.587640
179.100          -0.044433       -2.545805
179.115          -0.043698       -2.503725
179.130          -0.042959       -2.461394
179.145          -0.042216       -2.418809
179.160          -0.041468       -2.375966
179.175          -0.040716       -2.332860
179.190          -0.039959       -2.289487
179.205          -0.039197       -2.245844
179.220          -0.038431       -2.201926
179.235          -0.037659       -2.157729
179.250          -0.036883       -2.113250
179.265          -0.036102       -2.068486
179.280          -0.035316       -2.023432
179.295          -0.034524       -1.978085
179.310          -0.033727       -1.932443
179.325          -0.032926       -1.886503
179.340          -0.032119       -1.840263
179.355          -0.031306       -1.793719
179.370          -0.030489       -1.746871
179.385          -0.029666       -1.699717
179.400          -0.028837       -1.652255
179.415          -0.028004       -1.604485
179.430          -0.027164       -1.556407
179.445          -0.026320       -1.508019
179.460          -0.025470       -1.459324
179.475          -0.024615       -1.410321
179.490          -0.023754       -1.361011
179.505          -0.022888       -1.311397
179.520          -0.022017       -1.261481
179.535          -0.021141       -1.211264
179.550          -0.020259       -1.160752
179.565          -0.019372       -1.109946
179.580          -0.018480       -1.058851
179.595          -0.017584       -1.007472
179.610          -0.016682       -0.955814
179.625          -0.015776       -0.903883
179.640          -0.014865       -0.851685
179.655          -0.013949       -0.799226
179.670          -0.013029       -0.746514
179.685          -0.012105       -0.693557
179.700          -0.011176       -0.640362
179.715          -0.010244       -0.586940
179.730          -0.009308       -0.533299
179.745          -0.008368       -0.479449
179.760          -0.007425       -0.425400
179.775          -0.006478       -0.371164
179.790          -0.005528       -0.316752
179.805          -0.004576       -0.262177
179.820          -0.003621       -0.207449
179.835          -0.002663       -0.152583
179.850          -0.001703       -0.097592
179.865          -0.000742       -0.042490
179.880           0.000222        0.012708
179.895           0.001187        0.067989
179.910           0.002153        0.123336
179.925           0.003119        0.178733
179.940           0.004087        0.234164
179.955           0.005055        0.289614
179.970           0.006022        0.345063
179.985           0.006990        0.400495
180.000           0.007957        0.455892
180.015           0.008923        0.511236
180.030           0.009887        0.566507
180.045           0.010850        0.621686
180.060           0.011812        0.676755
180.075           0.012770        0.731693
180.090           0.013727        0.786479
180.105           0.014680        0.841094
180.120           0.015630        0.895516
180.135           0.016576        0.949724
180.150           0.017518        1.003697
180.165           0.018455        1.057412
180.180           0.019388        1.110848
180.195           0.020315        1.163983
180.210           0.021237        1.216792
180.225           0.022153        1.269254
180.240           0.023062        1.321346
180.255           0.023964        1.373043
180.270           0.024859        1.424323
180.285           0.025746        1.475162
180.300           0.026626        1.525535
180.315           0.027496        1.575419
180.330           0.028358        1.624788
180.345           0.029210        1.673620
180.360           0.030053        1.721888
180.375           0.030885        1.769570
180.390           0.031706        1.816639
180.405           0.032517        1.863071
180.420           0.033316        1.908841
180.435           0.034102        1.953924
180.450           0.034877        1.998296
180.465           0.035638        2.041932
180.480           0.036387        2.084806
180.495           0.037121        2.126894
180.510           0.037842        2.168171
180.525           0.038548        2.208613
180.540           0.039238        2.248196
180.555           0.039914        2.286894
180.570           0.040573        2.324685
180.585           0.041217        2.361543
180.600           0.041843        2.397446
180.615           0.042453        2.432369
180.630           0.043045        2.466291
180.645           0.043619        2.499188
180.660           0.044175        2.531037
180.675           0.044712        2.561817
180.690           0.045230        2.591505
180.705           0.045729        2.620082
180.720           0.046208        2.647525
180.735           0.046667        2.673814
180.750           0.047105        2.698930
180.765           0.047523        2.722854
180.780           0.047919        2.745566
180.795           0.048294        2.767049
180.810           0.048647        2.787284
180.825           0.048978        2.806255
180.840           0.049287        2.823946
180.855           0.049573        2.840341
180.870           0.049837        2.855426
180.885           0.050077        2.869185
180.900           0.050294        2.881606
180.915           0.050487        2.892676
180.930           0.050656        2.902383
180.945           0.050802        2.910716
180.960           0.050923        2.917664
180.975           0.051020        2.923219
180.990           0.051092        2.927371
181.005           0.051140        2.930113
181.020           0.051163        2.931437
181.035           0.051162        2.931338
181.050           0.051135        2.929811
181.065           0.051083        2.926850
181.080           0.051006        2.922453
181.095           0.050905        2.916617
181.110           0.050778        2.909340
181.125           0.050625        2.900621
181.140           0.050448        2.890461
181.155           0.050246        2.878859
181.170           0.050018        2.865818
181.185           0.049765        2.851341
181.200           0.049488        2.835431
181.215           0.049185        2.818091
181.230           0.048857        2.799328
181.245           0.048505        2.779146
181.260           0.048128        2.757553
181.275           0.047727        2.734556
181.290           0.047301        2.710164
181.305           0.046851        2.684384
181.320           0.046377        2.657227
181.335           0.045880        2.628704
181.350           0.045358        2.598825
181.365           0.044813        2.567601
181.380           0.044245        2.535046
181.395           0.043654        2.501173
181.410           0.043040        2.465994
181.425           0.042403        2.429525
181.440           0.041744        2.391779
181.455           0.041064        2.352773
181.470           0.040361        2.312522
181.485           0.039637        2.271041
181.500           0.038892        2.228349
181.515           0.038126        2.184462
181.530           0.037340        2.139398
181.545           0.036533        2.093175
181.560           0.035706        2.045811
181.575           0.034860        1.997324
181.590           0.033994        1.947735
181.605           0.033110        1.897062
181.620           0.032207        1.845325
181.635           0.031286        1.792543
181.650           0.030347        1.738738
181.665           0.029390        1.683929
181.680           0.028416        1.628138
181.695           0.027426        1.571384
181.710           0.026419        1.513689
181.725           0.025396        1.455073
181.740           0.024357        1.395559
181.755           0.023303        1.335167
181.770           0.022234        1.273919
181.785           0.021151        1.211836
181.800           0.020053        1.148941
181.815           0.018941        1.085254
181.830           0.017816        1.020797
181.845           0.016678        0.955593
181.860           0.015528        0.889662
181.875           0.014365        0.823027
181.890           0.013190        0.755710
181.905           0.012003        0.687731
181.920           0.010806        0.619114
181.935           0.009597        0.549878
181.950           0.008378        0.480047
181.965           0.007150        0.409642
181.980           0.005911        0.338683
181.995           0.004663        0.267194
182.010           0.003407        0.195194
182.025           0.002142        0.122706
182.040           0.000868        0.049749
182.055          -0.000413       -0.023653
182.070          -0.001701       -0.097481
182.085          -0.002997       -0.171714
182.100          -0.004299       -0.246331
182.115          -0.005608       -0.321312
182.130          -0.006923       -0.396635
182.145          -0.008243       -0.472280
182.160          -0.009568       -0.548228
182.175          -0.010899       -0.624458
182.190          -0.012234       -0.700950
182.205          -0.013573       -0.777685
182.220          -0.014916       -0.854642
182.235          -0.016263       -0.931803
182.250          -0.017613       -1.009147
182.265          -0.018966       -1.086656
182.280          -0.020321       -1.164310
182.295          -0.021679       -1.242091
182.310          -0.023038       -1.319979
182.325          -0.024399       -1.397956
182.340          -0.025761       -1.476004
182.355          -0.027124       -1.554104
182.370          -0.028488       -1.632237
182.385          -0.029852       -1.710386
182.400          -0.031216       -1.788533
182.415          -0.032579       -1.866659
182.430          -0.033942       -1.944747
182.445          -0.035304       -2.022779
182.460          -0.036665       -2.100737
182.475          -0.038024       -2.178605
182.490          -0.039381       -2.256364
182.505          -0.040736       -2.333997
182.520          -0.042088       -2.411487
182.535          -0.043438       -2.488817
182.550          -0.044785       -2.565969
182.565          -0.046128       -2.642927
182.580          -0.047467       -2.719672
182.595          -0.048803       -2.796189
182.610          -0.050134       -2.872460
182.625          -0.051460       -2.948467
182.640          -0.052782       -3.024194
182.655          -0.054099       -3.099623
182.670          -0.055410       -3.174738
182.685          -0.056715       -3.249520
182.700          -0.058014       -3.323953
182.715          -0.059307       -3.398018
182.730          -0.060593       -3.471700
182.745          -0.061872       -3.544979
182.760          -0.063143       -3.617838
182.775          -0.064407       -3.690259
182.790          -0.065663       -3.762224
182.805          -0.066911       -3.833715
182.820          -0.068150       -3.904714
182.835          -0.069380       -3.975202
182.850          -0.070601       -4.045160
182.865          -0.071813       -4.114569
182.880          -0.073014       -4.183411
182.895          -0.074206       -4.251667
182.910          -0.075386       -4.319316
182.925          -0.076556       -4.386339
182.940          -0.077715       -4.452716
182.955          -0.078861       -4.518428
182.970          -0.079996       -4.583454
182.985          -0.081119       -4.647774
183.000          -0.082229       -4.711366
183.015          -0.083326       -4.774211
183.030          -0.084409       -4.836288
183.045          -0.085479       -4.897574
183.060          -0.086534       -4.958049
183.075          -0.087575       -5.017692
183.090          -0.088601       -5.076480
183.105          -0.089612       -5.134392
183.120          -0.090607       -5.191406
183.135          -0.091586       -5.247500
183.150          -0.092549       -5.302653
183.165          -0.093495       -5.356841
183.180          -0.094423       -5.410043
183.195          -0.095334       -5.462237
183.210          -0.096227       -5.513400
183.225          -0.097102       -5.563510
183.240          -0.097957       -5.612546
183.255          -0.098794       -5.660484
183.270          -0.099611       -5.707304
183.285          -0.100409       -5.752983
183.300          -0.101185       -5.797500
183.315          -0.101942       -5.840833
183.330          -0.102677       -5.882961
183.345          -0.103391       -5.923863
183.360          -0.104083       -5.963517
183.375          -0.104753       -6.001905
183.390          -0.105401       -6.039005
183.405          -0.106025       -6.074797
183.420          -0.106627       -6.109263
183.435          -0.107205       -6.142383
183.450          -0.107759       -6.174140
183.465          -0.108289       -6.204514
183.480          -0.108795       -6.233488
183.495          -0.109276       -6.261046
183.510          -0.109732       -6.287170
183.525          -0.110162       -6.311846
183.540          -0.110568       -6.335058
183.555          -0.110947       -6.356791
183.570          -0.111300       -6.377031
183.585          -0.111627       -6.395766
183.600          -0.111928       -6.412983
183.615          -0.112201       -6.428671
183.630          -0.112448       -6.442817
183.645          -0.112668       -6.455413
183.660          -0.112861       -6.466449
183.675          -0.113026       -6.475916
183.690          -0.113164       -6.483806
183.705          -0.113274       -6.490114
183.720          -0.113356       -6.494832
183.735          -0.113411       -6.497956
183.750          -0.113437       -6.499482
183.765          -0.113436       -6.499406
183.780          -0.113407       -6.497726
183.795          -0.113349       -6.494439
183.810          -0.113264       -6.489547
183.825          -0.113151       -6.483048
183.840          -0.113009       -6.474945
183.855          -0.112840       -6.465239
183.870          -0.112642       -6.453933
183.885          -0.112417       -6.441031
183.900          -0.112164       -6.426538
183.915          -0.111884       -6.410460
183.930          -0.111575       -6.392803
183.945          -0.111240       -6.373575
183.960          -0.110877       -6.352785
183.975          -0.110487       -6.330440
183.990          -0.110070       -6.306552
184.005          -0.109626       -6.281131
184.020          -0.109156       -6.254189
184.035          -0.108660       -6.225739
184.050          -0.108137       -6.195793
184.065          -0.107588       -6.164367
184.080          -0.107014       -6.131473
184.095          -0.106415       -6.097129
184.110          -0.105791       -6.061351
184.125          -0.105141       -6.024154
184.140          -0.104468       -5.985558
184.155          -0.103770       -5.945580
184.170          -0.103048       -5.904239
184.185          -0.102303       -5.861554
184.200          -0.101535       -5.817546
184.215          -0.100745       -5.772236
184.230          -0.099931       -5.725644
184.245          -0.099096       -5.677793
184.260          -0.098239       -5.628703
184.275          -0.097361       -5.578399
184.290          -0.096463       -5.526903
184.305          -0.095543       -5.474239
184.320          -0.094604       -5.420430
184.335          -0.093646       -5.365501
184.350          -0.092668       -5.309476
184.365          -0.091671       -5.252380
184.380          -0.090657       -5.194238
184.395          -0.089624       -5.135076
184.410          -0.088574       -5.074919
184.425          -0.087507       -5.013793
184.440          -0.086424       -4.951723
184.455          -0.085325       -4.888737
184.470          -0.084210       -4.824860
184.485          -0.083080       -4.760118
184.500          -0.081935       -4.694538
184.515          -0.080776       -4.628145
184.530          -0.079604       -4.560967
184.545          -0.078418       -4.493029
184.560          -0.077220       -4.424358
184.575          -0.076009       -4.354979
184.590          -0.074786       -4.284919
184.605          -0.073552       -4.214204
184.620          -0.072307       -4.142858
184.635          -0.071051       -4.070908
184.650          -0.069785       -3.998379
184.665          -0.068509       -3.925294
184.680          -0.067225       -3.851680
184.695          -0.065931       -3.777560
184.710          -0.064629       -3.702958
184.725          -0.063319       -3.627898
184.740          -0.062001       -3.552403
184.755          -0.060676       -3.476494
184.770          -0.059345       -3.400196
184.785          -0.058007       -3.323529
184.800          -0.056662       -3.246515
184.815          -0.055313       -3.169174
184.830          -0.053957       -3.091527
184.845          -0.052597       -3.013593
184.860          -0.051232       -2.935391
184.875          -0.049863       -2.856940
184.890          -0.048490       -2.778258
184.905          -0.047113       -2.699362
184.920          -0.045732       -2.620268
184.935          -0.044349       -2.540992
184.950          -0.042962       -2.461551
184.965          -0.041573       -2.381958
184.980          -0.040181       -2.302227
184.995          -0.038788       -2.222372
185.010          -0.037392       -2.142405
185.025          -0.035995       -2.062338
185.040          -0.034596       -1.982182
185.055          -0.033195       -1.901948
185.070          -0.031794       -1.821646
185.085          -0.030391       -1.741284
185.100          -0.028988       -1.660872
185.115          -0.027583       -1.580417
185.130          -0.026179       -1.499926
185.145          -0.024773       -1.419405
185.160          -0.023368       -1.338862
185.175          -0.021961       -1.258300
185.190          -0.020555       -1.177724
185.205          -0.019149       -1.097140
185.220          -0.017742       -1.016549
185.235          -0.016336       -0.935955
185.250          -0.014929       -0.855361
185.265          -0.013522       -0.774768
185.280          -0.012116       -0.694178
185.295          -0.010709       -0.613592
185.310          -0.009303       -0.533011
185.325          -0.007896       -0.452434
185.340          -0.006490       -0.371861
185.355          -0.005084       -0.291293
185.370          -0.003678       -0.210728
185.385          -0.002272       -0.130164
185.400          -0.000866       -0.049601
185.415           0.000540        0.030962
185.430           0.001947        0.111528
185.445           0.003353        0.192099
185.460           0.004759        0.272677
185.475           0.006166        0.353264
185.490           0.007572        0.433861
185.505           0.008979        0.514472
185.520           0.010386        0.595098
185.535           0.011794        0.675742
185.550           0.013202        0.756407
185.565           0.014610        0.837093
185.580           0.016019        0.917804
185.595           0.017428        0.998540
185.610           0.018837        1.079305
185.625           0.020248        1.160099
185.640           0.021658        1.240924
185.655           0.023069        1.321781
185.670           0.024481        1.402671
185.685           0.025894        1.483595
185.700           0.027307        1.564553
185.715           0.028720        1.645546
185.730           0.030134        1.726573
185.745           0.031549        1.807634
185.760           0.032965        1.888729
185.775           0.034380        1.969856
185.790           0.035797        2.051015
185.805           0.037214        2.132204
185.820           0.038631        2.213420
185.835           0.040049        2.294663
185.850           0.041468        2.375929
185.865           0.042887        2.457216
185.880           0.044306        2.538520
185.895           0.045725        2.619839
185.910           0.047144        2.701169
185.925           0.048564        2.782506
185.940           0.049984        2.863845
185.955           0.051403        2.945184
185.970           0.052823        3.026517
185.985           0.054242        3.107839
186.000           0.055661        3.189146
186.015           0.057080        3.270432
186.030           0.058498        3.351693
186.045           0.059916        3.432922
186.060           0.061333        3.514115
186.075           0.062749        3.595266
186.090           0.064165        3.676370
186.105           0.065579        3.757420
186.120           0.066993        3.838410
186.135           0.068405        3.919336
186.150           0.069817        4.000192
186.165           0.071226        4.080971
186.180           0.072635        4.161668
186.195           0.074042        4.242278
186.210           0.075447        4.322795
186.225           0.076851        4.403213
186.240           0.078252        4.483527
186.255           0.079652        4.563733
186.270           0.081050        4.643824
186.285           0.082446        4.723796
186.300           0.083839        4.803644
186.315           0.085231        4.883364
186.330           0.086620        4.962951
186.345           0.088006        5.042401
186.360           0.089391        5.121709
186.375           0.090772        5.200873
186.390           0.092151        5.279887
186.405           0.093528        5.358749
186.420           0.094902        5.437456
186.435           0.096272        5.516003
186.450           0.097641        5.594389
186.465           0.099006        5.672610
186.480           0.100368        5.750664
186.495           0.101727        5.828548
186.510           0.103084        5.906260
186.525           0.104437        5.983797
186.540           0.105787        6.061158
186.555           0.107134        6.138340
186.570           0.108478        6.215341
186.585           0.109819        6.292160
186.600           0.111156        6.368794
186.615           0.112491        6.445242
186.630           0.113822        6.521501
186.645           0.115149        6.597570
186.660           0.116474        6.673446
186.675           0.117795        6.749128
186.690           0.119112        6.824612
186.705           0.120426        6.899898
186.720           0.121736        6.974981
186.735           0.123043        7.049859
186.750           0.124347        7.124530
186.765           0.125646        7.198989
186.780           0.126942        7.273233
186.795           0.128234        7.347258
186.810           0.129522        7.421060
186.825           0.130806        7.494634
186.840           0.132086        7.567975
186.855           0.133362        7.641076
186.870           0.134634        7.713933
186.885           0.135901        7.786538
186.900           0.137163        7.858884
186.915           0.138421        7.930963
186.930           0.139675        8.002768
186.945           0.140923        8.074289
186.960           0.142166        8.145516
186.975           0.143404        8.216440
186.990           0.144636        8.287049
187.005           0.145863        8.357332
187.020           0.147084        8.427276
187.035           0.148298        8.496869
187.050           0.149507        8.566096
187.065           0.150708        8.634944
187.080           0.151903        8.703396
187.095           0.153090        8.771437
187.110           0.154271        8.839050
187.125           0.155443        8.906216
187.140           0.156607        8.972919
187.155           0.157763        9.039137
187.170           0.158910        9.104852
187.185           0.160047        9.170042
187.200           0.161176        9.234686
187.215           0.162294        9.298762
187.230           0.163402        9.362245
187.245           0.164499        9.425113
187.260           0.165585        9.487340
187.275           0.166660        9.548902
187.290           0.167722        9.609771
187.305           0.168772        9.669922
187.320           0.169809        9.729326
187.335           0.170832        9.787956
187.350           0.171841        9.845783
187.365           0.172836        9.902778
187.380           0.173816        9.958909
187.395           0.174780       10.014148
187.410           0.175728       10.068463
187.425           0.176659       10.121822
187.440           0.177573       10.174194
187.455           0.178469       10.225546
187.470           0.179347       10.275845
187.485           0.180206       10.325059
187.500           0.181046       10.373153
187.515           0.181865       10.420095
187.530           0.182664       10.465850
187.545           0.183441       10.510385
187.560           0.184196       10.553664
187.575           0.184929       10.595654
187.590           0.185639       10.636320
187.605           0.186325       10.675628
187.620           0.186987       10.713543
187.635           0.187623       10.750031
187.650           0.188235       10.785058
187.665           0.188820       10.818589
187.680           0.189379       10.850591
187.695           0.189910       10.881029
187.710           0.190413       10.909871
187.725           0.190888       10.937083
187.740           0.191334       10.962632
187.755           0.191750       10.986486
187.770           0.192137       11.008613
187.785           0.192492       11.028981
187.800           0.192816       11.047560
187.815           0.193109       11.064318
187.830           0.193369       11.079226
187.845           0.193596       11.092255
187.860           0.193790       11.103375
187.875           0.193951       11.112560
187.890           0.194077       11.119781
187.905           0.194168       11.125013
187.920           0.194224       11.128229
187.935           0.194245       11.129405
187.950           0.194229       11.128516
187.965           0.194177       11.125539
187.980           0.194089       11.120453
187.995           0.193963       11.113235
188.010           0.193799       11.103865
188.025           0.193598       11.092323
188.040           0.193358       11.078592
188.055           0.193080       11.062652
188.070           0.192763       11.044489
188.085           0.192407       11.024086
188.100           0.192011       11.001429
188.115           0.191576       10.976505
188.130           0.191101       10.949300
188.145           0.190587       10.919805
188.160           0.190032       10.888008
188.175           0.189436       10.853901
188.190           0.188801       10.817476
188.205           0.188124       10.778726
188.220           0.187407       10.737645
188.235           0.186650       10.694229
188.250           0.185851       10.648474
188.265           0.185012       10.600379
188.280           0.184131       10.549941
188.295           0.183210       10.497162
188.310           0.182248       10.442042
188.325           0.181245       10.384583
188.340           0.180202       10.324790
188.355           0.179117       10.262665
188.370           0.177992       10.198217
188.385           0.176827       10.131450
188.400           0.175622       10.062373
188.415           0.174376        9.990996
188.430           0.173090        9.917328
188.445           0.171765        9.841381
188.460           0.170399        9.763167
188.475           0.168995        9.682700
188.490           0.167552        9.599994
188.505           0.166069        9.515065
188.520           0.164548        9.427930
188.535           0.162989        9.338606
188.550           0.161393        9.247113
188.565           0.159758        9.153469
188.580           0.158087        9.057697
188.595           0.156378        8.959818
188.610           0.154634        8.859854
188.625           0.152853        8.757830
188.640           0.151037        8.653771
188.655           0.149186        8.547701
188.670           0.147300        8.439649
188.685           0.145380        8.329641
188.700           0.143426        8.217705
188.715           0.141439        8.103872
188.730           0.139420        7.988171
188.745           0.137368        7.870634
188.760           0.135286        7.751292
188.775           0.133172        7.630178
188.790           0.131028        7.507326
188.805           0.128854        7.382769
188.820           0.126651        7.256543
188.835           0.124419        7.128683
188.850           0.122160        6.999226
188.865           0.119873        6.868208
188.880           0.117560        6.735668
188.895           0.115220        6.601644
188.910           0.112856        6.466173
188.925           0.110467        6.329297
188.940           0.108054        6.191055
188.955           0.105618        6.051487
188.970           0.103160        5.910634
188.985           0.100680        5.768538
189.000           0.098179        5.625241
189.015           0.095658        5.480784
189.030           0.093117        5.335211
189.045           0.090558        5.188565
189.060           0.087980        5.040888
189.075           0.085385        4.892224
189.090           0.082774        4.742618
189.105           0.080147        4.592112
189.120           0.077506        4.440752
189.135           0.074850        4.288581
189.150           0.072181        4.135644
189.165           0.069499        3.981986
189.180           0.066805        3.827650
189.195           0.064100        3.672682
189.210           0.061385        3.517127
189.225           0.058661        3.361027
189.240           0.055928        3.204429
189.255           0.053187        3.047376
189.270           0.050438        2.889913
189.285           0.047684        2.732082
189.300           0.044924        2.573929
189.315           0.042158        2.415497
189.330           0.039389        2.256828
189.345           0.036616        2.097965
189.360           0.033841        1.938952
189.375           0.031064        1.779829
189.390           0.028286        1.620640
189.405           0.025507        1.461424
189.420           0.022728        1.302224
189.435           0.019950        1.143078
189.450           0.017175        0.984028
189.465           0.014401        0.825112
189.480           0.011630        0.666368
189.495           0.008863        0.507835
189.510           0.006101        0.349550
189.525           0.003343        0.191550
189.540           0.000591        0.033871
189.555          -0.002155       -0.123452
189.570          -0.004894       -0.280384
189.585          -0.007625       -0.436892
189.600          -0.010349       -0.592942
189.615          -0.013064       -0.748502
189.630          -0.015770       -0.903541
189.645          -0.018466       -1.058027
189.660          -0.021152       -1.211932
189.675          -0.023828       -1.365225
189.690          -0.026492       -1.517879
189.705          -0.029145       -1.669866
189.720          -0.031785       -1.821161
189.735          -0.034413       -1.971736
189.750          -0.037028       -2.121569
189.765          -0.039630       -2.270634
189.780          -0.042218       -2.418909
189.795          -0.044792       -2.566372
189.810          -0.047351       -2.713001
189.825          -0.049895       -2.858778
189.840          -0.052424       -3.003681
189.855          -0.054938       -3.147693
189.870          -0.057435       -3.290796
189.885          -0.059917       -3.432974
189.900          -0.062382       -3.574211
189.915          -0.064830       -3.714491
189.930          -0.067262       -3.853801
189.945          -0.069676       -3.992127
189.960          -0.072073       -4.129457
189.975          -0.074452       -4.265780
189.990          -0.076813       -4.401085
190.005          -0.079157       -4.535361
190.020          -0.081482       -4.668601
190.035          -0.083790       -4.800794
190.050          -0.086078       -4.931934
190.065          -0.088349       -5.062014
190.080          -0.090601       -5.191028
190.095          -0.092834       -5.318970
190.110          -0.095048       -5.445835
190.125          -0.097243       -5.571620
190.140          -0.099420       -5.696321
190.155          -0.101577       -5.819934
190.170          -0.103715       -5.942458
190.185          -0.105835       -6.063892
190.200          -0.107935       -6.184233
190.215          -0.110017       -6.303481
190.230          -0.112079       -6.421637
190.245          -0.114122       -6.538701
190.260          -0.116146       -6.654672
190.275          -0.118151       -6.769554
190.290          -0.120137       -6.883347
190.305          -0.122104       -6.996053
190.320          -0.124052       -7.107675
190.335          -0.125982       -7.218215
190.350          -0.127892       -7.327677
190.365          -0.129784       -7.436063
190.380          -0.131657       -7.543378
190.395          -0.133511       -7.649626
190.410          -0.135347       -7.754809
190.425          -0.137164       -7.858932
190.440          -0.138963       -7.962000
190.455          -0.140744       -8.064017
190.470          -0.142506       -8.164988
190.485          -0.144250       -8.264916
190.500          -0.145976       -8.363807
190.515          -0.147684       -8.461666
190.530          -0.149374       -8.558497
190.545          -0.151046       -8.654304
190.560          -0.152700       -8.749093
190.575          -0.154337       -8.842868
190.590          -0.155956       -8.935634
190.605          -0.157558       -9.027395
190.620          -0.159142       -9.118154
190.635          -0.160708       -9.207918
190.650          -0.162258       -9.296689
190.665          -0.163790       -9.384471
190.680          -0.165305       -9.471268
190.695          -0.166803       -9.557084
190.710          -0.168283       -9.641922
190.725          -0.169747       -9.725785
190.740          -0.171194       -9.808676
190.755          -0.172623       -9.890597
190.770          -0.174036       -9.971551
190.785          -0.175432      -10.051540
190.800          -0.176812      -10.130566
190.815          -0.178174      -10.208631
190.830          -0.179520      -10.285735
190.845          -0.180849      -10.361880
190.860          -0.182161      -10.437067
190.875          -0.183457      -10.511295
190.890          -0.184736      -10.584566
190.905          -0.185998      -10.656880
190.920          -0.187243      -10.728234
190.935          -0.188472      -10.798631
190.950          -0.189684      -10.868067
190.965          -0.190879      -10.936542
190.980          -0.192057      -11.004054
190.995          -0.193218      -11.070603
191.010          -0.194363      -11.136185
191.025          -0.195491      -11.200798
191.040          -0.196602      -11.264440
191.055          -0.197695      -11.327109
191.070          -0.198772      -11.388800
191.085          -0.199832      -11.449512
191.100          -0.200874      -11.509239
191.115          -0.201899      -11.567980
191.130          -0.202907      -11.625729
191.145          -0.203898      -11.682483
191.160          -0.204871      -11.738237
191.175          -0.205826      -11.792988
191.190          -0.206764      -11.846730
191.205          -0.207685      -11.899459
191.220          -0.208587      -11.951170
191.235          -0.209472      -12.001858
191.250          -0.210339      -12.051518
191.265          -0.211187      -12.100144
191.280          -0.212018      -12.147732
191.295          -0.212830      -12.194275
191.310          -0.213624      -12.239769
191.325          -0.214400      -12.284208
191.340          -0.215157      -12.327585
191.355          -0.215895      -12.369896
191.370          -0.216615      -12.411134
191.385          -0.217316      -12.451294
191.400          -0.217998      -12.490370
191.415          -0.218661      -12.528355
191.430          -0.219305      -12.565244
191.445          -0.219929      -12.601031
191.460          -0.220535      -12.635710
191.475          -0.221121      -12.669274
191.490          -0.221687      -12.701717
191.505          -0.222233      -12.733034
191.520          -0.222760      -12.763217
191.535          -0.223267      -12.792261
191.550          -0.223754      -12.820160
191.565          -0.224221      -12.846906
191.580          -0.224667      -12.872494
191.595          -0.225094      -12.896918
191.610          -0.225500      -12.920170
191.625          -0.225885      -12.942244
191.640          -0.226249      -12.963134
191.655          -0.226593      -12.982832
191.670          -0.226916      -13.001333
191.685          -0.227218      -13.018629
191.700          -0.227499      -13.034713
191.715          -0.227758      -13.049578
191.730          -0.227996      -13.063218
191.745          -0.228213      -13.075624
191.760          -0.228408      -13.086790
191.775          -0.228581      -13.096708
191.790          -0.228732      -13.105371
191.805          -0.228861      -13.112770
191.820          -0.228968      -13.118899
191.835          -0.229053      -13.123748
191.850          -0.229115      -13.127310
191.865          -0.229154      -13.129576
191.880          -0.229171      -13.130539
191.895          -0.229165      -13.130189
191.910          -0.229136      -13.128518
191.925          -0.229083      -13.125517
191.940          -0.229008      -13.121177
191.955          -0.228908      -13.115489
191.970          -0.228785      -13.108443
191.985          -0.228639      -13.100030
192.000          -0.228468      -13.090240
192.015          -0.228273      -13.079063
192.030          -0.228053      -13.066491
192.045          -0.227809      -13.052511
192.060          -0.227541      -13.037116
192.075          -0.227247      -13.020294
192.090          -0.226928      -13.002034
192.105          -0.226584      -12.982327
192.120          -0.226215      -12.961163
192.135          -0.225820      -12.938530
192.150          -0.225399      -12.914418
192.165          -0.224952      -12.888816
192.180          -0.224479      -12.861715
192.195          -0.223980      -12.833103
192.210          -0.223454      -12.802969
192.225          -0.222901      -12.771304
192.240          -0.222322      -12.738097
192.255          -0.221715      -12.703338
192.270          -0.221081      -12.667016
192.285          -0.220420      -12.629122
192.300          -0.219731      -12.589645
192.315          -0.219014      -12.548575
192.330          -0.218269      -12.505904
192.345          -0.217496      -12.461622
192.360          -0.216695      -12.415720
192.375          -0.215866      -12.368189
192.390          -0.215007      -12.319020
192.405          -0.214121      -12.268206
192.420          -0.213205      -12.215739
192.435          -0.212260      -12.161611
192.450          -0.211286      -12.105815
192.465          -0.210283      -12.048344
192.480          -0.209251      -11.989193
192.495          -0.208189      -11.928355
192.510          -0.207098      -11.865825
192.525          -0.205977      -11.801598
192.540          -0.204826      -11.735670
192.555          -0.203646      -11.668038
192.570          -0.202435      -11.598696
192.585          -0.201195      -11.527644
192.600          -0.199925      -11.454879
192.615          -0.198625      -11.380399
192.630          -0.197296      -11.304203
192.645          -0.195936      -11.226290
192.660          -0.194546      -11.146661
192.675          -0.193126      -11.065317
192.690          -0.191677      -10.982258
192.705          -0.190197      -10.897487
192.720          -0.188688      -10.811007
192.735          -0.187149      -10.722819
192.750          -0.185580      -10.632930
192.765          -0.183981      -10.541342
192.780          -0.182353      -10.448060
192.795          -0.180696      -10.353092
192.810          -0.179009      -10.256442
192.825          -0.177293      -10.158117
192.840          -0.175547      -10.058125
192.855          -0.173773       -9.956475
192.870          -0.171970       -9.853174
192.885          -0.170139       -9.748232
192.900          -0.168279       -9.641659
192.915          -0.166390       -9.533464
192.930          -0.164474       -9.423659
192.945          -0.162530       -9.312256
192.960          -0.160557       -9.199265
192.975          -0.158558       -9.084700
192.990          -0.156531       -8.968573
193.005          -0.154477       -8.850898
193.020          -0.152397       -8.731688
193.035          -0.150290       -8.610958
193.050          -0.148156       -8.488722
193.065          -0.145997       -8.364996
193.080          -0.143812       -8.239794
193.095          -0.141601       -8.113134
193.110          -0.139365       -7.985030
193.125          -0.137104       -7.855501
193.140          -0.134819       -7.724562
193.155          -0.132509       -7.592232
193.170          -0.130176       -7.458527
193.185          -0.127819       -7.323466
193.200          -0.125438       -7.187068
193.215          -0.123034       -7.049350
193.230          -0.120608       -6.910332
193.245          -0.118159       -6.770033
193.260          -0.115689       -6.628473
193.275          -0.113196       -6.485671
193.290          -0.110683       -6.341647
193.305          -0.108148       -6.196422
193.320          -0.105593       -6.050017
193.335          -0.103017       -5.902451
193.350          -0.100422       -5.753747
193.365          -0.097807       -5.603925
193.380          -0.095173       -5.453007
193.395          -0.092520       -5.301016
193.410          -0.089849       -5.147973
193.425          -0.087160       -4.993901
193.440          -0.084453       -4.838822
193.455          -0.081730       -4.682760
193.470          -0.078989       -4.525738
193.485          -0.076232       -4.367779
193.500          -0.073459       -4.208907
193.515          -0.070671       -4.049147
193.530          -0.067868       -3.888523
193.545          -0.065049       -3.727060
193.560          -0.062217       -3.564783
193.575          -0.059371       -3.401718
193.590          -0.056512       -3.237890
193.605          -0.053640       -3.073326
193.620          -0.050755       -2.908052
193.635          -0.047859       -2.742096
193.650          -0.044951       -2.575484
193.665          -0.042032       -2.408244
193.680          -0.039102       -2.240406
193.695          -0.036163       -2.071997
193.710          -0.033214       -1.903046
193.725          -0.030257       -1.733583
193.740          -0.027291       -1.563638
193.755          -0.024317       -1.393241
193.770          -0.021335       -1.222423
193.785          -0.018347       -1.051216
193.800          -0.015353       -0.879651
193.815          -0.012353       -0.707760
193.830          -0.009348       -0.535577
193.845          -0.006338       -0.363134
193.860          -0.003324       -0.190465
193.875          -0.000307       -0.017604
193.890           0.002712        0.155414
193.905           0.005734        0.328553
193.920           0.008758        0.501779
193.935           0.011782        0.675055
193.950           0.014806        0.848345
193.965           0.017830        1.021612
193.980           0.020854        1.194818
193.995           0.023875        1.367925
194.010           0.026894        1.540896
194.025           0.029910        1.713691
194.040           0.032922        1.886272
194.055           0.035929        2.058599
194.070           0.038932        2.230633
194.085           0.041929        2.402333
194.100           0.044919        2.573659
194.115           0.047902        2.744570
194.130           0.050877        2.915026
194.145           0.053843        3.084985
194.160           0.056800        3.254406
194.175           0.059747        3.423248
194.190           0.062683        3.591468
194.205           0.065607        3.759026
194.220           0.068520        3.925880
194.235           0.071419        4.091987
194.250           0.074304        4.257306
194.265           0.077175        4.421794
194.280           0.080031        4.585412
194.295           0.082870        4.748116
194.310           0.085693        4.909865
194.325           0.088499        5.070618
194.340           0.091287        5.230335
194.355           0.094055        5.388974
194.370           0.096805        5.546494
194.385           0.099534        5.702857
194.400           0.102242        5.858022
194.415           0.104928        6.011950
194.430           0.107593        6.164603
194.445           0.110234        6.315941
194.460           0.112852        6.465929
194.475           0.115445        6.614527
194.490           0.118014        6.761701
194.505           0.120557        6.907415
194.520           0.123074        7.051633
194.535           0.125565        7.194321
194.550           0.128028        7.335446
194.565           0.130463        7.474975
194.580           0.132870        7.612877
194.595           0.135248        7.749121
194.610           0.137596        7.883676
194.625           0.139915        8.016515
194.640           0.142203        8.147608
194.655           0.144460        8.276929
194.670           0.146685        8.404453
194.685           0.148879        8.530153
194.700           0.151041        8.654007
194.715           0.153170        8.775991
194.730           0.155266        8.896084
194.745           0.157329        9.014266
194.760           0.159358        9.130516
194.775           0.161353        9.244818
194.790           0.163313        9.357152
194.805           0.165239        9.467504
194.820           0.167130        9.575859
194.835           0.168986        9.682202
194.850           0.170807        9.786522
194.865           0.172592        9.888806
194.880           0.174342        9.989044
194.895           0.176055       10.087227
194.910           0.177733       10.183347
194.925           0.179374       10.277396
194.940           0.180980       10.369369
194.955           0.182549       10.459259
194.970           0.184081       10.547064
194.985           0.185577       10.632780
195.000           0.187037       10.716405
195.015           0.188460       10.797937
195.030           0.189846       10.877377
195.045           0.191196       10.954725
195.060           0.192509       11.029982
195.075           0.193787       11.103150
195.090           0.195027       11.174233
195.105           0.196231       11.243233
195.120           0.197399       11.310157
195.135           0.198531       11.375008
195.150           0.199627       11.437792
195.165           0.200687       11.498515
195.180           0.201711       11.557186
195.195           0.202699       11.613809
195.210           0.203652       11.668395
195.225           0.204569       11.720950
195.240           0.205451       11.771484
195.255           0.206298       11.820006
195.270           0.207110       11.866525
195.285           0.207887       11.911051
195.300           0.208630       11.953593
195.315           0.209338       11.994163
195.330           0.210011       12.032770
195.345           0.210651       12.069426
195.360           0.211257       12.104141
195.375           0.211829       12.136926
195.390           0.212368       12.167792
195.405           0.212873       12.196751
195.420           0.213346       12.223813
195.435           0.213785       12.248991
195.450           0.214192       12.272294
195.465           0.214566       12.293736
195.480           0.214908       12.313326
195.495           0.215218       12.331077
195.510           0.215496       12.346999
195.525           0.215742       12.361105
195.540           0.215957       12.373405
195.555           0.216140       12.383911
195.570           0.216292       12.392633
195.585           0.216414       12.399584
195.600           0.216504       12.404774
195.615           0.216564       12.408214
195.630           0.216594       12.409915
195.645           0.216593       12.409890
195.660           0.216563       12.408147
195.675           0.216503       12.404700
195.690           0.216413       12.399558
195.705           0.216294       12.392733
195.720           0.216146       12.384236
195.735           0.215968       12.374078
195.750           0.215762       12.362270
195.765           0.215528       12.348823
195.780           0.215265       12.333749
195.795           0.214973       12.317059
195.810           0.214654       12.298764
195.825           0.214307       12.278876
195.840           0.213932       12.257407
195.855           0.213530       12.234368
195.870           0.213101       12.209772
195.885           0.212644       12.183630
195.900           0.212161       12.155954
195.915           0.211652       12.126758
195.930           0.211116       12.096053
195.945           0.210554       12.063853
195.960           0.209966       12.030170
195.975           0.209353       11.995017
195.990           0.208714       11.958409
196.005           0.208049       11.920358
196.020           0.207360       11.880878
196.035           0.206647       11.839984
196.050           0.205909       11.797689
196.065           0.205146       11.754008
196.080           0.204360       11.708956
196.095           0.203550       11.662548
196.110           0.202716       11.614798
196.125           0.201860       11.565721
196.140           0.200980       11.515334
196.155           0.200078       11.463652
196.170           0.199154       11.410691
196.185           0.198208       11.356466
196.200           0.197240       11.300994
196.215           0.196250       11.244290
196.230           0.195239       11.186372
196.245           0.194207       11.127256
196.260           0.193155       11.066958
196.275           0.192082       11.005494
196.290           0.190989       10.942882
196.305           0.189877       10.879138
196.320           0.188745       10.814279
196.335           0.187594       10.748322
196.350           0.186424       10.681283
196.365           0.185235       10.613179
196.380           0.184028       10.544026
196.395           0.182803       10.473842
196.410           0.181560       10.402642
196.425           0.180300       10.330443
196.440           0.179023       10.257262
196.455           0.177729       10.183113
196.470           0.176418       10.108014
196.485           0.175091       10.031980
196.500           0.173748        9.955027
196.515           0.172389        9.877169
196.530           0.171015        9.798423
196.545           0.169625        9.718804
196.560           0.168221        9.638325
196.575           0.166801        9.557002
196.590           0.165367        9.474849
196.605           0.163919        9.391880
196.620           0.162457        9.308109
196.635           0.160981        9.223549
196.650           0.159492        9.138214
196.665           0.157989        9.052116
196.680           0.156473        8.965269
196.695           0.154945        8.877684
196.710           0.153404        8.789375
196.725           0.151850        8.700352
196.740           0.150284        8.610629
196.755           0.148706        8.520216
196.770           0.147116        8.429124
196.785           0.145514        8.337365
196.800           0.143901        8.244948
196.815           0.142277        8.151886
196.830           0.140642        8.058188
196.845           0.138996        7.963864
196.860           0.137339        7.868924
196.875           0.135671        7.773378
196.890           0.133993        7.677235
196.905           0.132305        7.580505
196.920           0.130606        7.483197
196.935           0.128898        7.385321
196.950           0.127180        7.286885
196.965           0.125452        7.187898
196.980           0.123715        7.088370
196.995           0.121969        6.988308
197.010           0.120213        6.887722
197.025           0.118449        6.786619
197.040           0.116675        6.685010
197.055           0.114893        6.582902
197.070           0.113103        6.480303
197.085           0.111304        6.377223
197.100           0.109496        6.273670
197.115           0.107681        6.169652
197.130           0.105857        6.065177
197.145           0.104026        5.960256
197.160           0.102187        5.854895
197.175           0.100341        5.749104
197.190           0.098487        5.642891
197.205           0.096626        5.536266
197.220           0.094758        5.429236
197.235           0.092883        5.321811
197.250           0.091001        5.214001
197.265           0.089113        5.105813
197.280           0.087219        4.997257
197.295           0.085318        4.888343
197.310           0.083411        4.779079
197.325           0.081498        4.669476
197.340           0.079579        4.559542
197.355           0.077655        4.449287
197.370           0.075725        4.338722
197.385           0.073790        4.227855
197.400           0.071850        4.116697
197.415           0.069905        4.005259
197.430           0.067955        3.893550
197.445           0.066001        3.781580
197.460           0.064042        3.669361
197.475           0.062080        3.556902
197.490           0.060113        3.444215
197.505           0.058142        3.331310
197.520           0.056168        3.218199
197.535           0.054191        3.104892
197.550           0.052210        2.991401
197.565           0.050226        2.877737
197.580           0.048239        2.763913
197.595           0.046250        2.649940
197.610           0.044259        2.535829
197.625           0.042265        2.421594
197.640           0.040269        2.307246
197.655           0.038272        2.192799
197.670           0.036273        2.078264
197.685           0.034272        1.963655
197.700           0.032271        1.848986
197.715           0.030269        1.734269
197.730           0.028266        1.619519
197.745           0.026263        1.504749
197.760           0.024260        1.389974
197.775           0.022257        1.275208
197.790           0.020254        1.160466
197.805           0.018252        1.045764
197.820           0.016251        0.931116
197.835           0.014251        0.816539
197.850           0.012253        0.702049
197.865           0.010257        0.587662
197.880           0.008262        0.473395
197.895           0.006270        0.359265
197.910           0.004281        0.245289
197.925           0.002295        0.131486
197.940           0.000312        0.017874
197.955          -0.001667       -0.095529
197.970          -0.003643       -0.208703
197.985          -0.005613       -0.321629
198.000          -0.007580       -0.434287
198.015          -0.009541       -0.546657
198.030          -0.011497       -0.658718
198.045          -0.013447       -0.770450
198.060          -0.015391       -0.881831
198.075          -0.017328       -0.992839
198.090          -0.019259       -1.103451
198.105          -0.021182       -1.213646
198.120          -0.023098       -1.323401
198.135          -0.025005       -1.432692
198.150          -0.026904       -1.541497
198.165          -0.028794       -1.649790
198.180          -0.030675       -1.757548
198.195          -0.032546       -1.864747
198.210          -0.034407       -1.971361
198.225          -0.036257       -2.077367
198.240          -0.038096       -2.182739
198.255          -0.039924       -2.287451
198.270          -0.041739       -2.391479
198.285          -0.043542       -2.494797
198.300          -0.045333       -2.597379
198.315          -0.047110       -2.699200
198.330          -0.048873       -2.800234
198.345          -0.050622       -2.900455
198.360          -0.052357       -2.999838
198.375          -0.054077       -3.098358
198.390          -0.055781       -3.195988
198.405          -0.057469       -3.292704
198.420          -0.059140       -3.388481
198.435          -0.060795       -3.483294
198.450          -0.062432       -3.577118
198.465          -0.064052       -3.669929
198.480          -0.065654       -3.761704
198.495          -0.067237       -3.852419
198.510          -0.068802       -3.942051
198.525          -0.070347       -4.030577
198.540          -0.071872       -4.117976
198.555          -0.073378       -4.204226
198.570          -0.074863       -4.289306
198.585          -0.076327       -4.373195
198.600          -0.077770       -4.455875
198.615          -0.079191       -4.537326
198.630          -0.080591       -4.617530
198.645          -0.081969       -4.696469
198.660          -0.083324       -4.774127
198.675          -0.084657       -4.850487
198.690          -0.085967       -4.925535
198.705          -0.087253       -4.999255
198.720          -0.088517       -5.071635
198.735          -0.089756       -5.142661
198.750          -0.090972       -5.212322
198.765          -0.092164       -5.280607
198.780          -0.093332       -5.347505
198.795          -0.094475       -5.413008
198.810          -0.095594       -5.477108
198.825          -0.096688       -5.539795
198.840          -0.097757       -5.601066
198.855          -0.098802       -5.660912
198.870          -0.099821       -5.719331
198.885          -0.100816       -5.776317
198.900          -0.101785       -5.831869
198.915          -0.102730       -5.885983
198.930          -0.103649       -5.938658
198.945          -0.104543       -5.989894
198.960          -0.105413       -6.039692
198.975          -0.106257       -6.088051
198.990          -0.107076       -6.134975
199.005          -0.107869       -6.180465
199.020          -0.108638       -6.224524
199.035          -0.109383       -6.267158
199.050          -0.110102       -6.308369
199.065          -0.110796       -6.348164
199.080          -0.111466       -6.386549
199.095          -0.112112       -6.423529
199.110          -0.112733       -6.459112
199.125          -0.113330       -6.493306
199.140          -0.113902       -6.526117
199.155          -0.114451       -6.557555
199.170          -0.114976       -6.587629
199.185          -0.115477       -6.616347
199.200          -0.115955       -6.643720
199.215          -0.116409       -6.669757
199.230          -0.116841       -6.694469
199.245          -0.117249       -6.717865
199.260          -0.117634       -6.739958
199.275          -0.117997       -6.760758
199.290          -0.118338       -6.780277
199.305          -0.118657       -6.798525
199.320          -0.118953       -6.815515
199.335          -0.119228       -6.831258
199.350          -0.119481       -6.845767
199.365          -0.119713       -6.859053
199.380          -0.119924       -6.871129
199.395          -0.120114       -6.882007
199.410          -0.120283       -6.891698
199.425          -0.120432       -6.900217
199.440          -0.120560       -6.907575
199.455          -0.120668       -6.913784
199.470          -0.120757       -6.918857
199.485          -0.120826       -6.922807
199.500          -0.120875       -6.925647
199.515          -0.120906       -6.927388
199.530          -0.120917       -6.928044
199.545          -0.120910       -6.927627
199.560          -0.120884       -6.926151
199.575          -0.120840       -6.923627
199.590          -0.120778       -6.920069
199.605          -0.120698       -6.915489
199.620          -0.120601       -6.909900
199.635          -0.120486       -6.903316
199.650          -0.120354       -6.895748
199.665          -0.120204       -6.887210
199.680          -0.120039       -6.877716
199.695          -0.119857       -6.867277
199.710          -0.119658       -6.855908
199.725          -0.119444       -6.843621
199.740          -0.119213       -6.830430
199.755          -0.118968       -6.816348
199.770          -0.118707       -6.801389
199.785          -0.118430       -6.785565
199.800          -0.118139       -6.768892
199.815          -0.117834       -6.751383
199.830          -0.117514       -6.733051
199.845          -0.117180       -6.713910
199.860          -0.116832       -6.693975
199.875          -0.116470       -6.673260
199.890          -0.116095       -6.651779
199.905          -0.115707       -6.629546
199.920          -0.115307       -6.606577
199.935          -0.114893       -6.582884
199.950          -0.114467       -6.558485
199.965          -0.114029       -6.533392
199.980          -0.113579       -6.507621
199.995          -0.113118       -6.481187
200.010          -0.112645       -6.454105
