   Wave #: 	3
Wave amplitude (m): 	0.01
Wave omega (rad/s): 	0.7853981634
Time (s)  Pitch (rads)
0.03            0.0000
0.06            0.0000
0.09            0.0000
0.12            0.0000
0.15            0.0000
0.18            0.0000
0.21            0.0000
0.24            0.0000
0.27            0.0001
0.30            0.0001
0.33            0.0001
0.36            0.0001
0.39            0.0001
0.42            0.0001
0.45            0.0001
0.48            0.0001
0.51            0.0002
0.54            0.0002
0.57            0.0002
0.60            0.0002
0.63            0.0002
0.66            0.0002
0.69            0.0002
0.72            0.0002
0.75            0.0002
0.78            0.0002
0.81            0.0002
0.84            0.0002
0.87            0.0002
0.90            0.0002
0.93            0.0002
0.96            0.0002
0.99            0.0002
1.02            0.0002
1.05            0.0001
1.08            0.0001
1.11            0.0001
1.14            0.0001
1.17            0.0001
1.20            0.0000
1.23            0.0000
1.26           -0.0000
1.29           -0.0000
1.32           -0.0001
1.35           -0.0001
1.38           -0.0002
1.41           -0.0002
1.44           -0.0002
1.47           -0.0003
1.50           -0.0003
1.53           -0.0004
1.56           -0.0004
1.59           -0.0005
1.62           -0.0005
1.65           -0.0006
1.68           -0.0006
1.71           -0.0007
1.74           -0.0008
1.77           -0.0008
1.80           -0.0009
1.83           -0.0010
1.86           -0.0010
1.89           -0.0011
1.92           -0.0012
1.95           -0.0012
1.98           -0.0013
2.01           -0.0014
2.04           -0.0015
2.07           -0.0015
2.10           -0.0016
2.13           -0.0017
2.16           -0.0018
2.19           -0.0018
2.22           -0.0019
2.25           -0.0020
2.28           -0.0021
2.31           -0.0022
2.34           -0.0023
2.37           -0.0023
2.40           -0.0024
2.43           -0.0025
2.46           -0.0026
2.49           -0.0027
2.52           -0.0028
2.55           -0.0029
2.58           -0.0030
2.61           -0.0031
2.64           -0.0031
2.67           -0.0032
2.70           -0.0033
2.73           -0.0034
2.76           -0.0035
2.79           -0.0036
2.82           -0.0037
2.85           -0.0038
2.88           -0.0039
2.91           -0.0040
2.94           -0.0041
2.97           -0.0042
3.00           -0.0043
3.03           -0.0044
3.06           -0.0045
3.09           -0.0046
3.12           -0.0047
3.15           -0.0048
3.18           -0.0049
3.21           -0.0050
3.24           -0.0051
3.27           -0.0051
3.30           -0.0052
3.33           -0.0053
3.36           -0.0054
3.39           -0.0055
3.42           -0.0056
3.45           -0.0057
3.48           -0.0058
3.51           -0.0059
3.54           -0.0060
3.57           -0.0061
3.60           -0.0062
3.63           -0.0063
3.66           -0.0064
3.69           -0.0065
3.72           -0.0066
3.75           -0.0067
3.78           -0.0068
3.81           -0.0069
3.84           -0.0070
3.87           -0.0071
3.90           -0.0072
3.93           -0.0073
3.96           -0.0074
3.99           -0.0075
4.02           -0.0076
4.05           -0.0076
4.08           -0.0077
4.11           -0.0078
4.14           -0.0079
4.17           -0.0080
4.20           -0.0081
4.23           -0.0082
4.26           -0.0083
4.29           -0.0083
4.32           -0.0084
4.35           -0.0085
4.38           -0.0086
4.41           -0.0087
4.44           -0.0088
4.47           -0.0088
4.50           -0.0089
4.53           -0.0090
4.56           -0.0091
4.59           -0.0091
4.62           -0.0092
4.65           -0.0093
4.68           -0.0093
4.71           -0.0094
4.74           -0.0095
4.77           -0.0095
4.80           -0.0096
4.83           -0.0096
4.86           -0.0097
4.89           -0.0098
4.92           -0.0098
4.95           -0.0099
4.98           -0.0099
5.01           -0.0100
5.04           -0.0100
5.07           -0.0101
5.10           -0.0101
5.13           -0.0101
5.16           -0.0102
5.19           -0.0102
5.22           -0.0102
5.25           -0.0103
5.28           -0.0103
5.31           -0.0103
5.34           -0.0104
5.37           -0.0104
5.40           -0.0104
5.43           -0.0104
5.46           -0.0104
5.49           -0.0105
5.52           -0.0105
5.55           -0.0105
5.58           -0.0105
5.61           -0.0105
5.64           -0.0105
5.67           -0.0105
5.70           -0.0105
5.73           -0.0105
5.76           -0.0105
5.79           -0.0105
5.82           -0.0105
5.85           -0.0105
5.88           -0.0104
5.91           -0.0104
5.94           -0.0104
5.97           -0.0104
6.00           -0.0104
6.03           -0.0103
6.06           -0.0103
6.09           -0.0103
6.12           -0.0102
6.15           -0.0102
6.18           -0.0102
6.21           -0.0101
6.24           -0.0101
6.27           -0.0100
6.30           -0.0100
6.33           -0.0100
6.36           -0.0099
6.39           -0.0098
6.42           -0.0098
6.45           -0.0097
6.48           -0.0097
6.51           -0.0096
6.54           -0.0096
6.57           -0.0095
6.60           -0.0094
6.63           -0.0093
6.66           -0.0093
6.69           -0.0092
6.72           -0.0091
6.75           -0.0090
6.78           -0.0090
6.81           -0.0089
6.84           -0.0088
6.87           -0.0087
6.90           -0.0086
6.93           -0.0085
6.96           -0.0085
6.99           -0.0084
7.02           -0.0083
7.05           -0.0082
7.08           -0.0081
7.11           -0.0080
7.14           -0.0079
7.17           -0.0078
7.20           -0.0077
7.23           -0.0076
7.26           -0.0075
7.29           -0.0073
7.32           -0.0072
7.35           -0.0071
7.38           -0.0070
7.41           -0.0069
7.44           -0.0068
7.47           -0.0067
7.50           -0.0066
7.53           -0.0064
7.56           -0.0063
7.59           -0.0062
7.62           -0.0061
7.65           -0.0060
7.68           -0.0058
7.71           -0.0057
7.74           -0.0056
7.77           -0.0055
7.80           -0.0053
7.83           -0.0052
7.86           -0.0051
7.89           -0.0050
7.92           -0.0048
7.95           -0.0047
7.98           -0.0046
8.01           -0.0045
8.04           -0.0043
8.07           -0.0042
8.10           -0.0041
8.13           -0.0039
8.16           -0.0038
8.19           -0.0037
8.22           -0.0035
8.25           -0.0034
8.28           -0.0033
8.31           -0.0032
8.34           -0.0030
8.37           -0.0029
8.40           -0.0028
8.43           -0.0026
8.46           -0.0025
8.49           -0.0024
8.52           -0.0023
8.55           -0.0021
8.58           -0.0020
8.61           -0.0019
8.64           -0.0017
8.67           -0.0016
8.70           -0.0015
8.73           -0.0014
8.76           -0.0012
8.79           -0.0011
8.82           -0.0010
8.85           -0.0009
8.88           -0.0008
8.91           -0.0006
8.94           -0.0005
8.97           -0.0004
9.00           -0.0003
9.03           -0.0002
9.06           -0.0000
9.09            0.0001
9.12            0.0002
9.15            0.0003
9.18            0.0004
9.21            0.0005
9.24            0.0006
9.27            0.0007
9.30            0.0008
9.33            0.0009
9.36            0.0010
9.39            0.0011
9.42            0.0012
9.45            0.0013
9.48            0.0014
9.51            0.0015
9.54            0.0016
9.57            0.0017
9.60            0.0018
9.63            0.0019
9.66            0.0020
9.69            0.0021
9.72            0.0022
9.75            0.0023
9.78            0.0024
9.81            0.0024
9.84            0.0025
9.87            0.0026
9.90            0.0027
9.93            0.0028
9.96            0.0028
9.99            0.0029
10.02           0.0030
10.05           0.0030
10.08           0.0031
10.11           0.0032
10.14           0.0032
10.17           0.0033
10.20           0.0034
10.23           0.0034
10.26           0.0035
10.29           0.0035
10.32           0.0036
10.35           0.0037
10.38           0.0037
10.41           0.0038
10.44           0.0038
10.47           0.0039
10.50           0.0039
10.53           0.0039
10.56           0.0040
10.59           0.0040
10.62           0.0041
10.65           0.0041
10.68           0.0041
10.71           0.0042
10.74           0.0042
10.77           0.0042
10.80           0.0043
10.83           0.0043
10.86           0.0043
10.89           0.0044
10.92           0.0044
10.95           0.0044
10.98           0.0044
11.01           0.0044
11.04           0.0045
11.07           0.0045
11.10           0.0045
11.13           0.0045
11.16           0.0045
11.19           0.0045
11.22           0.0046
11.25           0.0046
11.28           0.0046
11.31           0.0046
11.34           0.0046
11.37           0.0046
11.40           0.0046
11.43           0.0046
11.46           0.0046
11.49           0.0046
11.52           0.0046
11.55           0.0046
11.58           0.0046
11.61           0.0046
11.64           0.0046
11.67           0.0046
11.70           0.0046
11.73           0.0046
11.76           0.0046
11.79           0.0046
11.82           0.0046
11.85           0.0046
11.88           0.0046
11.91           0.0046
11.94           0.0045
11.97           0.0045
12.00           0.0045
12.03           0.0045
12.06           0.0045
12.09           0.0045
12.12           0.0045
12.15           0.0045
12.18           0.0045
12.21           0.0044
12.24           0.0044
12.27           0.0044
12.30           0.0044
12.33           0.0044
12.36           0.0044
12.39           0.0044
12.42           0.0044
12.45           0.0043
12.48           0.0043
12.51           0.0043
12.54           0.0043
12.57           0.0043
12.60           0.0043
12.63           0.0043
12.66           0.0043
12.69           0.0042
12.72           0.0042
12.75           0.0042
12.78           0.0042
12.81           0.0042
12.84           0.0042
12.87           0.0042
12.90           0.0042
12.93           0.0042
12.96           0.0042
12.99           0.0042
13.02           0.0042
13.05           0.0041
13.08           0.0041
13.11           0.0041
13.14           0.0041
13.17           0.0041
13.20           0.0041
13.23           0.0041
13.26           0.0041
13.29           0.0041
13.32           0.0041
13.35           0.0041
13.38           0.0041
13.41           0.0041
13.44           0.0041
13.47           0.0041
13.50           0.0041
13.53           0.0041
13.56           0.0042
13.59           0.0042
13.62           0.0042
13.65           0.0042
13.68           0.0042
13.71           0.0042
13.74           0.0042
13.77           0.0042
13.80           0.0042
13.83           0.0042
13.86           0.0043
13.89           0.0043
13.92           0.0043
13.95           0.0043
13.98           0.0043
14.01           0.0044
14.04           0.0044
14.07           0.0044
14.10           0.0044
14.13           0.0044
14.16           0.0045
14.19           0.0045
14.22           0.0045
14.25           0.0045
14.28           0.0046
14.31           0.0046
14.34           0.0046
14.37           0.0047
14.40           0.0047
14.43           0.0047
14.46           0.0048
14.49           0.0048
14.52           0.0048
14.55           0.0049
14.58           0.0049
14.61           0.0049
14.64           0.0050
14.67           0.0050
14.70           0.0050
14.73           0.0051
14.76           0.0051
14.79           0.0052
14.82           0.0052
14.85           0.0052
14.88           0.0053
14.91           0.0053
14.94           0.0054
14.97           0.0054
15.00           0.0054
15.03           0.0055
15.06           0.0055
15.09           0.0056
15.12           0.0056
15.15           0.0057
15.18           0.0057
15.21           0.0058
15.24           0.0058
15.27           0.0058
15.30           0.0059
15.33           0.0059
15.36           0.0060
15.39           0.0060
15.42           0.0061
15.45           0.0061
15.48           0.0062
15.51           0.0062
15.54           0.0063
15.57           0.0063
15.60           0.0063
15.63           0.0064
15.66           0.0064
15.69           0.0065
15.72           0.0065
15.75           0.0066
15.78           0.0066
15.81           0.0067
15.84           0.0067
15.87           0.0067
15.90           0.0068
15.93           0.0068
15.96           0.0069
15.99           0.0069
16.02           0.0069
16.05           0.0070
16.08           0.0070
16.11           0.0071
16.14           0.0071
16.17           0.0071
16.20           0.0072
16.23           0.0072
16.26           0.0072
16.29           0.0073
16.32           0.0073
16.35           0.0073
16.38           0.0073
16.41           0.0074
16.44           0.0074
16.47           0.0074
16.50           0.0074
16.53           0.0075
16.56           0.0075
16.59           0.0075
16.62           0.0075
16.65           0.0075
16.68           0.0076
16.71           0.0076
16.74           0.0076
16.77           0.0076
16.80           0.0076
16.83           0.0076
16.86           0.0076
16.89           0.0076
16.92           0.0076
16.95           0.0076
16.98           0.0076
17.01           0.0076
17.04           0.0076
17.07           0.0076
17.10           0.0076
17.13           0.0076
17.16           0.0076
17.19           0.0076
17.22           0.0076
17.25           0.0075
17.28           0.0075
17.31           0.0075
17.34           0.0075
17.37           0.0075
17.40           0.0074
17.43           0.0074
17.46           0.0074
17.49           0.0074
17.52           0.0073
17.55           0.0073
17.58           0.0073
17.61           0.0072
17.64           0.0072
17.67           0.0071
17.70           0.0071
17.73           0.0070
17.76           0.0070
17.79           0.0070
17.82           0.0069
17.85           0.0068
17.88           0.0068
17.91           0.0067
17.94           0.0067
17.97           0.0066
18.00           0.0065
18.03           0.0065
18.06           0.0064
18.09           0.0063
18.12           0.0063
18.15           0.0062
18.18           0.0061
18.21           0.0061
18.24           0.0060
18.27           0.0059
18.30           0.0058
18.33           0.0057
18.36           0.0056
18.39           0.0056
18.42           0.0055
18.45           0.0054
18.48           0.0053
18.51           0.0052
18.54           0.0051
18.57           0.0050
18.60           0.0049
18.63           0.0048
18.66           0.0047
18.69           0.0046
18.72           0.0045
18.75           0.0044
18.78           0.0043
18.81           0.0042
18.84           0.0041
18.87           0.0039
18.90           0.0038
18.93           0.0037
18.96           0.0036
18.99           0.0035
19.02           0.0034
19.05           0.0032
19.08           0.0031
19.11           0.0030
19.14           0.0029
19.17           0.0028
19.20           0.0026
19.23           0.0025
19.26           0.0024
19.29           0.0023
19.32           0.0021
19.35           0.0020
19.38           0.0019
19.41           0.0017
19.44           0.0016
19.47           0.0015
19.50           0.0013
19.53           0.0012
19.56           0.0011
19.59           0.0009
19.62           0.0008
19.65           0.0007
19.68           0.0005
19.71           0.0004
19.74           0.0003
19.77           0.0001
19.80          -0.0000
19.83          -0.0001
19.86          -0.0003
19.89          -0.0004
19.92          -0.0006
19.95          -0.0007
19.98          -0.0008
20.01          -0.0010
20.04          -0.0011
20.07          -0.0012
20.10          -0.0014
20.13          -0.0015
20.16          -0.0016
20.19          -0.0018
20.22          -0.0019
20.25          -0.0020
20.28          -0.0022
20.31          -0.0023
20.34          -0.0024
20.37          -0.0026
20.40          -0.0027
20.43          -0.0028
20.46          -0.0030
20.49          -0.0031
20.52          -0.0032
20.55          -0.0034
20.58          -0.0035
20.61          -0.0036
20.64          -0.0037
20.67          -0.0038
20.70          -0.0040
20.73          -0.0041
20.76          -0.0042
20.79          -0.0043
20.82          -0.0044
20.85          -0.0046
20.88          -0.0047
20.91          -0.0048
20.94          -0.0049
20.97          -0.0050
21.00          -0.0051
21.03          -0.0052
21.06          -0.0053
21.09          -0.0054
21.12          -0.0055
21.15          -0.0056
21.18          -0.0057
21.21          -0.0058
21.24          -0.0059
21.27          -0.0060
21.30          -0.0061
21.33          -0.0062
21.36          -0.0063
21.39          -0.0064
21.42          -0.0065
21.45          -0.0066
21.48          -0.0066
21.51          -0.0067
21.54          -0.0068
21.57          -0.0069
21.60          -0.0070
21.63          -0.0070
21.66          -0.0071
21.69          -0.0072
21.72          -0.0072
21.75          -0.0073
21.78          -0.0074
21.81          -0.0074
21.84          -0.0075
21.87          -0.0075
21.90          -0.0076
21.93          -0.0076
21.96          -0.0077
21.99          -0.0077
22.02          -0.0078
22.05          -0.0078
22.08          -0.0079
22.11          -0.0079
22.14          -0.0079
22.17          -0.0080
22.20          -0.0080
22.23          -0.0081
22.26          -0.0081
22.29          -0.0081
22.32          -0.0081
22.35          -0.0082
22.38          -0.0082
22.41          -0.0082
22.44          -0.0082
22.47          -0.0082
22.50          -0.0082
22.53          -0.0083
22.56          -0.0083
22.59          -0.0083
22.62          -0.0083
22.65          -0.0083
22.68          -0.0083
22.71          -0.0083
22.74          -0.0083
22.77          -0.0083
22.80          -0.0083
22.83          -0.0083
22.86          -0.0083
22.89          -0.0082
22.92          -0.0082
22.95          -0.0082
22.98          -0.0082
23.01          -0.0082
23.04          -0.0082
23.07          -0.0081
23.10          -0.0081
23.13          -0.0081
23.16          -0.0081
23.19          -0.0080
23.22          -0.0080
23.25          -0.0080
23.28          -0.0079
23.31          -0.0079
23.34          -0.0079
23.37          -0.0078
23.40          -0.0078
23.43          -0.0078
23.46          -0.0077
23.49          -0.0077
23.52          -0.0076
23.55          -0.0076
23.58          -0.0075
23.61          -0.0075
23.64          -0.0075
23.67          -0.0074
23.70          -0.0074
23.73          -0.0073
23.76          -0.0073
23.79          -0.0072
23.82          -0.0072
23.85          -0.0071
23.88          -0.0070
23.91          -0.0070
23.94          -0.0069
23.97          -0.0069
24.00          -0.0068
24.03          -0.0068
24.06          -0.0067
24.09          -0.0066
24.12          -0.0066
24.15          -0.0065
24.18          -0.0065
24.21          -0.0064
24.24          -0.0063
24.27          -0.0063
24.30          -0.0062
24.33          -0.0062
24.36          -0.0061
24.39          -0.0060
24.42          -0.0060
24.45          -0.0059
24.48          -0.0058
24.51          -0.0058
24.54          -0.0057
24.57          -0.0057
24.60          -0.0056
24.63          -0.0055
24.66          -0.0055
24.69          -0.0054
24.72          -0.0053
24.75          -0.0053
24.78          -0.0052
24.81          -0.0052
24.84          -0.0051
24.87          -0.0050
24.90          -0.0050
24.93          -0.0049
24.96          -0.0049
24.99          -0.0048
25.02          -0.0047
25.05          -0.0047
25.08          -0.0046
25.11          -0.0046
25.14          -0.0045
25.17          -0.0045
25.20          -0.0044
25.23          -0.0044
25.26          -0.0043
25.29          -0.0042
25.32          -0.0042
25.35          -0.0041
25.38          -0.0041
25.41          -0.0040
25.44          -0.0040
25.47          -0.0039
25.50          -0.0039
25.53          -0.0039
25.56          -0.0038
25.59          -0.0038
25.62          -0.0037
25.65          -0.0037
25.68          -0.0036
25.71          -0.0036
25.74          -0.0036
25.77          -0.0035
25.80          -0.0035
25.83          -0.0034
25.86          -0.0034
25.89          -0.0034
25.92          -0.0033
25.95          -0.0033
25.98          -0.0033
26.01          -0.0032
26.04          -0.0032
26.07          -0.0032
26.10          -0.0032
26.13          -0.0031
26.16          -0.0031
26.19          -0.0031
26.22          -0.0031
26.25          -0.0030
26.28          -0.0030
26.31          -0.0030
26.34          -0.0030
26.37          -0.0030
26.40          -0.0029
26.43          -0.0029
26.46          -0.0029
26.49          -0.0029
26.52          -0.0029
26.55          -0.0029
26.58          -0.0028
26.61          -0.0028
26.64          -0.0028
26.67          -0.0028
26.70          -0.0028
26.73          -0.0028
26.76          -0.0028
26.79          -0.0028
26.82          -0.0028
26.85          -0.0028
26.88          -0.0028
26.91          -0.0028
26.94          -0.0028
26.97          -0.0028
27.00          -0.0028
27.03          -0.0028
27.06          -0.0028
27.09          -0.0028
27.12          -0.0028
27.15          -0.0028
27.18          -0.0028
27.21          -0.0028
27.24          -0.0028
27.27          -0.0028
27.30          -0.0028
27.33          -0.0028
27.36          -0.0028
27.39          -0.0028
27.42          -0.0028
27.45          -0.0028
27.48          -0.0028
27.51          -0.0028
27.54          -0.0028
27.57          -0.0028
27.60          -0.0029
27.63          -0.0029
27.66          -0.0029
27.69          -0.0029
27.72          -0.0029
27.75          -0.0029
27.78          -0.0029
27.81          -0.0029
27.84          -0.0029
27.87          -0.0029
27.90          -0.0029
27.93          -0.0029
27.96          -0.0029
27.99          -0.0030
28.02          -0.0030
28.05          -0.0030
28.08          -0.0030
28.11          -0.0030
28.14          -0.0030
28.17          -0.0030
28.20          -0.0030
28.23          -0.0030
28.26          -0.0030
28.29          -0.0030
28.32          -0.0030
28.35          -0.0030
28.38          -0.0030
28.41          -0.0030
28.44          -0.0030
28.47          -0.0030
28.50          -0.0030
28.53          -0.0030
28.56          -0.0030
28.59          -0.0030
28.62          -0.0030
28.65          -0.0030
28.68          -0.0030
28.71          -0.0029
28.74          -0.0029
28.77          -0.0029
28.80          -0.0029
28.83          -0.0029
28.86          -0.0029
28.89          -0.0029
28.92          -0.0029
28.95          -0.0028
28.98          -0.0028
29.01          -0.0028
29.04          -0.0028
29.07          -0.0028
29.10          -0.0027
29.13          -0.0027
29.16          -0.0027
29.19          -0.0027
29.22          -0.0026
29.25          -0.0026
29.28          -0.0026
29.31          -0.0025
29.34          -0.0025
29.37          -0.0025
29.40          -0.0024
29.43          -0.0024
29.46          -0.0023
29.49          -0.0023
29.52          -0.0023
29.55          -0.0022
29.58          -0.0022
29.61          -0.0021
29.64          -0.0021
29.67          -0.0020
29.70          -0.0020
29.73          -0.0019
29.76          -0.0019
29.79          -0.0018
29.82          -0.0018
29.85          -0.0017
29.88          -0.0016
29.91          -0.0016
29.94          -0.0015
29.97          -0.0015
30.00          -0.0014
30.03          -0.0013
30.06          -0.0013
30.09          -0.0012
30.12          -0.0011
30.15          -0.0010
30.18          -0.0010
30.21          -0.0009
30.24          -0.0008
30.27          -0.0007
30.30          -0.0007
30.33          -0.0006
30.36          -0.0005
30.39          -0.0004
30.42          -0.0003
30.45          -0.0002
30.48          -0.0002
30.51          -0.0001
30.54           0.0000
30.57           0.0001
30.60           0.0002
30.63           0.0003
30.66           0.0004
30.69           0.0005
30.72           0.0006
30.75           0.0007
30.78           0.0008
30.81           0.0009
30.84           0.0010
30.87           0.0011
30.90           0.0012
30.93           0.0013
30.96           0.0014
30.99           0.0015
31.02           0.0016
31.05           0.0017
31.08           0.0018
31.11           0.0019
31.14           0.0020
31.17           0.0021
31.20           0.0022
31.23           0.0023
31.26           0.0025
31.29           0.0026
31.32           0.0027
31.35           0.0028
31.38           0.0029
31.41           0.0030
31.44           0.0031
31.47           0.0032
31.50           0.0033
31.53           0.0034
31.56           0.0036
31.59           0.0037
31.62           0.0038
31.65           0.0039
31.68           0.0040
31.71           0.0041
31.74           0.0042
31.77           0.0043
31.80           0.0045
31.83           0.0046
31.86           0.0047
31.89           0.0048
31.92           0.0049
31.95           0.0050
31.98           0.0051
32.01           0.0052
32.04           0.0053
32.07           0.0054
32.10           0.0055
32.13           0.0056
32.16           0.0058
32.19           0.0059
32.22           0.0060
32.25           0.0061
32.28           0.0062
32.31           0.0063
32.34           0.0064
32.37           0.0065
32.40           0.0066
32.43           0.0067
32.46           0.0068
32.49           0.0068
32.52           0.0069
32.55           0.0070
32.58           0.0071
32.61           0.0072
32.64           0.0073
32.67           0.0074
32.70           0.0075
32.73           0.0076
32.76           0.0076
32.79           0.0077
32.82           0.0078
32.85           0.0079
32.88           0.0080
32.91           0.0080
32.94           0.0081
32.97           0.0082
33.00           0.0082
33.03           0.0083
33.06           0.0084
33.09           0.0084
33.12           0.0085
33.15           0.0086
33.18           0.0086
33.21           0.0087
33.24           0.0087
33.27           0.0088
33.30           0.0088
33.33           0.0089
33.36           0.0089
33.39           0.0090
33.42           0.0090
33.45           0.0091
33.48           0.0091
33.51           0.0091
33.54           0.0092
33.57           0.0092
33.60           0.0092
33.63           0.0093
33.66           0.0093
33.69           0.0093
33.72           0.0093
33.75           0.0093
33.78           0.0094
33.81           0.0094
33.84           0.0094
33.87           0.0094
33.90           0.0094
33.93           0.0094
33.96           0.0094
33.99           0.0094
34.02           0.0094
34.05           0.0094
34.08           0.0094
34.11           0.0094
34.14           0.0094
34.17           0.0094
34.20           0.0094
34.23           0.0094
34.26           0.0093
34.29           0.0093
34.32           0.0093
34.35           0.0093
34.38           0.0092
34.41           0.0092
34.44           0.0092
34.47           0.0092
34.50           0.0091
34.53           0.0091
34.56           0.0090
34.59           0.0090
34.62           0.0090
34.65           0.0089
34.68           0.0089
34.71           0.0088
34.74           0.0088
34.77           0.0087
34.80           0.0087
34.83           0.0086
34.86           0.0085
34.89           0.0085
34.92           0.0084
34.95           0.0084
34.98           0.0083
35.01           0.0082
35.04           0.0082
35.07           0.0081
35.10           0.0080
35.13           0.0079
35.16           0.0079
35.19           0.0078
35.22           0.0077
35.25           0.0076
35.28           0.0076
35.31           0.0075
35.34           0.0074
35.37           0.0073
35.40           0.0072
35.43           0.0071
35.46           0.0070
35.49           0.0070
35.52           0.0069
35.55           0.0068
35.58           0.0067
35.61           0.0066
35.64           0.0065
35.67           0.0064
35.70           0.0063
35.73           0.0062
35.76           0.0061
35.79           0.0060
35.82           0.0059
35.85           0.0058
35.88           0.0057
35.91           0.0056
35.94           0.0055
35.97           0.0054
36.00           0.0053
36.03           0.0052
36.06           0.0051
36.09           0.0050
36.12           0.0049
36.15           0.0048
36.18           0.0047
36.21           0.0046
36.24           0.0045
36.27           0.0043
36.30           0.0042
36.33           0.0041
36.36           0.0040
36.39           0.0039
36.42           0.0038
36.45           0.0037
36.48           0.0036
36.51           0.0035
36.54           0.0034
36.57           0.0033
36.60           0.0032
36.63           0.0031
36.66           0.0030
36.69           0.0029
36.72           0.0028
36.75           0.0027
36.78           0.0026
36.81           0.0025
36.84           0.0024
36.87           0.0023
36.90           0.0022
36.93           0.0021
36.96           0.0020
36.99           0.0019
37.02           0.0018
37.05           0.0017
37.08           0.0016
37.11           0.0015
37.14           0.0014
37.17           0.0013
37.20           0.0012
37.23           0.0011
37.26           0.0010
37.29           0.0010
37.32           0.0009
37.35           0.0008
37.38           0.0007
37.41           0.0006
37.44           0.0005
37.47           0.0004
37.50           0.0004
37.53           0.0003
37.56           0.0002
37.59           0.0001
37.62           0.0001
37.65          -0.0000
37.68          -0.0001
37.71          -0.0002
37.74          -0.0002
37.77          -0.0003
37.80          -0.0004
37.83          -0.0004
37.86          -0.0005
37.89          -0.0006
37.92          -0.0006
37.95          -0.0007
37.98          -0.0007
38.01          -0.0008
38.04          -0.0008
38.07          -0.0009
38.10          -0.0010
38.13          -0.0010
38.16          -0.0011
38.19          -0.0011
38.22          -0.0012
38.25          -0.0012
38.28          -0.0012
38.31          -0.0013
38.34          -0.0013
38.37          -0.0014
38.40          -0.0014
38.43          -0.0014
38.46          -0.0015
38.49          -0.0015
38.52          -0.0016
38.55          -0.0016
38.58          -0.0016
38.61          -0.0016
38.64          -0.0017
38.67          -0.0017
38.70          -0.0017
38.73          -0.0018
38.76          -0.0018
38.79          -0.0018
38.82          -0.0018
38.85          -0.0018
38.88          -0.0019
38.91          -0.0019
38.94          -0.0019
38.97          -0.0019
39.00          -0.0019
39.03          -0.0019
39.06          -0.0019
39.09          -0.0020
39.12          -0.0020
39.15          -0.0020
39.18          -0.0020
39.21          -0.0020
39.24          -0.0020
39.27          -0.0020
39.30          -0.0020
39.33          -0.0020
39.36          -0.0020
39.39          -0.0020
39.42          -0.0020
39.45          -0.0020
39.48          -0.0020
39.51          -0.0020
39.54          -0.0020
39.57          -0.0020
39.60          -0.0020
39.63          -0.0020
39.66          -0.0020
39.69          -0.0020
39.72          -0.0020
39.75          -0.0020
39.78          -0.0020
39.81          -0.0020
39.84          -0.0019
39.87          -0.0019
39.90          -0.0019
39.93          -0.0019
39.96          -0.0019
39.99          -0.0019
40.02          -0.0019
40.05          -0.0019
40.08          -0.0019
40.11          -0.0019
40.14          -0.0019
40.17          -0.0018
40.20          -0.0018
40.23          -0.0018
40.26          -0.0018
40.29          -0.0018
40.32          -0.0018
40.35          -0.0018
40.38          -0.0018
40.41          -0.0018
40.44          -0.0018
40.47          -0.0018
40.50          -0.0018
40.53          -0.0018
40.56          -0.0017
40.59          -0.0017
40.62          -0.0017
40.65          -0.0017
40.68          -0.0017
40.71          -0.0017
40.74          -0.0017
40.77          -0.0017
40.80          -0.0017
40.83          -0.0017
40.86          -0.0017
40.89          -0.0017
40.92          -0.0017
40.95          -0.0017
40.98          -0.0017
41.01          -0.0017
41.04          -0.0017
41.07          -0.0017
41.10          -0.0017
41.13          -0.0017
41.16          -0.0017
41.19          -0.0017
41.22          -0.0018
41.25          -0.0018
41.28          -0.0018
41.31          -0.0018
41.34          -0.0018
41.37          -0.0018
41.40          -0.0018
41.43          -0.0018
41.46          -0.0019
41.49          -0.0019
41.52          -0.0019
41.55          -0.0019
41.58          -0.0019
41.61          -0.0020
41.64          -0.0020
41.67          -0.0020
41.70          -0.0020
41.73          -0.0020
41.76          -0.0021
41.79          -0.0021
41.82          -0.0021
41.85          -0.0022
41.88          -0.0022
41.91          -0.0022
41.94          -0.0023
41.97          -0.0023
42.00          -0.0023
42.03          -0.0024
42.06          -0.0024
42.09          -0.0024
42.12          -0.0025
42.15          -0.0025
42.18          -0.0026
42.21          -0.0026
42.24          -0.0027
42.27          -0.0027
42.30          -0.0027
42.33          -0.0028
42.36          -0.0028
42.39          -0.0029
42.42          -0.0029
42.45          -0.0030
42.48          -0.0030
42.51          -0.0031
42.54          -0.0031
42.57          -0.0032
42.60          -0.0033
42.63          -0.0033
42.66          -0.0034
42.69          -0.0034
42.72          -0.0035
42.75          -0.0035
42.78          -0.0036
42.81          -0.0037
42.84          -0.0037
42.87          -0.0038
42.90          -0.0038
42.93          -0.0039
42.96          -0.0040
42.99          -0.0040
43.02          -0.0041
43.05          -0.0042
43.08          -0.0042
43.11          -0.0043
43.14          -0.0044
43.17          -0.0044
43.20          -0.0045
43.23          -0.0046
43.26          -0.0046
43.29          -0.0047
43.32          -0.0048
43.35          -0.0048
43.38          -0.0049
43.41          -0.0050
43.44          -0.0050
43.47          -0.0051
43.50          -0.0052
43.53          -0.0053
43.56          -0.0053
43.59          -0.0054
43.62          -0.0055
43.65          -0.0055
43.68          -0.0056
43.71          -0.0057
43.74          -0.0057
43.77          -0.0058
43.80          -0.0059
43.83          -0.0059
43.86          -0.0060
43.89          -0.0061
43.92          -0.0061
43.95          -0.0062
43.98          -0.0063
44.01          -0.0063
44.04          -0.0064
44.07          -0.0064
44.10          -0.0065
44.13          -0.0066
44.16          -0.0066
44.19          -0.0067
44.22          -0.0067
44.25          -0.0068
44.28          -0.0069
44.31          -0.0069
44.34          -0.0070
44.37          -0.0070
44.40          -0.0071
44.43          -0.0071
44.46          -0.0072
44.49          -0.0072
44.52          -0.0073
44.55          -0.0073
44.58          -0.0074
44.61          -0.0074
44.64          -0.0074
44.67          -0.0075
44.70          -0.0075
44.73          -0.0076
44.76          -0.0076
44.79          -0.0076
44.82          -0.0077
44.85          -0.0077
44.88          -0.0077
44.91          -0.0078
44.94          -0.0078
44.97          -0.0078
45.00          -0.0078
45.03          -0.0079
45.06          -0.0079
45.09          -0.0079
45.12          -0.0079
45.15          -0.0079
45.18          -0.0079
45.21          -0.0079
45.24          -0.0080
45.27          -0.0080
45.30          -0.0080
45.33          -0.0080
45.36          -0.0080
45.39          -0.0080
45.42          -0.0080
45.45          -0.0080
45.48          -0.0080
45.51          -0.0080
45.54          -0.0080
45.57          -0.0079
45.60          -0.0079
45.63          -0.0079
45.66          -0.0079
45.69          -0.0079
45.72          -0.0079
45.75          -0.0078
45.78          -0.0078
45.81          -0.0078
45.84          -0.0077
45.87          -0.0077
45.90          -0.0077
45.93          -0.0076
45.96          -0.0076
45.99          -0.0076
46.02          -0.0075
46.05          -0.0075
46.08          -0.0074
46.11          -0.0074
46.14          -0.0073
46.17          -0.0073
46.20          -0.0072
46.23          -0.0072
46.26          -0.0071
46.29          -0.0071
46.32          -0.0070
46.35          -0.0069
46.38          -0.0069
46.41          -0.0068
46.44          -0.0067
46.47          -0.0067
46.50          -0.0066
46.53          -0.0065
46.56          -0.0064
46.59          -0.0064
46.62          -0.0063
46.65          -0.0062
46.68          -0.0061
46.71          -0.0060
46.74          -0.0059
46.77          -0.0059
46.80          -0.0058
46.83          -0.0057
46.86          -0.0056
46.89          -0.0055
46.92          -0.0054
46.95          -0.0053
46.98          -0.0052
47.01          -0.0051
47.04          -0.0050
47.07          -0.0049
47.10          -0.0048
47.13          -0.0047
47.16          -0.0046
47.19          -0.0045
47.22          -0.0044
47.25          -0.0043
47.28          -0.0041
47.31          -0.0040
47.34          -0.0039
47.37          -0.0038
47.40          -0.0037
47.43          -0.0036
47.46          -0.0035
47.49          -0.0033
47.52          -0.0032
47.55          -0.0031
47.58          -0.0030
47.61          -0.0029
47.64          -0.0027
47.67          -0.0026
47.70          -0.0025
47.73          -0.0024
47.76          -0.0023
47.79          -0.0021
47.82          -0.0020
47.85          -0.0019
47.88          -0.0018
47.91          -0.0016
47.94          -0.0015
47.97          -0.0014
48.00          -0.0013
48.03          -0.0011
48.06          -0.0010
48.09          -0.0009
48.12          -0.0008
48.15          -0.0006
48.18          -0.0005
48.21          -0.0004
48.24          -0.0003
48.27          -0.0001
48.30          -0.0000
48.33           0.0001
48.36           0.0002
48.39           0.0004
48.42           0.0005
48.45           0.0006
48.48           0.0007
48.51           0.0008
48.54           0.0010
48.57           0.0011
48.60           0.0012
48.63           0.0013
48.66           0.0014
48.69           0.0015
48.72           0.0017
48.75           0.0018
48.78           0.0019
48.81           0.0020
48.84           0.0021
48.87           0.0022
48.90           0.0023
48.93           0.0024
48.96           0.0025
48.99           0.0026
49.02           0.0027
49.05           0.0028
49.08           0.0029
49.11           0.0030
49.14           0.0031
49.17           0.0032
49.20           0.0033
49.23           0.0034
49.26           0.0035
49.29           0.0036
49.32           0.0037
49.35           0.0038
49.38           0.0039
49.41           0.0040
49.44           0.0040
49.47           0.0041
49.50           0.0042
49.53           0.0043
49.56           0.0044
49.59           0.0044
49.62           0.0045
49.65           0.0046
49.68           0.0047
49.71           0.0047
49.74           0.0048
49.77           0.0049
49.80           0.0049
49.83           0.0050
49.86           0.0050
49.89           0.0051
49.92           0.0052
49.95           0.0052
49.98           0.0053
50.01           0.0053
50.04           0.0054
50.07           0.0054
50.10           0.0055
50.13           0.0055
50.16           0.0055
50.19           0.0056
50.22           0.0056
50.25           0.0057
50.28           0.0057
50.31           0.0057
50.34           0.0058
50.37           0.0058
50.40           0.0058
50.43           0.0058
50.46           0.0059
50.49           0.0059
50.52           0.0059
50.55           0.0059
50.58           0.0059
50.61           0.0059
50.64           0.0060
50.67           0.0060
50.70           0.0060
50.73           0.0060
50.76           0.0060
50.79           0.0060
50.82           0.0060
50.85           0.0060
50.88           0.0060
50.91           0.0060
50.94           0.0060
50.97           0.0060
51.00           0.0060
51.03           0.0060
51.06           0.0060
51.09           0.0060
51.12           0.0059
51.15           0.0059
51.18           0.0059
51.21           0.0059
51.24           0.0059
51.27           0.0059
51.30           0.0058
51.33           0.0058
51.36           0.0058
51.39           0.0058
51.42           0.0057
51.45           0.0057
51.48           0.0057
51.51           0.0057
51.54           0.0056
51.57           0.0056
51.60           0.0056
51.63           0.0055
51.66           0.0055
51.69           0.0055
51.72           0.0054
51.75           0.0054
51.78           0.0054
51.81           0.0053
51.84           0.0053
51.87           0.0053
51.90           0.0052
51.93           0.0052
51.96           0.0051
51.99           0.0051
52.02           0.0051
52.05           0.0050
52.08           0.0050
52.11           0.0049
52.14           0.0049
52.17           0.0049
52.20           0.0048
52.23           0.0048
52.26           0.0047
52.29           0.0047
52.32           0.0046
52.35           0.0046
52.38           0.0046
52.41           0.0045
52.44           0.0045
52.47           0.0044
52.50           0.0044
52.53           0.0043
52.56           0.0043
52.59           0.0043
52.62           0.0042
52.65           0.0042
52.68           0.0041
52.71           0.0041
52.74           0.0040
52.77           0.0040
52.80           0.0040
52.83           0.0039
52.86           0.0039
52.89           0.0038
52.92           0.0038
52.95           0.0038
52.98           0.0037
53.01           0.0037
53.04           0.0037
53.07           0.0036
53.10           0.0036
53.13           0.0036
53.16           0.0035
53.19           0.0035
53.22           0.0035
53.25           0.0034
53.28           0.0034
53.31           0.0034
53.34           0.0033
53.37           0.0033
53.40           0.0033
53.43           0.0033
53.46           0.0032
53.49           0.0032
53.52           0.0032
53.55           0.0032
53.58           0.0031
53.61           0.0031
53.64           0.0031
53.67           0.0031
53.70           0.0031
53.73           0.0030
53.76           0.0030
53.79           0.0030
53.82           0.0030
53.85           0.0030
53.88           0.0030
53.91           0.0030
53.94           0.0030
53.97           0.0029
54.00           0.0029
54.03           0.0029
54.06           0.0029
54.09           0.0029
54.12           0.0029
54.15           0.0029
54.18           0.0029
54.21           0.0029
54.24           0.0029
54.27           0.0029
54.30           0.0029
54.33           0.0029
54.36           0.0029
54.39           0.0029
54.42           0.0029
54.45           0.0029
54.48           0.0030
54.51           0.0030
54.54           0.0030
54.57           0.0030
54.60           0.0030
54.63           0.0030
54.66           0.0030
54.69           0.0030
54.72           0.0031
54.75           0.0031
54.78           0.0031
54.81           0.0031
54.84           0.0031
54.87           0.0031
54.90           0.0032
54.93           0.0032
54.96           0.0032
54.99           0.0032
55.02           0.0032
55.05           0.0033
55.08           0.0033
55.11           0.0033
55.14           0.0033
55.17           0.0034
55.20           0.0034
55.23           0.0034
55.26           0.0034
55.29           0.0035
55.32           0.0035
55.35           0.0035
55.38           0.0036
55.41           0.0036
55.44           0.0036
55.47           0.0036
55.50           0.0037
55.53           0.0037
55.56           0.0037
55.59           0.0038
55.62           0.0038
55.65           0.0038
55.68           0.0038
55.71           0.0039
55.74           0.0039
55.77           0.0039
55.80           0.0040
55.83           0.0040
55.86           0.0040
55.89           0.0040
55.92           0.0041
55.95           0.0041
55.98           0.0041
56.01           0.0041
56.04           0.0042
56.07           0.0042
56.10           0.0042
56.13           0.0042
56.16           0.0043
56.19           0.0043
56.22           0.0043
56.25           0.0043
56.28           0.0044
56.31           0.0044
56.34           0.0044
56.37           0.0044
56.40           0.0044
56.43           0.0045
56.46           0.0045
56.49           0.0045
56.52           0.0045
56.55           0.0045
56.58           0.0045
56.61           0.0045
56.64           0.0045
56.67           0.0046
56.70           0.0046
56.73           0.0046
56.76           0.0046
56.79           0.0046
56.82           0.0046
56.85           0.0046
56.88           0.0046
56.91           0.0046
56.94           0.0046
56.97           0.0046
57.00           0.0046
57.03           0.0046
57.06           0.0046
57.09           0.0046
57.12           0.0045
57.15           0.0045
57.18           0.0045
57.21           0.0045
57.24           0.0045
57.27           0.0045
57.30           0.0045
57.33           0.0044
57.36           0.0044
57.39           0.0044
57.42           0.0044
57.45           0.0043
57.48           0.0043
57.51           0.0043
57.54           0.0042
57.57           0.0042
57.60           0.0042
57.63           0.0041
57.66           0.0041
57.69           0.0041
57.72           0.0040
57.75           0.0040
57.78           0.0039
57.81           0.0039
57.84           0.0038
57.87           0.0038
57.90           0.0037
57.93           0.0037
57.96           0.0036
57.99           0.0036
58.02           0.0035
58.05           0.0035
58.08           0.0034
58.11           0.0033
58.14           0.0033
58.17           0.0032
58.20           0.0031
58.23           0.0031
58.26           0.0030
58.29           0.0029
58.32           0.0028
58.35           0.0028
58.38           0.0027
58.41           0.0026
58.44           0.0025
58.47           0.0025
58.50           0.0024
58.53           0.0023
58.56           0.0022
58.59           0.0021
58.62           0.0020
58.65           0.0019
58.68           0.0019
58.71           0.0018
58.74           0.0017
58.77           0.0016
58.80           0.0015
58.83           0.0014
58.86           0.0013
58.89           0.0012
58.92           0.0011
58.95           0.0010
58.98           0.0009
59.01           0.0008
59.04           0.0007
59.07           0.0006
59.10           0.0005
59.13           0.0004
59.16           0.0003
59.19           0.0001
59.22           0.0000
59.25          -0.0001
59.28          -0.0002
59.31          -0.0003
59.34          -0.0004
59.37          -0.0005
59.40          -0.0006
59.43          -0.0007
59.46          -0.0009
59.49          -0.0010
59.52          -0.0011
59.55          -0.0012
59.58          -0.0013
59.61          -0.0014
59.64          -0.0015
59.67          -0.0017
59.70          -0.0018
59.73          -0.0019
59.76          -0.0020
59.79          -0.0021
59.82          -0.0022
59.85          -0.0024
59.88          -0.0025
59.91          -0.0026
59.94          -0.0027
59.97          -0.0028
60.00          -0.0029
60.03          -0.0030
60.06          -0.0032
60.09          -0.0033
60.12          -0.0034
60.15          -0.0035
60.18          -0.0036
60.21          -0.0037
60.24          -0.0038
60.27          -0.0039
60.30          -0.0040
60.33          -0.0042
60.36          -0.0043
60.39          -0.0044
60.42          -0.0045
60.45          -0.0046
60.48          -0.0047
60.51          -0.0048
60.54          -0.0049
60.57          -0.0050
60.60          -0.0051
60.63          -0.0052
60.66          -0.0053
60.69          -0.0054
60.72          -0.0055
60.75          -0.0056
60.78          -0.0057
60.81          -0.0058
60.84          -0.0058
60.87          -0.0059
60.90          -0.0060
60.93          -0.0061
60.96          -0.0062
60.99          -0.0063
61.02          -0.0064
61.05          -0.0064
61.08          -0.0065
61.11          -0.0066
61.14          -0.0067
61.17          -0.0067
61.20          -0.0068
61.23          -0.0069
61.26          -0.0069
61.29          -0.0070
61.32          -0.0071
61.35          -0.0071
61.38          -0.0072
61.41          -0.0072
61.44          -0.0073
61.47          -0.0074
61.50          -0.0074
61.53          -0.0075
61.56          -0.0075
61.59          -0.0076
61.62          -0.0076
61.65          -0.0076
61.68          -0.0077
61.71          -0.0077
61.74          -0.0078
61.77          -0.0078
61.80          -0.0078
61.83          -0.0079
61.86          -0.0079
61.89          -0.0079
61.92          -0.0079
61.95          -0.0080
61.98          -0.0080
62.01          -0.0080
62.04          -0.0080
62.07          -0.0080
62.10          -0.0080
62.13          -0.0080
62.16          -0.0081
62.19          -0.0081
62.22          -0.0081
62.25          -0.0081
62.28          -0.0081
62.31          -0.0081
62.34          -0.0081
62.37          -0.0081
62.40          -0.0080
62.43          -0.0080
62.46          -0.0080
62.49          -0.0080
62.52          -0.0080
62.55          -0.0080
62.58          -0.0080
62.61          -0.0079
62.64          -0.0079
62.67          -0.0079
62.70          -0.0079
62.73          -0.0078
62.76          -0.0078
62.79          -0.0078
62.82          -0.0077
62.85          -0.0077
62.88          -0.0076
62.91          -0.0076
62.94          -0.0076
62.97          -0.0075
63.00          -0.0075
63.03          -0.0074
63.06          -0.0074
63.09          -0.0073
63.12          -0.0073
63.15          -0.0072
63.18          -0.0072
63.21          -0.0071
63.24          -0.0071
63.27          -0.0070
63.30          -0.0069
63.33          -0.0069
63.36          -0.0068
63.39          -0.0067
63.42          -0.0067
63.45          -0.0066
63.48          -0.0065
63.51          -0.0065
63.54          -0.0064
63.57          -0.0063
63.60          -0.0063
63.63          -0.0062
63.66          -0.0061
63.69          -0.0060
63.72          -0.0060
63.75          -0.0059
63.78          -0.0058
63.81          -0.0057
63.84          -0.0057
63.87          -0.0056
63.90          -0.0055
63.93          -0.0054
63.96          -0.0053
63.99          -0.0053
64.02          -0.0052
64.05          -0.0051
64.08          -0.0050
64.11          -0.0049
64.14          -0.0049
64.17          -0.0048
64.20          -0.0047
64.23          -0.0046
64.26          -0.0045
64.29          -0.0044
64.32          -0.0044
64.35          -0.0043
64.38          -0.0042
64.41          -0.0041
64.44          -0.0040
64.47          -0.0039
64.50          -0.0038
64.53          -0.0038
64.56          -0.0037
64.59          -0.0036
64.62          -0.0035
64.65          -0.0034
64.68          -0.0034
64.71          -0.0033
64.74          -0.0032
64.77          -0.0031
64.80          -0.0030
64.83          -0.0030
64.86          -0.0029
64.89          -0.0028
64.92          -0.0027
64.95          -0.0026
64.98          -0.0026
65.01          -0.0025
65.04          -0.0024
65.07          -0.0023
65.10          -0.0023
65.13          -0.0022
65.16          -0.0021
65.19          -0.0020
65.22          -0.0020
65.25          -0.0019
65.28          -0.0018
65.31          -0.0018
65.34          -0.0017
65.37          -0.0016
65.40          -0.0016
65.43          -0.0015
65.46          -0.0015
65.49          -0.0014
65.52          -0.0013
65.55          -0.0013
65.58          -0.0012
65.61          -0.0012
65.64          -0.0011
65.67          -0.0010
65.70          -0.0010
65.73          -0.0009
65.76          -0.0009
65.79          -0.0008
65.82          -0.0008
65.85          -0.0008
65.88          -0.0007
65.91          -0.0007
65.94          -0.0006
65.97          -0.0006
66.00          -0.0005
66.03          -0.0005
66.06          -0.0005
66.09          -0.0004
66.12          -0.0004
66.15          -0.0004
66.18          -0.0003
66.21          -0.0003
66.24          -0.0003
66.27          -0.0002
66.30          -0.0002
66.33          -0.0002
66.36          -0.0002
66.39          -0.0001
66.42          -0.0001
66.45          -0.0001
66.48          -0.0001
66.51          -0.0000
66.54          -0.0000
66.57          -0.0000
66.60           0.0000
66.63           0.0000
66.66           0.0000
66.69           0.0000
66.72           0.0001
66.75           0.0001
66.78           0.0001
66.81           0.0001
66.84           0.0001
66.87           0.0001
66.90           0.0001
66.93           0.0001
66.96           0.0001
66.99           0.0001
67.02           0.0001
67.05           0.0001
67.08           0.0001
67.11           0.0001
67.14           0.0001
67.17           0.0001
67.20           0.0001
67.23           0.0001
67.26           0.0001
67.29           0.0001
67.32           0.0001
67.35           0.0001
67.38           0.0001
67.41           0.0000
67.44           0.0000
67.47           0.0000
67.50           0.0000
67.53           0.0000
67.56          -0.0000
67.59          -0.0000
67.62          -0.0000
67.65          -0.0000
67.68          -0.0001
67.71          -0.0001
67.74          -0.0001
67.77          -0.0001
67.80          -0.0001
67.83          -0.0001
67.86          -0.0001
67.89          -0.0002
67.92          -0.0002
67.95          -0.0002
67.98          -0.0002
68.01          -0.0002
68.04          -0.0002
68.07          -0.0002
68.10          -0.0003
68.13          -0.0003
68.16          -0.0003
68.19          -0.0003
68.22          -0.0003
68.25          -0.0003
68.28          -0.0003
68.31          -0.0004
68.34          -0.0004
68.37          -0.0004
68.40          -0.0004
68.43          -0.0004
68.46          -0.0004
68.49          -0.0004
68.52          -0.0004
68.55          -0.0004
68.58          -0.0004
68.61          -0.0005
68.64          -0.0005
68.67          -0.0005
68.70          -0.0005
68.73          -0.0005
68.76          -0.0005
68.79          -0.0005
68.82          -0.0005
68.85          -0.0005
68.88          -0.0005
68.91          -0.0005
68.94          -0.0005
68.97          -0.0005
69.00          -0.0005
69.03          -0.0005
69.06          -0.0005
69.09          -0.0005
69.12          -0.0005
69.15          -0.0005
69.18          -0.0004
69.21          -0.0004
69.24          -0.0004
69.27          -0.0004
69.30          -0.0004
69.33          -0.0004
69.36          -0.0004
69.39          -0.0003
69.42          -0.0003
69.45          -0.0003
69.48          -0.0003
69.51          -0.0003
69.54          -0.0002
69.57          -0.0002
69.60          -0.0002
69.63          -0.0002
69.66          -0.0001
69.69          -0.0001
69.72          -0.0001
69.75          -0.0000
69.78          -0.0000
69.81           0.0000
69.84           0.0001
69.87           0.0001
69.90           0.0001
69.93           0.0002
69.96           0.0002
69.99           0.0003
70.02           0.0003
70.05           0.0004
70.08           0.0004
70.11           0.0004
70.14           0.0005
70.17           0.0005
70.20           0.0006
70.23           0.0007
70.26           0.0007
70.29           0.0008
70.32           0.0008
70.35           0.0009
70.38           0.0009
70.41           0.0010
70.44           0.0011
70.47           0.0011
70.50           0.0012
70.53           0.0012
70.56           0.0013
70.59           0.0014
70.62           0.0014
70.65           0.0015
70.68           0.0016
70.71           0.0016
70.74           0.0017
70.77           0.0018
70.80           0.0019
70.83           0.0019
70.86           0.0020
70.89           0.0021
70.92           0.0022
70.95           0.0022
70.98           0.0023
71.01           0.0024
71.04           0.0025
71.07           0.0026
71.10           0.0026
71.13           0.0027
71.16           0.0028
71.19           0.0029
71.22           0.0030
71.25           0.0030
71.28           0.0031
71.31           0.0032
71.34           0.0033
71.37           0.0034
71.40           0.0035
71.43           0.0035
71.46           0.0036
71.49           0.0037
71.52           0.0038
71.55           0.0039
71.58           0.0040
71.61           0.0040
71.64           0.0041
71.67           0.0042
71.70           0.0043
71.73           0.0044
71.76           0.0045
71.79           0.0046
71.82           0.0046
71.85           0.0047
71.88           0.0048
71.91           0.0049
71.94           0.0050
71.97           0.0051
72.00           0.0051
72.03           0.0052
72.06           0.0053
72.09           0.0054
72.12           0.0055
72.15           0.0055
72.18           0.0056
72.21           0.0057
72.24           0.0058
72.27           0.0058
72.30           0.0059
72.33           0.0060
72.36           0.0061
72.39           0.0061
72.42           0.0062
72.45           0.0063
72.48           0.0063
72.51           0.0064
72.54           0.0065
72.57           0.0065
72.60           0.0066
72.63           0.0067
72.66           0.0067
72.69           0.0068
72.72           0.0068
72.75           0.0069
72.78           0.0069
72.81           0.0070
72.84           0.0071
72.87           0.0071
72.90           0.0072
72.93           0.0072
72.96           0.0072
72.99           0.0073
73.02           0.0073
73.05           0.0074
73.08           0.0074
73.11           0.0075
73.14           0.0075
73.17           0.0075
73.20           0.0076
73.23           0.0076
73.26           0.0076
73.29           0.0076
73.32           0.0077
73.35           0.0077
73.38           0.0077
73.41           0.0077
73.44           0.0078
73.47           0.0078
73.50           0.0078
73.53           0.0078
73.56           0.0078
73.59           0.0078
73.62           0.0078
73.65           0.0078
73.68           0.0078
73.71           0.0078
73.74           0.0078
73.77           0.0078
73.80           0.0078
73.83           0.0078
73.86           0.0078
73.89           0.0078
73.92           0.0078
73.95           0.0077
73.98           0.0077
74.01           0.0077
74.04           0.0077
74.07           0.0077
74.10           0.0076
74.13           0.0076
74.16           0.0076
74.19           0.0075
74.22           0.0075
74.25           0.0075
74.28           0.0074
74.31           0.0074
74.34           0.0073
74.37           0.0073
74.40           0.0073
74.43           0.0072
74.46           0.0072
74.49           0.0071
74.52           0.0071
74.55           0.0070
74.58           0.0069
74.61           0.0069
74.64           0.0068
74.67           0.0068
74.70           0.0067
74.73           0.0066
74.76           0.0066
74.79           0.0065
74.82           0.0064
74.85           0.0063
74.88           0.0063
74.91           0.0062
74.94           0.0061
74.97           0.0060
75.00           0.0060
75.03           0.0059
75.06           0.0058
75.09           0.0057
75.12           0.0056
75.15           0.0055
75.18           0.0054
75.21           0.0054
75.24           0.0053
75.27           0.0052
75.30           0.0051
75.33           0.0050
75.36           0.0049
75.39           0.0048
75.42           0.0047
75.45           0.0046
75.48           0.0045
75.51           0.0044
75.54           0.0043
75.57           0.0042
75.60           0.0041
75.63           0.0040
75.66           0.0039
75.69           0.0038
75.72           0.0037
75.75           0.0036
75.78           0.0034
75.81           0.0033
75.84           0.0032
75.87           0.0031
75.90           0.0030
75.93           0.0029
75.96           0.0028
75.99           0.0027
76.02           0.0026
76.05           0.0025
76.08           0.0024
76.11           0.0023
76.14           0.0021
76.17           0.0020
76.20           0.0019
76.23           0.0018
76.26           0.0017
76.29           0.0016
76.32           0.0015
76.35           0.0014
76.38           0.0013
76.41           0.0012
76.44           0.0010
76.47           0.0009
76.50           0.0008
76.53           0.0007
76.56           0.0006
76.59           0.0005
76.62           0.0004
76.65           0.0003
76.68           0.0002
76.71           0.0001
76.74          -0.0000
76.77          -0.0001
76.80          -0.0002
76.83          -0.0003
76.86          -0.0004
76.89          -0.0005
76.92          -0.0006
76.95          -0.0007
76.98          -0.0008
77.01          -0.0009
77.04          -0.0010
77.07          -0.0011
77.10          -0.0012
77.13          -0.0013
77.16          -0.0013
77.19          -0.0014
77.22          -0.0015
77.25          -0.0016
77.28          -0.0017
77.31          -0.0018
77.34          -0.0019
77.37          -0.0019
77.40          -0.0020
77.43          -0.0021
77.46          -0.0022
77.49          -0.0022
77.52          -0.0023
77.55          -0.0024
77.58          -0.0025
77.61          -0.0025
77.64          -0.0026
77.67          -0.0027
77.70          -0.0027
77.73          -0.0028
77.76          -0.0028
77.79          -0.0029
77.82          -0.0030
77.85          -0.0030
77.88          -0.0031
77.91          -0.0031
77.94          -0.0032
77.97          -0.0032
78.00          -0.0033
78.03          -0.0033
78.06          -0.0034
78.09          -0.0034
78.12          -0.0034
78.15          -0.0035
78.18          -0.0035
78.21          -0.0035
78.24          -0.0036
78.27          -0.0036
78.30          -0.0036
78.33          -0.0037
78.36          -0.0037
78.39          -0.0037
78.42          -0.0038
78.45          -0.0038
78.48          -0.0038
78.51          -0.0038
78.54          -0.0038
78.57          -0.0039
78.60          -0.0039
78.63          -0.0039
78.66          -0.0039
78.69          -0.0039
78.72          -0.0039
78.75          -0.0039
78.78          -0.0039
78.81          -0.0039
78.84          -0.0039
78.87          -0.0039
78.90          -0.0039
78.93          -0.0039
78.96          -0.0039
78.99          -0.0039
79.02          -0.0039
79.05          -0.0039
79.08          -0.0039
79.11          -0.0039
79.14          -0.0039
79.17          -0.0039
79.20          -0.0039
79.23          -0.0039
79.26          -0.0039
79.29          -0.0038
79.32          -0.0038
79.35          -0.0038
79.38          -0.0038
79.41          -0.0038
79.44          -0.0037
79.47          -0.0037
79.50          -0.0037
79.53          -0.0037
79.56          -0.0037
79.59          -0.0036
79.62          -0.0036
79.65          -0.0036
79.68          -0.0036
79.71          -0.0035
79.74          -0.0035
79.77          -0.0035
79.80          -0.0034
79.83          -0.0034
79.86          -0.0034
79.89          -0.0034
79.92          -0.0033
79.95          -0.0033
79.98          -0.0033
80.01          -0.0032
80.04          -0.0032
80.07          -0.0032
80.10          -0.0031
80.13          -0.0031
80.16          -0.0031
80.19          -0.0030
80.22          -0.0030
80.25          -0.0030
80.28          -0.0029
80.31          -0.0029
80.34          -0.0029
80.37          -0.0028
80.40          -0.0028
80.43          -0.0028
80.46          -0.0027
80.49          -0.0027
80.52          -0.0027
80.55          -0.0027
80.58          -0.0026
80.61          -0.0026
80.64          -0.0026
80.67          -0.0025
80.70          -0.0025
80.73          -0.0025
80.76          -0.0024
80.79          -0.0024
80.82          -0.0024
80.85          -0.0024
80.88          -0.0023
80.91          -0.0023
80.94          -0.0023
80.97          -0.0023
81.00          -0.0022
81.03          -0.0022
81.06          -0.0022
81.09          -0.0022
81.12          -0.0022
81.15          -0.0021
81.18          -0.0021
81.21          -0.0021
81.24          -0.0021
81.27          -0.0021
81.30          -0.0021
81.33          -0.0020
81.36          -0.0020
81.39          -0.0020
81.42          -0.0020
81.45          -0.0020
81.48          -0.0020
81.51          -0.0020
81.54          -0.0020
81.57          -0.0020
81.60          -0.0020
81.63          -0.0020
81.66          -0.0020
81.69          -0.0020
81.72          -0.0020
81.75          -0.0020
81.78          -0.0020
81.81          -0.0020
81.84          -0.0020
81.87          -0.0020
81.90          -0.0020
81.93          -0.0020
81.96          -0.0020
81.99          -0.0020
82.02          -0.0020
82.05          -0.0020
82.08          -0.0020
82.11          -0.0021
82.14          -0.0021
82.17          -0.0021
82.20          -0.0021
82.23          -0.0021
82.26          -0.0021
82.29          -0.0022
82.32          -0.0022
82.35          -0.0022
82.38          -0.0022
82.41          -0.0023
82.44          -0.0023
82.47          -0.0023
82.50          -0.0023
82.53          -0.0024
82.56          -0.0024
82.59          -0.0024
82.62          -0.0025
82.65          -0.0025
82.68          -0.0025
82.71          -0.0026
82.74          -0.0026
82.77          -0.0026
82.80          -0.0027
82.83          -0.0027
82.86          -0.0027
82.89          -0.0028
82.92          -0.0028
82.95          -0.0029
82.98          -0.0029
83.01          -0.0029
83.04          -0.0030
83.07          -0.0030
83.10          -0.0031
83.13          -0.0031
83.16          -0.0032
83.19          -0.0032
83.22          -0.0033
83.25          -0.0033
83.28          -0.0033
83.31          -0.0034
83.34          -0.0034
83.37          -0.0035
83.40          -0.0035
83.43          -0.0036
83.46          -0.0036
83.49          -0.0037
83.52          -0.0037
83.55          -0.0038
83.58          -0.0038
83.61          -0.0039
83.64          -0.0039
83.67          -0.0040
83.70          -0.0040
83.73          -0.0041
83.76          -0.0041
83.79          -0.0042
83.82          -0.0042
83.85          -0.0043
83.88          -0.0043
83.91          -0.0043
83.94          -0.0044
83.97          -0.0044
84.00          -0.0045
84.03          -0.0045
84.06          -0.0046
84.09          -0.0046
84.12          -0.0047
84.15          -0.0047
84.18          -0.0047
84.21          -0.0048
84.24          -0.0048
84.27          -0.0049
84.30          -0.0049
84.33          -0.0049
84.36          -0.0050
84.39          -0.0050
84.42          -0.0051
84.45          -0.0051
84.48          -0.0051
84.51          -0.0052
84.54          -0.0052
84.57          -0.0052
84.60          -0.0053
84.63          -0.0053
84.66          -0.0053
84.69          -0.0053
84.72          -0.0054
84.75          -0.0054
84.78          -0.0054
84.81          -0.0054
84.84          -0.0054
84.87          -0.0055
84.90          -0.0055
84.93          -0.0055
84.96          -0.0055
84.99          -0.0055
85.02          -0.0055
85.05          -0.0055
85.08          -0.0056
85.11          -0.0056
85.14          -0.0056
85.17          -0.0056
85.20          -0.0056
85.23          -0.0056
85.26          -0.0056
85.29          -0.0056
85.32          -0.0056
85.35          -0.0056
85.38          -0.0056
85.41          -0.0055
85.44          -0.0055
85.47          -0.0055
85.50          -0.0055
85.53          -0.0055
85.56          -0.0055
85.59          -0.0055
85.62          -0.0054
85.65          -0.0054
85.68          -0.0054
85.71          -0.0054
85.74          -0.0053
85.77          -0.0053
85.80          -0.0053
85.83          -0.0052
85.86          -0.0052
85.89          -0.0052
85.92          -0.0051
85.95          -0.0051
85.98          -0.0050
86.01          -0.0050
86.04          -0.0049
86.07          -0.0049
86.10          -0.0049
86.13          -0.0048
86.16          -0.0047
86.19          -0.0047
86.22          -0.0046
86.25          -0.0046
86.28          -0.0045
86.31          -0.0045
86.34          -0.0044
86.37          -0.0043
86.40          -0.0043
86.43          -0.0042
86.46          -0.0041
86.49          -0.0040
86.52          -0.0040
86.55          -0.0039
86.58          -0.0038
86.61          -0.0037
86.64          -0.0037
86.67          -0.0036
86.70          -0.0035
86.73          -0.0034
86.76          -0.0033
86.79          -0.0033
86.82          -0.0032
86.85          -0.0031
86.88          -0.0030
86.91          -0.0029
86.94          -0.0028
86.97          -0.0027
87.00          -0.0026
87.03          -0.0025
87.06          -0.0024
87.09          -0.0023
87.12          -0.0022
87.15          -0.0021
87.18          -0.0020
87.21          -0.0019
87.24          -0.0018
87.27          -0.0017
87.30          -0.0016
87.33          -0.0015
87.36          -0.0014
87.39          -0.0013
87.42          -0.0012
87.45          -0.0011
87.48          -0.0010
87.51          -0.0009
87.54          -0.0007
87.57          -0.0006
87.60          -0.0005
87.63          -0.0004
87.66          -0.0003
87.69          -0.0002
87.72          -0.0001
87.75           0.0000
87.78           0.0001
87.81           0.0003
87.84           0.0004
87.87           0.0005
87.90           0.0006
87.93           0.0007
87.96           0.0008
87.99           0.0009
88.02           0.0011
88.05           0.0012
88.08           0.0013
88.11           0.0014
88.14           0.0015
88.17           0.0016
88.20           0.0017
88.23           0.0018
88.26           0.0019
88.29           0.0020
88.32           0.0022
88.35           0.0023
88.38           0.0024
88.41           0.0025
88.44           0.0026
88.47           0.0027
88.50           0.0028
88.53           0.0029
88.56           0.0030
88.59           0.0031
88.62           0.0032
88.65           0.0033
88.68           0.0034
88.71           0.0035
88.74           0.0036
88.77           0.0037
88.80           0.0038
88.83           0.0039
88.86           0.0040
88.89           0.0041
88.92           0.0042
88.95           0.0042
88.98           0.0043
89.01           0.0044
89.04           0.0045
89.07           0.0046
89.10           0.0047
89.13           0.0048
89.16           0.0048
89.19           0.0049
89.22           0.0050
89.25           0.0051
89.28           0.0051
89.31           0.0052
89.34           0.0053
89.37           0.0053
89.40           0.0054
89.43           0.0055
89.46           0.0055
89.49           0.0056
89.52           0.0056
89.55           0.0057
89.58           0.0058
89.61           0.0058
89.64           0.0059
89.67           0.0059
89.70           0.0060
89.73           0.0060
89.76           0.0061
89.79           0.0061
89.82           0.0061
89.85           0.0062
89.88           0.0062
89.91           0.0062
89.94           0.0063
89.97           0.0063
90.00           0.0063
90.03           0.0064
90.06           0.0064
90.09           0.0064
90.12           0.0064
90.15           0.0065
90.18           0.0065
90.21           0.0065
90.24           0.0065
90.27           0.0065
90.30           0.0065
90.33           0.0065
90.36           0.0065
90.39           0.0065
90.42           0.0065
90.45           0.0065
90.48           0.0065
90.51           0.0065
90.54           0.0065
90.57           0.0065
90.60           0.0065
90.63           0.0065
90.66           0.0065
90.69           0.0065
90.72           0.0065
90.75           0.0064
90.78           0.0064
90.81           0.0064
90.84           0.0064
90.87           0.0064
90.90           0.0063
90.93           0.0063
90.96           0.0063
90.99           0.0062
91.02           0.0062
91.05           0.0062
91.08           0.0061
91.11           0.0061
91.14           0.0061
91.17           0.0060
91.20           0.0060
91.23           0.0059
91.26           0.0059
91.29           0.0059
91.32           0.0058
91.35           0.0058
91.38           0.0057
91.41           0.0057
91.44           0.0056
91.47           0.0056
91.50           0.0055
91.53           0.0055
91.56           0.0054
91.59           0.0054
91.62           0.0053
91.65           0.0052
91.68           0.0052
91.71           0.0051
91.74           0.0051
91.77           0.0050
91.80           0.0050
91.83           0.0049
91.86           0.0048
91.89           0.0048
91.92           0.0047
91.95           0.0046
91.98           0.0046
92.01           0.0045
92.04           0.0045
92.07           0.0044
92.10           0.0043
92.13           0.0043
92.16           0.0042
92.19           0.0041
92.22           0.0041
92.25           0.0040
92.28           0.0039
92.31           0.0039
92.34           0.0038
92.37           0.0037
92.40           0.0037
92.43           0.0036
92.46           0.0035
92.49           0.0035
92.52           0.0034
92.55           0.0033
92.58           0.0033
92.61           0.0032
92.64           0.0031
92.67           0.0031
92.70           0.0030
92.73           0.0030
92.76           0.0029
92.79           0.0028
92.82           0.0028
92.85           0.0027
92.88           0.0027
92.91           0.0026
92.94           0.0025
92.97           0.0025
93.00           0.0024
93.03           0.0024
93.06           0.0023
93.09           0.0023
93.12           0.0022
93.15           0.0021
93.18           0.0021
93.21           0.0020
93.24           0.0020
93.27           0.0019
93.30           0.0019
93.33           0.0018
93.36           0.0018
93.39           0.0018
93.42           0.0017
93.45           0.0017
93.48           0.0016
93.51           0.0016
93.54           0.0015
93.57           0.0015
93.60           0.0015
93.63           0.0014
93.66           0.0014
93.69           0.0013
93.72           0.0013
93.75           0.0013
93.78           0.0013
93.81           0.0012
93.84           0.0012
93.87           0.0012
93.90           0.0011
93.93           0.0011
93.96           0.0011
93.99           0.0011
94.02           0.0010
94.05           0.0010
94.08           0.0010
94.11           0.0010
94.14           0.0010
94.17           0.0010
94.20           0.0009
94.23           0.0009
94.26           0.0009
94.29           0.0009
94.32           0.0009
94.35           0.0009
94.38           0.0009
94.41           0.0009
94.44           0.0009
94.47           0.0009
94.50           0.0009
94.53           0.0009
94.56           0.0009
94.59           0.0009
94.62           0.0009
94.65           0.0009
94.68           0.0009
94.71           0.0009
94.74           0.0009
94.77           0.0009
94.80           0.0009
94.83           0.0009
94.86           0.0009
94.89           0.0009
94.92           0.0009
94.95           0.0009
94.98           0.0010
95.01           0.0010
95.04           0.0010
95.07           0.0010
95.10           0.0010
95.13           0.0010
95.16           0.0010
95.19           0.0011
95.22           0.0011
95.25           0.0011
95.28           0.0011
95.31           0.0011
95.34           0.0012
95.37           0.0012
95.40           0.0012
95.43           0.0012
95.46           0.0013
95.49           0.0013
95.52           0.0013
95.55           0.0013
95.58           0.0014
95.61           0.0014
95.64           0.0014
95.67           0.0014
95.70           0.0015
95.73           0.0015
95.76           0.0015
95.79           0.0015
95.82           0.0016
95.85           0.0016
95.88           0.0016
95.91           0.0016
95.94           0.0017
95.97           0.0017
96.00           0.0017
96.03           0.0017
96.06           0.0018
96.09           0.0018
96.12           0.0018
96.15           0.0018
96.18           0.0019
96.21           0.0019
96.24           0.0019
96.27           0.0019
96.30           0.0020
96.33           0.0020
96.36           0.0020
96.39           0.0020
96.42           0.0020
96.45           0.0021
96.48           0.0021
96.51           0.0021
96.54           0.0021
96.57           0.0021
96.60           0.0021
96.63           0.0022
96.66           0.0022
96.69           0.0022
96.72           0.0022
96.75           0.0022
96.78           0.0022
96.81           0.0022
96.84           0.0022
96.87           0.0022
96.90           0.0022
96.93           0.0023
96.96           0.0023
96.99           0.0023
97.02           0.0023
97.05           0.0023
97.08           0.0023
97.11           0.0023
97.14           0.0023
97.17           0.0022
97.20           0.0022
97.23           0.0022
97.26           0.0022
97.29           0.0022
97.32           0.0022
97.35           0.0022
97.38           0.0022
97.41           0.0022
97.44           0.0021
97.47           0.0021
97.50           0.0021
97.53           0.0021
97.56           0.0021
97.59           0.0020
97.62           0.0020
97.65           0.0020
97.68           0.0020
97.71           0.0019
97.74           0.0019
97.77           0.0019
97.80           0.0018
97.83           0.0018
97.86           0.0018
97.89           0.0017
97.92           0.0017
97.95           0.0017
97.98           0.0016
98.01           0.0016
98.04           0.0015
98.07           0.0015
98.10           0.0014
98.13           0.0014
98.16           0.0013
98.19           0.0013
98.22           0.0012
98.25           0.0012
98.28           0.0011
98.31           0.0010
98.34           0.0010
98.37           0.0009
98.40           0.0009
98.43           0.0008
98.46           0.0007
98.49           0.0007
98.52           0.0006
98.55           0.0005
98.58           0.0005
98.61           0.0004
98.64           0.0003
98.67           0.0003
98.70           0.0002
98.73           0.0001
98.76           0.0000
98.79          -0.0001
98.82          -0.0001
98.85          -0.0002
98.88          -0.0003
98.91          -0.0004
98.94          -0.0005
98.97          -0.0005
99.00          -0.0006
99.03          -0.0007
99.06          -0.0008
99.09          -0.0009
99.12          -0.0010
99.15          -0.0011
99.18          -0.0011
99.21          -0.0012
99.24          -0.0013
99.27          -0.0014
99.30          -0.0015
99.33          -0.0016
99.36          -0.0017
99.39          -0.0018
99.42          -0.0019
99.45          -0.0020
99.48          -0.0021
99.51          -0.0021
99.54          -0.0022
99.57          -0.0023
99.60          -0.0024
99.63          -0.0025
99.66          -0.0026
99.69          -0.0027
99.72          -0.0028
99.75          -0.0029
99.78          -0.0030
99.81          -0.0031
99.84          -0.0032
99.87          -0.0033
99.90          -0.0034
99.93          -0.0035
99.96          -0.0036
99.99          -0.0036
100.02         -0.0037
100.05         -0.0038
100.08         -0.0039
100.11         -0.0040
100.14         -0.0041
100.17         -0.0042
100.20         -0.0043
100.23         -0.0044
100.26         -0.0045
100.29         -0.0045
100.32         -0.0046
100.35         -0.0047
100.38         -0.0048
100.41         -0.0049
100.44         -0.0050
100.47         -0.0050
100.50         -0.0051
100.53         -0.0052
100.56         -0.0053
100.59         -0.0054
100.62         -0.0054
100.65         -0.0055
100.68         -0.0056
100.71         -0.0057
100.74         -0.0057
100.77         -0.0058
100.80         -0.0059
100.83         -0.0059
100.86         -0.0060
100.89         -0.0061
100.92         -0.0061
100.95         -0.0062
100.98         -0.0063
101.01         -0.0063
101.04         -0.0064
101.07         -0.0064
101.10         -0.0065
101.13         -0.0065
101.16         -0.0066
101.19         -0.0066
101.22         -0.0067
101.25         -0.0067
101.28         -0.0068
101.31         -0.0068
101.34         -0.0068
101.37         -0.0069
101.40         -0.0069
101.43         -0.0070
101.46         -0.0070
101.49         -0.0070
101.52         -0.0070
101.55         -0.0071
101.58         -0.0071
101.61         -0.0071
101.64         -0.0071
101.67         -0.0072
101.70         -0.0072
101.73         -0.0072
101.76         -0.0072
101.79         -0.0072
101.82         -0.0072
101.85         -0.0072
101.88         -0.0072
101.91         -0.0072
101.94         -0.0072
101.97         -0.0072
102.00         -0.0072
102.03         -0.0072
102.06         -0.0072
102.09         -0.0072
102.12         -0.0072
102.15         -0.0072
102.18         -0.0072
102.21         -0.0072
102.24         -0.0071
102.27         -0.0071
102.30         -0.0071
102.33         -0.0071
102.36         -0.0071
102.39         -0.0070
102.42         -0.0070
102.45         -0.0070
102.48         -0.0069
102.51         -0.0069
102.54         -0.0069
102.57         -0.0068
102.60         -0.0068
102.63         -0.0067
102.66         -0.0067
102.69         -0.0066
102.72         -0.0066
102.75         -0.0065
102.78         -0.0065
102.81         -0.0064
102.84         -0.0064
102.87         -0.0063
102.90         -0.0063
102.93         -0.0062
102.96         -0.0061
102.99         -0.0061
103.02         -0.0060
103.05         -0.0060
103.08         -0.0059
103.11         -0.0058
103.14         -0.0057
103.17         -0.0057
103.20         -0.0056
103.23         -0.0055
103.26         -0.0055
103.29         -0.0054
103.32         -0.0053
103.35         -0.0052
103.38         -0.0051
103.41         -0.0051
103.44         -0.0050
103.47         -0.0049
103.50         -0.0048
103.53         -0.0047
103.56         -0.0046
103.59         -0.0046
103.62         -0.0045
103.65         -0.0044
103.68         -0.0043
103.71         -0.0042
103.74         -0.0041
103.77         -0.0040
103.80         -0.0039
103.83         -0.0039
103.86         -0.0038
103.89         -0.0037
103.92         -0.0036
103.95         -0.0035
103.98         -0.0034
104.01         -0.0033
104.04         -0.0032
104.07         -0.0031
104.10         -0.0030
104.13         -0.0029
104.16         -0.0028
104.19         -0.0027
104.22         -0.0026
104.25         -0.0025
104.28         -0.0024
104.31         -0.0024
104.34         -0.0023
104.37         -0.0022
104.40         -0.0021
104.43         -0.0020
104.46         -0.0019
104.49         -0.0018
104.52         -0.0017
104.55         -0.0016
104.58         -0.0015
104.61         -0.0014
104.64         -0.0013
104.67         -0.0012
104.70         -0.0012
104.73         -0.0011
104.76         -0.0010
104.79         -0.0009
104.82         -0.0008
104.85         -0.0007
104.88         -0.0006
104.91         -0.0005
104.94         -0.0005
104.97         -0.0004
105.00         -0.0003
105.03         -0.0002
105.06         -0.0001
105.09         -0.0001
105.12          0.0000
105.15          0.0001
105.18          0.0002
105.21          0.0002
105.24          0.0003
105.27          0.0004
105.30          0.0005
105.33          0.0005
105.36          0.0006
105.39          0.0007
105.42          0.0007
105.45          0.0008
105.48          0.0009
105.51          0.0009
105.54          0.0010
105.57          0.0010
105.60          0.0011
105.63          0.0012
105.66          0.0012
105.69          0.0013
105.72          0.0013
105.75          0.0014
105.78          0.0014
105.81          0.0015
105.84          0.0015
105.87          0.0016
105.90          0.0016
105.93          0.0016
105.96          0.0017
105.99          0.0017
106.02          0.0018
106.05          0.0018
106.08          0.0018
106.11          0.0019
106.14          0.0019
106.17          0.0019
106.20          0.0020
106.23          0.0020
106.26          0.0020
106.29          0.0020
106.32          0.0021
106.35          0.0021
106.38          0.0021
106.41          0.0021
106.44          0.0021
106.47          0.0022
106.50          0.0022
106.53          0.0022
106.56          0.0022
106.59          0.0022
106.62          0.0022
106.65          0.0022
106.68          0.0022
106.71          0.0022
106.74          0.0022
106.77          0.0022
106.80          0.0022
106.83          0.0022
106.86          0.0022
106.89          0.0022
106.92          0.0022
106.95          0.0022
106.98          0.0022
107.01          0.0022
107.04          0.0022
107.07          0.0022
107.10          0.0022
107.13          0.0022
107.16          0.0022
107.19          0.0021
107.22          0.0021
107.25          0.0021
107.28          0.0021
107.31          0.0021
107.34          0.0021
107.37          0.0020
107.40          0.0020
107.43          0.0020
107.46          0.0020
107.49          0.0020
107.52          0.0019
107.55          0.0019
107.58          0.0019
107.61          0.0019
107.64          0.0018
107.67          0.0018
107.70          0.0018
107.73          0.0018
107.76          0.0017
107.79          0.0017
107.82          0.0017
107.85          0.0016
107.88          0.0016
107.91          0.0016
107.94          0.0016
107.97          0.0015
108.00          0.0015
108.03          0.0015
108.06          0.0014
108.09          0.0014
108.12          0.0014
108.15          0.0014
108.18          0.0013
108.21          0.0013
108.24          0.0013
108.27          0.0012
108.30          0.0012
108.33          0.0012
108.36          0.0012
108.39          0.0011
108.42          0.0011
108.45          0.0011
108.48          0.0010
108.51          0.0010
108.54          0.0010
108.57          0.0010
108.60          0.0009
108.63          0.0009
108.66          0.0009
108.69          0.0009
108.72          0.0009
108.75          0.0008
108.78          0.0008
108.81          0.0008
108.84          0.0008
108.87          0.0007
108.90          0.0007
108.93          0.0007
108.96          0.0007
108.99          0.0007
109.02          0.0007
109.05          0.0006
109.08          0.0006
109.11          0.0006
109.14          0.0006
109.17          0.0006
109.20          0.0006
109.23          0.0006
109.26          0.0006
109.29          0.0006
109.32          0.0006
109.35          0.0006
109.38          0.0006
109.41          0.0006
109.44          0.0006
109.47          0.0006
109.50          0.0006
109.53          0.0006
109.56          0.0006
109.59          0.0006
109.62          0.0006
109.65          0.0006
109.68          0.0006
109.71          0.0006
109.74          0.0006
109.77          0.0006
109.80          0.0006
109.83          0.0007
109.86          0.0007
109.89          0.0007
109.92          0.0007
109.95          0.0007
109.98          0.0007
110.01          0.0008
110.04          0.0008
110.07          0.0008
110.10          0.0008
110.13          0.0009
110.16          0.0009
110.19          0.0009
110.22          0.0010
110.25          0.0010
110.28          0.0010
110.31          0.0011
110.34          0.0011
110.37          0.0011
110.40          0.0012
110.43          0.0012
110.46          0.0012
110.49          0.0013
110.52          0.0013
110.55          0.0014
110.58          0.0014
110.61          0.0015
110.64          0.0015
110.67          0.0016
110.70          0.0016
110.73          0.0017
110.76          0.0017
110.79          0.0018
110.82          0.0018
110.85          0.0019
110.88          0.0019
110.91          0.0020
110.94          0.0020
110.97          0.0021
111.00          0.0021
111.03          0.0022
111.06          0.0022
111.09          0.0023
111.12          0.0024
111.15          0.0024
111.18          0.0025
111.21          0.0025
111.24          0.0026
111.27          0.0027
111.30          0.0027
111.33          0.0028
111.36          0.0029
111.39          0.0029
111.42          0.0030
111.45          0.0030
111.48          0.0031
111.51          0.0032
111.54          0.0032
111.57          0.0033
111.60          0.0034
111.63          0.0034
111.66          0.0035
111.69          0.0036
111.72          0.0036
111.75          0.0037
111.78          0.0038
111.81          0.0038
111.84          0.0039
111.87          0.0039
111.90          0.0040
111.93          0.0041
111.96          0.0041
111.99          0.0042
112.02          0.0043
112.05          0.0043
112.08          0.0044
112.11          0.0044
112.14          0.0045
112.17          0.0046
112.20          0.0046
112.23          0.0047
112.26          0.0047
112.29          0.0048
112.32          0.0048
112.35          0.0049
112.38          0.0049
112.41          0.0050
112.44          0.0051
112.47          0.0051
112.50          0.0052
112.53          0.0052
112.56          0.0052
112.59          0.0053
112.62          0.0053
112.65          0.0054
112.68          0.0054
112.71          0.0055
112.74          0.0055
112.77          0.0056
112.80          0.0056
112.83          0.0056
112.86          0.0057
112.89          0.0057
112.92          0.0057
112.95          0.0058
112.98          0.0058
113.01          0.0058
113.04          0.0058
113.07          0.0059
113.10          0.0059
113.13          0.0059
113.16          0.0059
113.19          0.0060
113.22          0.0060
113.25          0.0060
113.28          0.0060
113.31          0.0060
113.34          0.0060
113.37          0.0060
113.40          0.0060
113.43          0.0060
113.46          0.0060
113.49          0.0061
113.52          0.0060
113.55          0.0060
113.58          0.0060
113.61          0.0060
113.64          0.0060
113.67          0.0060
113.70          0.0060
113.73          0.0060
113.76          0.0060
113.79          0.0060
113.82          0.0059
113.85          0.0059
113.88          0.0059
113.91          0.0059
113.94          0.0059
113.97          0.0058
114.00          0.0058
114.03          0.0058
114.06          0.0057
114.09          0.0057
114.12          0.0057
114.15          0.0056
114.18          0.0056
114.21          0.0055
114.24          0.0055
114.27          0.0055
114.30          0.0054
114.33          0.0054
114.36          0.0053
114.39          0.0052
114.42          0.0052
114.45          0.0051
114.48          0.0051
114.51          0.0050
114.54          0.0050
114.57          0.0049
114.60          0.0048
114.63          0.0048
114.66          0.0047
114.69          0.0046
114.72          0.0046
114.75          0.0045
114.78          0.0044
114.81          0.0043
114.84          0.0043
114.87          0.0042
114.90          0.0041
114.93          0.0040
114.96          0.0039
114.99          0.0039
115.02          0.0038
115.05          0.0037
115.08          0.0036
115.11          0.0035
115.14          0.0034
115.17          0.0033
115.20          0.0032
115.23          0.0031
115.26          0.0030
115.29          0.0030
115.32          0.0029
115.35          0.0028
115.38          0.0027
115.41          0.0026
115.44          0.0025
115.47          0.0024
115.50          0.0023
115.53          0.0022
115.56          0.0021
115.59          0.0020
115.62          0.0019
115.65          0.0018
115.68          0.0017
115.71          0.0016
115.74          0.0014
115.77          0.0013
115.80          0.0012
115.83          0.0011
115.86          0.0010
115.89          0.0009
115.92          0.0008
115.95          0.0007
115.98          0.0006
116.01          0.0005
116.04          0.0004
116.07          0.0003
116.10          0.0002
116.13          0.0001
116.16         -0.0000
116.19         -0.0001
116.22         -0.0002
116.25         -0.0003
116.28         -0.0005
116.31         -0.0006
116.34         -0.0007
116.37         -0.0008
116.40         -0.0009
116.43         -0.0010
116.46         -0.0011
116.49         -0.0012
116.52         -0.0013
116.55         -0.0014
116.58         -0.0015
116.61         -0.0016
116.64         -0.0017
116.67         -0.0018
116.70         -0.0019
116.73         -0.0019
116.76         -0.0020
116.79         -0.0021
116.82         -0.0022
116.85         -0.0023
116.88         -0.0024
116.91         -0.0025
116.94         -0.0026
116.97         -0.0027
117.00         -0.0028
117.03         -0.0028
117.06         -0.0029
117.09         -0.0030
117.12         -0.0031
117.15         -0.0032
117.18         -0.0032
117.21         -0.0033
117.24         -0.0034
117.27         -0.0035
117.30         -0.0035
117.33         -0.0036
117.36         -0.0037
117.39         -0.0037
117.42         -0.0038
117.45         -0.0039
117.48         -0.0039
117.51         -0.0040
117.54         -0.0040
117.57         -0.0041
117.60         -0.0042
117.63         -0.0042
117.66         -0.0043
117.69         -0.0043
117.72         -0.0044
117.75         -0.0044
117.78         -0.0045
117.81         -0.0045
117.84         -0.0045
117.87         -0.0046
117.90         -0.0046
117.93         -0.0047
117.96         -0.0047
117.99         -0.0047
118.02         -0.0048
118.05         -0.0048
118.08         -0.0048
118.11         -0.0048
118.14         -0.0049
118.17         -0.0049
118.20         -0.0049
118.23         -0.0049
118.26         -0.0049
118.29         -0.0050
118.32         -0.0050
118.35         -0.0050
118.38         -0.0050
118.41         -0.0050
118.44         -0.0050
118.47         -0.0050
118.50         -0.0050
118.53         -0.0050
118.56         -0.0050
118.59         -0.0050
118.62         -0.0050
118.65         -0.0050
118.68         -0.0050
118.71         -0.0050
118.74         -0.0050
118.77         -0.0050
118.80         -0.0050
118.83         -0.0049
118.86         -0.0049
118.89         -0.0049
118.92         -0.0049
118.95         -0.0049
118.98         -0.0049
119.01         -0.0048
119.04         -0.0048
119.07         -0.0048
119.10         -0.0048
119.13         -0.0047
119.16         -0.0047
119.19         -0.0047
119.22         -0.0046
119.25         -0.0046
119.28         -0.0046
119.31         -0.0045
119.34         -0.0045
119.37         -0.0045
119.40         -0.0044
119.43         -0.0044
119.46         -0.0043
119.49         -0.0043
119.52         -0.0043
119.55         -0.0042
119.58         -0.0042
119.61         -0.0041
119.64         -0.0041
119.67         -0.0040
119.70         -0.0040
119.73         -0.0039
119.76         -0.0039
119.79         -0.0038
119.82         -0.0038
119.85         -0.0037
119.88         -0.0037
119.91         -0.0036
119.94         -0.0036
119.97         -0.0035
120.00         -0.0035
120.03         -0.0034
120.06         -0.0034
120.09         -0.0033
120.12         -0.0033
120.15         -0.0032
120.18         -0.0032
120.21         -0.0031
120.24         -0.0031
120.27         -0.0030
120.30         -0.0030
120.33         -0.0029
120.36         -0.0029
120.39         -0.0028
120.42         -0.0028
120.45         -0.0027
120.48         -0.0026
120.51         -0.0026
120.54         -0.0025
120.57         -0.0025
120.60         -0.0024
120.63         -0.0024
120.66         -0.0023
120.69         -0.0023
120.72         -0.0022
120.75         -0.0022
120.78         -0.0021
120.81         -0.0021
120.84         -0.0021
120.87         -0.0020
120.90         -0.0020
120.93         -0.0019
120.96         -0.0019
120.99         -0.0018
121.02         -0.0018
121.05         -0.0017
121.08         -0.0017
121.11         -0.0017
121.14         -0.0016
121.17         -0.0016
121.20         -0.0016
121.23         -0.0015
121.26         -0.0015
121.29         -0.0014
121.32         -0.0014
121.35         -0.0014
121.38         -0.0014
121.41         -0.0013
121.44         -0.0013
121.47         -0.0013
121.50         -0.0012
121.53         -0.0012
121.56         -0.0012
121.59         -0.0012
121.62         -0.0011
121.65         -0.0011
121.68         -0.0011
121.71         -0.0011
121.74         -0.0011
121.77         -0.0010
121.80         -0.0010
121.83         -0.0010
121.86         -0.0010
121.89         -0.0010
121.92         -0.0010
121.95         -0.0010
121.98         -0.0010
122.01         -0.0010
122.04         -0.0010
122.07         -0.0009
122.10         -0.0009
122.13         -0.0009
122.16         -0.0009
122.19         -0.0009
122.22         -0.0009
122.25         -0.0009
122.28         -0.0010
122.31         -0.0010
122.34         -0.0010
122.37         -0.0010
122.40         -0.0010
122.43         -0.0010
122.46         -0.0010
122.49         -0.0010
122.52         -0.0010
122.55         -0.0010
122.58         -0.0011
122.61         -0.0011
122.64         -0.0011
122.67         -0.0011
122.70         -0.0011
122.73         -0.0011
122.76         -0.0012
122.79         -0.0012
122.82         -0.0012
122.85         -0.0012
122.88         -0.0013
122.91         -0.0013
122.94         -0.0013
122.97         -0.0013
123.00         -0.0014
123.03         -0.0014
123.06         -0.0014
123.09         -0.0015
123.12         -0.0015
123.15         -0.0015
123.18         -0.0016
123.21         -0.0016
123.24         -0.0016
123.27         -0.0017
123.30         -0.0017
123.33         -0.0017
123.36         -0.0018
123.39         -0.0018
123.42         -0.0018
123.45         -0.0019
123.48         -0.0019
123.51         -0.0020
123.54         -0.0020
123.57         -0.0020
123.60         -0.0021
123.63         -0.0021
123.66         -0.0022
123.69         -0.0022
123.72         -0.0022
123.75         -0.0023
123.78         -0.0023
123.81         -0.0023
123.84         -0.0024
123.87         -0.0024
123.90         -0.0025
123.93         -0.0025
123.96         -0.0025
123.99         -0.0026
124.02         -0.0026
124.05         -0.0027
124.08         -0.0027
124.11         -0.0027
124.14         -0.0028
124.17         -0.0028
124.20         -0.0028
124.23         -0.0029
124.26         -0.0029
124.29         -0.0029
124.32         -0.0030
124.35         -0.0030
124.38         -0.0030
124.41         -0.0031
124.44         -0.0031
124.47         -0.0031
124.50         -0.0032
124.53         -0.0032
124.56         -0.0032
124.59         -0.0032
124.62         -0.0033
124.65         -0.0033
124.68         -0.0033
124.71         -0.0033
124.74         -0.0034
124.77         -0.0034
124.80         -0.0034
124.83         -0.0034
124.86         -0.0034
124.89         -0.0035
124.92         -0.0035
124.95         -0.0035
124.98         -0.0035
125.01         -0.0035
125.04         -0.0035
125.07         -0.0035
125.10         -0.0035
125.13         -0.0035
125.16         -0.0035
125.19         -0.0035
125.22         -0.0035
125.25         -0.0035
125.28         -0.0035
125.31         -0.0035
125.34         -0.0035
125.37         -0.0035
125.40         -0.0035
125.43         -0.0035
125.46         -0.0035
125.49         -0.0035
125.52         -0.0035
125.55         -0.0035
125.58         -0.0034
125.61         -0.0034
125.64         -0.0034
125.67         -0.0034
125.70         -0.0034
125.73         -0.0033
125.76         -0.0033
125.79         -0.0033
125.82         -0.0033
125.85         -0.0032
125.88         -0.0032
125.91         -0.0032
125.94         -0.0031
125.97         -0.0031
126.00         -0.0031
126.03         -0.0030
126.06         -0.0030
126.09         -0.0029
126.12         -0.0029
126.15         -0.0028
126.18         -0.0028
126.21         -0.0027
126.24         -0.0027
126.27         -0.0026
126.30         -0.0026
126.33         -0.0025
126.36         -0.0025
126.39         -0.0024
126.42         -0.0023
126.45         -0.0023
126.48         -0.0022
126.51         -0.0022
126.54         -0.0021
126.57         -0.0020
126.60         -0.0020
126.63         -0.0019
126.66         -0.0018
126.69         -0.0017
126.72         -0.0017
126.75         -0.0016
126.78         -0.0015
126.81         -0.0014
126.84         -0.0014
126.87         -0.0013
126.90         -0.0012
126.93         -0.0011
126.96         -0.0010
126.99         -0.0010
127.02         -0.0009
127.05         -0.0008
127.08         -0.0007
127.11         -0.0006
127.14         -0.0005
127.17         -0.0004
127.20         -0.0003
127.23         -0.0003
127.26         -0.0002
127.29         -0.0001
127.32          0.0000
127.35          0.0001
127.38          0.0002
127.41          0.0003
127.44          0.0004
127.47          0.0005
127.50          0.0006
127.53          0.0007
127.56          0.0008
127.59          0.0009
127.62          0.0010
127.65          0.0011
127.68          0.0012
127.71          0.0013
127.74          0.0014
127.77          0.0015
127.80          0.0016
127.83          0.0017
127.86          0.0018
127.89          0.0019
127.92          0.0019
127.95          0.0020
127.98          0.0021
128.01          0.0022
128.04          0.0023
128.07          0.0024
128.10          0.0025
128.13          0.0026
128.16          0.0027
128.19          0.0028
128.22          0.0029
128.25          0.0030
128.28          0.0031
128.31          0.0032
128.34          0.0033
128.37          0.0034
128.40          0.0035
128.43          0.0036
128.46          0.0036
128.49          0.0037
128.52          0.0038
128.55          0.0039
128.58          0.0040
128.61          0.0041
128.64          0.0042
128.67          0.0042
128.70          0.0043
128.73          0.0044
128.76          0.0045
128.79          0.0046
128.82          0.0046
128.85          0.0047
128.88          0.0048
128.91          0.0048
128.94          0.0049
128.97          0.0050
129.00          0.0051
129.03          0.0051
129.06          0.0052
129.09          0.0053
129.12          0.0053
129.15          0.0054
129.18          0.0054
129.21          0.0055
129.24          0.0055
129.27          0.0056
129.30          0.0057
129.33          0.0057
129.36          0.0058
129.39          0.0058
129.42          0.0058
129.45          0.0059
129.48          0.0059
129.51          0.0060
129.54          0.0060
129.57          0.0060
129.60          0.0061
129.63          0.0061
129.66          0.0061
129.69          0.0062
129.72          0.0062
129.75          0.0062
129.78          0.0062
129.81          0.0063
129.84          0.0063
129.87          0.0063
129.90          0.0063
129.93          0.0063
129.96          0.0064
129.99          0.0064
130.02          0.0064
130.05          0.0064
130.08          0.0064
130.11          0.0064
130.14          0.0064
130.17          0.0064
130.20          0.0064
130.23          0.0064
130.26          0.0064
130.29          0.0064
130.32          0.0063
130.35          0.0063
130.38          0.0063
130.41          0.0063
130.44          0.0063
130.47          0.0063
130.50          0.0062
130.53          0.0062
130.56          0.0062
130.59          0.0062
130.62          0.0061
130.65          0.0061
130.68          0.0061
130.71          0.0060
130.74          0.0060
130.77          0.0060
130.80          0.0059
130.83          0.0059
130.86          0.0059
130.89          0.0058
130.92          0.0058
130.95          0.0057
130.98          0.0057
131.01          0.0056
131.04          0.0056
131.07          0.0055
131.10          0.0055
131.13          0.0054
131.16          0.0054
131.19          0.0053
131.22          0.0052
131.25          0.0052
131.28          0.0051
131.31          0.0051
131.34          0.0050
131.37          0.0049
131.40          0.0049
131.43          0.0048
131.46          0.0047
131.49          0.0047
131.52          0.0046
131.55          0.0045
131.58          0.0044
131.61          0.0044
131.64          0.0043
131.67          0.0042
131.70          0.0042
131.73          0.0041
131.76          0.0040
131.79          0.0039
131.82          0.0039
131.85          0.0038
131.88          0.0037
131.91          0.0036
131.94          0.0035
131.97          0.0035
132.00          0.0034
132.03          0.0033
132.06          0.0032
132.09          0.0031
132.12          0.0031
132.15          0.0030
132.18          0.0029
132.21          0.0028
132.24          0.0027
132.27          0.0027
132.30          0.0026
132.33          0.0025
132.36          0.0024
132.39          0.0023
132.42          0.0023
132.45          0.0022
132.48          0.0021
132.51          0.0020
132.54          0.0020
132.57          0.0019
132.60          0.0018
132.63          0.0017
132.66          0.0016
132.69          0.0016
132.72          0.0015
132.75          0.0014
132.78          0.0013
132.81          0.0013
132.84          0.0012
132.87          0.0011
132.90          0.0011
132.93          0.0010
132.96          0.0009
132.99          0.0009
133.02          0.0008
133.05          0.0007
133.08          0.0007
133.11          0.0006
133.14          0.0005
133.17          0.0005
133.20          0.0004
133.23          0.0003
133.26          0.0003
133.29          0.0002
133.32          0.0002
133.35          0.0001
133.38          0.0001
133.41          0.0000
133.44         -0.0001
133.47         -0.0001
133.50         -0.0002
133.53         -0.0002
133.56         -0.0003
133.59         -0.0003
133.62         -0.0003
133.65         -0.0004
133.68         -0.0004
133.71         -0.0005
133.74         -0.0005
133.77         -0.0005
133.80         -0.0006
133.83         -0.0006
133.86         -0.0007
133.89         -0.0007
133.92         -0.0007
133.95         -0.0007
133.98         -0.0008
134.01         -0.0008
134.04         -0.0008
134.07         -0.0009
134.10         -0.0009
134.13         -0.0009
134.16         -0.0009
134.19         -0.0009
134.22         -0.0010
134.25         -0.0010
134.28         -0.0010
134.31         -0.0010
134.34         -0.0010
134.37         -0.0010
134.40         -0.0010
134.43         -0.0010
134.46         -0.0010
134.49         -0.0011
134.52         -0.0011
134.55         -0.0011
134.58         -0.0011
134.61         -0.0011
134.64         -0.0011
134.67         -0.0011
134.70         -0.0011
134.73         -0.0011
134.76         -0.0010
134.79         -0.0010
134.82         -0.0010
134.85         -0.0010
134.88         -0.0010
134.91         -0.0010
134.94         -0.0010
134.97         -0.0010
135.00         -0.0010
135.03         -0.0009
135.06         -0.0009
135.09         -0.0009
135.12         -0.0009
135.15         -0.0009
135.18         -0.0008
135.21         -0.0008
135.24         -0.0008
135.27         -0.0008
135.30         -0.0008
135.33         -0.0007
135.36         -0.0007
135.39         -0.0007
135.42         -0.0007
135.45         -0.0006
135.48         -0.0006
135.51         -0.0006
135.54         -0.0005
135.57         -0.0005
135.60         -0.0005
135.63         -0.0005
135.66         -0.0004
135.69         -0.0004
135.72         -0.0004
135.75         -0.0003
135.78         -0.0003
135.81         -0.0003
135.84         -0.0002
135.87         -0.0002
135.90         -0.0002
135.93         -0.0001
135.96         -0.0001
135.99         -0.0001
136.02         -0.0000
136.05         -0.0000
136.08          0.0000
136.11          0.0000
136.14          0.0001
136.17          0.0001
136.20          0.0001
136.23          0.0002
136.26          0.0002
136.29          0.0002
136.32          0.0003
136.35          0.0003
136.38          0.0003
136.41          0.0004
136.44          0.0004
136.47          0.0004
136.50          0.0004
136.53          0.0005
136.56          0.0005
136.59          0.0005
136.62          0.0005
136.65          0.0006
136.68          0.0006
136.71          0.0006
136.74          0.0006
136.77          0.0007
136.80          0.0007
136.83          0.0007
136.86          0.0007
136.89          0.0007
136.92          0.0007
136.95          0.0008
136.98          0.0008
137.01          0.0008
137.04          0.0008
137.07          0.0008
137.10          0.0008
137.13          0.0008
137.16          0.0008
137.19          0.0009
137.22          0.0009
137.25          0.0009
137.28          0.0009
137.31          0.0009
137.34          0.0009
137.37          0.0009
137.40          0.0009
137.43          0.0009
137.46          0.0009
137.49          0.0009
137.52          0.0009
137.55          0.0008
137.58          0.0008
137.61          0.0008
137.64          0.0008
137.67          0.0008
137.70          0.0008
137.73          0.0008
137.76          0.0008
137.79          0.0007
137.82          0.0007
137.85          0.0007
137.88          0.0007
137.91          0.0007
137.94          0.0006
137.97          0.0006
138.00          0.0006
138.03          0.0005
138.06          0.0005
138.09          0.0005
138.12          0.0005
138.15          0.0004
138.18          0.0004
138.21          0.0003
138.24          0.0003
138.27          0.0003
138.30          0.0002
138.33          0.0002
138.36          0.0001
138.39          0.0001
138.42          0.0000
138.45          0.0000
138.48         -0.0000
138.51         -0.0001
138.54         -0.0001
138.57         -0.0002
138.60         -0.0003
138.63         -0.0003
138.66         -0.0004
138.69         -0.0004
138.72         -0.0005
138.75         -0.0005
138.78         -0.0006
138.81         -0.0007
138.84         -0.0007
138.87         -0.0008
138.90         -0.0008
138.93         -0.0009
138.96         -0.0010
138.99         -0.0010
139.02         -0.0011
139.05         -0.0012
139.08         -0.0012
139.11         -0.0013
139.14         -0.0014
139.17         -0.0014
139.20         -0.0015
139.23         -0.0016
139.26         -0.0017
139.29         -0.0017
139.32         -0.0018
139.35         -0.0019
139.38         -0.0020
139.41         -0.0020
139.44         -0.0021
139.47         -0.0022
139.50         -0.0023
139.53         -0.0023
139.56         -0.0024
139.59         -0.0025
139.62         -0.0026
139.65         -0.0026
139.68         -0.0027
139.71         -0.0028
139.74         -0.0029
139.77         -0.0029
139.80         -0.0030
139.83         -0.0031
139.86         -0.0032
139.89         -0.0032
139.92         -0.0033
139.95         -0.0034
139.98         -0.0035
140.01         -0.0035
140.04         -0.0036
140.07         -0.0037
140.10         -0.0038
140.13         -0.0038
140.16         -0.0039
140.19         -0.0040
140.22         -0.0040
140.25         -0.0041
140.28         -0.0042
140.31         -0.0043
140.34         -0.0043
140.37         -0.0044
140.40         -0.0045
140.43         -0.0045
140.46         -0.0046
140.49         -0.0046
140.52         -0.0047
140.55         -0.0048
140.58         -0.0048
140.61         -0.0049
140.64         -0.0049
140.67         -0.0050
140.70         -0.0051
140.73         -0.0051
140.76         -0.0052
140.79         -0.0052
140.82         -0.0053
140.85         -0.0053
140.88         -0.0054
140.91         -0.0054
140.94         -0.0055
140.97         -0.0055
141.00         -0.0055
141.03         -0.0056
141.06         -0.0056
141.09         -0.0057
141.12         -0.0057
141.15         -0.0057
141.18         -0.0058
141.21         -0.0058
141.24         -0.0058
141.27         -0.0059
141.30         -0.0059
141.33         -0.0059
141.36         -0.0059
141.39         -0.0060
141.42         -0.0060
141.45         -0.0060
141.48         -0.0060
141.51         -0.0060
141.54         -0.0060
141.57         -0.0060
141.60         -0.0061
141.63         -0.0061
141.66         -0.0061
141.69         -0.0061
141.72         -0.0061
141.75         -0.0061
141.78         -0.0061
141.81         -0.0061
141.84         -0.0061
141.87         -0.0061
141.90         -0.0060
141.93         -0.0060
141.96         -0.0060
141.99         -0.0060
142.02         -0.0060
142.05         -0.0060
142.08         -0.0060
142.11         -0.0059
142.14         -0.0059
142.17         -0.0059
142.20         -0.0058
142.23         -0.0058
142.26         -0.0058
142.29         -0.0058
142.32         -0.0057
142.35         -0.0057
142.38         -0.0056
142.41         -0.0056
142.44         -0.0056
142.47         -0.0055
142.50         -0.0055
142.53         -0.0054
142.56         -0.0054
142.59         -0.0053
142.62         -0.0053
142.65         -0.0052
142.68         -0.0052
142.71         -0.0051
142.74         -0.0050
142.77         -0.0050
142.80         -0.0049
142.83         -0.0049
142.86         -0.0048
142.89         -0.0047
142.92         -0.0047
142.95         -0.0046
142.98         -0.0045
143.01         -0.0044
143.04         -0.0044
143.07         -0.0043
143.10         -0.0042
143.13         -0.0041
143.16         -0.0041
143.19         -0.0040
143.22         -0.0039
143.25         -0.0038
143.28         -0.0037
143.31         -0.0037
143.34         -0.0036
143.37         -0.0035
143.40         -0.0034
143.43         -0.0033
143.46         -0.0032
143.49         -0.0031
143.52         -0.0030
143.55         -0.0030
143.58         -0.0029
143.61         -0.0028
143.64         -0.0027
143.67         -0.0026
143.70         -0.0025
143.73         -0.0024
143.76         -0.0023
143.79         -0.0022
143.82         -0.0021
143.85         -0.0020
143.88         -0.0019
143.91         -0.0018
143.94         -0.0017
143.97         -0.0016
144.00         -0.0015
144.03         -0.0014
144.06         -0.0013
144.09         -0.0012
144.12         -0.0011
144.15         -0.0011
144.18         -0.0010
144.21         -0.0009
144.24         -0.0008
144.27         -0.0007
144.30         -0.0006
144.33         -0.0005
144.36         -0.0004
144.39         -0.0003
144.42         -0.0002
144.45         -0.0001
144.48         -0.0000
144.51          0.0001
144.54          0.0002
144.57          0.0003
144.60          0.0004
144.63          0.0005
144.66          0.0005
144.69          0.0006
144.72          0.0007
144.75          0.0008
144.78          0.0009
144.81          0.0010
144.84          0.0011
144.87          0.0011
144.90          0.0012
144.93          0.0013
144.96          0.0014
144.99          0.0015
145.02          0.0015
145.05          0.0016
145.08          0.0017
145.11          0.0018
145.14          0.0018
145.17          0.0019
145.20          0.0020
145.23          0.0021
145.26          0.0021
145.29          0.0022
145.32          0.0023
145.35          0.0023
145.38          0.0024
145.41          0.0024
145.44          0.0025
145.47          0.0026
145.50          0.0026
145.53          0.0027
145.56          0.0027
145.59          0.0028
145.62          0.0028
145.65          0.0029
145.68          0.0029
145.71          0.0030
145.74          0.0030
145.77          0.0031
145.80          0.0031
145.83          0.0032
145.86          0.0032
145.89          0.0032
145.92          0.0033
145.95          0.0033
145.98          0.0033
146.01          0.0034
146.04          0.0034
146.07          0.0034
146.10          0.0034
146.13          0.0035
146.16          0.0035
146.19          0.0035
146.22          0.0035
146.25          0.0035
146.28          0.0036
146.31          0.0036
146.34          0.0036
146.37          0.0036
146.40          0.0036
146.43          0.0036
146.46          0.0036
146.49          0.0036
146.52          0.0036
146.55          0.0036
146.58          0.0036
146.61          0.0036
146.64          0.0036
146.67          0.0036
146.70          0.0036
146.73          0.0036
146.76          0.0036
146.79          0.0036
146.82          0.0036
146.85          0.0036
146.88          0.0035
146.91          0.0035
146.94          0.0035
146.97          0.0035
147.00          0.0035
147.03          0.0035
147.06          0.0034
147.09          0.0034
147.12          0.0034
147.15          0.0034
147.18          0.0033
147.21          0.0033
147.24          0.0033
147.27          0.0032
147.30          0.0032
147.33          0.0032
147.36          0.0031
147.39          0.0031
147.42          0.0031
147.45          0.0030
147.48          0.0030
147.51          0.0030
147.54          0.0029
147.57          0.0029
147.60          0.0029
147.63          0.0028
147.66          0.0028
147.69          0.0027
147.72          0.0027
147.75          0.0027
147.78          0.0026
147.81          0.0026
147.84          0.0025
147.87          0.0025
147.90          0.0024
147.93          0.0024
147.96          0.0024
147.99          0.0023
148.02          0.0023
148.05          0.0022
148.08          0.0022
148.11          0.0021
148.14          0.0021
148.17          0.0020
148.20          0.0020
148.23          0.0019
148.26          0.0019
148.29          0.0019
148.32          0.0018
148.35          0.0018
148.38          0.0017
148.41          0.0017
148.44          0.0016
148.47          0.0016
148.50          0.0015
148.53          0.0015
148.56          0.0015
148.59          0.0014
148.62          0.0014
148.65          0.0013
148.68          0.0013
148.71          0.0013
148.74          0.0012
148.77          0.0012
148.80          0.0011
148.83          0.0011
148.86          0.0011
148.89          0.0010
148.92          0.0010
148.95          0.0010
148.98          0.0009
149.01          0.0009
149.04          0.0009
149.07          0.0008
149.10          0.0008
149.13          0.0008
149.16          0.0007
149.19          0.0007
149.22          0.0007
149.25          0.0007
149.28          0.0006
149.31          0.0006
149.34          0.0006
149.37          0.0006
149.40          0.0006
149.43          0.0005
149.46          0.0005
149.49          0.0005
149.52          0.0005
149.55          0.0005
149.58          0.0005
149.61          0.0005
149.64          0.0005
149.67          0.0004
149.70          0.0004
149.73          0.0004
149.76          0.0004
149.79          0.0004
149.82          0.0004
149.85          0.0004
149.88          0.0004
149.91          0.0004
149.94          0.0004
149.97          0.0004
150.00          0.0004
150.03          0.0004
150.06          0.0004
150.09          0.0005
150.12          0.0005
150.15          0.0005
150.18          0.0005
150.21          0.0005
150.24          0.0005
150.27          0.0005
150.30          0.0005
150.33          0.0006
150.36          0.0006
150.39          0.0006
150.42          0.0006
150.45          0.0007
150.48          0.0007
150.51          0.0007
150.54          0.0007
150.57          0.0008
150.60          0.0008
150.63          0.0008
150.66          0.0009
150.69          0.0009
150.72          0.0009
150.75          0.0010
150.78          0.0010
150.81          0.0010
150.84          0.0011
150.87          0.0011
150.90          0.0011
150.93          0.0012
150.96          0.0012
150.99          0.0013
151.02          0.0013
151.05          0.0013
151.08          0.0014
151.11          0.0014
151.14          0.0015
151.17          0.0015
151.20          0.0016
151.23          0.0016
151.26          0.0017
151.29          0.0017
151.32          0.0018
151.35          0.0018
151.38          0.0019
151.41          0.0019
151.44          0.0020
151.47          0.0020
151.50          0.0021
151.53          0.0021
151.56          0.0022
151.59          0.0022
151.62          0.0023
151.65          0.0023
151.68          0.0024
151.71          0.0024
151.74          0.0025
151.77          0.0025
151.80          0.0026
151.83          0.0026
151.86          0.0027
151.89          0.0027
151.92          0.0028
151.95          0.0028
151.98          0.0029
152.01          0.0029
152.04          0.0030
152.07          0.0030
152.10          0.0031
152.13          0.0031
152.16          0.0032
152.19          0.0032
152.22          0.0033
152.25          0.0033
152.28          0.0034
152.31          0.0034
152.34          0.0035
152.37          0.0035
152.40          0.0036
152.43          0.0036
152.46          0.0036
152.49          0.0037
152.52          0.0037
152.55          0.0038
152.58          0.0038
152.61          0.0038
152.64          0.0039
152.67          0.0039
152.70          0.0039
152.73          0.0040
152.76          0.0040
152.79          0.0040
152.82          0.0041
152.85          0.0041
152.88          0.0041
152.91          0.0042
152.94          0.0042
152.97          0.0042
153.00          0.0042
153.03          0.0042
153.06          0.0043
153.09          0.0043
153.12          0.0043
153.15          0.0043
153.18          0.0043
153.21          0.0043
153.24          0.0044
153.27          0.0044
153.30          0.0044
153.33          0.0044
153.36          0.0044
153.39          0.0044
153.42          0.0044
153.45          0.0044
153.48          0.0044
153.51          0.0044
153.54          0.0044
153.57          0.0044
153.60          0.0044
153.63          0.0044
153.66          0.0043
153.69          0.0043
153.72          0.0043
153.75          0.0043
153.78          0.0043
153.81          0.0043
153.84          0.0042
153.87          0.0042
153.90          0.0042
153.93          0.0042
153.96          0.0041
153.99          0.0041
154.02          0.0041
154.05          0.0040
154.08          0.0040
154.11          0.0040
154.14          0.0039
154.17          0.0039
154.20          0.0038
154.23          0.0038
154.26          0.0038
154.29          0.0037
154.32          0.0037
154.35          0.0036
154.38          0.0036
154.41          0.0035
154.44          0.0035
154.47          0.0034
154.50          0.0033
154.53          0.0033
154.56          0.0032
154.59          0.0032
154.62          0.0031
154.65          0.0030
154.68          0.0030
154.71          0.0029
154.74          0.0028
154.77          0.0028
154.80          0.0027
154.83          0.0026
154.86          0.0025
154.89          0.0025
154.92          0.0024
154.95          0.0023
154.98          0.0022
155.01          0.0021
155.04          0.0021
155.07          0.0020
155.10          0.0019
155.13          0.0018
155.16          0.0017
155.19          0.0016
155.22          0.0016
155.25          0.0015
155.28          0.0014
155.31          0.0013
155.34          0.0012
155.37          0.0011
155.40          0.0010
155.43          0.0009
155.46          0.0008
155.49          0.0007
155.52          0.0006
155.55          0.0006
155.58          0.0005
155.61          0.0004
155.64          0.0003
155.67          0.0002
155.70          0.0001
155.73         -0.0000
155.76         -0.0001
155.79         -0.0002
155.82         -0.0003
155.85         -0.0004
155.88         -0.0005
155.91         -0.0006
155.94         -0.0007
155.97         -0.0008
156.00         -0.0009
156.03         -0.0010
156.06         -0.0011
156.09         -0.0012
156.12         -0.0013
156.15         -0.0014
156.18         -0.0015
156.21         -0.0016
156.24         -0.0017
156.27         -0.0018
156.30         -0.0019
156.33         -0.0019
156.36         -0.0020
156.39         -0.0021
156.42         -0.0022
156.45         -0.0023
156.48         -0.0024
156.51         -0.0025
156.54         -0.0026
156.57         -0.0027
156.60         -0.0028
156.63         -0.0028
156.66         -0.0029
156.69         -0.0030
156.72         -0.0031
156.75         -0.0032
156.78         -0.0033
156.81         -0.0033
156.84         -0.0034
156.87         -0.0035
156.90         -0.0036
156.93         -0.0036
156.96         -0.0037
156.99         -0.0038
157.02         -0.0039
157.05         -0.0039
157.08         -0.0040
157.11         -0.0041
157.14         -0.0041
157.17         -0.0042
157.20         -0.0043
157.23         -0.0043
157.26         -0.0044
157.29         -0.0044
157.32         -0.0045
157.35         -0.0045
157.38         -0.0046
157.41         -0.0047
157.44         -0.0047
157.47         -0.0047
157.50         -0.0048
157.53         -0.0048
157.56         -0.0049
157.59         -0.0049
157.62         -0.0050
157.65         -0.0050
157.68         -0.0050
157.71         -0.0051
157.74         -0.0051
157.77         -0.0051
157.80         -0.0052
157.83         -0.0052
157.86         -0.0052
157.89         -0.0052
157.92         -0.0053
157.95         -0.0053
157.98         -0.0053
158.01         -0.0053
158.04         -0.0053
158.07         -0.0053
158.10         -0.0054
158.13         -0.0054
158.16         -0.0054
158.19         -0.0054
158.22         -0.0054
158.25         -0.0054
158.28         -0.0054
158.31         -0.0054
158.34         -0.0054
158.37         -0.0054
158.40         -0.0054
158.43         -0.0054
158.46         -0.0054
158.49         -0.0053
158.52         -0.0053
158.55         -0.0053
158.58         -0.0053
158.61         -0.0053
158.64         -0.0053
158.67         -0.0052
158.70         -0.0052
158.73         -0.0052
158.76         -0.0052
158.79         -0.0051
158.82         -0.0051
158.85         -0.0051
158.88         -0.0050
158.91         -0.0050
158.94         -0.0050
158.97         -0.0049
159.00         -0.0049
159.03         -0.0048
159.06         -0.0048
159.09         -0.0048
159.12         -0.0047
159.15         -0.0047
159.18         -0.0046
159.21         -0.0046
159.24         -0.0045
159.27         -0.0045
159.30         -0.0044
159.33         -0.0044
159.36         -0.0043
159.39         -0.0043
159.42         -0.0042
159.45         -0.0042
159.48         -0.0041
159.51         -0.0040
159.54         -0.0040
159.57         -0.0039
159.60         -0.0039
159.63         -0.0038
159.66         -0.0037
159.69         -0.0037
159.72         -0.0036
159.75         -0.0036
159.78         -0.0035
159.81         -0.0034
159.84         -0.0034
159.87         -0.0033
159.90         -0.0032
159.93         -0.0032
159.96         -0.0031
159.99         -0.0030
160.02         -0.0030
160.05         -0.0029
160.08         -0.0028
160.11         -0.0028
160.14         -0.0027
160.17         -0.0026
160.20         -0.0026
160.23         -0.0025
160.26         -0.0024
160.29         -0.0024
160.32         -0.0023
160.35         -0.0022
160.38         -0.0022
160.41         -0.0021
160.44         -0.0020
160.47         -0.0020
160.50         -0.0019
160.53         -0.0018
160.56         -0.0018
160.59         -0.0017
160.62         -0.0016
160.65         -0.0016
160.68         -0.0015
160.71         -0.0014
160.74         -0.0014
160.77         -0.0013
160.80         -0.0013
160.83         -0.0012
160.86         -0.0011
160.89         -0.0011
160.92         -0.0010
160.95         -0.0010
160.98         -0.0009
161.01         -0.0008
161.04         -0.0008
161.07         -0.0007
161.10         -0.0007
161.13         -0.0006
161.16         -0.0006
161.19         -0.0005
161.22         -0.0005
161.25         -0.0004
161.28         -0.0004
161.31         -0.0003
161.34         -0.0003
161.37         -0.0003
161.40         -0.0002
161.43         -0.0002
161.46         -0.0001
161.49         -0.0001
161.52         -0.0001
161.55         -0.0000
161.58          0.0000
161.61          0.0000
161.64          0.0001
161.67          0.0001
161.70          0.0001
161.73          0.0002
161.76          0.0002
161.79          0.0002
161.82          0.0002
161.85          0.0003
161.88          0.0003
161.91          0.0003
161.94          0.0003
161.97          0.0003
162.00          0.0004
162.03          0.0004
162.06          0.0004
162.09          0.0004
162.12          0.0004
162.15          0.0004
162.18          0.0004
162.21          0.0004
162.24          0.0004
162.27          0.0004
162.30          0.0005
162.33          0.0005
162.36          0.0005
162.39          0.0005
162.42          0.0004
162.45          0.0004
162.48          0.0004
162.51          0.0004
162.54          0.0004
162.57          0.0004
162.60          0.0004
162.63          0.0004
162.66          0.0004
162.69          0.0004
162.72          0.0004
162.75          0.0003
162.78          0.0003
162.81          0.0003
162.84          0.0003
162.87          0.0003
162.90          0.0002
162.93          0.0002
162.96          0.0002
162.99          0.0002
163.02          0.0002
163.05          0.0001
163.08          0.0001
163.11          0.0001
163.14          0.0000
163.17          0.0000
163.20         -0.0000
163.23         -0.0000
163.26         -0.0001
163.29         -0.0001
163.32         -0.0001
163.35         -0.0002
163.38         -0.0002
163.41         -0.0002
163.44         -0.0003
163.47         -0.0003
163.50         -0.0003
163.53         -0.0004
163.56         -0.0004
163.59         -0.0005
163.62         -0.0005
163.65         -0.0005
163.68         -0.0006
163.71         -0.0006
163.74         -0.0006
163.77         -0.0007
163.80         -0.0007
163.83         -0.0008
163.86         -0.0008
163.89         -0.0008
163.92         -0.0009
163.95         -0.0009
163.98         -0.0010
164.01         -0.0010
164.04         -0.0010
164.07         -0.0011
164.10         -0.0011
164.13         -0.0011
164.16         -0.0012
164.19         -0.0012
164.22         -0.0013
164.25         -0.0013
164.28         -0.0013
164.31         -0.0014
164.34         -0.0014
164.37         -0.0014
164.40         -0.0015
164.43         -0.0015
164.46         -0.0015
164.49         -0.0016
164.52         -0.0016
164.55         -0.0016
164.58         -0.0017
164.61         -0.0017
164.64         -0.0017
164.67         -0.0017
164.70         -0.0018
164.73         -0.0018
164.76         -0.0018
164.79         -0.0018
164.82         -0.0019
164.85         -0.0019
164.88         -0.0019
164.91         -0.0019
164.94         -0.0020
164.97         -0.0020
165.00         -0.0020
165.03         -0.0020
165.06         -0.0020
165.09         -0.0020
165.12         -0.0020
165.15         -0.0021
165.18         -0.0021
165.21         -0.0021
165.24         -0.0021
165.27         -0.0021
165.30         -0.0021
165.33         -0.0021
165.36         -0.0021
165.39         -0.0021
165.42         -0.0021
165.45         -0.0021
165.48         -0.0021
165.51         -0.0021
165.54         -0.0021
165.57         -0.0021
165.60         -0.0021
165.63         -0.0021
165.66         -0.0020
165.69         -0.0020
165.72         -0.0020
165.75         -0.0020
165.78         -0.0020
165.81         -0.0020
165.84         -0.0019
165.87         -0.0019
165.90         -0.0019
165.93         -0.0019
165.96         -0.0018
165.99         -0.0018
166.02         -0.0018
166.05         -0.0018
166.08         -0.0017
166.11         -0.0017
166.14         -0.0016
166.17         -0.0016
166.20         -0.0016
166.23         -0.0015
166.26         -0.0015
166.29         -0.0014
166.32         -0.0014
166.35         -0.0014
166.38         -0.0013
166.41         -0.0013
166.44         -0.0012
166.47         -0.0012
166.50         -0.0011
166.53         -0.0011
166.56         -0.0010
166.59         -0.0009
166.62         -0.0009
166.65         -0.0008
166.68         -0.0008
166.71         -0.0007
166.74         -0.0006
166.77         -0.0006
166.80         -0.0005
166.83         -0.0005
166.86         -0.0004
166.89         -0.0003
166.92         -0.0003
166.95         -0.0002
166.98         -0.0001
167.01         -0.0000
167.04          0.0000
167.07          0.0001
167.10          0.0002
167.13          0.0003
167.16          0.0003
167.19          0.0004
167.22          0.0005
167.25          0.0006
167.28          0.0006
167.31          0.0007
167.34          0.0008
167.37          0.0009
167.40          0.0010
167.43          0.0010
167.46          0.0011
167.49          0.0012
167.52          0.0013
167.55          0.0014
167.58          0.0014
167.61          0.0015
167.64          0.0016
167.67          0.0017
167.70          0.0018
167.73          0.0019
167.76          0.0019
167.79          0.0020
167.82          0.0021
167.85          0.0022
167.88          0.0023
167.91          0.0024
167.94          0.0024
167.97          0.0025
168.00          0.0026
168.03          0.0027
168.06          0.0028
168.09          0.0028
168.12          0.0029
168.15          0.0030
168.18          0.0031
168.21          0.0032
168.24          0.0032
168.27          0.0033
168.30          0.0034
168.33          0.0035
168.36          0.0036
168.39          0.0036
168.42          0.0037
168.45          0.0038
168.48          0.0039
168.51          0.0039
168.54          0.0040
168.57          0.0041
168.60          0.0041
168.63          0.0042
168.66          0.0043
168.69          0.0043
168.72          0.0044
168.75          0.0045
168.78          0.0045
168.81          0.0046
168.84          0.0046
168.87          0.0047
168.90          0.0048
168.93          0.0048
168.96          0.0049
168.99          0.0049
169.02          0.0050
169.05          0.0050
169.08          0.0051
169.11          0.0051
169.14          0.0052
169.17          0.0052
169.20          0.0053
169.23          0.0053
169.26          0.0053
169.29          0.0054
169.32          0.0054
169.35          0.0054
169.38          0.0055
169.41          0.0055
169.44          0.0055
169.47          0.0056
169.50          0.0056
169.53          0.0056
169.56          0.0056
169.59          0.0057
169.62          0.0057
169.65          0.0057
169.68          0.0057
169.71          0.0057
169.74          0.0057
169.77          0.0058
169.80          0.0058
169.83          0.0058
169.86          0.0058
169.89          0.0058
169.92          0.0058
169.95          0.0058
169.98          0.0058
170.01          0.0058
170.04          0.0058
170.07          0.0057
170.10          0.0057
170.13          0.0057
170.16          0.0057
170.19          0.0057
170.22          0.0057
170.25          0.0057
170.28          0.0056
170.31          0.0056
170.34          0.0056
170.37          0.0056
170.40          0.0055
170.43          0.0055
170.46          0.0055
170.49          0.0054
170.52          0.0054
170.55          0.0054
170.58          0.0053
170.61          0.0053
170.64          0.0052
170.67          0.0052
170.70          0.0052
170.73          0.0051
170.76          0.0051
170.79          0.0050
170.82          0.0050
170.85          0.0049
170.88          0.0048
170.91          0.0048
170.94          0.0047
170.97          0.0047
171.00          0.0046
171.03          0.0046
171.06          0.0045
171.09          0.0044
171.12          0.0044
171.15          0.0043
171.18          0.0042
171.21          0.0042
171.24          0.0041
171.27          0.0040
171.30          0.0039
171.33          0.0039
171.36          0.0038
171.39          0.0037
171.42          0.0036
171.45          0.0036
171.48          0.0035
171.51          0.0034
171.54          0.0033
171.57          0.0033
171.60          0.0032
171.63          0.0031
171.66          0.0030
171.69          0.0029
171.72          0.0028
171.75          0.0028
171.78          0.0027
171.81          0.0026
171.84          0.0025
171.87          0.0024
171.90          0.0023
171.93          0.0023
171.96          0.0022
171.99          0.0021
172.02          0.0020
172.05          0.0019
172.08          0.0018
172.11          0.0017
172.14          0.0016
172.17          0.0016
172.20          0.0015
172.23          0.0014
172.26          0.0013
172.29          0.0012
172.32          0.0011
172.35          0.0010
172.38          0.0010
172.41          0.0009
172.44          0.0008
172.47          0.0007
172.50          0.0006
172.53          0.0005
172.56          0.0005
172.59          0.0004
172.62          0.0003
172.65          0.0002
172.68          0.0001
172.71          0.0001
172.74         -0.0000
172.77         -0.0001
172.80         -0.0002
172.83         -0.0003
172.86         -0.0003
172.89         -0.0004
172.92         -0.0005
172.95         -0.0005
172.98         -0.0006
173.01         -0.0007
173.04         -0.0008
173.07         -0.0008
173.10         -0.0009
173.13         -0.0010
173.16         -0.0010
173.19         -0.0011
173.22         -0.0012
173.25         -0.0012
173.28         -0.0013
173.31         -0.0013
173.34         -0.0014
173.37         -0.0014
173.40         -0.0015
173.43         -0.0016
173.46         -0.0016
173.49         -0.0017
173.52         -0.0017
173.55         -0.0018
173.58         -0.0018
173.61         -0.0019
173.64         -0.0019
173.67         -0.0019
173.70         -0.0020
173.73         -0.0020
173.76         -0.0021
173.79         -0.0021
173.82         -0.0021
173.85         -0.0022
173.88         -0.0022
173.91         -0.0022
173.94         -0.0023
173.97         -0.0023
174.00         -0.0023
174.03         -0.0023
174.06         -0.0024
174.09         -0.0024
174.12         -0.0024
174.15         -0.0024
174.18         -0.0024
174.21         -0.0024
174.24         -0.0025
174.27         -0.0025
174.30         -0.0025
174.33         -0.0025
174.36         -0.0025
174.39         -0.0025
174.42         -0.0025
174.45         -0.0025
174.48         -0.0025
174.51         -0.0025
174.54         -0.0025
174.57         -0.0025
174.60         -0.0025
174.63         -0.0025
174.66         -0.0025
174.69         -0.0025
174.72         -0.0025
174.75         -0.0025
174.78         -0.0024
174.81         -0.0024
174.84         -0.0024
174.87         -0.0024
174.90         -0.0024
174.93         -0.0024
174.96         -0.0023
174.99         -0.0023
175.02         -0.0023
175.05         -0.0023
175.08         -0.0023
175.11         -0.0022
175.14         -0.0022
175.17         -0.0022
175.20         -0.0022
175.23         -0.0021
175.26         -0.0021
175.29         -0.0021
175.32         -0.0020
175.35         -0.0020
175.38         -0.0020
175.41         -0.0019
175.44         -0.0019
175.47         -0.0019
175.50         -0.0018
175.53         -0.0018
175.56         -0.0017
175.59         -0.0017
175.62         -0.0017
175.65         -0.0016
175.68         -0.0016
175.71         -0.0016
175.74         -0.0015
175.77         -0.0015
175.80         -0.0014
175.83         -0.0014
175.86         -0.0013
175.89         -0.0013
175.92         -0.0013
175.95         -0.0012
175.98         -0.0012
176.01         -0.0011
176.04         -0.0011
176.07         -0.0010
176.10         -0.0010
176.13         -0.0010
176.16         -0.0009
176.19         -0.0009
176.22         -0.0008
176.25         -0.0008
176.28         -0.0008
176.31         -0.0007
176.34         -0.0007
176.37         -0.0006
176.40         -0.0006
176.43         -0.0005
176.46         -0.0005
176.49         -0.0005
176.52         -0.0004
176.55         -0.0004
176.58         -0.0004
176.61         -0.0003
176.64         -0.0003
176.67         -0.0002
176.70         -0.0002
176.73         -0.0002
176.76         -0.0001
176.79         -0.0001
176.82         -0.0001
176.85         -0.0000
176.88         -0.0000
176.91          0.0000
176.94          0.0000
176.97          0.0001
177.00          0.0001
177.03          0.0001
177.06          0.0002
177.09          0.0002
177.12          0.0002
177.15          0.0002
177.18          0.0002
177.21          0.0003
177.24          0.0003
177.27          0.0003
177.30          0.0003
177.33          0.0003
177.36          0.0004
177.39          0.0004
177.42          0.0004
177.45          0.0004
177.48          0.0004
177.51          0.0004
177.54          0.0004
177.57          0.0004
177.60          0.0004
177.63          0.0004
177.66          0.0004
177.69          0.0004
177.72          0.0004
177.75          0.0004
177.78          0.0004
177.81          0.0004
177.84          0.0004
177.87          0.0004
177.90          0.0004
177.93          0.0004
177.96          0.0004
177.99          0.0004
178.02          0.0003
178.05          0.0003
178.08          0.0003
178.11          0.0003
178.14          0.0003
178.17          0.0003
178.20          0.0002
178.23          0.0002
178.26          0.0002
178.29          0.0002
178.32          0.0001
178.35          0.0001
178.38          0.0001
178.41          0.0000
178.44          0.0000
178.47         -0.0000
178.50         -0.0001
178.53         -0.0001
178.56         -0.0001
178.59         -0.0002
178.62         -0.0002
178.65         -0.0003
178.68         -0.0003
178.71         -0.0003
178.74         -0.0004
178.77         -0.0004
178.80         -0.0005
178.83         -0.0005
178.86         -0.0006
178.89         -0.0006
178.92         -0.0007
178.95         -0.0007
178.98         -0.0008
179.01         -0.0008
179.04         -0.0009
179.07         -0.0009
179.10         -0.0010
179.13         -0.0010
179.16         -0.0011
179.19         -0.0012
179.22         -0.0012
179.25         -0.0013
179.28         -0.0013
179.31         -0.0014
179.34         -0.0014
179.37         -0.0015
179.40         -0.0016
179.43         -0.0016
179.46         -0.0017
179.49         -0.0017
179.52         -0.0018
179.55         -0.0019
179.58         -0.0019
179.61         -0.0020
179.64         -0.0021
179.67         -0.0021
179.70         -0.0022
179.73         -0.0022
179.76         -0.0023
179.79         -0.0024
179.82         -0.0024
179.85         -0.0025
179.88         -0.0026
179.91         -0.0026
179.94         -0.0027
179.97         -0.0027
180.00         -0.0028
180.03         -0.0029
180.06         -0.0029
180.09         -0.0030
180.12         -0.0031
180.15         -0.0031
180.18         -0.0032
180.21         -0.0032
180.24         -0.0033
180.27         -0.0033
180.30         -0.0034
180.33         -0.0035
180.36         -0.0035
180.39         -0.0036
180.42         -0.0036
180.45         -0.0037
180.48         -0.0037
180.51         -0.0038
180.54         -0.0038
180.57         -0.0039
180.60         -0.0039
180.63         -0.0040
180.66         -0.0040
180.69         -0.0041
180.72         -0.0041
180.75         -0.0042
180.78         -0.0042
180.81         -0.0042
180.84         -0.0043
180.87         -0.0043
180.90         -0.0044
180.93         -0.0044
180.96         -0.0044
180.99         -0.0045
181.02         -0.0045
181.05         -0.0045
181.08         -0.0046
181.11         -0.0046
181.14         -0.0046
181.17         -0.0046
181.20         -0.0047
181.23         -0.0047
181.26         -0.0047
181.29         -0.0047
181.32         -0.0047
181.35         -0.0048
181.38         -0.0048
181.41         -0.0048
181.44         -0.0048
181.47         -0.0048
181.50         -0.0048
181.53         -0.0048
181.56         -0.0048
181.59         -0.0048
181.62         -0.0048
181.65         -0.0048
181.68         -0.0048
181.71         -0.0048
181.74         -0.0048
181.77         -0.0048
181.80         -0.0048
181.83         -0.0048
181.86         -0.0048
181.89         -0.0047
181.92         -0.0047
181.95         -0.0047
181.98         -0.0047
182.01         -0.0047
182.04         -0.0046
182.07         -0.0046
182.10         -0.0046
182.13         -0.0046
182.16         -0.0045
182.19         -0.0045
182.22         -0.0045
182.25         -0.0044
182.28         -0.0044
182.31         -0.0044
182.34         -0.0043
182.37         -0.0043
182.40         -0.0042
182.43         -0.0042
182.46         -0.0041
182.49         -0.0041
182.52         -0.0040
182.55         -0.0040
182.58         -0.0039
182.61         -0.0039
182.64         -0.0038
182.67         -0.0038
182.70         -0.0037
182.73         -0.0036
182.76         -0.0036
182.79         -0.0035
182.82         -0.0034
182.85         -0.0034
182.88         -0.0033
182.91         -0.0032
182.94         -0.0032
182.97         -0.0031
183.00         -0.0030
183.03         -0.0030
183.06         -0.0029
183.09         -0.0028
183.12         -0.0027
183.15         -0.0026
183.18         -0.0026
183.21         -0.0025
183.24         -0.0024
183.27         -0.0023
183.30         -0.0022
183.33         -0.0022
183.36         -0.0021
183.39         -0.0020
183.42         -0.0019
183.45         -0.0018
183.48         -0.0017
183.51         -0.0016
183.54         -0.0015
183.57         -0.0015
183.60         -0.0014
183.63         -0.0013
183.66         -0.0012
183.69         -0.0011
183.72         -0.0010
183.75         -0.0009
183.78         -0.0008
183.81         -0.0007
183.84         -0.0006
183.87         -0.0005
183.90         -0.0004
183.93         -0.0004
183.96         -0.0003
183.99         -0.0002
184.02         -0.0001
184.05          0.0000
184.08          0.0001
184.11          0.0002
184.14          0.0003
184.17          0.0004
184.20          0.0005
184.23          0.0006
184.26          0.0007
184.29          0.0008
184.32          0.0008
184.35          0.0009
184.38          0.0010
184.41          0.0011
184.44          0.0012
184.47          0.0013
184.50          0.0014
184.53          0.0015
184.56          0.0016
184.59          0.0016
184.62          0.0017
184.65          0.0018
184.68          0.0019
184.71          0.0020
184.74          0.0021
184.77          0.0021
184.80          0.0022
184.83          0.0023
184.86          0.0024
184.89          0.0024
184.92          0.0025
184.95          0.0026
184.98          0.0027
185.01          0.0027
185.04          0.0028
185.07          0.0029
185.10          0.0029
185.13          0.0030
185.16          0.0031
185.19          0.0031
185.22          0.0032
185.25          0.0033
185.28          0.0033
185.31          0.0034
185.34          0.0034
185.37          0.0035
185.40          0.0035
185.43          0.0036
185.46          0.0036
185.49          0.0037
185.52          0.0037
185.55          0.0038
185.58          0.0038
185.61          0.0039
185.64          0.0039
185.67          0.0039
185.70          0.0040
185.73          0.0040
185.76          0.0041
185.79          0.0041
185.82          0.0041
185.85          0.0041
185.88          0.0042
185.91          0.0042
185.94          0.0042
185.97          0.0042
186.00          0.0043
186.03          0.0043
186.06          0.0043
186.09          0.0043
186.12          0.0043
186.15          0.0043
186.18          0.0043
186.21          0.0044
186.24          0.0044
186.27          0.0044
186.30          0.0044
186.33          0.0044
186.36          0.0044
186.39          0.0044
186.42          0.0044
186.45          0.0044
186.48          0.0043
186.51          0.0043
186.54          0.0043
186.57          0.0043
186.60          0.0043
186.63          0.0043
186.66          0.0043
186.69          0.0043
186.72          0.0042
186.75          0.0042
186.78          0.0042
186.81          0.0042
186.84          0.0041
186.87          0.0041
186.90          0.0041
186.93          0.0041
186.96          0.0040
186.99          0.0040
187.02          0.0040
187.05          0.0039
187.08          0.0039
187.11          0.0039
187.14          0.0038
187.17          0.0038
187.20          0.0037
187.23          0.0037
187.26          0.0037
187.29          0.0036
187.32          0.0036
187.35          0.0035
187.38          0.0035
187.41          0.0034
187.44          0.0034
187.47          0.0033
187.50          0.0033
187.53          0.0032
187.56          0.0032
187.59          0.0031
187.62          0.0031
187.65          0.0030
187.68          0.0030
187.71          0.0029
187.74          0.0029
187.77          0.0028
187.80          0.0027
187.83          0.0027
187.86          0.0026
187.89          0.0026
187.92          0.0025
187.95          0.0025
187.98          0.0024
188.01          0.0023
188.04          0.0023
188.07          0.0022
188.10          0.0022
188.13          0.0021
188.16          0.0020
188.19          0.0020
188.22          0.0019
188.25          0.0019
188.28          0.0018
188.31          0.0018
188.34          0.0017
188.37          0.0016
188.40          0.0016
188.43          0.0015
188.46          0.0015
188.49          0.0014
188.52          0.0013
188.55          0.0013
188.58          0.0012
188.61          0.0012
188.64          0.0011
188.67          0.0011
188.70          0.0010
188.73          0.0010
188.76          0.0009
188.79          0.0009
188.82          0.0008
188.85          0.0008
188.88          0.0007
188.91          0.0007
188.94          0.0006
188.97          0.0006
189.00          0.0005
189.03          0.0005
189.06          0.0004
189.09          0.0004
189.12          0.0004
189.15          0.0003
189.18          0.0003
189.21          0.0002
189.24          0.0002
189.27          0.0002
189.30          0.0001
189.33          0.0001
189.36          0.0001
189.39          0.0000
189.42         -0.0000
189.45         -0.0000
189.48         -0.0001
189.51         -0.0001
189.54         -0.0001
189.57         -0.0001
189.60         -0.0002
189.63         -0.0002
189.66         -0.0002
189.69         -0.0002
189.72         -0.0002
189.75         -0.0003
189.78         -0.0003
189.81         -0.0003
189.84         -0.0003
189.87         -0.0003
189.90         -0.0003
189.93         -0.0003
189.96         -0.0003
189.99         -0.0004
190.02         -0.0004
190.05         -0.0004
190.08         -0.0004
190.11         -0.0004
190.14         -0.0004
190.17         -0.0004
190.20         -0.0004
190.23         -0.0004
190.26         -0.0003
190.29         -0.0003
190.32         -0.0003
190.35         -0.0003
190.38         -0.0003
190.41         -0.0003
190.44         -0.0003
190.47         -0.0003
190.50         -0.0003
190.53         -0.0002
190.56         -0.0002
190.59         -0.0002
190.62         -0.0002
190.65         -0.0002
190.68         -0.0001
190.71         -0.0001
190.74         -0.0001
190.77         -0.0001
190.80         -0.0000
190.83         -0.0000
190.86          0.0000
190.89          0.0001
190.92          0.0001
190.95          0.0001
190.98          0.0002
191.01          0.0002
191.04          0.0002
191.07          0.0003
191.10          0.0003
191.13          0.0003
191.16          0.0004
191.19          0.0004
191.22          0.0004
191.25          0.0005
191.28          0.0005
191.31          0.0006
191.34          0.0006
191.37          0.0007
191.40          0.0007
191.43          0.0007
191.46          0.0008
191.49          0.0008
191.52          0.0009
191.55          0.0009
191.58          0.0010
191.61          0.0010
191.64          0.0011
191.67          0.0011
191.70          0.0012
191.73          0.0012
191.76          0.0012
191.79          0.0013
191.82          0.0013
191.85          0.0014
191.88          0.0014
191.91          0.0015
191.94          0.0015
191.97          0.0016
192.00          0.0016
192.03          0.0017
192.06          0.0017
192.09          0.0018
192.12          0.0018
192.15          0.0019
192.18          0.0019
192.21          0.0019
192.24          0.0020
192.27          0.0020
192.30          0.0021
192.33          0.0021
192.36          0.0022
192.39          0.0022
192.42          0.0022
192.45          0.0023
192.48          0.0023
192.51          0.0024
192.54          0.0024
192.57          0.0024
192.60          0.0025
192.63          0.0025
192.66          0.0025
192.69          0.0026
192.72          0.0026
192.75          0.0026
192.78          0.0027
192.81          0.0027
192.84          0.0027
192.87          0.0028
192.90          0.0028
192.93          0.0028
192.96          0.0028
192.99          0.0029
193.02          0.0029
193.05          0.0029
193.08          0.0029
193.11          0.0029
193.14          0.0030
193.17          0.0030
193.20          0.0030
193.23          0.0030
193.26          0.0030
193.29          0.0030
193.32          0.0030
193.35          0.0030
193.38          0.0030
193.41          0.0030
193.44          0.0030
193.47          0.0030
193.50          0.0030
193.53          0.0030
193.56          0.0030
193.59          0.0030
193.62          0.0030
193.65          0.0030
193.68          0.0030
193.71          0.0030
193.74          0.0030
193.77          0.0030
193.80          0.0030
193.83          0.0029
193.86          0.0029
193.89          0.0029
193.92          0.0029
193.95          0.0029
193.98          0.0028
194.01          0.0028
194.04          0.0028
194.07          0.0027
194.10          0.0027
194.13          0.0027
194.16          0.0026
194.19          0.0026
194.22          0.0026
194.25          0.0025
194.28          0.0025
194.31          0.0025
194.34          0.0024
194.37          0.0024
194.40          0.0023
194.43          0.0023
194.46          0.0022
194.49          0.0022
194.52          0.0021
194.55          0.0021
194.58          0.0020
194.61          0.0020
194.64          0.0019
194.67          0.0018
194.70          0.0018
194.73          0.0017
194.76          0.0016
194.79          0.0016
194.82          0.0015
194.85          0.0015
194.88          0.0014
194.91          0.0013
194.94          0.0012
194.97          0.0012
195.00          0.0011
195.03          0.0010
195.06          0.0010
195.09          0.0009
195.12          0.0008
195.15          0.0007
195.18          0.0007
195.21          0.0006
195.24          0.0005
195.27          0.0004
195.30          0.0003
195.33          0.0003
195.36          0.0002
195.39          0.0001
195.42          0.0000
195.45         -0.0001
195.48         -0.0002
195.51         -0.0002
195.54         -0.0003
195.57         -0.0004
195.60         -0.0005
195.63         -0.0006
195.66         -0.0007
195.69         -0.0007
195.72         -0.0008
195.75         -0.0009
195.78         -0.0010
195.81         -0.0011
195.84         -0.0012
195.87         -0.0013
195.90         -0.0014
195.93         -0.0014
195.96         -0.0015
195.99         -0.0016
196.02         -0.0017
196.05         -0.0018
196.08         -0.0019
196.11         -0.0020
196.14         -0.0020
196.17         -0.0021
196.20         -0.0022
196.23         -0.0023
196.26         -0.0024
196.29         -0.0025
196.32         -0.0025
196.35         -0.0026
196.38         -0.0027
196.41         -0.0028
196.44         -0.0029
196.47         -0.0029
196.50         -0.0030
196.53         -0.0031
196.56         -0.0032
196.59         -0.0032
196.62         -0.0033
196.65         -0.0034
196.68         -0.0035
196.71         -0.0035
196.74         -0.0036
196.77         -0.0037
196.80         -0.0037
196.83         -0.0038
196.86         -0.0039
196.89         -0.0039
196.92         -0.0040
196.95         -0.0041
196.98         -0.0041
197.01         -0.0042
197.04         -0.0042
197.07         -0.0043
197.10         -0.0044
197.13         -0.0044
197.16         -0.0045
197.19         -0.0045
197.22         -0.0046
197.25         -0.0046
197.28         -0.0047
197.31         -0.0047
197.34         -0.0047
197.37         -0.0048
197.40         -0.0048
197.43         -0.0049
197.46         -0.0049
197.49         -0.0049
197.52         -0.0050
197.55         -0.0050
197.58         -0.0050
197.61         -0.0050
197.64         -0.0051
197.67         -0.0051
197.70         -0.0051
197.73         -0.0051
197.76         -0.0052
197.79         -0.0052
197.82         -0.0052
197.85         -0.0052
197.88         -0.0052
197.91         -0.0052
197.94         -0.0052
197.97         -0.0052
198.00         -0.0052
198.03         -0.0052
198.06         -0.0052
198.09         -0.0052
198.12         -0.0052
198.15         -0.0052
198.18         -0.0052
198.21         -0.0052
198.24         -0.0052
198.27         -0.0052
198.30         -0.0052
198.33         -0.0052
198.36         -0.0052
198.39         -0.0051
198.42         -0.0051
198.45         -0.0051
198.48         -0.0051
198.51         -0.0050
198.54         -0.0050
198.57         -0.0050
198.60         -0.0050
198.63         -0.0049
198.66         -0.0049
198.69         -0.0049
198.72         -0.0048
198.75         -0.0048
198.78         -0.0047
198.81         -0.0047
198.84         -0.0047
198.87         -0.0046
198.90         -0.0046
198.93         -0.0045
198.96         -0.0045
198.99         -0.0044
199.02         -0.0044
199.05         -0.0043
199.08         -0.0043
199.11         -0.0042
199.14         -0.0041
199.17         -0.0041
199.20         -0.0040
199.23         -0.0040
199.26         -0.0039
199.29         -0.0039
199.32         -0.0038
199.35         -0.0037
199.38         -0.0037
199.41         -0.0036
199.44         -0.0035
199.47         -0.0035
199.50         -0.0034
199.53         -0.0033
199.56         -0.0033
199.59         -0.0032
199.62         -0.0031
199.65         -0.0030
199.68         -0.0030
199.71         -0.0029
199.74         -0.0028
199.77         -0.0027
199.80         -0.0027
199.83         -0.0026
199.86         -0.0025
199.89         -0.0024
199.92         -0.0024
199.95         -0.0023
199.98         -0.0022
200.01         -0.0021
200.04         -0.0021
200.07         -0.0020
200.10         -0.0019
200.13         -0.0018
200.16         -0.0018
200.19         -0.0017
200.22         -0.0016
200.25         -0.0015
200.28         -0.0015
200.31         -0.0014
200.34         -0.0013
200.37         -0.0012
200.40         -0.0011
200.43         -0.0011
200.46         -0.0010
200.49         -0.0009
200.52         -0.0008
200.55         -0.0008
200.58         -0.0007
200.61         -0.0006
200.64         -0.0006
200.67         -0.0005
200.70         -0.0004
200.73         -0.0003
200.76         -0.0003
200.79         -0.0002
200.82         -0.0001
200.85         -0.0001
200.88         -0.0000
200.91          0.0001
200.94          0.0001
200.97          0.0002
201.00          0.0002
201.03          0.0003
201.06          0.0004
201.09          0.0004
201.12          0.0005
201.15          0.0005
201.18          0.0006
201.21          0.0006
201.24          0.0007
201.27          0.0008
201.30          0.0008
201.33          0.0009
201.36          0.0009
201.39          0.0010
201.42          0.0010
201.45          0.0010
201.48          0.0011
201.51          0.0011
201.54          0.0012
201.57          0.0012
201.60          0.0012
201.63          0.0013
201.66          0.0013
201.69          0.0014
201.72          0.0014
201.75          0.0014
201.78          0.0014
201.81          0.0015
201.84          0.0015
201.87          0.0015
201.90          0.0015
201.93          0.0016
201.96          0.0016
201.99          0.0016
202.02          0.0016
202.05          0.0016
202.08          0.0017
202.11          0.0017
202.14          0.0017
202.17          0.0017
202.20          0.0017
202.23          0.0017
202.26          0.0017
202.29          0.0017
202.32          0.0017
202.35          0.0017
202.38          0.0017
202.41          0.0017
202.44          0.0017
202.47          0.0017
202.50          0.0017
202.53          0.0017
202.56          0.0017
202.59          0.0017
202.62          0.0017
202.65          0.0017
202.68          0.0017
202.71          0.0016
202.74          0.0016
202.77          0.0016
202.80          0.0016
202.83          0.0016
202.86          0.0016
202.89          0.0015
202.92          0.0015
202.95          0.0015
202.98          0.0015
203.01          0.0014
203.04          0.0014
203.07          0.0014
203.10          0.0014
203.13          0.0013
203.16          0.0013
203.19          0.0013
203.22          0.0012
203.25          0.0012
203.28          0.0012
203.31          0.0011
203.34          0.0011
203.37          0.0011
203.40          0.0010
203.43          0.0010
203.46          0.0009
203.49          0.0009
203.52          0.0009
203.55          0.0008
203.58          0.0008
203.61          0.0007
203.64          0.0007
203.67          0.0007
203.70          0.0006
203.73          0.0006
203.76          0.0005
203.79          0.0005
203.82          0.0004
203.85          0.0004
203.88          0.0004
203.91          0.0003
203.94          0.0003
203.97          0.0002
204.00          0.0002
204.03          0.0001
204.06          0.0001
204.09          0.0000
204.12          0.0000
204.15         -0.0000
204.18         -0.0001
204.21         -0.0001
204.24         -0.0002
204.27         -0.0002
204.30         -0.0003
204.33         -0.0003
204.36         -0.0003
204.39         -0.0004
204.42         -0.0004
204.45         -0.0005
204.48         -0.0005
204.51         -0.0005
204.54         -0.0006
204.57         -0.0006
204.60         -0.0007
204.63         -0.0007
204.66         -0.0007
204.69         -0.0008
204.72         -0.0008
204.75         -0.0008
204.78         -0.0009
204.81         -0.0009
204.84         -0.0009
204.87         -0.0010
204.90         -0.0010
204.93         -0.0010
204.96         -0.0010
204.99         -0.0011
205.02         -0.0011
205.05         -0.0011
205.08         -0.0011
205.11         -0.0012
205.14         -0.0012
205.17         -0.0012
205.20         -0.0012
205.23         -0.0012
205.26         -0.0012
205.29         -0.0013
205.32         -0.0013
205.35         -0.0013
205.38         -0.0013
205.41         -0.0013
205.44         -0.0013
205.47         -0.0013
205.50         -0.0013
205.53         -0.0013
205.56         -0.0013
205.59         -0.0013
205.62         -0.0013
205.65         -0.0013
205.68         -0.0013
205.71         -0.0013
205.74         -0.0013
205.77         -0.0013
205.80         -0.0013
205.83         -0.0013
205.86         -0.0013
205.89         -0.0013
205.92         -0.0013
205.95         -0.0012
205.98         -0.0012
206.01         -0.0012
206.04         -0.0012
206.07         -0.0012
206.10         -0.0011
206.13         -0.0011
206.16         -0.0011
206.19         -0.0011
206.22         -0.0010
206.25         -0.0010
206.28         -0.0010
206.31         -0.0009
206.34         -0.0009
206.37         -0.0009
206.40         -0.0008
206.43         -0.0008
206.46         -0.0008
206.49         -0.0007
206.52         -0.0007
206.55         -0.0006
206.58         -0.0006
206.61         -0.0005
206.64         -0.0005
206.67         -0.0005
206.70         -0.0004
206.73         -0.0004
206.76         -0.0003
206.79         -0.0003
206.82         -0.0002
206.85         -0.0001
206.88         -0.0001
206.91         -0.0000
206.94          0.0000
206.97          0.0001
207.00          0.0001
207.03          0.0002
207.06          0.0003
207.09          0.0003
207.12          0.0004
207.15          0.0004
207.18          0.0005
207.21          0.0006
207.24          0.0006
207.27          0.0007
207.30          0.0008
207.33          0.0008
207.36          0.0009
207.39          0.0010
207.42          0.0010
207.45          0.0011
207.48          0.0012
207.51          0.0013
207.54          0.0013
207.57          0.0014
207.60          0.0015
207.63          0.0015
207.66          0.0016
207.69          0.0017
207.72          0.0017
207.75          0.0018
207.78          0.0019
207.81          0.0020
207.84          0.0020
207.87          0.0021
207.90          0.0022
207.93          0.0022
207.96          0.0023
207.99          0.0024
208.02          0.0025
208.05          0.0025
208.08          0.0026
208.11          0.0027
208.14          0.0027
208.17          0.0028
208.20          0.0029
208.23          0.0029
208.26          0.0030
208.29          0.0031
208.32          0.0031
208.35          0.0032
208.38          0.0033
208.41          0.0033
208.44          0.0034
208.47          0.0035
208.50          0.0035
208.53          0.0036
208.56          0.0036
208.59          0.0037
208.62          0.0037
208.65          0.0038
208.68          0.0039
208.71          0.0039
208.74          0.0040
208.77          0.0040
208.80          0.0041
208.83          0.0041
208.86          0.0042
208.89          0.0042
208.92          0.0043
208.95          0.0043
208.98          0.0043
209.01          0.0044
209.04          0.0044
209.07          0.0045
209.10          0.0045
209.13          0.0045
209.16          0.0046
209.19          0.0046
209.22          0.0046
209.25          0.0047
209.28          0.0047
209.31          0.0047
209.34          0.0048
209.37          0.0048
209.40          0.0048
209.43          0.0048
209.46          0.0048
209.49          0.0049
209.52          0.0049
209.55          0.0049
209.58          0.0049
209.61          0.0049
209.64          0.0049
209.67          0.0049
209.70          0.0049
209.73          0.0049
209.76          0.0049
209.79          0.0049
209.82          0.0049
209.85          0.0049
209.88          0.0049
209.91          0.0049
209.94          0.0049
209.97          0.0049
210.00          0.0049
210.03          0.0049
210.06          0.0049
210.09          0.0048
210.12          0.0048
210.15          0.0048
210.18          0.0048
210.21          0.0047
210.24          0.0047
210.27          0.0047
210.30          0.0047
210.33          0.0046
210.36          0.0046
210.39          0.0046
210.42          0.0045
210.45          0.0045
210.48          0.0044
210.51          0.0044
210.54          0.0044
210.57          0.0043
210.60          0.0043
210.63          0.0042
210.66          0.0042
210.69          0.0041
210.72          0.0041
210.75          0.0040
210.78          0.0040
210.81          0.0039
210.84          0.0038
210.87          0.0038
210.90          0.0037
210.93          0.0037
210.96          0.0036
210.99          0.0035
211.02          0.0035
211.05          0.0034
211.08          0.0033
211.11          0.0033
211.14          0.0032
211.17          0.0031
211.20          0.0030
211.23          0.0030
211.26          0.0029
211.29          0.0028
211.32          0.0027
211.35          0.0027
211.38          0.0026
211.41          0.0025
211.44          0.0024
211.47          0.0024
211.50          0.0023
211.53          0.0022
211.56          0.0021
211.59          0.0020
211.62          0.0019
211.65          0.0019
211.68          0.0018
211.71          0.0017
211.74          0.0016
211.77          0.0015
211.80          0.0014
211.83          0.0013
211.86          0.0013
211.89          0.0012
211.92          0.0011
211.95          0.0010
211.98          0.0009
212.01          0.0008
212.04          0.0007
212.07          0.0006
212.10          0.0006
212.13          0.0005
212.16          0.0004
212.19          0.0003
212.22          0.0002
212.25          0.0001
212.28          0.0000
212.31         -0.0000
212.34         -0.0001
212.37         -0.0002
212.40         -0.0003
212.43         -0.0004
212.46         -0.0005
212.49         -0.0006
212.52         -0.0006
212.55         -0.0007
212.58         -0.0008
212.61         -0.0009
212.64         -0.0010
212.67         -0.0010
212.70         -0.0011
212.73         -0.0012
212.76         -0.0013
212.79         -0.0013
212.82         -0.0014
212.85         -0.0015
212.88         -0.0016
212.91         -0.0016
212.94         -0.0017
212.97         -0.0018
213.00         -0.0018
213.03         -0.0019
213.06         -0.0020
213.09         -0.0020
213.12         -0.0021
213.15         -0.0022
213.18         -0.0022
213.21         -0.0023
213.24         -0.0023
213.27         -0.0024
213.30         -0.0025
213.33         -0.0025
213.36         -0.0026
213.39         -0.0026
213.42         -0.0027
213.45         -0.0027
213.48         -0.0028
213.51         -0.0028
213.54         -0.0029
213.57         -0.0029
213.60         -0.0029
213.63         -0.0030
213.66         -0.0030
213.69         -0.0031
213.72         -0.0031
213.75         -0.0031
213.78         -0.0032
213.81         -0.0032
213.84         -0.0032
213.87         -0.0032
213.90         -0.0033
213.93         -0.0033
213.96         -0.0033
213.99         -0.0033
214.02         -0.0033
214.05         -0.0034
214.08         -0.0034
214.11         -0.0034
214.14         -0.0034
214.17         -0.0034
214.20         -0.0034
214.23         -0.0034
214.26         -0.0034
214.29         -0.0034
214.32         -0.0034
214.35         -0.0034
214.38         -0.0034
214.41         -0.0034
214.44         -0.0034
214.47         -0.0034
214.50         -0.0034
214.53         -0.0034
214.56         -0.0034
214.59         -0.0034
214.62         -0.0034
214.65         -0.0034
214.68         -0.0034
214.71         -0.0033
214.74         -0.0033
214.77         -0.0033
214.80         -0.0033
214.83         -0.0033
214.86         -0.0032
214.89         -0.0032
214.92         -0.0032
214.95         -0.0032
214.98         -0.0031
215.01         -0.0031
215.04         -0.0031
215.07         -0.0030
215.10         -0.0030
215.13         -0.0030
215.16         -0.0029
215.19         -0.0029
215.22         -0.0028
215.25         -0.0028
215.28         -0.0028
215.31         -0.0027
215.34         -0.0027
215.37         -0.0026
215.40         -0.0026
215.43         -0.0026
215.46         -0.0025
215.49         -0.0025
215.52         -0.0024
215.55         -0.0024
215.58         -0.0023
215.61         -0.0023
215.64         -0.0022
215.67         -0.0022
215.70         -0.0021
215.73         -0.0021
215.76         -0.0020
215.79         -0.0020
215.82         -0.0019
215.85         -0.0019
215.88         -0.0018
215.91         -0.0018
215.94         -0.0017
215.97         -0.0017
216.00         -0.0016
216.03         -0.0015
216.06         -0.0015
216.09         -0.0014
216.12         -0.0014
216.15         -0.0013
216.18         -0.0013
216.21         -0.0012
216.24         -0.0012
216.27         -0.0011
216.30         -0.0011
216.33         -0.0010
216.36         -0.0010
216.39         -0.0009
216.42         -0.0009
216.45         -0.0008
216.48         -0.0008
216.51         -0.0007
216.54         -0.0007
216.57         -0.0006
216.60         -0.0006
216.63         -0.0005
216.66         -0.0005
216.69         -0.0004
216.72         -0.0004
216.75         -0.0003
216.78         -0.0003
216.81         -0.0002
216.84         -0.0002
216.87         -0.0001
216.90         -0.0001
216.93         -0.0001
216.96         -0.0000
216.99          0.0000
217.02          0.0001
217.05          0.0001
217.08          0.0001
217.11          0.0002
217.14          0.0002
217.17          0.0002
217.20          0.0003
217.23          0.0003
217.26          0.0003
217.29          0.0003
217.32          0.0004
217.35          0.0004
217.38          0.0004
217.41          0.0005
217.44          0.0005
217.47          0.0005
217.50          0.0005
217.53          0.0005
217.56          0.0005
217.59          0.0006
217.62          0.0006
217.65          0.0006
217.68          0.0006
217.71          0.0006
217.74          0.0006
217.77          0.0006
217.80          0.0006
217.83          0.0006
217.86          0.0007
217.89          0.0007
217.92          0.0007
217.95          0.0007
217.98          0.0007
218.01          0.0006
218.04          0.0006
218.07          0.0006
218.10          0.0006
218.13          0.0006
218.16          0.0006
218.19          0.0006
218.22          0.0006
218.25          0.0006
218.28          0.0006
218.31          0.0005
218.34          0.0005
218.37          0.0005
218.40          0.0005
218.43          0.0005
218.46          0.0004
218.49          0.0004
218.52          0.0004
218.55          0.0004
218.58          0.0003
218.61          0.0003
218.64          0.0003
218.67          0.0003
218.70          0.0002
218.73          0.0002
218.76          0.0001
218.79          0.0001
218.82          0.0001
218.85          0.0000
218.88          0.0000
218.91         -0.0000
218.94         -0.0001
218.97         -0.0001
219.00         -0.0002
219.03         -0.0002
219.06         -0.0003
219.09         -0.0003
219.12         -0.0003
219.15         -0.0004
219.18         -0.0004
219.21         -0.0005
219.24         -0.0005
219.27         -0.0006
219.30         -0.0006
219.33         -0.0007
219.36         -0.0007
219.39         -0.0008
219.42         -0.0008
219.45         -0.0009
219.48         -0.0009
219.51         -0.0010
219.54         -0.0011
219.57         -0.0011
219.60         -0.0012
219.63         -0.0012
219.66         -0.0013
219.69         -0.0013
219.72         -0.0014
219.75         -0.0014
219.78         -0.0015
219.81         -0.0015
219.84         -0.0016
219.87         -0.0017
219.90         -0.0017
219.93         -0.0018
219.96         -0.0018
219.99         -0.0019
220.02         -0.0019
220.05         -0.0020
220.08         -0.0020
220.11         -0.0021
220.14         -0.0022
220.17         -0.0022
220.20         -0.0023
220.23         -0.0023
220.26         -0.0024
220.29         -0.0024
220.32         -0.0025
220.35         -0.0025
220.38         -0.0026
220.41         -0.0026
220.44         -0.0027
220.47         -0.0027
220.50         -0.0028
220.53         -0.0028
220.56         -0.0028
220.59         -0.0029
220.62         -0.0029
220.65         -0.0030
220.68         -0.0030
220.71         -0.0031
220.74         -0.0031
220.77         -0.0031
220.80         -0.0032
220.83         -0.0032
220.86         -0.0032
220.89         -0.0033
220.92         -0.0033
220.95         -0.0033
220.98         -0.0034
221.01         -0.0034
221.04         -0.0034
221.07         -0.0035
221.10         -0.0035
221.13         -0.0035
221.16         -0.0035
221.19         -0.0035
221.22         -0.0036
221.25         -0.0036
221.28         -0.0036
221.31         -0.0036
221.34         -0.0036
221.37         -0.0036
221.40         -0.0037
221.43         -0.0037
221.46         -0.0037
221.49         -0.0037
221.52         -0.0037
221.55         -0.0037
221.58         -0.0037
221.61         -0.0037
221.64         -0.0037
221.67         -0.0037
221.70         -0.0037
221.73         -0.0037
221.76         -0.0037
221.79         -0.0037
221.82         -0.0036
221.85         -0.0036
221.88         -0.0036
221.91         -0.0036
221.94         -0.0036
221.97         -0.0036
222.00         -0.0035
222.03         -0.0035
222.06         -0.0035
222.09         -0.0035
222.12         -0.0034
222.15         -0.0034
222.18         -0.0034
222.21         -0.0033
222.24         -0.0033
222.27         -0.0033
222.30         -0.0032
222.33         -0.0032
222.36         -0.0032
222.39         -0.0031
222.42         -0.0031
222.45         -0.0030
222.48         -0.0030
222.51         -0.0029
222.54         -0.0029
222.57         -0.0028
222.60         -0.0028
222.63         -0.0027
222.66         -0.0027
222.69         -0.0026
222.72         -0.0025
222.75         -0.0025
222.78         -0.0024
222.81         -0.0024
222.84         -0.0023
222.87         -0.0022
222.90         -0.0022
222.93         -0.0021
222.96         -0.0020
222.99         -0.0020
223.02         -0.0019
223.05         -0.0018
223.08         -0.0018
223.11         -0.0017
223.14         -0.0016
223.17         -0.0015
223.20         -0.0015
223.23         -0.0014
223.26         -0.0013
223.29         -0.0012
223.32         -0.0011
223.35         -0.0011
223.38         -0.0010
223.41         -0.0009
223.44         -0.0008
223.47         -0.0007
223.50         -0.0007
223.53         -0.0006
223.56         -0.0005
223.59         -0.0004
223.62         -0.0003
223.65         -0.0002
223.68         -0.0002
223.71         -0.0001
223.74          0.0000
223.77          0.0001
223.80          0.0002
223.83          0.0003
223.86          0.0004
223.89          0.0005
223.92          0.0005
223.95          0.0006
223.98          0.0007
224.01          0.0008
224.04          0.0009
224.07          0.0010
224.10          0.0011
224.13          0.0011
224.16          0.0012
224.19          0.0013
224.22          0.0014
224.25          0.0015
224.28          0.0016
224.31          0.0017
224.34          0.0017
224.37          0.0018
224.40          0.0019
224.43          0.0020
224.46          0.0021
224.49          0.0021
224.52          0.0022
224.55          0.0023
224.58          0.0024
224.61          0.0025
224.64          0.0025
224.67          0.0026
224.70          0.0027
224.73          0.0027
224.76          0.0028
224.79          0.0029
224.82          0.0030
224.85          0.0030
224.88          0.0031
224.91          0.0032
224.94          0.0032
224.97          0.0033
225.00          0.0034
225.03          0.0034
225.06          0.0035
225.09          0.0035
225.12          0.0036
225.15          0.0036
225.18          0.0037
225.21          0.0038
225.24          0.0038
225.27          0.0039
225.30          0.0039
225.33          0.0040
225.36          0.0040
225.39          0.0040
225.42          0.0041
225.45          0.0041
225.48          0.0042
225.51          0.0042
225.54          0.0042
225.57          0.0043
225.60          0.0043
225.63          0.0043
225.66          0.0044
225.69          0.0044
225.72          0.0044
225.75          0.0044
225.78          0.0045
225.81          0.0045
225.84          0.0045
225.87          0.0045
225.90          0.0045
225.93          0.0046
225.96          0.0046
225.99          0.0046
226.02          0.0046
226.05          0.0046
226.08          0.0046
226.11          0.0046
226.14          0.0046
226.17          0.0046
226.20          0.0046
226.23          0.0046
226.26          0.0046
226.29          0.0046
226.32          0.0046
226.35          0.0046
226.38          0.0045
226.41          0.0045
226.44          0.0045
226.47          0.0045
226.50          0.0045
226.53          0.0045
226.56          0.0044
226.59          0.0044
226.62          0.0044
226.65          0.0044
226.68          0.0043
226.71          0.0043
226.74          0.0043
226.77          0.0042
226.80          0.0042
226.83          0.0042
226.86          0.0041
226.89          0.0041
226.92          0.0041
226.95          0.0040
226.98          0.0040
227.01          0.0039
227.04          0.0039
227.07          0.0038
227.10          0.0038
227.13          0.0037
227.16          0.0037
227.19          0.0036
227.22          0.0036
227.25          0.0035
227.28          0.0035
227.31          0.0034
227.34          0.0034
227.37          0.0033
227.40          0.0033
227.43          0.0032
227.46          0.0031
227.49          0.0031
227.52          0.0030
227.55          0.0030
227.58          0.0029
227.61          0.0028
227.64          0.0028
227.67          0.0027
227.70          0.0026
227.73          0.0026
227.76          0.0025
227.79          0.0024
227.82          0.0024
227.85          0.0023
227.88          0.0022
227.91          0.0022
227.94          0.0021
227.97          0.0020
228.00          0.0020
228.03          0.0019
228.06          0.0018
228.09          0.0018
228.12          0.0017
228.15          0.0016
228.18          0.0016
228.21          0.0015
228.24          0.0014
228.27          0.0014
228.30          0.0013
228.33          0.0012
228.36          0.0011
228.39          0.0011
228.42          0.0010
228.45          0.0009
228.48          0.0009
228.51          0.0008
228.54          0.0007
228.57          0.0007
228.60          0.0006
228.63          0.0006
228.66          0.0005
228.69          0.0004
228.72          0.0004
228.75          0.0003
228.78          0.0002
228.81          0.0002
228.84          0.0001
228.87          0.0001
228.90          0.0000
228.93         -0.0000
228.96         -0.0001
228.99         -0.0001
229.02         -0.0002
229.05         -0.0003
229.08         -0.0003
229.11         -0.0004
229.14         -0.0004
229.17         -0.0005
229.20         -0.0005
229.23         -0.0005
229.26         -0.0006
229.29         -0.0006
229.32         -0.0007
229.35         -0.0007
229.38         -0.0008
229.41         -0.0008
229.44         -0.0008
229.47         -0.0009
229.50         -0.0009
229.53         -0.0009
229.56         -0.0010
229.59         -0.0010
229.62         -0.0010
229.65         -0.0011
229.68         -0.0011
229.71         -0.0011
229.74         -0.0011
229.77         -0.0012
229.80         -0.0012
229.83         -0.0012
229.86         -0.0012
229.89         -0.0012
229.92         -0.0012
229.95         -0.0013
229.98         -0.0013
230.01         -0.0013
230.04         -0.0013
230.07         -0.0013
230.10         -0.0013
230.13         -0.0013
230.16         -0.0013
230.19         -0.0013
230.22         -0.0013
230.25         -0.0013
230.28         -0.0013
230.31         -0.0013
230.34         -0.0013
230.37         -0.0013
230.40         -0.0013
230.43         -0.0013
230.46         -0.0013
230.49         -0.0013
230.52         -0.0012
230.55         -0.0012
230.58         -0.0012
230.61         -0.0012
230.64         -0.0012
230.67         -0.0012
230.70         -0.0011
230.73         -0.0011
230.76         -0.0011
230.79         -0.0011
230.82         -0.0011
230.85         -0.0010
230.88         -0.0010
230.91         -0.0010
230.94         -0.0009
230.97         -0.0009
231.00         -0.0009
231.03         -0.0008
231.06         -0.0008
231.09         -0.0008
231.12         -0.0007
231.15         -0.0007
231.18         -0.0007
231.21         -0.0006
231.24         -0.0006
231.27         -0.0006
231.30         -0.0005
231.33         -0.0005
231.36         -0.0004
231.39         -0.0004
231.42         -0.0003
231.45         -0.0003
231.48         -0.0003
231.51         -0.0002
231.54         -0.0002
231.57         -0.0001
231.60         -0.0001
231.63         -0.0000
231.66          0.0000
231.69          0.0001
231.72          0.0001
231.75          0.0002
231.78          0.0002
231.81          0.0002
231.84          0.0003
231.87          0.0003
231.90          0.0004
231.93          0.0004
231.96          0.0005
231.99          0.0005
232.02          0.0006
232.05          0.0006
232.08          0.0007
232.11          0.0007
232.14          0.0008
232.17          0.0008
232.20          0.0009
232.23          0.0009
232.26          0.0010
232.29          0.0010
232.32          0.0011
232.35          0.0011
232.38          0.0011
232.41          0.0012
232.44          0.0012
232.47          0.0013
232.50          0.0013
232.53          0.0014
232.56          0.0014
232.59          0.0014
232.62          0.0015
232.65          0.0015
232.68          0.0015
232.71          0.0016
232.74          0.0016
232.77          0.0017
232.80          0.0017
232.83          0.0017
232.86          0.0018
232.89          0.0018
232.92          0.0018
232.95          0.0018
232.98          0.0019
233.01          0.0019
233.04          0.0019
233.07          0.0019
233.10          0.0020
233.13          0.0020
233.16          0.0020
233.19          0.0020
233.22          0.0020
233.25          0.0021
233.28          0.0021
233.31          0.0021
233.34          0.0021
233.37          0.0021
233.40          0.0021
233.43          0.0021
233.46          0.0021
233.49          0.0021
233.52          0.0022
233.55          0.0022
233.58          0.0022
233.61          0.0022
233.64          0.0022
233.67          0.0022
233.70          0.0022
233.73          0.0021
233.76          0.0021
233.79          0.0021
233.82          0.0021
233.85          0.0021
233.88          0.0021
233.91          0.0021
233.94          0.0021
233.97          0.0020
234.00          0.0020
234.03          0.0020
234.06          0.0020
234.09          0.0020
234.12          0.0019
234.15          0.0019
234.18          0.0019
234.21          0.0018
234.24          0.0018
234.27          0.0018
234.30          0.0018
234.33          0.0017
234.36          0.0017
234.39          0.0016
234.42          0.0016
234.45          0.0016
234.48          0.0015
234.51          0.0015
234.54          0.0014
234.57          0.0014
234.60          0.0013
234.63          0.0013
234.66          0.0012
234.69          0.0012
234.72          0.0011
234.75          0.0011
234.78          0.0010
234.81          0.0010
234.84          0.0009
234.87          0.0009
234.90          0.0008
234.93          0.0007
234.96          0.0007
234.99          0.0006
235.02          0.0005
235.05          0.0005
235.08          0.0004
235.11          0.0004
235.14          0.0003
235.17          0.0002
235.20          0.0002
235.23          0.0001
235.26          0.0000
235.29         -0.0001
235.32         -0.0001
235.35         -0.0002
235.38         -0.0003
235.41         -0.0003
235.44         -0.0004
235.47         -0.0005
235.50         -0.0006
235.53         -0.0006
235.56         -0.0007
235.59         -0.0008
235.62         -0.0009
235.65         -0.0009
235.68         -0.0010
235.71         -0.0011
235.74         -0.0012
235.77         -0.0012
235.80         -0.0013
235.83         -0.0014
235.86         -0.0015
235.89         -0.0016
235.92         -0.0016
235.95         -0.0017
235.98         -0.0018
236.01         -0.0019
236.04         -0.0019
236.07         -0.0020
236.10         -0.0021
236.13         -0.0022
236.16         -0.0022
236.19         -0.0023
236.22         -0.0024
236.25         -0.0025
236.28         -0.0025
236.31         -0.0026
236.34         -0.0027
236.37         -0.0027
236.40         -0.0028
236.43         -0.0029
236.46         -0.0030
236.49         -0.0030
236.52         -0.0031
236.55         -0.0032
236.58         -0.0032
236.61         -0.0033
236.64         -0.0033
236.67         -0.0034
236.70         -0.0035
236.73         -0.0035
236.76         -0.0036
236.79         -0.0036
236.82         -0.0037
236.85         -0.0038
236.88         -0.0038
236.91         -0.0039
236.94         -0.0039
236.97         -0.0040
237.00         -0.0040
237.03         -0.0041
237.06         -0.0041
237.09         -0.0042
237.12         -0.0042
237.15         -0.0042
237.18         -0.0043
237.21         -0.0043
237.24         -0.0044
237.27         -0.0044
237.30         -0.0044
237.33         -0.0045
237.36         -0.0045
237.39         -0.0045
237.42         -0.0046
237.45         -0.0046
237.48         -0.0046
237.51         -0.0046
237.54         -0.0047
237.57         -0.0047
237.60         -0.0047
237.63         -0.0047
237.66         -0.0047
237.69         -0.0047
237.72         -0.0048
237.75         -0.0048
237.78         -0.0048
237.81         -0.0048
237.84         -0.0048
237.87         -0.0048
237.90         -0.0048
237.93         -0.0048
237.96         -0.0048
237.99         -0.0048
238.02         -0.0048
238.05         -0.0048
238.08         -0.0048
238.11         -0.0047
238.14         -0.0047
238.17         -0.0047
238.20         -0.0047
238.23         -0.0047
238.26         -0.0047
238.29         -0.0046
238.32         -0.0046
238.35         -0.0046
238.38         -0.0046
238.41         -0.0045
238.44         -0.0045
238.47         -0.0045
238.50         -0.0044
238.53         -0.0044
238.56         -0.0044
238.59         -0.0043
238.62         -0.0043
238.65         -0.0043
238.68         -0.0042
238.71         -0.0042
238.74         -0.0041
238.77         -0.0041
238.80         -0.0040
238.83         -0.0040
238.86         -0.0039
238.89         -0.0039
238.92         -0.0038
238.95         -0.0038
238.98         -0.0037
239.01         -0.0036
239.04         -0.0036
239.07         -0.0035
239.10         -0.0035
239.13         -0.0034
239.16         -0.0033
239.19         -0.0033
239.22         -0.0032
239.25         -0.0031
239.28         -0.0031
239.31         -0.0030
239.34         -0.0029
239.37         -0.0029
239.40         -0.0028
239.43         -0.0027
239.46         -0.0027
239.49         -0.0026
239.52         -0.0025
239.55         -0.0024
239.58         -0.0024
239.61         -0.0023
239.64         -0.0022
239.67         -0.0021
239.70         -0.0020
239.73         -0.0020
239.76         -0.0019
239.79         -0.0018
239.82         -0.0017
239.85         -0.0016
239.88         -0.0016
239.91         -0.0015
239.94         -0.0014
239.97         -0.0013
240.00         -0.0012
