   Wave #: 	6
Wave amplitude (m): 	0.01
Wave omega (rad/s): 	0.4487989505
Time (s)  Pitch (rads)
0.03            0.0000
0.06            0.0000
0.09            0.0000
0.12            0.0000
0.15            0.0000
0.18            0.0000
0.21            0.0000
0.24            0.0000
0.27            0.0000
0.30            0.0000
0.33            0.0000
0.36            0.0000
0.39            0.0000
0.42            0.0000
0.45            0.0000
0.48            0.0000
0.51            0.0000
0.54            0.0000
0.57            0.0000
0.60            0.0000
0.63           -0.0000
0.66           -0.0000
0.69           -0.0000
0.72           -0.0000
0.75           -0.0000
0.78           -0.0000
0.81           -0.0000
0.84           -0.0000
0.87           -0.0000
0.90           -0.0000
0.93           -0.0001
0.96           -0.0001
0.99           -0.0001
1.02           -0.0001
1.05           -0.0001
1.08           -0.0001
1.11           -0.0001
1.14           -0.0001
1.17           -0.0001
1.20           -0.0001
1.23           -0.0002
1.26           -0.0002
1.29           -0.0002
1.32           -0.0002
1.35           -0.0002
1.38           -0.0002
1.41           -0.0003
1.44           -0.0003
1.47           -0.0003
1.50           -0.0003
1.53           -0.0003
1.56           -0.0004
1.59           -0.0004
1.62           -0.0004
1.65           -0.0004
1.68           -0.0004
1.71           -0.0005
1.74           -0.0005
1.77           -0.0005
1.80           -0.0005
1.83           -0.0006
1.86           -0.0006
1.89           -0.0006
1.92           -0.0007
1.95           -0.0007
1.98           -0.0007
2.01           -0.0007
2.04           -0.0008
2.07           -0.0008
2.10           -0.0008
2.13           -0.0009
2.16           -0.0009
2.19           -0.0009
2.22           -0.0010
2.25           -0.0010
2.28           -0.0010
2.31           -0.0011
2.34           -0.0011
2.37           -0.0011
2.40           -0.0012
2.43           -0.0012
2.46           -0.0012
2.49           -0.0013
2.52           -0.0013
2.55           -0.0014
2.58           -0.0014
2.61           -0.0014
2.64           -0.0015
2.67           -0.0015
2.70           -0.0016
2.73           -0.0016
2.76           -0.0016
2.79           -0.0017
2.82           -0.0017
2.85           -0.0018
2.88           -0.0018
2.91           -0.0019
2.94           -0.0019
2.97           -0.0020
3.00           -0.0020
3.03           -0.0020
3.06           -0.0021
3.09           -0.0021
3.12           -0.0022
3.15           -0.0022
3.18           -0.0023
3.21           -0.0023
3.24           -0.0024
3.27           -0.0024
3.30           -0.0025
3.33           -0.0026
3.36           -0.0026
3.39           -0.0027
3.42           -0.0027
3.45           -0.0028
3.48           -0.0028
3.51           -0.0029
3.54           -0.0029
3.57           -0.0030
3.60           -0.0031
3.63           -0.0031
3.66           -0.0032
3.69           -0.0032
3.72           -0.0033
3.75           -0.0033
3.78           -0.0034
3.81           -0.0035
3.84           -0.0035
3.87           -0.0036
3.90           -0.0037
3.93           -0.0037
3.96           -0.0038
3.99           -0.0038
4.02           -0.0039
4.05           -0.0040
4.08           -0.0040
4.11           -0.0041
4.14           -0.0042
4.17           -0.0042
4.20           -0.0043
4.23           -0.0044
4.26           -0.0044
4.29           -0.0045
4.32           -0.0046
4.35           -0.0046
4.38           -0.0047
4.41           -0.0048
4.44           -0.0048
4.47           -0.0049
4.50           -0.0050
4.53           -0.0050
4.56           -0.0051
4.59           -0.0052
4.62           -0.0053
4.65           -0.0053
4.68           -0.0054
4.71           -0.0055
4.74           -0.0055
4.77           -0.0056
4.80           -0.0057
4.83           -0.0058
4.86           -0.0058
4.89           -0.0059
4.92           -0.0060
4.95           -0.0060
4.98           -0.0061
5.01           -0.0062
5.04           -0.0063
5.07           -0.0063
5.10           -0.0064
5.13           -0.0065
5.16           -0.0065
5.19           -0.0066
5.22           -0.0067
5.25           -0.0068
5.28           -0.0068
5.31           -0.0069
5.34           -0.0070
5.37           -0.0070
5.40           -0.0071
5.43           -0.0072
5.46           -0.0072
5.49           -0.0073
5.52           -0.0074
5.55           -0.0075
5.58           -0.0075
5.61           -0.0076
5.64           -0.0077
5.67           -0.0077
5.70           -0.0078
5.73           -0.0079
5.76           -0.0079
5.79           -0.0080
5.82           -0.0081
5.85           -0.0081
5.88           -0.0082
5.91           -0.0083
5.94           -0.0083
5.97           -0.0084
6.00           -0.0085
6.03           -0.0085
6.06           -0.0086
6.09           -0.0086
6.12           -0.0087
6.15           -0.0088
6.18           -0.0088
6.21           -0.0089
6.24           -0.0089
6.27           -0.0090
6.30           -0.0091
6.33           -0.0091
6.36           -0.0092
6.39           -0.0092
6.42           -0.0093
6.45           -0.0093
6.48           -0.0094
6.51           -0.0094
6.54           -0.0095
6.57           -0.0096
6.60           -0.0096
6.63           -0.0097
6.66           -0.0097
6.69           -0.0097
6.72           -0.0098
6.75           -0.0098
6.78           -0.0099
6.81           -0.0099
6.84           -0.0100
6.87           -0.0100
6.90           -0.0101
6.93           -0.0101
6.96           -0.0101
6.99           -0.0102
7.02           -0.0102
7.05           -0.0103
7.08           -0.0103
7.11           -0.0103
7.14           -0.0104
7.17           -0.0104
7.20           -0.0104
7.23           -0.0105
7.26           -0.0105
7.29           -0.0105
7.32           -0.0106
7.35           -0.0106
7.38           -0.0106
7.41           -0.0106
7.44           -0.0107
7.47           -0.0107
7.50           -0.0107
7.53           -0.0107
7.56           -0.0107
7.59           -0.0108
7.62           -0.0108
7.65           -0.0108
7.68           -0.0108
7.71           -0.0108
7.74           -0.0108
7.77           -0.0108
7.80           -0.0108
7.83           -0.0108
7.86           -0.0108
7.89           -0.0109
7.92           -0.0109
7.95           -0.0109
7.98           -0.0109
8.01           -0.0109
8.04           -0.0109
8.07           -0.0108
8.10           -0.0108
8.13           -0.0108
8.16           -0.0108
8.19           -0.0108
8.22           -0.0108
8.25           -0.0108
8.28           -0.0108
8.31           -0.0108
8.34           -0.0107
8.37           -0.0107
8.40           -0.0107
8.43           -0.0107
8.46           -0.0107
8.49           -0.0106
8.52           -0.0106
8.55           -0.0106
8.58           -0.0106
8.61           -0.0105
8.64           -0.0105
8.67           -0.0105
8.70           -0.0104
8.73           -0.0104
8.76           -0.0104
8.79           -0.0103
8.82           -0.0103
8.85           -0.0102
8.88           -0.0102
8.91           -0.0101
8.94           -0.0101
8.97           -0.0100
9.00           -0.0100
9.03           -0.0099
9.06           -0.0099
9.09           -0.0098
9.12           -0.0098
9.15           -0.0097
9.18           -0.0097
9.21           -0.0096
9.24           -0.0095
9.27           -0.0095
9.30           -0.0094
9.33           -0.0093
9.36           -0.0093
9.39           -0.0092
9.42           -0.0091
9.45           -0.0091
9.48           -0.0090
9.51           -0.0089
9.54           -0.0088
9.57           -0.0087
9.60           -0.0087
9.63           -0.0086
9.66           -0.0085
9.69           -0.0084
9.72           -0.0083
9.75           -0.0082
9.78           -0.0081
9.81           -0.0081
9.84           -0.0080
9.87           -0.0079
9.90           -0.0078
9.93           -0.0077
9.96           -0.0076
9.99           -0.0075
10.02          -0.0074
10.05          -0.0073
10.08          -0.0072
10.11          -0.0070
10.14          -0.0069
10.17          -0.0068
10.20          -0.0067
10.23          -0.0066
10.26          -0.0065
10.29          -0.0064
10.32          -0.0063
10.35          -0.0061
10.38          -0.0060
10.41          -0.0059
10.44          -0.0058
10.47          -0.0057
10.50          -0.0055
10.53          -0.0054
10.56          -0.0053
10.59          -0.0052
10.62          -0.0050
10.65          -0.0049
10.68          -0.0048
10.71          -0.0046
10.74          -0.0045
10.77          -0.0044
10.80          -0.0042
10.83          -0.0041
10.86          -0.0039
10.89          -0.0038
10.92          -0.0037
10.95          -0.0035
10.98          -0.0034
11.01          -0.0032
11.04          -0.0031
11.07          -0.0029
11.10          -0.0028
11.13          -0.0027
11.16          -0.0025
11.19          -0.0024
11.22          -0.0022
11.25          -0.0020
11.28          -0.0019
11.31          -0.0017
11.34          -0.0016
11.37          -0.0014
11.40          -0.0013
11.43          -0.0011
11.46          -0.0010
11.49          -0.0008
11.52          -0.0006
11.55          -0.0005
11.58          -0.0003
11.61          -0.0002
11.64          -0.0000
11.67           0.0002
11.70           0.0003
11.73           0.0005
11.76           0.0007
11.79           0.0008
11.82           0.0010
11.85           0.0011
11.88           0.0013
11.91           0.0015
11.94           0.0016
11.97           0.0018
12.00           0.0020
12.03           0.0022
12.06           0.0023
12.09           0.0025
12.12           0.0027
12.15           0.0028
12.18           0.0030
12.21           0.0032
12.24           0.0033
12.27           0.0035
12.30           0.0037
12.33           0.0039
12.36           0.0040
12.39           0.0042
12.42           0.0044
12.45           0.0045
12.48           0.0047
12.51           0.0049
12.54           0.0050
12.57           0.0052
12.60           0.0054
12.63           0.0056
12.66           0.0057
12.69           0.0059
12.72           0.0061
12.75           0.0062
12.78           0.0064
12.81           0.0066
12.84           0.0068
12.87           0.0069
12.90           0.0071
12.93           0.0073
12.96           0.0074
12.99           0.0076
13.02           0.0078
13.05           0.0079
13.08           0.0081
13.11           0.0083
13.14           0.0084
13.17           0.0086
13.20           0.0088
13.23           0.0089
13.26           0.0091
13.29           0.0092
13.32           0.0094
13.35           0.0096
13.38           0.0097
13.41           0.0099
13.44           0.0100
13.47           0.0102
13.50           0.0104
13.53           0.0105
13.56           0.0107
13.59           0.0108
13.62           0.0110
13.65           0.0111
13.68           0.0113
13.71           0.0114
13.74           0.0116
13.77           0.0117
13.80           0.0119
13.83           0.0120
13.86           0.0122
13.89           0.0123
13.92           0.0124
13.95           0.0126
13.98           0.0127
14.01           0.0129
14.04           0.0130
14.07           0.0131
14.10           0.0133
14.13           0.0134
14.16           0.0135
14.19           0.0137
14.22           0.0138
14.25           0.0139
14.28           0.0140
14.31           0.0142
14.34           0.0143
14.37           0.0144
14.40           0.0145
14.43           0.0146
14.46           0.0148
14.49           0.0149
14.52           0.0150
14.55           0.0151
14.58           0.0152
14.61           0.0153
14.64           0.0154
14.67           0.0155
14.70           0.0156
14.73           0.0157
14.76           0.0158
14.79           0.0159
14.82           0.0160
14.85           0.0161
14.88           0.0162
14.91           0.0163
14.94           0.0164
14.97           0.0165
15.00           0.0166
15.03           0.0166
15.06           0.0167
15.09           0.0168
15.12           0.0169
15.15           0.0170
15.18           0.0170
15.21           0.0171
15.24           0.0172
15.27           0.0172
15.30           0.0173
15.33           0.0174
15.36           0.0174
15.39           0.0175
15.42           0.0175
15.45           0.0176
15.48           0.0176
15.51           0.0177
15.54           0.0177
15.57           0.0178
15.60           0.0178
15.63           0.0179
15.66           0.0179
15.69           0.0179
15.72           0.0180
15.75           0.0180
15.78           0.0180
15.81           0.0180
15.84           0.0181
15.87           0.0181
15.90           0.0181
15.93           0.0181
15.96           0.0181
15.99           0.0182
16.02           0.0182
16.05           0.0182
16.08           0.0182
16.11           0.0182
16.14           0.0182
16.17           0.0182
16.20           0.0182
16.23           0.0182
16.26           0.0182
16.29           0.0181
16.32           0.0181
16.35           0.0181
16.38           0.0181
16.41           0.0181
16.44           0.0181
16.47           0.0180
16.50           0.0180
16.53           0.0180
16.56           0.0179
16.59           0.0179
16.62           0.0179
16.65           0.0178
16.68           0.0178
16.71           0.0177
16.74           0.0177
16.77           0.0176
16.80           0.0176
16.83           0.0175
16.86           0.0175
16.89           0.0174
16.92           0.0174
16.95           0.0173
16.98           0.0172
17.01           0.0171
17.04           0.0171
17.07           0.0170
17.10           0.0169
17.13           0.0168
17.16           0.0168
17.19           0.0167
17.22           0.0166
17.25           0.0165
17.28           0.0164
17.31           0.0163
17.34           0.0162
17.37           0.0161
17.40           0.0160
17.43           0.0159
17.46           0.0158
17.49           0.0157
17.52           0.0156
17.55           0.0155
17.58           0.0154
17.61           0.0153
17.64           0.0152
17.67           0.0150
17.70           0.0149
17.73           0.0148
17.76           0.0147
17.79           0.0145
17.82           0.0144
17.85           0.0143
17.88           0.0141
17.91           0.0140
17.94           0.0139
17.97           0.0137
18.00           0.0136
18.03           0.0134
18.06           0.0133
18.09           0.0131
18.12           0.0130
18.15           0.0128
18.18           0.0127
18.21           0.0125
18.24           0.0124
18.27           0.0122
18.30           0.0120
18.33           0.0119
18.36           0.0117
18.39           0.0115
18.42           0.0114
18.45           0.0112
18.48           0.0110
18.51           0.0108
18.54           0.0107
18.57           0.0105
18.60           0.0103
18.63           0.0101
18.66           0.0100
18.69           0.0098
18.72           0.0096
18.75           0.0094
18.78           0.0092
18.81           0.0090
18.84           0.0088
18.87           0.0086
18.90           0.0084
18.93           0.0082
18.96           0.0080
18.99           0.0078
19.02           0.0076
19.05           0.0074
19.08           0.0072
19.11           0.0070
19.14           0.0068
19.17           0.0066
19.20           0.0064
19.23           0.0062
19.26           0.0060
19.29           0.0058
19.32           0.0056
19.35           0.0054
19.38           0.0052
19.41           0.0049
19.44           0.0047
19.47           0.0045
19.50           0.0043
19.53           0.0041
19.56           0.0039
19.59           0.0036
19.62           0.0034
19.65           0.0032
19.68           0.0030
19.71           0.0027
19.74           0.0025
19.77           0.0023
19.80           0.0021
19.83           0.0019
19.86           0.0016
19.89           0.0014
19.92           0.0012
19.95           0.0010
19.98           0.0007
20.01           0.0005
20.04           0.0003
20.07           0.0000
20.10          -0.0002
20.13          -0.0004
20.16          -0.0006
20.19          -0.0009
20.22          -0.0011
20.25          -0.0013
20.28          -0.0015
20.31          -0.0018
20.34          -0.0020
20.37          -0.0022
20.40          -0.0025
20.43          -0.0027
20.46          -0.0029
20.49          -0.0031
20.52          -0.0034
20.55          -0.0036
20.58          -0.0038
20.61          -0.0041
20.64          -0.0043
20.67          -0.0045
20.70          -0.0047
20.73          -0.0050
20.76          -0.0052
20.79          -0.0054
20.82          -0.0056
20.85          -0.0058
20.88          -0.0061
20.91          -0.0063
20.94          -0.0065
20.97          -0.0067
21.00          -0.0070
21.03          -0.0072
21.06          -0.0074
21.09          -0.0076
21.12          -0.0078
21.15          -0.0080
21.18          -0.0083
21.21          -0.0085
21.24          -0.0087
21.27          -0.0089
21.30          -0.0091
21.33          -0.0093
21.36          -0.0095
21.39          -0.0097
21.42          -0.0099
21.45          -0.0101
21.48          -0.0103
21.51          -0.0105
21.54          -0.0108
21.57          -0.0110
21.60          -0.0112
21.63          -0.0113
21.66          -0.0115
21.69          -0.0117
21.72          -0.0119
21.75          -0.0121
21.78          -0.0123
21.81          -0.0125
21.84          -0.0127
21.87          -0.0129
21.90          -0.0131
21.93          -0.0132
21.96          -0.0134
21.99          -0.0136
22.02          -0.0138
22.05          -0.0140
22.08          -0.0141
22.11          -0.0143
22.14          -0.0145
22.17          -0.0146
22.20          -0.0148
22.23          -0.0150
22.26          -0.0151
22.29          -0.0153
22.32          -0.0155
22.35          -0.0156
22.38          -0.0158
22.41          -0.0159
22.44          -0.0161
22.47          -0.0162
22.50          -0.0164
22.53          -0.0165
22.56          -0.0167
22.59          -0.0168
22.62          -0.0169
22.65          -0.0171
22.68          -0.0172
22.71          -0.0173
22.74          -0.0175
22.77          -0.0176
22.80          -0.0177
22.83          -0.0178
22.86          -0.0180
22.89          -0.0181
22.92          -0.0182
22.95          -0.0183
22.98          -0.0184
23.01          -0.0185
23.04          -0.0186
23.07          -0.0187
23.10          -0.0188
23.13          -0.0189
23.16          -0.0190
23.19          -0.0191
23.22          -0.0192
23.25          -0.0193
23.28          -0.0194
23.31          -0.0195
23.34          -0.0195
23.37          -0.0196
23.40          -0.0197
23.43          -0.0198
23.46          -0.0198
23.49          -0.0199
23.52          -0.0200
23.55          -0.0200
23.58          -0.0201
23.61          -0.0202
23.64          -0.0202
23.67          -0.0203
23.70          -0.0203
23.73          -0.0204
23.76          -0.0204
23.79          -0.0204
23.82          -0.0205
23.85          -0.0205
23.88          -0.0205
23.91          -0.0206
23.94          -0.0206
23.97          -0.0206
24.00          -0.0207
24.03          -0.0207
24.06          -0.0207
24.09          -0.0207
24.12          -0.0207
24.15          -0.0207
24.18          -0.0207
24.21          -0.0207
24.24          -0.0207
24.27          -0.0207
24.30          -0.0207
24.33          -0.0207
24.36          -0.0207
24.39          -0.0207
24.42          -0.0207
24.45          -0.0206
24.48          -0.0206
24.51          -0.0206
24.54          -0.0206
24.57          -0.0205
24.60          -0.0205
24.63          -0.0205
24.66          -0.0204
24.69          -0.0204
24.72          -0.0204
24.75          -0.0203
24.78          -0.0203
24.81          -0.0202
24.84          -0.0201
24.87          -0.0201
24.90          -0.0200
24.93          -0.0200
24.96          -0.0199
24.99          -0.0198
25.02          -0.0198
25.05          -0.0197
25.08          -0.0196
25.11          -0.0195
25.14          -0.0195
25.17          -0.0194
25.20          -0.0193
25.23          -0.0192
25.26          -0.0191
25.29          -0.0190
25.32          -0.0189
25.35          -0.0188
25.38          -0.0187
25.41          -0.0186
25.44          -0.0185
25.47          -0.0184
25.50          -0.0183
25.53          -0.0182
25.56          -0.0180
25.59          -0.0179
25.62          -0.0178
25.65          -0.0177
25.68          -0.0176
25.71          -0.0174
25.74          -0.0173
25.77          -0.0172
25.80          -0.0170
25.83          -0.0169
25.86          -0.0168
25.89          -0.0166
25.92          -0.0165
25.95          -0.0163
25.98          -0.0162
26.01          -0.0160
26.04          -0.0159
26.07          -0.0157
26.10          -0.0156
26.13          -0.0154
26.16          -0.0153
26.19          -0.0151
26.22          -0.0149
26.25          -0.0148
26.28          -0.0146
26.31          -0.0144
26.34          -0.0143
26.37          -0.0141
26.40          -0.0139
26.43          -0.0137
26.46          -0.0135
26.49          -0.0134
26.52          -0.0132
26.55          -0.0130
26.58          -0.0128
26.61          -0.0126
26.64          -0.0124
26.67          -0.0123
26.70          -0.0121
26.73          -0.0119
26.76          -0.0117
26.79          -0.0115
26.82          -0.0113
26.85          -0.0111
26.88          -0.0109
26.91          -0.0107
26.94          -0.0105
26.97          -0.0103
27.00          -0.0101
27.03          -0.0099
27.06          -0.0097
27.09          -0.0094
27.12          -0.0092
27.15          -0.0090
27.18          -0.0088
27.21          -0.0086
27.24          -0.0084
27.27          -0.0082
27.30          -0.0080
27.33          -0.0077
27.36          -0.0075
27.39          -0.0073
27.42          -0.0071
27.45          -0.0069
27.48          -0.0066
27.51          -0.0064
27.54          -0.0062
27.57          -0.0060
27.60          -0.0057
27.63          -0.0055
27.66          -0.0053
27.69          -0.0051
27.72          -0.0048
27.75          -0.0046
27.78          -0.0044
27.81          -0.0042
27.84          -0.0039
27.87          -0.0037
27.90          -0.0035
27.93          -0.0033
27.96          -0.0030
27.99          -0.0028
28.02          -0.0026
28.05          -0.0023
28.08          -0.0021
28.11          -0.0019
28.14          -0.0016
28.17          -0.0014
28.20          -0.0012
28.23          -0.0010
28.26          -0.0007
28.29          -0.0005
28.32          -0.0003
28.35          -0.0000
28.38           0.0002
28.41           0.0004
28.44           0.0006
28.47           0.0009
28.50           0.0011
28.53           0.0013
28.56           0.0016
28.59           0.0018
28.62           0.0020
28.65           0.0022
28.68           0.0025
28.71           0.0027
28.74           0.0029
28.77           0.0031
28.80           0.0033
28.83           0.0036
28.86           0.0038
28.89           0.0040
28.92           0.0042
28.95           0.0044
28.98           0.0047
29.01           0.0049
29.04           0.0051
29.07           0.0053
29.10           0.0055
29.13           0.0057
29.16           0.0060
29.19           0.0062
29.22           0.0064
29.25           0.0066
29.28           0.0068
29.31           0.0070
29.34           0.0072
29.37           0.0074
29.40           0.0076
29.43           0.0078
29.46           0.0080
29.49           0.0082
29.52           0.0084
29.55           0.0086
29.58           0.0088
29.61           0.0090
29.64           0.0092
29.67           0.0094
29.70           0.0096
29.73           0.0097
29.76           0.0099
29.79           0.0101
29.82           0.0103
29.85           0.0105
29.88           0.0107
29.91           0.0108
29.94           0.0110
29.97           0.0112
30.00           0.0114
30.03           0.0115
30.06           0.0117
30.09           0.0119
30.12           0.0120
30.15           0.0122
30.18           0.0124
30.21           0.0125
30.24           0.0127
30.27           0.0128
30.30           0.0130
30.33           0.0131
30.36           0.0133
30.39           0.0134
30.42           0.0136
30.45           0.0137
30.48           0.0139
30.51           0.0140
30.54           0.0141
30.57           0.0143
30.60           0.0144
30.63           0.0145
30.66           0.0147
30.69           0.0148
30.72           0.0149
30.75           0.0150
30.78           0.0152
30.81           0.0153
30.84           0.0154
30.87           0.0155
30.90           0.0156
30.93           0.0157
30.96           0.0158
30.99           0.0159
31.02           0.0160
31.05           0.0161
31.08           0.0162
31.11           0.0163
31.14           0.0164
31.17           0.0165
31.20           0.0166
31.23           0.0167
31.26           0.0168
31.29           0.0168
31.32           0.0169
31.35           0.0170
31.38           0.0171
31.41           0.0171
31.44           0.0172
31.47           0.0173
31.50           0.0173
31.53           0.0174
31.56           0.0175
31.59           0.0175
31.62           0.0176
31.65           0.0176
31.68           0.0177
31.71           0.0177
31.74           0.0178
31.77           0.0178
31.80           0.0178
31.83           0.0179
31.86           0.0179
31.89           0.0179
31.92           0.0180
31.95           0.0180
31.98           0.0180
32.01           0.0180
32.04           0.0180
32.07           0.0181
32.10           0.0181
32.13           0.0181
32.16           0.0181
32.19           0.0181
32.22           0.0181
32.25           0.0181
32.28           0.0181
32.31           0.0181
32.34           0.0181
32.37           0.0181
32.40           0.0181
32.43           0.0181
32.46           0.0180
32.49           0.0180
32.52           0.0180
32.55           0.0180
32.58           0.0180
32.61           0.0179
32.64           0.0179
32.67           0.0179
32.70           0.0178
32.73           0.0178
32.76           0.0178
32.79           0.0177
32.82           0.0177
32.85           0.0176
32.88           0.0176
32.91           0.0175
32.94           0.0175
32.97           0.0174
33.00           0.0173
33.03           0.0173
33.06           0.0172
33.09           0.0172
33.12           0.0171
33.15           0.0170
33.18           0.0170
33.21           0.0169
33.24           0.0168
33.27           0.0167
33.30           0.0166
33.33           0.0166
33.36           0.0165
33.39           0.0164
33.42           0.0163
33.45           0.0162
33.48           0.0161
33.51           0.0160
33.54           0.0159
33.57           0.0158
33.60           0.0157
33.63           0.0156
33.66           0.0155
33.69           0.0154
33.72           0.0153
33.75           0.0152
33.78           0.0151
33.81           0.0150
33.84           0.0149
33.87           0.0147
33.90           0.0146
33.93           0.0145
33.96           0.0144
33.99           0.0143
34.02           0.0141
34.05           0.0140
34.08           0.0139
34.11           0.0138
34.14           0.0136
34.17           0.0135
34.20           0.0134
34.23           0.0132
34.26           0.0131
34.29           0.0129
34.32           0.0128
34.35           0.0127
34.38           0.0125
34.41           0.0124
34.44           0.0122
34.47           0.0121
34.50           0.0119
34.53           0.0118
34.56           0.0116
34.59           0.0115
34.62           0.0113
34.65           0.0112
34.68           0.0110
34.71           0.0109
34.74           0.0107
34.77           0.0105
34.80           0.0104
34.83           0.0102
34.86           0.0101
34.89           0.0099
34.92           0.0097
34.95           0.0096
34.98           0.0094
35.01           0.0092
35.04           0.0091
35.07           0.0089
35.10           0.0087
35.13           0.0086
35.16           0.0084
35.19           0.0082
35.22           0.0081
35.25           0.0079
35.28           0.0077
35.31           0.0075
35.34           0.0074
35.37           0.0072
35.40           0.0070
35.43           0.0068
35.46           0.0067
35.49           0.0065
35.52           0.0063
35.55           0.0061
35.58           0.0060
35.61           0.0058
35.64           0.0056
35.67           0.0054
35.70           0.0053
35.73           0.0051
35.76           0.0049
35.79           0.0047
35.82           0.0046
35.85           0.0044
35.88           0.0042
35.91           0.0040
35.94           0.0038
35.97           0.0037
36.00           0.0035
36.03           0.0033
36.06           0.0031
36.09           0.0030
36.12           0.0028
36.15           0.0026
36.18           0.0024
36.21           0.0022
36.24           0.0021
36.27           0.0019
36.30           0.0017
36.33           0.0015
36.36           0.0014
36.39           0.0012
36.42           0.0010
36.45           0.0008
36.48           0.0007
36.51           0.0005
36.54           0.0003
36.57           0.0002
36.60          -0.0000
36.63          -0.0002
36.66          -0.0004
36.69          -0.0005
36.72          -0.0007
36.75          -0.0009
36.78          -0.0010
36.81          -0.0012
36.84          -0.0014
36.87          -0.0015
36.90          -0.0017
36.93          -0.0019
36.96          -0.0020
36.99          -0.0022
37.02          -0.0023
37.05          -0.0025
37.08          -0.0027
37.11          -0.0028
37.14          -0.0030
37.17          -0.0031
37.20          -0.0033
37.23          -0.0034
37.26          -0.0036
37.29          -0.0037
37.32          -0.0039
37.35          -0.0040
37.38          -0.0042
37.41          -0.0043
37.44          -0.0045
37.47          -0.0046
37.50          -0.0048
37.53          -0.0049
37.56          -0.0051
37.59          -0.0052
37.62          -0.0053
37.65          -0.0055
37.68          -0.0056
37.71          -0.0057
37.74          -0.0059
37.77          -0.0060
37.80          -0.0061
37.83          -0.0063
37.86          -0.0064
37.89          -0.0065
37.92          -0.0066
37.95          -0.0068
37.98          -0.0069
38.01          -0.0070
38.04          -0.0071
38.07          -0.0072
38.10          -0.0074
38.13          -0.0075
38.16          -0.0076
38.19          -0.0077
38.22          -0.0078
38.25          -0.0079
38.28          -0.0080
38.31          -0.0081
38.34          -0.0082
38.37          -0.0083
38.40          -0.0084
38.43          -0.0085
38.46          -0.0086
38.49          -0.0087
38.52          -0.0088
38.55          -0.0089
38.58          -0.0090
38.61          -0.0091
38.64          -0.0092
38.67          -0.0093
38.70          -0.0093
38.73          -0.0094
38.76          -0.0095
38.79          -0.0096
38.82          -0.0097
38.85          -0.0097
38.88          -0.0098
38.91          -0.0099
38.94          -0.0099
38.97          -0.0100
39.00          -0.0101
39.03          -0.0101
39.06          -0.0102
39.09          -0.0103
39.12          -0.0103
39.15          -0.0104
39.18          -0.0104
39.21          -0.0105
39.24          -0.0105
39.27          -0.0106
39.30          -0.0106
39.33          -0.0107
39.36          -0.0107
39.39          -0.0108
39.42          -0.0108
39.45          -0.0109
39.48          -0.0109
39.51          -0.0109
39.54          -0.0110
39.57          -0.0110
39.60          -0.0110
39.63          -0.0111
39.66          -0.0111
39.69          -0.0111
39.72          -0.0111
39.75          -0.0112
39.78          -0.0112
39.81          -0.0112
39.84          -0.0112
39.87          -0.0112
39.90          -0.0112
39.93          -0.0112
39.96          -0.0113
39.99          -0.0113
40.02          -0.0113
40.05          -0.0113
40.08          -0.0113
40.11          -0.0113
40.14          -0.0113
40.17          -0.0113
40.20          -0.0113
40.23          -0.0113
40.26          -0.0113
40.29          -0.0113
40.32          -0.0112
40.35          -0.0112
40.38          -0.0112
40.41          -0.0112
40.44          -0.0112
40.47          -0.0112
40.50          -0.0112
40.53          -0.0111
40.56          -0.0111
40.59          -0.0111
40.62          -0.0111
40.65          -0.0110
40.68          -0.0110
40.71          -0.0110
40.74          -0.0109
40.77          -0.0109
40.80          -0.0109
40.83          -0.0108
40.86          -0.0108
40.89          -0.0108
40.92          -0.0107
40.95          -0.0107
40.98          -0.0106
41.01          -0.0106
41.04          -0.0106
41.07          -0.0105
41.10          -0.0105
41.13          -0.0104
41.16          -0.0104
41.19          -0.0103
41.22          -0.0103
41.25          -0.0102
41.28          -0.0101
41.31          -0.0101
41.34          -0.0100
41.37          -0.0100
41.40          -0.0099
41.43          -0.0099
41.46          -0.0098
41.49          -0.0097
41.52          -0.0097
41.55          -0.0096
41.58          -0.0095
41.61          -0.0095
41.64          -0.0094
41.67          -0.0093
41.70          -0.0093
41.73          -0.0092
41.76          -0.0091
41.79          -0.0090
41.82          -0.0090
41.85          -0.0089
41.88          -0.0088
41.91          -0.0087
41.94          -0.0087
41.97          -0.0086
42.00          -0.0085
42.03          -0.0084
42.06          -0.0083
42.09          -0.0083
42.12          -0.0082
42.15          -0.0081
42.18          -0.0080
42.21          -0.0079
42.24          -0.0078
42.27          -0.0078
42.30          -0.0077
42.33          -0.0076
42.36          -0.0075
42.39          -0.0074
42.42          -0.0073
42.45          -0.0072
42.48          -0.0071
42.51          -0.0071
42.54          -0.0070
42.57          -0.0069
42.60          -0.0068
42.63          -0.0067
42.66          -0.0066
42.69          -0.0065
42.72          -0.0064
42.75          -0.0063
42.78          -0.0062
42.81          -0.0061
42.84          -0.0060
42.87          -0.0060
42.90          -0.0059
42.93          -0.0058
42.96          -0.0057
42.99          -0.0056
43.02          -0.0055
43.05          -0.0054
43.08          -0.0053
43.11          -0.0052
43.14          -0.0051
43.17          -0.0050
43.20          -0.0049
43.23          -0.0048
43.26          -0.0047
43.29          -0.0046
43.32          -0.0045
43.35          -0.0044
43.38          -0.0043
43.41          -0.0043
43.44          -0.0042
43.47          -0.0041
43.50          -0.0040
43.53          -0.0039
43.56          -0.0038
43.59          -0.0037
43.62          -0.0036
43.65          -0.0035
43.68          -0.0034
43.71          -0.0033
43.74          -0.0032
43.77          -0.0031
43.80          -0.0030
43.83          -0.0030
43.86          -0.0029
43.89          -0.0028
43.92          -0.0027
43.95          -0.0026
43.98          -0.0025
44.01          -0.0024
44.04          -0.0023
44.07          -0.0022
44.10          -0.0021
44.13          -0.0021
44.16          -0.0020
44.19          -0.0019
44.22          -0.0018
44.25          -0.0017
44.28          -0.0016
44.31          -0.0015
44.34          -0.0015
44.37          -0.0014
44.40          -0.0013
44.43          -0.0012
44.46          -0.0011
44.49          -0.0011
44.52          -0.0010
44.55          -0.0009
44.58          -0.0008
44.61          -0.0007
44.64          -0.0007
44.67          -0.0006
44.70          -0.0005
44.73          -0.0004
44.76          -0.0004
44.79          -0.0003
44.82          -0.0002
44.85          -0.0001
44.88          -0.0001
44.91          -0.0000
44.94           0.0001
44.97           0.0001
45.00           0.0002
45.03           0.0003
45.06           0.0003
45.09           0.0004
45.12           0.0005
45.15           0.0005
45.18           0.0006
45.21           0.0006
45.24           0.0007
45.27           0.0008
45.30           0.0008
45.33           0.0009
45.36           0.0009
45.39           0.0010
45.42           0.0011
45.45           0.0011
45.48           0.0012
45.51           0.0012
45.54           0.0013
45.57           0.0013
45.60           0.0014
45.63           0.0014
45.66           0.0015
45.69           0.0015
45.72           0.0016
45.75           0.0016
45.78           0.0016
45.81           0.0017
45.84           0.0017
45.87           0.0018
45.90           0.0018
45.93           0.0019
45.96           0.0019
45.99           0.0019
46.02           0.0020
46.05           0.0020
46.08           0.0020
46.11           0.0021
46.14           0.0021
46.17           0.0021
46.20           0.0022
46.23           0.0022
46.26           0.0022
46.29           0.0023
46.32           0.0023
46.35           0.0023
46.38           0.0023
46.41           0.0024
46.44           0.0024
46.47           0.0024
46.50           0.0024
46.53           0.0024
46.56           0.0025
46.59           0.0025
46.62           0.0025
46.65           0.0025
46.68           0.0025
46.71           0.0025
46.74           0.0026
46.77           0.0026
46.80           0.0026
46.83           0.0026
46.86           0.0026
46.89           0.0026
46.92           0.0026
46.95           0.0026
46.98           0.0026
47.01           0.0026
47.04           0.0026
47.07           0.0026
47.10           0.0026
47.13           0.0026
47.16           0.0026
47.19           0.0026
47.22           0.0026
47.25           0.0026
47.28           0.0026
47.31           0.0026
47.34           0.0026
47.37           0.0026
47.40           0.0026
47.43           0.0026
47.46           0.0026
47.49           0.0026
47.52           0.0026
47.55           0.0026
47.58           0.0026
47.61           0.0026
47.64           0.0026
47.67           0.0025
47.70           0.0025
47.73           0.0025
47.76           0.0025
47.79           0.0025
47.82           0.0025
47.85           0.0025
47.88           0.0024
47.91           0.0024
47.94           0.0024
47.97           0.0024
48.00           0.0024
48.03           0.0024
48.06           0.0023
48.09           0.0023
48.12           0.0023
48.15           0.0023
48.18           0.0022
48.21           0.0022
48.24           0.0022
48.27           0.0022
48.30           0.0022
48.33           0.0021
48.36           0.0021
48.39           0.0021
48.42           0.0021
48.45           0.0020
48.48           0.0020
48.51           0.0020
48.54           0.0020
48.57           0.0019
48.60           0.0019
48.63           0.0019
48.66           0.0018
48.69           0.0018
48.72           0.0018
48.75           0.0018
48.78           0.0017
48.81           0.0017
48.84           0.0017
48.87           0.0016
48.90           0.0016
48.93           0.0016
48.96           0.0016
48.99           0.0015
49.02           0.0015
49.05           0.0015
49.08           0.0014
49.11           0.0014
49.14           0.0014
49.17           0.0013
49.20           0.0013
49.23           0.0013
49.26           0.0012
49.29           0.0012
49.32           0.0012
49.35           0.0012
49.38           0.0011
49.41           0.0011
49.44           0.0011
49.47           0.0010
49.50           0.0010
49.53           0.0010
49.56           0.0009
49.59           0.0009
49.62           0.0009
49.65           0.0009
49.68           0.0008
49.71           0.0008
49.74           0.0008
49.77           0.0007
49.80           0.0007
49.83           0.0007
49.86           0.0007
49.89           0.0006
49.92           0.0006
49.95           0.0006
49.98           0.0005
50.01           0.0005
50.04           0.0005
50.07           0.0005
50.10           0.0004
50.13           0.0004
50.16           0.0004
50.19           0.0004
50.22           0.0003
50.25           0.0003
50.28           0.0003
50.31           0.0003
50.34           0.0002
50.37           0.0002
50.40           0.0002
50.43           0.0002
50.46           0.0002
50.49           0.0001
50.52           0.0001
50.55           0.0001
50.58           0.0001
50.61           0.0001
50.64           0.0000
50.67           0.0000
50.70           0.0000
50.73          -0.0000
50.76          -0.0000
50.79          -0.0000
50.82          -0.0000
50.85          -0.0001
50.88          -0.0001
50.91          -0.0001
50.94          -0.0001
50.97          -0.0001
51.00          -0.0001
51.03          -0.0001
51.06          -0.0001
51.09          -0.0001
51.12          -0.0002
51.15          -0.0002
51.18          -0.0002
51.21          -0.0002
51.24          -0.0002
51.27          -0.0002
51.30          -0.0002
51.33          -0.0002
51.36          -0.0002
51.39          -0.0002
51.42          -0.0002
51.45          -0.0002
51.48          -0.0002
51.51          -0.0002
51.54          -0.0002
51.57          -0.0002
51.60          -0.0002
51.63          -0.0002
51.66          -0.0002
51.69          -0.0002
51.72          -0.0002
51.75          -0.0002
51.78          -0.0001
51.81          -0.0001
51.84          -0.0001
51.87          -0.0001
51.90          -0.0001
51.93          -0.0001
51.96          -0.0001
51.99          -0.0001
52.02          -0.0001
52.05          -0.0000
52.08          -0.0000
52.11          -0.0000
52.14           0.0000
52.17           0.0000
52.20           0.0001
52.23           0.0001
52.26           0.0001
52.29           0.0001
52.32           0.0001
52.35           0.0002
52.38           0.0002
52.41           0.0002
52.44           0.0002
52.47           0.0003
52.50           0.0003
52.53           0.0003
52.56           0.0003
52.59           0.0004
52.62           0.0004
52.65           0.0004
52.68           0.0005
52.71           0.0005
52.74           0.0005
52.77           0.0006
52.80           0.0006
52.83           0.0006
52.86           0.0007
52.89           0.0007
52.92           0.0007
52.95           0.0008
52.98           0.0008
53.01           0.0009
53.04           0.0009
53.07           0.0009
53.10           0.0010
53.13           0.0010
53.16           0.0011
53.19           0.0011
53.22           0.0012
53.25           0.0012
53.28           0.0012
53.31           0.0013
53.34           0.0013
53.37           0.0014
53.40           0.0014
53.43           0.0015
53.46           0.0015
53.49           0.0016
53.52           0.0016
53.55           0.0017
53.58           0.0017
53.61           0.0018
53.64           0.0018
53.67           0.0019
53.70           0.0019
53.73           0.0020
53.76           0.0020
53.79           0.0021
53.82           0.0022
53.85           0.0022
53.88           0.0023
53.91           0.0023
53.94           0.0024
53.97           0.0024
54.00           0.0025
54.03           0.0026
54.06           0.0026
54.09           0.0027
54.12           0.0027
54.15           0.0028
54.18           0.0028
54.21           0.0029
54.24           0.0030
54.27           0.0030
54.30           0.0031
54.33           0.0031
54.36           0.0032
54.39           0.0033
54.42           0.0033
54.45           0.0034
54.48           0.0034
54.51           0.0035
54.54           0.0036
54.57           0.0036
54.60           0.0037
54.63           0.0038
54.66           0.0038
54.69           0.0039
54.72           0.0039
54.75           0.0040
54.78           0.0041
54.81           0.0041
54.84           0.0042
54.87           0.0043
54.90           0.0043
54.93           0.0044
54.96           0.0044
54.99           0.0045
55.02           0.0046
55.05           0.0046
55.08           0.0047
55.11           0.0047
55.14           0.0048
55.17           0.0049
55.20           0.0049
55.23           0.0050
55.26           0.0051
55.29           0.0051
55.32           0.0052
55.35           0.0052
55.38           0.0053
55.41           0.0053
55.44           0.0054
55.47           0.0055
55.50           0.0055
55.53           0.0056
55.56           0.0056
55.59           0.0057
55.62           0.0058
55.65           0.0058
55.68           0.0059
55.71           0.0059
55.74           0.0060
55.77           0.0060
55.80           0.0061
55.83           0.0061
55.86           0.0062
55.89           0.0062
55.92           0.0063
55.95           0.0063
55.98           0.0064
56.01           0.0064
56.04           0.0065
56.07           0.0065
56.10           0.0066
56.13           0.0066
56.16           0.0067
56.19           0.0067
56.22           0.0068
56.25           0.0068
56.28           0.0068
56.31           0.0069
56.34           0.0069
56.37           0.0070
56.40           0.0070
56.43           0.0070
56.46           0.0071
56.49           0.0071
56.52           0.0072
56.55           0.0072
56.58           0.0072
56.61           0.0073
56.64           0.0073
56.67           0.0073
56.70           0.0074
56.73           0.0074
56.76           0.0074
56.79           0.0074
56.82           0.0075
56.85           0.0075
56.88           0.0075
56.91           0.0075
56.94           0.0076
56.97           0.0076
57.00           0.0076
57.03           0.0076
57.06           0.0076
57.09           0.0077
57.12           0.0077
57.15           0.0077
57.18           0.0077
57.21           0.0077
57.24           0.0077
57.27           0.0077
57.30           0.0078
57.33           0.0078
57.36           0.0078
57.39           0.0078
57.42           0.0078
57.45           0.0078
57.48           0.0078
57.51           0.0078
57.54           0.0078
57.57           0.0078
57.60           0.0078
57.63           0.0078
57.66           0.0078
57.69           0.0078
57.72           0.0077
57.75           0.0077
57.78           0.0077
57.81           0.0077
57.84           0.0077
57.87           0.0077
57.90           0.0077
57.93           0.0077
57.96           0.0076
57.99           0.0076
58.02           0.0076
58.05           0.0076
58.08           0.0075
58.11           0.0075
58.14           0.0075
58.17           0.0075
58.20           0.0074
58.23           0.0074
58.26           0.0074
58.29           0.0073
58.32           0.0073
58.35           0.0073
58.38           0.0072
58.41           0.0072
58.44           0.0071
58.47           0.0071
58.50           0.0071
58.53           0.0070
58.56           0.0070
58.59           0.0069
58.62           0.0069
58.65           0.0068
58.68           0.0068
58.71           0.0067
58.74           0.0067
58.77           0.0066
58.80           0.0065
58.83           0.0065
58.86           0.0064
58.89           0.0064
58.92           0.0063
58.95           0.0062
58.98           0.0062
59.01           0.0061
59.04           0.0060
59.07           0.0060
59.10           0.0059
59.13           0.0058
59.16           0.0058
59.19           0.0057
59.22           0.0056
59.25           0.0055
59.28           0.0054
59.31           0.0054
59.34           0.0053
59.37           0.0052
59.40           0.0051
59.43           0.0050
59.46           0.0049
59.49           0.0049
59.52           0.0048
59.55           0.0047
59.58           0.0046
59.61           0.0045
59.64           0.0044
59.67           0.0043
59.70           0.0042
59.73           0.0041
59.76           0.0040
59.79           0.0039
59.82           0.0038
59.85           0.0037
59.88           0.0036
59.91           0.0035
59.94           0.0034
59.97           0.0033
60.00           0.0032
60.03           0.0031
60.06           0.0030
60.09           0.0029
60.12           0.0028
60.15           0.0026
60.18           0.0025
60.21           0.0024
60.24           0.0023
60.27           0.0022
60.30           0.0021
60.33           0.0019
60.36           0.0018
60.39           0.0017
60.42           0.0016
60.45           0.0015
60.48           0.0013
60.51           0.0012
60.54           0.0011
60.57           0.0010
60.60           0.0009
60.63           0.0007
60.66           0.0006
60.69           0.0005
60.72           0.0003
60.75           0.0002
60.78           0.0001
60.81          -0.0000
60.84          -0.0002
60.87          -0.0003
60.90          -0.0004
60.93          -0.0006
60.96          -0.0007
60.99          -0.0008
61.02          -0.0010
61.05          -0.0011
61.08          -0.0012
61.11          -0.0014
61.14          -0.0015
61.17          -0.0016
61.20          -0.0018
61.23          -0.0019
61.26          -0.0021
61.29          -0.0022
61.32          -0.0023
61.35          -0.0025
61.38          -0.0026
61.41          -0.0027
61.44          -0.0029
61.47          -0.0030
61.50          -0.0032
61.53          -0.0033
61.56          -0.0034
61.59          -0.0036
61.62          -0.0037
61.65          -0.0039
61.68          -0.0040
61.71          -0.0041
61.74          -0.0043
61.77          -0.0044
61.80          -0.0045
61.83          -0.0047
61.86          -0.0048
61.89          -0.0050
61.92          -0.0051
61.95          -0.0052
61.98          -0.0054
62.01          -0.0055
62.04          -0.0057
62.07          -0.0058
62.10          -0.0059
62.13          -0.0061
62.16          -0.0062
62.19          -0.0063
62.22          -0.0065
62.25          -0.0066
62.28          -0.0067
62.31          -0.0069
62.34          -0.0070
62.37          -0.0072
62.40          -0.0073
62.43          -0.0074
62.46          -0.0076
62.49          -0.0077
62.52          -0.0078
62.55          -0.0079
62.58          -0.0081
62.61          -0.0082
62.64          -0.0083
62.67          -0.0085
62.70          -0.0086
62.73          -0.0087
62.76          -0.0088
62.79          -0.0090
62.82          -0.0091
62.85          -0.0092
62.88          -0.0093
62.91          -0.0094
62.94          -0.0096
62.97          -0.0097
63.00          -0.0098
63.03          -0.0099
63.06          -0.0100
63.09          -0.0102
63.12          -0.0103
63.15          -0.0104
63.18          -0.0105
63.21          -0.0106
63.24          -0.0107
63.27          -0.0108
63.30          -0.0109
63.33          -0.0110
63.36          -0.0111
63.39          -0.0112
63.42          -0.0113
63.45          -0.0115
63.48          -0.0116
63.51          -0.0116
63.54          -0.0117
63.57          -0.0118
63.60          -0.0119
63.63          -0.0120
63.66          -0.0121
63.69          -0.0122
63.72          -0.0123
63.75          -0.0124
63.78          -0.0125
63.81          -0.0126
63.84          -0.0126
63.87          -0.0127
63.90          -0.0128
63.93          -0.0129
63.96          -0.0130
63.99          -0.0130
64.02          -0.0131
64.05          -0.0132
64.08          -0.0132
64.11          -0.0133
64.14          -0.0134
64.17          -0.0135
64.20          -0.0135
64.23          -0.0136
64.26          -0.0136
64.29          -0.0137
64.32          -0.0138
64.35          -0.0138
64.38          -0.0139
64.41          -0.0139
64.44          -0.0140
64.47          -0.0140
64.50          -0.0141
64.53          -0.0141
64.56          -0.0141
64.59          -0.0142
64.62          -0.0142
64.65          -0.0143
64.68          -0.0143
64.71          -0.0143
64.74          -0.0143
64.77          -0.0144
64.80          -0.0144
64.83          -0.0144
64.86          -0.0145
64.89          -0.0145
64.92          -0.0145
64.95          -0.0145
64.98          -0.0145
65.01          -0.0145
65.04          -0.0145
65.07          -0.0146
65.10          -0.0146
65.13          -0.0146
65.16          -0.0146
65.19          -0.0146
65.22          -0.0146
65.25          -0.0146
65.28          -0.0146
65.31          -0.0145
65.34          -0.0145
65.37          -0.0145
65.40          -0.0145
65.43          -0.0145
65.46          -0.0145
65.49          -0.0145
65.52          -0.0144
65.55          -0.0144
65.58          -0.0144
65.61          -0.0144
65.64          -0.0143
65.67          -0.0143
65.70          -0.0143
65.73          -0.0142
65.76          -0.0142
65.79          -0.0141
65.82          -0.0141
65.85          -0.0141
65.88          -0.0140
65.91          -0.0140
65.94          -0.0139
65.97          -0.0139
66.00          -0.0138
66.03          -0.0137
66.06          -0.0137
66.09          -0.0136
66.12          -0.0136
66.15          -0.0135
66.18          -0.0134
66.21          -0.0133
66.24          -0.0133
66.27          -0.0132
66.30          -0.0131
66.33          -0.0130
66.36          -0.0130
66.39          -0.0129
66.42          -0.0128
66.45          -0.0127
66.48          -0.0126
66.51          -0.0125
66.54          -0.0124
66.57          -0.0123
66.60          -0.0123
66.63          -0.0122
66.66          -0.0121
66.69          -0.0120
66.72          -0.0118
66.75          -0.0117
66.78          -0.0116
66.81          -0.0115
66.84          -0.0114
66.87          -0.0113
66.90          -0.0112
66.93          -0.0111
66.96          -0.0110
66.99          -0.0108
67.02          -0.0107
67.05          -0.0106
67.08          -0.0105
67.11          -0.0103
67.14          -0.0102
67.17          -0.0101
67.20          -0.0099
67.23          -0.0098
67.26          -0.0097
67.29          -0.0095
67.32          -0.0094
67.35          -0.0093
67.38          -0.0091
67.41          -0.0090
67.44          -0.0088
67.47          -0.0087
67.50          -0.0085
67.53          -0.0084
67.56          -0.0082
67.59          -0.0081
67.62          -0.0079
67.65          -0.0078
67.68          -0.0076
67.71          -0.0075
67.74          -0.0073
67.77          -0.0071
67.80          -0.0070
67.83          -0.0068
67.86          -0.0067
67.89          -0.0065
67.92          -0.0063
67.95          -0.0062
67.98          -0.0060
68.01          -0.0058
68.04          -0.0056
68.07          -0.0055
68.10          -0.0053
68.13          -0.0051
68.16          -0.0049
68.19          -0.0048
68.22          -0.0046
68.25          -0.0044
68.28          -0.0042
68.31          -0.0041
68.34          -0.0039
68.37          -0.0037
68.40          -0.0035
68.43          -0.0033
68.46          -0.0031
68.49          -0.0030
68.52          -0.0028
68.55          -0.0026
68.58          -0.0024
68.61          -0.0022
68.64          -0.0020
68.67          -0.0018
68.70          -0.0017
68.73          -0.0015
68.76          -0.0013
68.79          -0.0011
68.82          -0.0009
68.85          -0.0007
68.88          -0.0005
68.91          -0.0003
68.94          -0.0001
68.97           0.0001
69.00           0.0003
69.03           0.0005
69.06           0.0007
69.09           0.0008
69.12           0.0010
69.15           0.0012
69.18           0.0014
69.21           0.0016
69.24           0.0018
69.27           0.0020
69.30           0.0022
69.33           0.0024
69.36           0.0026
69.39           0.0028
69.42           0.0030
69.45           0.0032
69.48           0.0034
69.51           0.0036
69.54           0.0038
69.57           0.0039
69.60           0.0041
69.63           0.0043
69.66           0.0045
69.69           0.0047
69.72           0.0049
69.75           0.0051
69.78           0.0053
69.81           0.0055
69.84           0.0057
69.87           0.0058
69.90           0.0060
69.93           0.0062
69.96           0.0064
69.99           0.0066
70.02           0.0068
70.05           0.0070
70.08           0.0071
70.11           0.0073
70.14           0.0075
70.17           0.0077
70.20           0.0079
70.23           0.0081
70.26           0.0082
70.29           0.0084
70.32           0.0086
70.35           0.0088
70.38           0.0089
70.41           0.0091
70.44           0.0093
70.47           0.0095
70.50           0.0096
70.53           0.0098
70.56           0.0100
70.59           0.0101
70.62           0.0103
70.65           0.0105
70.68           0.0106
70.71           0.0108
70.74           0.0109
70.77           0.0111
70.80           0.0113
70.83           0.0114
70.86           0.0116
70.89           0.0117
70.92           0.0119
70.95           0.0120
70.98           0.0122
71.01           0.0123
71.04           0.0125
71.07           0.0126
71.10           0.0127
71.13           0.0129
71.16           0.0130
71.19           0.0132
71.22           0.0133
71.25           0.0134
71.28           0.0136
71.31           0.0137
71.34           0.0138
71.37           0.0139
71.40           0.0141
71.43           0.0142
71.46           0.0143
71.49           0.0144
71.52           0.0146
71.55           0.0147
71.58           0.0148
71.61           0.0149
71.64           0.0150
71.67           0.0151
71.70           0.0152
71.73           0.0153
71.76           0.0154
71.79           0.0155
71.82           0.0156
71.85           0.0157
71.88           0.0158
71.91           0.0159
71.94           0.0160
71.97           0.0161
72.00           0.0161
72.03           0.0162
72.06           0.0163
72.09           0.0164
72.12           0.0165
72.15           0.0165
72.18           0.0166
72.21           0.0167
72.24           0.0167
72.27           0.0168
72.30           0.0169
72.33           0.0169
72.36           0.0170
72.39           0.0170
72.42           0.0171
72.45           0.0171
72.48           0.0172
72.51           0.0172
72.54           0.0173
72.57           0.0173
72.60           0.0174
72.63           0.0174
72.66           0.0174
72.69           0.0174
72.72           0.0175
72.75           0.0175
72.78           0.0175
72.81           0.0175
72.84           0.0176
72.87           0.0176
72.90           0.0176
72.93           0.0176
72.96           0.0176
72.99           0.0176
73.02           0.0176
73.05           0.0176
73.08           0.0176
73.11           0.0176
73.14           0.0176
73.17           0.0176
73.20           0.0176
73.23           0.0176
73.26           0.0176
73.29           0.0175
73.32           0.0175
73.35           0.0175
73.38           0.0175
73.41           0.0175
73.44           0.0174
73.47           0.0174
73.50           0.0174
73.53           0.0173
73.56           0.0173
73.59           0.0172
73.62           0.0172
73.65           0.0171
73.68           0.0171
73.71           0.0170
73.74           0.0170
73.77           0.0169
73.80           0.0169
73.83           0.0168
73.86           0.0167
73.89           0.0167
73.92           0.0166
73.95           0.0165
73.98           0.0165
74.01           0.0164
74.04           0.0163
74.07           0.0162
74.10           0.0161
74.13           0.0161
74.16           0.0160
74.19           0.0159
74.22           0.0158
74.25           0.0157
74.28           0.0156
74.31           0.0155
74.34           0.0154
74.37           0.0153
74.40           0.0152
74.43           0.0151
74.46           0.0150
74.49           0.0149
74.52           0.0148
74.55           0.0146
74.58           0.0145
74.61           0.0144
74.64           0.0143
74.67           0.0142
74.70           0.0140
74.73           0.0139
74.76           0.0138
74.79           0.0136
74.82           0.0135
74.85           0.0134
74.88           0.0132
74.91           0.0131
74.94           0.0130
74.97           0.0128
75.00           0.0127
75.03           0.0125
75.06           0.0124
75.09           0.0122
75.12           0.0121
75.15           0.0119
75.18           0.0118
75.21           0.0116
75.24           0.0115
75.27           0.0113
75.30           0.0111
75.33           0.0110
75.36           0.0108
75.39           0.0106
75.42           0.0105
75.45           0.0103
75.48           0.0101
75.51           0.0100
75.54           0.0098
75.57           0.0096
75.60           0.0094
75.63           0.0093
75.66           0.0091
75.69           0.0089
75.72           0.0087
75.75           0.0086
75.78           0.0084
75.81           0.0082
75.84           0.0080
75.87           0.0078
75.90           0.0076
75.93           0.0074
75.96           0.0073
75.99           0.0071
76.02           0.0069
76.05           0.0067
76.08           0.0065
76.11           0.0063
76.14           0.0061
76.17           0.0059
76.20           0.0057
76.23           0.0055
76.26           0.0053
76.29           0.0051
76.32           0.0049
76.35           0.0047
76.38           0.0045
76.41           0.0043
76.44           0.0041
76.47           0.0039
76.50           0.0037
76.53           0.0035
76.56           0.0033
76.59           0.0031
76.62           0.0029
76.65           0.0027
76.68           0.0025
76.71           0.0023
76.74           0.0021
76.77           0.0019
76.80           0.0017
76.83           0.0015
76.86           0.0013
76.89           0.0011
76.92           0.0009
76.95           0.0007
76.98           0.0004
77.01           0.0002
77.04           0.0000
77.07          -0.0002
77.10          -0.0004
77.13          -0.0006
77.16          -0.0008
77.19          -0.0010
77.22          -0.0012
77.25          -0.0014
77.28          -0.0016
77.31          -0.0018
77.34          -0.0020
77.37          -0.0022
77.40          -0.0024
77.43          -0.0026
77.46          -0.0028
77.49          -0.0030
77.52          -0.0032
77.55          -0.0034
77.58          -0.0036
77.61          -0.0038
77.64          -0.0040
77.67          -0.0042
77.70          -0.0044
77.73          -0.0046
77.76          -0.0048
77.79          -0.0050
77.82          -0.0052
77.85          -0.0054
77.88          -0.0056
77.91          -0.0057
77.94          -0.0059
77.97          -0.0061
78.00          -0.0063
78.03          -0.0065
78.06          -0.0067
78.09          -0.0069
78.12          -0.0071
78.15          -0.0072
78.18          -0.0074
78.21          -0.0076
78.24          -0.0078
78.27          -0.0080
78.30          -0.0081
78.33          -0.0083
78.36          -0.0085
78.39          -0.0086
78.42          -0.0088
78.45          -0.0090
78.48          -0.0092
78.51          -0.0093
78.54          -0.0095
78.57          -0.0097
78.60          -0.0098
78.63          -0.0100
78.66          -0.0101
78.69          -0.0103
78.72          -0.0104
78.75          -0.0106
78.78          -0.0108
78.81          -0.0109
78.84          -0.0111
78.87          -0.0112
78.90          -0.0113
78.93          -0.0115
78.96          -0.0116
78.99          -0.0118
79.02          -0.0119
79.05          -0.0121
79.08          -0.0122
79.11          -0.0123
79.14          -0.0124
79.17          -0.0126
79.20          -0.0127
79.23          -0.0128
79.26          -0.0130
79.29          -0.0131
79.32          -0.0132
79.35          -0.0133
79.38          -0.0134
79.41          -0.0135
79.44          -0.0137
79.47          -0.0138
79.50          -0.0139
79.53          -0.0140
79.56          -0.0141
79.59          -0.0142
79.62          -0.0143
79.65          -0.0144
79.68          -0.0145
79.71          -0.0146
79.74          -0.0147
79.77          -0.0147
79.80          -0.0148
79.83          -0.0149
79.86          -0.0150
79.89          -0.0151
79.92          -0.0152
79.95          -0.0152
79.98          -0.0153
80.01          -0.0154
80.04          -0.0154
80.07          -0.0155
80.10          -0.0156
80.13          -0.0156
80.16          -0.0157
80.19          -0.0158
80.22          -0.0158
80.25          -0.0159
80.28          -0.0159
80.31          -0.0160
80.34          -0.0160
80.37          -0.0160
80.40          -0.0161
80.43          -0.0161
80.46          -0.0162
80.49          -0.0162
80.52          -0.0162
80.55          -0.0163
80.58          -0.0163
80.61          -0.0163
80.64          -0.0163
80.67          -0.0163
80.70          -0.0164
80.73          -0.0164
80.76          -0.0164
80.79          -0.0164
80.82          -0.0164
80.85          -0.0164
80.88          -0.0164
80.91          -0.0164
80.94          -0.0164
80.97          -0.0164
81.00          -0.0164
81.03          -0.0164
81.06          -0.0164
81.09          -0.0164
81.12          -0.0164
81.15          -0.0163
81.18          -0.0163
81.21          -0.0163
81.24          -0.0163
81.27          -0.0162
81.30          -0.0162
81.33          -0.0162
81.36          -0.0161
81.39          -0.0161
81.42          -0.0161
81.45          -0.0160
81.48          -0.0160
81.51          -0.0159
81.54          -0.0159
81.57          -0.0159
81.60          -0.0158
81.63          -0.0157
81.66          -0.0157
81.69          -0.0156
81.72          -0.0156
81.75          -0.0155
81.78          -0.0154
81.81          -0.0154
81.84          -0.0153
81.87          -0.0152
81.90          -0.0152
81.93          -0.0151
81.96          -0.0150
81.99          -0.0149
82.02          -0.0149
82.05          -0.0148
82.08          -0.0147
82.11          -0.0146
82.14          -0.0145
82.17          -0.0144
82.20          -0.0143
82.23          -0.0142
82.26          -0.0141
82.29          -0.0140
82.32          -0.0139
82.35          -0.0138
82.38          -0.0137
82.41          -0.0136
82.44          -0.0135
82.47          -0.0134
82.50          -0.0133
82.53          -0.0132
82.56          -0.0131
82.59          -0.0130
82.62          -0.0128
82.65          -0.0127
82.68          -0.0126
82.71          -0.0125
82.74          -0.0123
82.77          -0.0122
82.80          -0.0121
82.83          -0.0120
82.86          -0.0118
82.89          -0.0117
82.92          -0.0116
82.95          -0.0114
82.98          -0.0113
83.01          -0.0112
83.04          -0.0110
83.07          -0.0109
83.10          -0.0107
83.13          -0.0106
83.16          -0.0105
83.19          -0.0103
83.22          -0.0102
83.25          -0.0100
83.28          -0.0099
83.31          -0.0097
83.34          -0.0096
83.37          -0.0094
83.40          -0.0093
83.43          -0.0091
83.46          -0.0090
83.49          -0.0088
83.52          -0.0087
83.55          -0.0085
83.58          -0.0083
83.61          -0.0082
83.64          -0.0080
83.67          -0.0079
83.70          -0.0077
83.73          -0.0075
83.76          -0.0074
83.79          -0.0072
83.82          -0.0070
83.85          -0.0069
83.88          -0.0067
83.91          -0.0065
83.94          -0.0064
83.97          -0.0062
84.00          -0.0060
84.03          -0.0059
84.06          -0.0057
84.09          -0.0055
84.12          -0.0054
84.15          -0.0052
84.18          -0.0050
84.21          -0.0049
84.24          -0.0047
84.27          -0.0045
84.30          -0.0043
84.33          -0.0042
84.36          -0.0040
84.39          -0.0038
84.42          -0.0036
84.45          -0.0035
84.48          -0.0033
84.51          -0.0031
84.54          -0.0030
84.57          -0.0028
84.60          -0.0026
84.63          -0.0024
84.66          -0.0023
84.69          -0.0021
84.72          -0.0019
84.75          -0.0017
84.78          -0.0016
84.81          -0.0014
84.84          -0.0012
84.87          -0.0011
84.90          -0.0009
84.93          -0.0007
84.96          -0.0005
84.99          -0.0004
85.02          -0.0002
85.05          -0.0000
85.08           0.0001
85.11           0.0003
85.14           0.0005
85.17           0.0006
85.20           0.0008
85.23           0.0010
85.26           0.0011
85.29           0.0013
85.32           0.0015
85.35           0.0016
85.38           0.0018
85.41           0.0020
85.44           0.0021
85.47           0.0023
85.50           0.0024
85.53           0.0026
85.56           0.0028
85.59           0.0029
85.62           0.0031
85.65           0.0032
85.68           0.0034
85.71           0.0035
85.74           0.0037
85.77           0.0038
85.80           0.0040
85.83           0.0042
85.86           0.0043
85.89           0.0044
85.92           0.0046
85.95           0.0047
85.98           0.0049
86.01           0.0050
86.04           0.0052
86.07           0.0053
86.10           0.0055
86.13           0.0056
86.16           0.0057
86.19           0.0059
86.22           0.0060
86.25           0.0061
86.28           0.0063
86.31           0.0064
86.34           0.0065
86.37           0.0067
86.40           0.0068
86.43           0.0069
86.46           0.0070
86.49           0.0072
86.52           0.0073
86.55           0.0074
86.58           0.0075
86.61           0.0076
86.64           0.0078
86.67           0.0079
86.70           0.0080
86.73           0.0081
86.76           0.0082
86.79           0.0083
86.82           0.0084
86.85           0.0085
86.88           0.0086
86.91           0.0087
86.94           0.0088
86.97           0.0089
87.00           0.0090
87.03           0.0091
87.06           0.0092
87.09           0.0093
87.12           0.0094
87.15           0.0095
87.18           0.0096
87.21           0.0096
87.24           0.0097
87.27           0.0098
87.30           0.0099
87.33           0.0100
87.36           0.0100
87.39           0.0101
87.42           0.0102
87.45           0.0103
87.48           0.0103
87.51           0.0104
87.54           0.0105
87.57           0.0105
87.60           0.0106
87.63           0.0106
87.66           0.0107
87.69           0.0108
87.72           0.0108
87.75           0.0109
87.78           0.0109
87.81           0.0110
87.84           0.0110
87.87           0.0111
87.90           0.0111
87.93           0.0111
87.96           0.0112
87.99           0.0112
88.02           0.0113
88.05           0.0113
88.08           0.0113
88.11           0.0114
88.14           0.0114
88.17           0.0114
88.20           0.0114
88.23           0.0115
88.26           0.0115
88.29           0.0115
88.32           0.0115
88.35           0.0115
88.38           0.0115
88.41           0.0115
88.44           0.0116
88.47           0.0116
88.50           0.0116
88.53           0.0116
88.56           0.0116
88.59           0.0116
88.62           0.0116
88.65           0.0116
88.68           0.0116
88.71           0.0116
88.74           0.0116
88.77           0.0115
88.80           0.0115
88.83           0.0115
88.86           0.0115
88.89           0.0115
88.92           0.0115
88.95           0.0115
88.98           0.0114
89.01           0.0114
89.04           0.0114
89.07           0.0114
89.10           0.0113
89.13           0.0113
89.16           0.0113
89.19           0.0112
89.22           0.0112
89.25           0.0112
89.28           0.0111
89.31           0.0111
89.34           0.0110
89.37           0.0110
89.40           0.0109
89.43           0.0109
89.46           0.0109
89.49           0.0108
89.52           0.0108
89.55           0.0107
89.58           0.0106
89.61           0.0106
89.64           0.0105
89.67           0.0105
89.70           0.0104
89.73           0.0104
89.76           0.0103
89.79           0.0102
89.82           0.0102
89.85           0.0101
89.88           0.0100
89.91           0.0100
89.94           0.0099
89.97           0.0098
90.00           0.0097
90.03           0.0097
90.06           0.0096
90.09           0.0095
90.12           0.0094
90.15           0.0094
90.18           0.0093
90.21           0.0092
90.24           0.0091
90.27           0.0090
90.30           0.0090
90.33           0.0089
90.36           0.0088
90.39           0.0087
90.42           0.0086
90.45           0.0085
90.48           0.0084
90.51           0.0083
90.54           0.0082
90.57           0.0082
90.60           0.0081
90.63           0.0080
90.66           0.0079
90.69           0.0078
90.72           0.0077
90.75           0.0076
90.78           0.0075
90.81           0.0074
90.84           0.0073
90.87           0.0072
90.90           0.0071
90.93           0.0070
90.96           0.0069
90.99           0.0068
91.02           0.0067
91.05           0.0066
91.08           0.0065
91.11           0.0064
91.14           0.0062
91.17           0.0061
91.20           0.0060
91.23           0.0059
91.26           0.0058
91.29           0.0057
91.32           0.0056
91.35           0.0055
91.38           0.0054
91.41           0.0053
91.44           0.0052
91.47           0.0050
91.50           0.0049
91.53           0.0048
91.56           0.0047
91.59           0.0046
91.62           0.0045
91.65           0.0044
91.68           0.0043
91.71           0.0042
91.74           0.0040
91.77           0.0039
91.80           0.0038
91.83           0.0037
91.86           0.0036
91.89           0.0035
91.92           0.0034
91.95           0.0033
91.98           0.0031
92.01           0.0030
92.04           0.0029
92.07           0.0028
92.10           0.0027
92.13           0.0026
92.16           0.0025
92.19           0.0024
92.22           0.0023
92.25           0.0021
92.28           0.0020
92.31           0.0019
92.34           0.0018
92.37           0.0017
92.40           0.0016
92.43           0.0015
92.46           0.0014
92.49           0.0013
92.52           0.0012
92.55           0.0011
92.58           0.0010
92.61           0.0009
92.64           0.0007
92.67           0.0006
92.70           0.0005
92.73           0.0004
92.76           0.0003
92.79           0.0002
92.82           0.0001
92.85           0.0000
92.88          -0.0001
92.91          -0.0002
92.94          -0.0003
92.97          -0.0004
93.00          -0.0005
93.03          -0.0006
93.06          -0.0007
93.09          -0.0008
93.12          -0.0009
93.15          -0.0010
93.18          -0.0010
93.21          -0.0011
93.24          -0.0012
93.27          -0.0013
93.30          -0.0014
93.33          -0.0015
93.36          -0.0016
93.39          -0.0017
93.42          -0.0018
93.45          -0.0018
93.48          -0.0019
93.51          -0.0020
93.54          -0.0021
93.57          -0.0022
93.60          -0.0023
93.63          -0.0023
93.66          -0.0024
93.69          -0.0025
93.72          -0.0026
93.75          -0.0027
93.78          -0.0027
93.81          -0.0028
93.84          -0.0029
93.87          -0.0029
93.90          -0.0030
93.93          -0.0031
93.96          -0.0032
93.99          -0.0032
94.02          -0.0033
94.05          -0.0034
94.08          -0.0034
94.11          -0.0035
94.14          -0.0035
94.17          -0.0036
94.20          -0.0037
94.23          -0.0037
94.26          -0.0038
94.29          -0.0038
94.32          -0.0039
94.35          -0.0039
94.38          -0.0040
94.41          -0.0040
94.44          -0.0041
94.47          -0.0041
94.50          -0.0042
94.53          -0.0042
94.56          -0.0043
94.59          -0.0043
94.62          -0.0044
94.65          -0.0044
94.68          -0.0045
94.71          -0.0045
94.74          -0.0045
94.77          -0.0046
94.80          -0.0046
94.83          -0.0046
94.86          -0.0047
94.89          -0.0047
94.92          -0.0047
94.95          -0.0048
94.98          -0.0048
95.01          -0.0048
95.04          -0.0048
95.07          -0.0049
95.10          -0.0049
95.13          -0.0049
95.16          -0.0049
95.19          -0.0049
95.22          -0.0050
95.25          -0.0050
95.28          -0.0050
95.31          -0.0050
95.34          -0.0050
95.37          -0.0050
95.40          -0.0050
95.43          -0.0051
95.46          -0.0051
95.49          -0.0051
95.52          -0.0051
95.55          -0.0051
95.58          -0.0051
95.61          -0.0051
95.64          -0.0051
95.67          -0.0051
95.70          -0.0051
95.73          -0.0051
95.76          -0.0051
95.79          -0.0051
95.82          -0.0051
95.85          -0.0051
95.88          -0.0051
95.91          -0.0050
95.94          -0.0050
95.97          -0.0050
96.00          -0.0050
96.03          -0.0050
96.06          -0.0050
96.09          -0.0050
96.12          -0.0050
96.15          -0.0049
96.18          -0.0049
96.21          -0.0049
96.24          -0.0049
96.27          -0.0048
96.30          -0.0048
96.33          -0.0048
96.36          -0.0048
96.39          -0.0048
96.42          -0.0047
96.45          -0.0047
96.48          -0.0047
96.51          -0.0046
96.54          -0.0046
96.57          -0.0046
96.60          -0.0045
96.63          -0.0045
96.66          -0.0045
96.69          -0.0044
96.72          -0.0044
96.75          -0.0044
96.78          -0.0043
96.81          -0.0043
96.84          -0.0043
96.87          -0.0042
96.90          -0.0042
96.93          -0.0041
96.96          -0.0041
96.99          -0.0040
97.02          -0.0040
97.05          -0.0040
97.08          -0.0039
97.11          -0.0039
97.14          -0.0038
97.17          -0.0038
97.20          -0.0037
97.23          -0.0037
97.26          -0.0036
97.29          -0.0036
97.32          -0.0035
97.35          -0.0035
97.38          -0.0034
97.41          -0.0034
97.44          -0.0033
97.47          -0.0033
97.50          -0.0032
97.53          -0.0032
97.56          -0.0031
97.59          -0.0031
97.62          -0.0030
97.65          -0.0029
97.68          -0.0029
97.71          -0.0028
97.74          -0.0028
97.77          -0.0027
97.80          -0.0027
97.83          -0.0026
97.86          -0.0026
97.89          -0.0025
97.92          -0.0024
97.95          -0.0024
97.98          -0.0023
98.01          -0.0023
98.04          -0.0022
98.07          -0.0021
98.10          -0.0021
98.13          -0.0020
98.16          -0.0020
98.19          -0.0019
98.22          -0.0019
98.25          -0.0018
98.28          -0.0017
98.31          -0.0017
98.34          -0.0016
98.37          -0.0016
98.40          -0.0015
98.43          -0.0014
98.46          -0.0014
98.49          -0.0013
98.52          -0.0013
98.55          -0.0012
98.58          -0.0011
98.61          -0.0011
98.64          -0.0010
98.67          -0.0010
98.70          -0.0009
98.73          -0.0008
98.76          -0.0008
98.79          -0.0007
98.82          -0.0007
98.85          -0.0006
98.88          -0.0006
98.91          -0.0005
98.94          -0.0004
98.97          -0.0004
99.00          -0.0003
99.03          -0.0003
99.06          -0.0002
99.09          -0.0002
99.12          -0.0001
99.15          -0.0001
99.18          -0.0000
99.21           0.0000
99.24           0.0001
99.27           0.0001
99.30           0.0002
99.33           0.0002
99.36           0.0003
99.39           0.0003
99.42           0.0004
99.45           0.0004
99.48           0.0005
99.51           0.0005
99.54           0.0006
99.57           0.0006
99.60           0.0007
99.63           0.0007
99.66           0.0008
99.69           0.0008
99.72           0.0009
99.75           0.0009
99.78           0.0009
99.81           0.0010
99.84           0.0010
99.87           0.0011
99.90           0.0011
99.93           0.0011
99.96           0.0012
99.99           0.0012
100.02          0.0013
100.05          0.0013
100.08          0.0013
100.11          0.0014
100.14          0.0014
100.17          0.0014
100.20          0.0015
100.23          0.0015
100.26          0.0015
100.29          0.0015
100.32          0.0016
100.35          0.0016
100.38          0.0016
100.41          0.0017
100.44          0.0017
100.47          0.0017
100.50          0.0017
100.53          0.0018
100.56          0.0018
100.59          0.0018
100.62          0.0018
100.65          0.0018
100.68          0.0018
100.71          0.0019
100.74          0.0019
100.77          0.0019
100.80          0.0019
100.83          0.0019
100.86          0.0019
100.89          0.0019
100.92          0.0020
100.95          0.0020
100.98          0.0020
101.01          0.0020
101.04          0.0020
101.07          0.0020
101.10          0.0020
101.13          0.0020
101.16          0.0020
101.19          0.0020
101.22          0.0020
101.25          0.0020
101.28          0.0020
101.31          0.0020
101.34          0.0020
101.37          0.0020
101.40          0.0020
101.43          0.0020
101.46          0.0020
101.49          0.0020
101.52          0.0019
101.55          0.0019
101.58          0.0019
101.61          0.0019
101.64          0.0019
101.67          0.0019
101.70          0.0019
101.73          0.0019
101.76          0.0018
101.79          0.0018
101.82          0.0018
101.85          0.0018
101.88          0.0018
101.91          0.0017
101.94          0.0017
101.97          0.0017
102.00          0.0017
102.03          0.0016
102.06          0.0016
102.09          0.0016
102.12          0.0015
102.15          0.0015
102.18          0.0015
102.21          0.0015
102.24          0.0014
102.27          0.0014
102.30          0.0014
102.33          0.0013
102.36          0.0013
102.39          0.0013
102.42          0.0012
102.45          0.0012
102.48          0.0011
102.51          0.0011
102.54          0.0011
102.57          0.0010
102.60          0.0010
102.63          0.0009
102.66          0.0009
102.69          0.0008
102.72          0.0008
102.75          0.0007
102.78          0.0007
102.81          0.0007
102.84          0.0006
102.87          0.0006
102.90          0.0005
102.93          0.0005
102.96          0.0004
102.99          0.0004
103.02          0.0003
103.05          0.0003
103.08          0.0002
103.11          0.0001
103.14          0.0001
103.17          0.0000
103.20         -0.0000
103.23         -0.0001
103.26         -0.0001
103.29         -0.0002
103.32         -0.0002
103.35         -0.0003
103.38         -0.0004
103.41         -0.0004
103.44         -0.0005
103.47         -0.0005
103.50         -0.0006
103.53         -0.0007
103.56         -0.0007
103.59         -0.0008
103.62         -0.0009
103.65         -0.0009
103.68         -0.0010
103.71         -0.0010
103.74         -0.0011
103.77         -0.0012
103.80         -0.0012
103.83         -0.0013
103.86         -0.0014
103.89         -0.0014
103.92         -0.0015
103.95         -0.0016
103.98         -0.0016
104.01         -0.0017
104.04         -0.0018
104.07         -0.0018
104.10         -0.0019
104.13         -0.0019
104.16         -0.0020
104.19         -0.0021
104.22         -0.0021
104.25         -0.0022
104.28         -0.0023
104.31         -0.0023
104.34         -0.0024
104.37         -0.0025
104.40         -0.0025
104.43         -0.0026
104.46         -0.0027
104.49         -0.0027
104.52         -0.0028
104.55         -0.0029
104.58         -0.0029
104.61         -0.0030
104.64         -0.0031
104.67         -0.0031
104.70         -0.0032
104.73         -0.0033
104.76         -0.0033
104.79         -0.0034
104.82         -0.0035
104.85         -0.0035
104.88         -0.0036
104.91         -0.0036
104.94         -0.0037
104.97         -0.0038
105.00         -0.0038
105.03         -0.0039
105.06         -0.0040
105.09         -0.0040
105.12         -0.0041
105.15         -0.0041
105.18         -0.0042
105.21         -0.0043
105.24         -0.0043
105.27         -0.0044
105.30         -0.0044
105.33         -0.0045
105.36         -0.0045
105.39         -0.0046
105.42         -0.0046
105.45         -0.0047
105.48         -0.0048
105.51         -0.0048
105.54         -0.0049
105.57         -0.0049
105.60         -0.0050
105.63         -0.0050
105.66         -0.0051
105.69         -0.0051
105.72         -0.0052
105.75         -0.0052
105.78         -0.0052
105.81         -0.0053
105.84         -0.0053
105.87         -0.0054
105.90         -0.0054
105.93         -0.0055
105.96         -0.0055
105.99         -0.0055
106.02         -0.0056
106.05         -0.0056
106.08         -0.0057
106.11         -0.0057
106.14         -0.0057
106.17         -0.0058
106.20         -0.0058
106.23         -0.0058
106.26         -0.0059
106.29         -0.0059
106.32         -0.0059
106.35         -0.0060
106.38         -0.0060
106.41         -0.0060
106.44         -0.0060
106.47         -0.0061
106.50         -0.0061
106.53         -0.0061
106.56         -0.0061
106.59         -0.0061
106.62         -0.0062
106.65         -0.0062
106.68         -0.0062
106.71         -0.0062
106.74         -0.0062
106.77         -0.0062
106.80         -0.0063
106.83         -0.0063
106.86         -0.0063
106.89         -0.0063
106.92         -0.0063
106.95         -0.0063
106.98         -0.0063
107.01         -0.0063
107.04         -0.0063
107.07         -0.0063
107.10         -0.0063
107.13         -0.0063
107.16         -0.0063
107.19         -0.0063
107.22         -0.0063
107.25         -0.0063
107.28         -0.0063
107.31         -0.0063
107.34         -0.0063
107.37         -0.0062
107.40         -0.0062
107.43         -0.0062
107.46         -0.0062
107.49         -0.0062
107.52         -0.0062
107.55         -0.0062
107.58         -0.0061
107.61         -0.0061
107.64         -0.0061
107.67         -0.0061
107.70         -0.0060
107.73         -0.0060
107.76         -0.0060
107.79         -0.0059
107.82         -0.0059
107.85         -0.0059
107.88         -0.0059
107.91         -0.0058
107.94         -0.0058
107.97         -0.0057
108.00         -0.0057
108.03         -0.0057
108.06         -0.0056
108.09         -0.0056
108.12         -0.0055
108.15         -0.0055
108.18         -0.0054
108.21         -0.0054
108.24         -0.0053
108.27         -0.0053
108.30         -0.0052
108.33         -0.0052
108.36         -0.0051
108.39         -0.0051
108.42         -0.0050
108.45         -0.0050
108.48         -0.0049
108.51         -0.0048
108.54         -0.0048
108.57         -0.0047
108.60         -0.0046
108.63         -0.0046
108.66         -0.0045
108.69         -0.0044
108.72         -0.0044
108.75         -0.0043
108.78         -0.0042
108.81         -0.0042
108.84         -0.0041
108.87         -0.0040
108.90         -0.0039
108.93         -0.0039
108.96         -0.0038
108.99         -0.0037
109.02         -0.0036
109.05         -0.0035
109.08         -0.0035
109.11         -0.0034
109.14         -0.0033
109.17         -0.0032
109.20         -0.0031
109.23         -0.0030
109.26         -0.0029
109.29         -0.0028
109.32         -0.0028
109.35         -0.0027
109.38         -0.0026
109.41         -0.0025
109.44         -0.0024
109.47         -0.0023
109.50         -0.0022
109.53         -0.0021
109.56         -0.0020
109.59         -0.0019
109.62         -0.0018
109.65         -0.0017
109.68         -0.0016
109.71         -0.0015
109.74         -0.0014
109.77         -0.0013
109.80         -0.0012
109.83         -0.0011
109.86         -0.0010
109.89         -0.0009
109.92         -0.0007
109.95         -0.0006
109.98         -0.0005
110.01         -0.0004
110.04         -0.0003
110.07         -0.0002
110.10         -0.0001
110.13          0.0000
110.16          0.0001
110.19          0.0003
110.22          0.0004
110.25          0.0005
110.28          0.0006
110.31          0.0007
110.34          0.0008
110.37          0.0009
110.40          0.0011
110.43          0.0012
110.46          0.0013
110.49          0.0014
110.52          0.0015
110.55          0.0016
110.58          0.0018
110.61          0.0019
110.64          0.0020
110.67          0.0021
110.70          0.0022
110.73          0.0024
110.76          0.0025
110.79          0.0026
110.82          0.0027
110.85          0.0028
110.88          0.0030
110.91          0.0031
110.94          0.0032
110.97          0.0033
111.00          0.0034
111.03          0.0036
111.06          0.0037
111.09          0.0038
111.12          0.0039
111.15          0.0040
111.18          0.0042
111.21          0.0043
111.24          0.0044
111.27          0.0045
111.30          0.0046
111.33          0.0048
111.36          0.0049
111.39          0.0050
111.42          0.0051
111.45          0.0052
111.48          0.0053
111.51          0.0055
111.54          0.0056
111.57          0.0057
111.60          0.0058
111.63          0.0059
111.66          0.0060
111.69          0.0061
111.72          0.0063
111.75          0.0064
111.78          0.0065
111.81          0.0066
111.84          0.0067
111.87          0.0068
111.90          0.0069
111.93          0.0070
111.96          0.0071
111.99          0.0073
112.02          0.0074
112.05          0.0075
112.08          0.0076
112.11          0.0077
112.14          0.0078
112.17          0.0079
112.20          0.0080
112.23          0.0081
112.26          0.0082
112.29          0.0083
112.32          0.0084
112.35          0.0085
112.38          0.0086
112.41          0.0087
112.44          0.0088
112.47          0.0089
112.50          0.0090
112.53          0.0090
112.56          0.0091
112.59          0.0092
112.62          0.0093
112.65          0.0094
112.68          0.0095
112.71          0.0096
112.74          0.0097
112.77          0.0097
112.80          0.0098
112.83          0.0099
112.86          0.0100
112.89          0.0100
112.92          0.0101
112.95          0.0102
112.98          0.0103
113.01          0.0103
113.04          0.0104
113.07          0.0105
113.10          0.0106
113.13          0.0106
113.16          0.0107
113.19          0.0107
113.22          0.0108
113.25          0.0109
113.28          0.0109
113.31          0.0110
113.34          0.0110
113.37          0.0111
113.40          0.0111
113.43          0.0112
113.46          0.0112
113.49          0.0113
113.52          0.0113
113.55          0.0114
113.58          0.0114
113.61          0.0115
113.64          0.0115
113.67          0.0115
113.70          0.0116
113.73          0.0116
113.76          0.0117
113.79          0.0117
113.82          0.0117
113.85          0.0117
113.88          0.0118
113.91          0.0118
113.94          0.0118
113.97          0.0118
114.00          0.0119
114.03          0.0119
114.06          0.0119
114.09          0.0119
114.12          0.0119
114.15          0.0119
114.18          0.0119
114.21          0.0119
114.24          0.0119
114.27          0.0119
114.30          0.0119
114.33          0.0119
114.36          0.0119
114.39          0.0119
114.42          0.0119
114.45          0.0119
114.48          0.0119
114.51          0.0119
114.54          0.0119
114.57          0.0119
114.60          0.0119
114.63          0.0118
114.66          0.0118
114.69          0.0118
114.72          0.0118
114.75          0.0117
114.78          0.0117
114.81          0.0117
114.84          0.0117
114.87          0.0116
114.90          0.0116
114.93          0.0115
114.96          0.0115
114.99          0.0115
115.02          0.0114
115.05          0.0114
115.08          0.0113
115.11          0.0113
115.14          0.0112
115.17          0.0112
115.20          0.0111
115.23          0.0111
115.26          0.0110
115.29          0.0110
115.32          0.0109
115.35          0.0108
115.38          0.0108
115.41          0.0107
115.44          0.0106
115.47          0.0106
115.50          0.0105
115.53          0.0104
115.56          0.0103
115.59          0.0103
115.62          0.0102
115.65          0.0101
115.68          0.0100
115.71          0.0099
115.74          0.0098
115.77          0.0098
115.80          0.0097
115.83          0.0096
115.86          0.0095
115.89          0.0094
115.92          0.0093
115.95          0.0092
115.98          0.0091
116.01          0.0090
116.04          0.0089
116.07          0.0088
116.10          0.0087
116.13          0.0086
116.16          0.0085
116.19          0.0084
116.22          0.0082
116.25          0.0081
116.28          0.0080
116.31          0.0079
116.34          0.0078
116.37          0.0077
116.40          0.0075
116.43          0.0074
116.46          0.0073
116.49          0.0072
116.52          0.0070
116.55          0.0069
116.58          0.0068
116.61          0.0067
116.64          0.0065
116.67          0.0064
116.70          0.0063
116.73          0.0061
116.76          0.0060
116.79          0.0059
116.82          0.0057
116.85          0.0056
116.88          0.0054
116.91          0.0053
116.94          0.0051
116.97          0.0050
117.00          0.0049
117.03          0.0047
117.06          0.0046
117.09          0.0044
117.12          0.0043
117.15          0.0041
117.18          0.0040
117.21          0.0038
117.24          0.0037
117.27          0.0035
117.30          0.0034
117.33          0.0032
117.36          0.0030
117.39          0.0029
117.42          0.0027
117.45          0.0026
117.48          0.0024
117.51          0.0023
117.54          0.0021
117.57          0.0019
117.60          0.0018
117.63          0.0016
117.66          0.0014
117.69          0.0013
117.72          0.0011
117.75          0.0010
117.78          0.0008
117.81          0.0006
117.84          0.0005
117.87          0.0003
117.90          0.0001
117.93         -0.0000
117.96         -0.0002
117.99         -0.0004
118.02         -0.0005
118.05         -0.0007
118.08         -0.0009
118.11         -0.0010
118.14         -0.0012
118.17         -0.0014
118.20         -0.0015
118.23         -0.0017
118.26         -0.0019
118.29         -0.0021
118.32         -0.0022
118.35         -0.0024
118.38         -0.0026
118.41         -0.0027
118.44         -0.0029
118.47         -0.0031
118.50         -0.0032
118.53         -0.0034
118.56         -0.0036
118.59         -0.0037
118.62         -0.0039
118.65         -0.0041
118.68         -0.0042
118.71         -0.0044
118.74         -0.0046
118.77         -0.0047
118.80         -0.0049
118.83         -0.0051
118.86         -0.0052
118.89         -0.0054
118.92         -0.0055
118.95         -0.0057
118.98         -0.0059
119.01         -0.0060
119.04         -0.0062
119.07         -0.0063
119.10         -0.0065
119.13         -0.0067
119.16         -0.0068
119.19         -0.0070
119.22         -0.0071
119.25         -0.0073
119.28         -0.0074
119.31         -0.0076
119.34         -0.0077
119.37         -0.0079
119.40         -0.0080
119.43         -0.0082
119.46         -0.0083
119.49         -0.0085
119.52         -0.0086
119.55         -0.0088
119.58         -0.0089
119.61         -0.0091
119.64         -0.0092
119.67         -0.0093
119.70         -0.0095
119.73         -0.0096
119.76         -0.0098
119.79         -0.0099
119.82         -0.0100
119.85         -0.0102
119.88         -0.0103
119.91         -0.0104
119.94         -0.0106
119.97         -0.0107
120.00         -0.0108
120.03         -0.0109
120.06         -0.0111
120.09         -0.0112
120.12         -0.0113
120.15         -0.0114
120.18         -0.0115
120.21         -0.0117
120.24         -0.0118
120.27         -0.0119
120.30         -0.0120
120.33         -0.0121
120.36         -0.0122
120.39         -0.0123
120.42         -0.0124
120.45         -0.0125
120.48         -0.0126
120.51         -0.0127
120.54         -0.0128
120.57         -0.0129
120.60         -0.0130
120.63         -0.0131
120.66         -0.0132
120.69         -0.0133
120.72         -0.0134
120.75         -0.0135
120.78         -0.0135
120.81         -0.0136
120.84         -0.0137
120.87         -0.0138
120.90         -0.0139
120.93         -0.0139
120.96         -0.0140
120.99         -0.0141
121.02         -0.0141
121.05         -0.0142
121.08         -0.0143
121.11         -0.0143
121.14         -0.0144
121.17         -0.0144
121.20         -0.0145
121.23         -0.0145
121.26         -0.0146
121.29         -0.0146
121.32         -0.0147
121.35         -0.0147
121.38         -0.0148
121.41         -0.0148
121.44         -0.0149
121.47         -0.0149
121.50         -0.0149
121.53         -0.0150
121.56         -0.0150
121.59         -0.0150
121.62         -0.0150
121.65         -0.0151
121.68         -0.0151
121.71         -0.0151
121.74         -0.0151
121.77         -0.0151
121.80         -0.0152
121.83         -0.0152
121.86         -0.0152
121.89         -0.0152
121.92         -0.0152
121.95         -0.0152
121.98         -0.0152
122.01         -0.0152
122.04         -0.0152
122.07         -0.0152
122.10         -0.0152
122.13         -0.0151
122.16         -0.0151
122.19         -0.0151
122.22         -0.0151
122.25         -0.0151
122.28         -0.0151
122.31         -0.0150
122.34         -0.0150
122.37         -0.0150
122.40         -0.0149
122.43         -0.0149
122.46         -0.0149
122.49         -0.0148
122.52         -0.0148
122.55         -0.0147
122.58         -0.0147
122.61         -0.0147
122.64         -0.0146
122.67         -0.0146
122.70         -0.0145
122.73         -0.0144
122.76         -0.0144
122.79         -0.0143
122.82         -0.0143
122.85         -0.0142
122.88         -0.0141
122.91         -0.0141
122.94         -0.0140
122.97         -0.0139
123.00         -0.0138
123.03         -0.0138
123.06         -0.0137
123.09         -0.0136
123.12         -0.0135
123.15         -0.0134
123.18         -0.0134
123.21         -0.0133
123.24         -0.0132
123.27         -0.0131
123.30         -0.0130
123.33         -0.0129
123.36         -0.0128
123.39         -0.0127
123.42         -0.0126
123.45         -0.0125
123.48         -0.0124
123.51         -0.0123
123.54         -0.0122
123.57         -0.0120
123.60         -0.0119
123.63         -0.0118
123.66         -0.0117
123.69         -0.0116
123.72         -0.0115
123.75         -0.0113
123.78         -0.0112
123.81         -0.0111
123.84         -0.0110
123.87         -0.0108
123.90         -0.0107
123.93         -0.0106
123.96         -0.0104
123.99         -0.0103
124.02         -0.0102
124.05         -0.0100
124.08         -0.0099
124.11         -0.0097
124.14         -0.0096
124.17         -0.0094
124.20         -0.0093
124.23         -0.0092
124.26         -0.0090
124.29         -0.0089
124.32         -0.0087
124.35         -0.0086
124.38         -0.0084
124.41         -0.0082
124.44         -0.0081
124.47         -0.0079
124.50         -0.0078
124.53         -0.0076
124.56         -0.0074
124.59         -0.0073
124.62         -0.0071
124.65         -0.0070
124.68         -0.0068
124.71         -0.0066
124.74         -0.0065
124.77         -0.0063
124.80         -0.0061
124.83         -0.0059
124.86         -0.0058
124.89         -0.0056
124.92         -0.0054
124.95         -0.0053
124.98         -0.0051
125.01         -0.0049
125.04         -0.0047
125.07         -0.0046
125.10         -0.0044
125.13         -0.0042
125.16         -0.0040
125.19         -0.0038
125.22         -0.0037
125.25         -0.0035
125.28         -0.0033
125.31         -0.0031
125.34         -0.0029
125.37         -0.0028
125.40         -0.0026
125.43         -0.0024
125.46         -0.0022
125.49         -0.0020
125.52         -0.0018
125.55         -0.0017
125.58         -0.0015
125.61         -0.0013
125.64         -0.0011
125.67         -0.0009
125.70         -0.0007
125.73         -0.0005
125.76         -0.0004
125.79         -0.0002
125.82          0.0000
125.85          0.0002
125.88          0.0004
125.91          0.0006
125.94          0.0008
125.97          0.0009
126.00          0.0011
126.03          0.0013
126.06          0.0015
126.09          0.0017
126.12          0.0019
126.15          0.0020
126.18          0.0022
126.21          0.0024
126.24          0.0026
126.27          0.0028
126.30          0.0030
126.33          0.0031
126.36          0.0033
126.39          0.0035
126.42          0.0037
126.45          0.0039
126.48          0.0040
126.51          0.0042
126.54          0.0044
126.57          0.0046
126.60          0.0047
126.63          0.0049
126.66          0.0051
126.69          0.0053
126.72          0.0054
126.75          0.0056
126.78          0.0058
126.81          0.0060
126.84          0.0061
126.87          0.0063
126.90          0.0065
126.93          0.0066
126.96          0.0068
126.99          0.0070
127.02          0.0071
127.05          0.0073
127.08          0.0074
127.11          0.0076
127.14          0.0078
127.17          0.0079
127.20          0.0081
127.23          0.0082
127.26          0.0084
127.29          0.0085
127.32          0.0087
127.35          0.0088
127.38          0.0090
127.41          0.0091
127.44          0.0093
127.47          0.0094
127.50          0.0096
127.53          0.0097
127.56          0.0098
127.59          0.0100
127.62          0.0101
127.65          0.0103
127.68          0.0104
127.71          0.0105
127.74          0.0107
127.77          0.0108
127.80          0.0109
127.83          0.0110
127.86          0.0112
127.89          0.0113
127.92          0.0114
127.95          0.0115
127.98          0.0116
128.01          0.0118
128.04          0.0119
128.07          0.0120
128.10          0.0121
128.13          0.0122
128.16          0.0123
128.19          0.0124
128.22          0.0125
128.25          0.0126
128.28          0.0127
128.31          0.0128
128.34          0.0129
128.37          0.0130
128.40          0.0131
128.43          0.0132
128.46          0.0133
128.49          0.0133
128.52          0.0134
128.55          0.0135
128.58          0.0136
128.61          0.0137
128.64          0.0137
128.67          0.0138
128.70          0.0139
128.73          0.0139
128.76          0.0140
128.79          0.0141
128.82          0.0141
128.85          0.0142
128.88          0.0142
128.91          0.0143
128.94          0.0144
128.97          0.0144
129.00          0.0145
129.03          0.0145
129.06          0.0145
129.09          0.0146
129.12          0.0146
129.15          0.0147
129.18          0.0147
129.21          0.0147
129.24          0.0148
129.27          0.0148
129.30          0.0148
129.33          0.0149
129.36          0.0149
129.39          0.0149
129.42          0.0149
129.45          0.0149
129.48          0.0149
129.51          0.0150
129.54          0.0150
129.57          0.0150
129.60          0.0150
129.63          0.0150
129.66          0.0150
129.69          0.0150
129.72          0.0150
129.75          0.0150
129.78          0.0150
129.81          0.0149
129.84          0.0149
129.87          0.0149
129.90          0.0149
129.93          0.0149
129.96          0.0149
129.99          0.0148
130.02          0.0148
130.05          0.0148
130.08          0.0148
130.11          0.0147
130.14          0.0147
130.17          0.0146
130.20          0.0146
130.23          0.0146
130.26          0.0145
130.29          0.0145
130.32          0.0144
130.35          0.0144
130.38          0.0143
130.41          0.0143
130.44          0.0142
130.47          0.0142
130.50          0.0141
130.53          0.0140
130.56          0.0140
130.59          0.0139
130.62          0.0138
130.65          0.0138
130.68          0.0137
130.71          0.0136
130.74          0.0136
130.77          0.0135
130.80          0.0134
130.83          0.0133
130.86          0.0132
130.89          0.0131
130.92          0.0131
130.95          0.0130
130.98          0.0129
131.01          0.0128
131.04          0.0127
131.07          0.0126
131.10          0.0125
131.13          0.0124
131.16          0.0123
131.19          0.0122
131.22          0.0121
131.25          0.0120
131.28          0.0119
131.31          0.0118
131.34          0.0117
131.37          0.0115
131.40          0.0114
131.43          0.0113
131.46          0.0112
131.49          0.0111
131.52          0.0110
131.55          0.0108
131.58          0.0107
131.61          0.0106
131.64          0.0105
131.67          0.0103
131.70          0.0102
131.73          0.0101
131.76          0.0099
131.79          0.0098
131.82          0.0097
131.85          0.0095
131.88          0.0094
131.91          0.0093
131.94          0.0091
131.97          0.0090
132.00          0.0088
132.03          0.0087
132.06          0.0086
132.09          0.0084
132.12          0.0083
132.15          0.0081
132.18          0.0080
132.21          0.0078
132.24          0.0077
132.27          0.0075
132.30          0.0074
132.33          0.0072
132.36          0.0071
132.39          0.0069
132.42          0.0068
132.45          0.0066
132.48          0.0064
132.51          0.0063
132.54          0.0061
132.57          0.0060
132.60          0.0058
132.63          0.0056
132.66          0.0055
132.69          0.0053
132.72          0.0052
132.75          0.0050
132.78          0.0048
132.81          0.0047
132.84          0.0045
132.87          0.0044
132.90          0.0042
132.93          0.0040
132.96          0.0039
132.99          0.0037
133.02          0.0035
133.05          0.0034
133.08          0.0032
133.11          0.0030
133.14          0.0029
133.17          0.0027
133.20          0.0025
133.23          0.0024
133.26          0.0022
133.29          0.0020
133.32          0.0019
133.35          0.0017
133.38          0.0015
133.41          0.0014
133.44          0.0012
133.47          0.0010
133.50          0.0009
133.53          0.0007
133.56          0.0005
133.59          0.0004
133.62          0.0002
133.65          0.0000
133.68         -0.0001
133.71         -0.0003
133.74         -0.0005
133.77         -0.0006
133.80         -0.0008
133.83         -0.0010
133.86         -0.0011
133.89         -0.0013
133.92         -0.0014
133.95         -0.0016
133.98         -0.0018
134.01         -0.0019
134.04         -0.0021
134.07         -0.0022
134.10         -0.0024
134.13         -0.0026
134.16         -0.0027
134.19         -0.0029
134.22         -0.0030
134.25         -0.0032
134.28         -0.0033
134.31         -0.0035
134.34         -0.0036
134.37         -0.0038
134.40         -0.0039
134.43         -0.0041
134.46         -0.0042
134.49         -0.0044
134.52         -0.0045
134.55         -0.0047
134.58         -0.0048
134.61         -0.0050
134.64         -0.0051
134.67         -0.0052
134.70         -0.0054
134.73         -0.0055
134.76         -0.0057
134.79         -0.0058
134.82         -0.0059
134.85         -0.0061
134.88         -0.0062
134.91         -0.0063
134.94         -0.0065
134.97         -0.0066
135.00         -0.0067
135.03         -0.0069
135.06         -0.0070
135.09         -0.0071
135.12         -0.0072
135.15         -0.0073
135.18         -0.0075
135.21         -0.0076
135.24         -0.0077
135.27         -0.0078
135.30         -0.0079
135.33         -0.0080
135.36         -0.0082
135.39         -0.0083
135.42         -0.0084
135.45         -0.0085
135.48         -0.0086
135.51         -0.0087
135.54         -0.0088
135.57         -0.0089
135.60         -0.0090
135.63         -0.0091
135.66         -0.0092
135.69         -0.0093
135.72         -0.0094
135.75         -0.0095
135.78         -0.0095
135.81         -0.0096
135.84         -0.0097
135.87         -0.0098
135.90         -0.0099
135.93         -0.0100
135.96         -0.0100
135.99         -0.0101
136.02         -0.0102
136.05         -0.0103
136.08         -0.0103
136.11         -0.0104
136.14         -0.0105
136.17         -0.0105
136.20         -0.0106
136.23         -0.0107
136.26         -0.0107
136.29         -0.0108
136.32         -0.0108
136.35         -0.0109
136.38         -0.0110
136.41         -0.0110
136.44         -0.0111
136.47         -0.0111
136.50         -0.0111
136.53         -0.0112
136.56         -0.0112
136.59         -0.0113
136.62         -0.0113
136.65         -0.0113
136.68         -0.0114
136.71         -0.0114
136.74         -0.0114
136.77         -0.0115
136.80         -0.0115
136.83         -0.0115
136.86         -0.0115
136.89         -0.0116
136.92         -0.0116
136.95         -0.0116
136.98         -0.0116
137.01         -0.0116
137.04         -0.0116
137.07         -0.0117
137.10         -0.0117
137.13         -0.0117
137.16         -0.0117
137.19         -0.0117
137.22         -0.0117
137.25         -0.0117
137.28         -0.0117
137.31         -0.0117
137.34         -0.0117
137.37         -0.0116
137.40         -0.0116
137.43         -0.0116
137.46         -0.0116
137.49         -0.0116
137.52         -0.0116
137.55         -0.0116
137.58         -0.0115
137.61         -0.0115
137.64         -0.0115
137.67         -0.0115
137.70         -0.0114
137.73         -0.0114
137.76         -0.0114
137.79         -0.0113
137.82         -0.0113
137.85         -0.0113
137.88         -0.0112
137.91         -0.0112
137.94         -0.0111
137.97         -0.0111
138.00         -0.0111
138.03         -0.0110
138.06         -0.0110
138.09         -0.0109
138.12         -0.0109
138.15         -0.0108
138.18         -0.0107
138.21         -0.0107
138.24         -0.0106
138.27         -0.0106
138.30         -0.0105
138.33         -0.0104
138.36         -0.0104
138.39         -0.0103
138.42         -0.0102
138.45         -0.0102
138.48         -0.0101
138.51         -0.0100
138.54         -0.0100
138.57         -0.0099
138.60         -0.0098
138.63         -0.0097
138.66         -0.0097
138.69         -0.0096
138.72         -0.0095
138.75         -0.0094
138.78         -0.0093
138.81         -0.0092
138.84         -0.0091
138.87         -0.0091
138.90         -0.0090
138.93         -0.0089
138.96         -0.0088
138.99         -0.0087
139.02         -0.0086
139.05         -0.0085
139.08         -0.0084
139.11         -0.0083
139.14         -0.0082
139.17         -0.0081
139.20         -0.0080
139.23         -0.0079
139.26         -0.0078
139.29         -0.0077
139.32         -0.0076
139.35         -0.0075
139.38         -0.0074
139.41         -0.0073
139.44         -0.0072
139.47         -0.0071
139.50         -0.0070
139.53         -0.0069
139.56         -0.0067
139.59         -0.0066
139.62         -0.0065
139.65         -0.0064
139.68         -0.0063
139.71         -0.0062
139.74         -0.0061
139.77         -0.0060
139.80         -0.0058
139.83         -0.0057
139.86         -0.0056
139.89         -0.0055
139.92         -0.0054
139.95         -0.0053
139.98         -0.0051
140.01         -0.0050
140.04         -0.0049
140.07         -0.0048
140.10         -0.0047
140.13         -0.0045
140.16         -0.0044
140.19         -0.0043
140.22         -0.0042
140.25         -0.0040
140.28         -0.0039
140.31         -0.0038
140.34         -0.0037
140.37         -0.0036
140.40         -0.0034
140.43         -0.0033
140.46         -0.0032
140.49         -0.0031
140.52         -0.0029
140.55         -0.0028
140.58         -0.0027
140.61         -0.0026
140.64         -0.0024
140.67         -0.0023
140.70         -0.0022
140.73         -0.0021
140.76         -0.0020
140.79         -0.0018
140.82         -0.0017
140.85         -0.0016
140.88         -0.0015
140.91         -0.0013
140.94         -0.0012
140.97         -0.0011
141.00         -0.0010
141.03         -0.0009
141.06         -0.0007
141.09         -0.0006
141.12         -0.0005
141.15         -0.0004
141.18         -0.0003
141.21         -0.0001
141.24         -0.0000
141.27          0.0001
141.30          0.0002
141.33          0.0003
141.36          0.0005
141.39          0.0006
141.42          0.0007
141.45          0.0008
141.48          0.0009
141.51          0.0010
141.54          0.0011
141.57          0.0012
141.60          0.0014
141.63          0.0015
141.66          0.0016
141.69          0.0017
141.72          0.0018
141.75          0.0019
141.78          0.0020
141.81          0.0021
141.84          0.0022
141.87          0.0023
141.90          0.0024
141.93          0.0025
141.96          0.0026
141.99          0.0027
142.02          0.0028
142.05          0.0029
142.08          0.0030
142.11          0.0031
142.14          0.0032
142.17          0.0033
142.20          0.0034
142.23          0.0035
142.26          0.0036
142.29          0.0037
142.32          0.0038
142.35          0.0039
142.38          0.0040
142.41          0.0040
142.44          0.0041
142.47          0.0042
142.50          0.0043
142.53          0.0044
142.56          0.0045
142.59          0.0045
142.62          0.0046
142.65          0.0047
142.68          0.0048
142.71          0.0048
142.74          0.0049
142.77          0.0050
142.80          0.0051
142.83          0.0051
142.86          0.0052
142.89          0.0053
142.92          0.0053
142.95          0.0054
142.98          0.0055
143.01          0.0055
143.04          0.0056
143.07          0.0056
143.10          0.0057
143.13          0.0058
143.16          0.0058
143.19          0.0059
143.22          0.0059
143.25          0.0060
143.28          0.0060
143.31          0.0061
143.34          0.0061
143.37          0.0062
143.40          0.0062
143.43          0.0062
143.46          0.0063
143.49          0.0063
143.52          0.0064
143.55          0.0064
143.58          0.0064
143.61          0.0065
143.64          0.0065
143.67          0.0065
143.70          0.0066
143.73          0.0066
143.76          0.0066
143.79          0.0066
143.82          0.0067
143.85          0.0067
143.88          0.0067
143.91          0.0067
143.94          0.0068
143.97          0.0068
144.00          0.0068
144.03          0.0068
144.06          0.0068
144.09          0.0068
144.12          0.0068
144.15          0.0068
144.18          0.0068
144.21          0.0069
144.24          0.0069
144.27          0.0069
144.30          0.0069
144.33          0.0069
144.36          0.0069
144.39          0.0069
144.42          0.0069
144.45          0.0068
144.48          0.0068
144.51          0.0068
144.54          0.0068
144.57          0.0068
144.60          0.0068
144.63          0.0068
144.66          0.0068
144.69          0.0068
144.72          0.0067
144.75          0.0067
144.78          0.0067
144.81          0.0067
144.84          0.0067
144.87          0.0066
144.90          0.0066
144.93          0.0066
144.96          0.0066
144.99          0.0065
145.02          0.0065
145.05          0.0065
145.08          0.0064
145.11          0.0064
145.14          0.0064
145.17          0.0063
145.20          0.0063
145.23          0.0062
145.26          0.0062
145.29          0.0062
145.32          0.0061
145.35          0.0061
145.38          0.0060
145.41          0.0060
145.44          0.0059
145.47          0.0059
145.50          0.0059
145.53          0.0058
145.56          0.0058
145.59          0.0057
145.62          0.0056
145.65          0.0056
145.68          0.0055
145.71          0.0055
145.74          0.0054
145.77          0.0054
145.80          0.0053
145.83          0.0053
145.86          0.0052
145.89          0.0051
145.92          0.0051
145.95          0.0050
145.98          0.0049
146.01          0.0049
146.04          0.0048
146.07          0.0048
146.10          0.0047
146.13          0.0046
146.16          0.0046
146.19          0.0045
146.22          0.0044
146.25          0.0043
146.28          0.0043
146.31          0.0042
146.34          0.0041
146.37          0.0041
146.40          0.0040
146.43          0.0039
146.46          0.0038
146.49          0.0038
146.52          0.0037
146.55          0.0036
146.58          0.0035
146.61          0.0035
146.64          0.0034
146.67          0.0033
146.70          0.0032
146.73          0.0032
146.76          0.0031
146.79          0.0030
146.82          0.0029
146.85          0.0029
146.88          0.0028
146.91          0.0027
146.94          0.0026
146.97          0.0025
147.00          0.0025
147.03          0.0024
147.06          0.0023
147.09          0.0022
147.12          0.0021
147.15          0.0020
147.18          0.0020
147.21          0.0019
147.24          0.0018
147.27          0.0017
147.30          0.0016
147.33          0.0016
147.36          0.0015
147.39          0.0014
147.42          0.0013
147.45          0.0012
147.48          0.0012
147.51          0.0011
147.54          0.0010
147.57          0.0009
147.60          0.0008
147.63          0.0008
147.66          0.0007
147.69          0.0006
147.72          0.0005
147.75          0.0004
147.78          0.0004
147.81          0.0003
147.84          0.0002
147.87          0.0001
147.90          0.0000
147.93         -0.0000
147.96         -0.0001
147.99         -0.0002
148.02         -0.0003
148.05         -0.0003
148.08         -0.0004
148.11         -0.0005
148.14         -0.0006
148.17         -0.0006
148.20         -0.0007
148.23         -0.0008
148.26         -0.0009
148.29         -0.0009
148.32         -0.0010
148.35         -0.0011
148.38         -0.0011
148.41         -0.0012
148.44         -0.0013
148.47         -0.0013
148.50         -0.0014
148.53         -0.0015
148.56         -0.0015
148.59         -0.0016
148.62         -0.0017
148.65         -0.0017
148.68         -0.0018
148.71         -0.0019
148.74         -0.0019
148.77         -0.0020
148.80         -0.0021
148.83         -0.0021
148.86         -0.0022
148.89         -0.0022
148.92         -0.0023
148.95         -0.0023
148.98         -0.0024
149.01         -0.0025
149.04         -0.0025
149.07         -0.0026
149.10         -0.0026
149.13         -0.0027
149.16         -0.0027
149.19         -0.0028
149.22         -0.0028
149.25         -0.0029
149.28         -0.0029
149.31         -0.0029
149.34         -0.0030
149.37         -0.0030
149.40         -0.0031
149.43         -0.0031
149.46         -0.0032
149.49         -0.0032
149.52         -0.0032
149.55         -0.0033
149.58         -0.0033
149.61         -0.0033
149.64         -0.0034
149.67         -0.0034
149.70         -0.0034
149.73         -0.0035
149.76         -0.0035
149.79         -0.0035
149.82         -0.0036
149.85         -0.0036
149.88         -0.0036
149.91         -0.0036
149.94         -0.0037
149.97         -0.0037
150.00         -0.0037
150.03         -0.0037
150.06         -0.0037
150.09         -0.0037
150.12         -0.0038
150.15         -0.0038
150.18         -0.0038
150.21         -0.0038
150.24         -0.0038
150.27         -0.0038
150.30         -0.0038
150.33         -0.0038
150.36         -0.0038
150.39         -0.0039
150.42         -0.0039
150.45         -0.0039
150.48         -0.0039
150.51         -0.0039
150.54         -0.0039
150.57         -0.0039
150.60         -0.0039
150.63         -0.0039
150.66         -0.0039
150.69         -0.0038
150.72         -0.0038
150.75         -0.0038
150.78         -0.0038
150.81         -0.0038
150.84         -0.0038
150.87         -0.0038
150.90         -0.0038
150.93         -0.0038
150.96         -0.0037
150.99         -0.0037
151.02         -0.0037
151.05         -0.0037
151.08         -0.0037
151.11         -0.0036
151.14         -0.0036
151.17         -0.0036
151.20         -0.0036
151.23         -0.0035
151.26         -0.0035
151.29         -0.0035
151.32         -0.0035
151.35         -0.0034
151.38         -0.0034
151.41         -0.0034
151.44         -0.0033
151.47         -0.0033
151.50         -0.0033
151.53         -0.0032
151.56         -0.0032
151.59         -0.0031
151.62         -0.0031
151.65         -0.0031
151.68         -0.0030
151.71         -0.0030
151.74         -0.0029
151.77         -0.0029
151.80         -0.0028
151.83         -0.0028
151.86         -0.0027
151.89         -0.0027
151.92         -0.0026
151.95         -0.0026
151.98         -0.0025
152.01         -0.0025
152.04         -0.0024
152.07         -0.0024
152.10         -0.0023
152.13         -0.0023
152.16         -0.0022
152.19         -0.0022
152.22         -0.0021
152.25         -0.0020
152.28         -0.0020
152.31         -0.0019
152.34         -0.0019
152.37         -0.0018
152.40         -0.0017
152.43         -0.0017
152.46         -0.0016
152.49         -0.0016
152.52         -0.0015
152.55         -0.0014
152.58         -0.0014
152.61         -0.0013
152.64         -0.0012
152.67         -0.0012
152.70         -0.0011
152.73         -0.0010
152.76         -0.0010
152.79         -0.0009
152.82         -0.0008
152.85         -0.0008
152.88         -0.0007
152.91         -0.0006
152.94         -0.0005
152.97         -0.0005
153.00         -0.0004
153.03         -0.0003
153.06         -0.0003
153.09         -0.0002
153.12         -0.0001
153.15         -0.0000
153.18          0.0000
153.21          0.0001
153.24          0.0002
153.27          0.0003
153.30          0.0003
153.33          0.0004
153.36          0.0005
153.39          0.0006
153.42          0.0006
153.45          0.0007
153.48          0.0008
153.51          0.0009
153.54          0.0009
153.57          0.0010
153.60          0.0011
153.63          0.0012
153.66          0.0012
153.69          0.0013
153.72          0.0014
153.75          0.0015
153.78          0.0015
153.81          0.0016
153.84          0.0017
153.87          0.0018
153.90          0.0018
153.93          0.0019
153.96          0.0020
153.99          0.0021
154.02          0.0021
154.05          0.0022
154.08          0.0023
154.11          0.0024
154.14          0.0024
154.17          0.0025
154.20          0.0026
154.23          0.0026
154.26          0.0027
154.29          0.0028
154.32          0.0029
154.35          0.0029
154.38          0.0030
154.41          0.0031
154.44          0.0031
154.47          0.0032
154.50          0.0033
154.53          0.0033
154.56          0.0034
154.59          0.0035
154.62          0.0035
154.65          0.0036
154.68          0.0037
154.71          0.0037
154.74          0.0038
154.77          0.0039
154.80          0.0039
154.83          0.0040
154.86          0.0040
154.89          0.0041
154.92          0.0042
154.95          0.0042
154.98          0.0043
155.01          0.0043
155.04          0.0044
155.07          0.0044
155.10          0.0045
155.13          0.0046
155.16          0.0046
155.19          0.0047
155.22          0.0047
155.25          0.0048
155.28          0.0048
155.31          0.0049
155.34          0.0049
155.37          0.0049
155.40          0.0050
155.43          0.0050
155.46          0.0051
155.49          0.0051
155.52          0.0052
155.55          0.0052
155.58          0.0052
155.61          0.0053
155.64          0.0053
155.67          0.0054
155.70          0.0054
155.73          0.0054
155.76          0.0055
155.79          0.0055
155.82          0.0055
155.85          0.0055
155.88          0.0056
155.91          0.0056
155.94          0.0056
155.97          0.0057
156.00          0.0057
156.03          0.0057
156.06          0.0057
156.09          0.0057
156.12          0.0058
156.15          0.0058
156.18          0.0058
156.21          0.0058
156.24          0.0058
156.27          0.0058
156.30          0.0058
156.33          0.0059
156.36          0.0059
156.39          0.0059
156.42          0.0059
156.45          0.0059
156.48          0.0059
156.51          0.0059
156.54          0.0059
156.57          0.0059
156.60          0.0059
156.63          0.0059
156.66          0.0059
156.69          0.0059
156.72          0.0059
156.75          0.0059
156.78          0.0059
156.81          0.0058
156.84          0.0058
156.87          0.0058
156.90          0.0058
156.93          0.0058
156.96          0.0058
156.99          0.0058
157.02          0.0057
157.05          0.0057
157.08          0.0057
157.11          0.0057
157.14          0.0056
157.17          0.0056
157.20          0.0056
157.23          0.0056
157.26          0.0055
157.29          0.0055
157.32          0.0055
157.35          0.0054
157.38          0.0054
157.41          0.0054
157.44          0.0053
157.47          0.0053
157.50          0.0052
157.53          0.0052
157.56          0.0052
157.59          0.0051
157.62          0.0051
157.65          0.0050
157.68          0.0050
157.71          0.0049
157.74          0.0049
157.77          0.0048
157.80          0.0048
157.83          0.0047
157.86          0.0047
157.89          0.0046
157.92          0.0045
157.95          0.0045
157.98          0.0044
158.01          0.0044
158.04          0.0043
158.07          0.0042
158.10          0.0042
158.13          0.0041
158.16          0.0040
158.19          0.0040
158.22          0.0039
158.25          0.0038
158.28          0.0038
158.31          0.0037
158.34          0.0036
158.37          0.0035
158.40          0.0035
158.43          0.0034
158.46          0.0033
158.49          0.0032
158.52          0.0031
158.55          0.0031
158.58          0.0030
158.61          0.0029
158.64          0.0028
158.67          0.0027
158.70          0.0026
158.73          0.0026
158.76          0.0025
158.79          0.0024
158.82          0.0023
158.85          0.0022
158.88          0.0021
158.91          0.0020
158.94          0.0019
158.97          0.0018
159.00          0.0017
159.03          0.0016
159.06          0.0016
159.09          0.0015
159.12          0.0014
159.15          0.0013
159.18          0.0012
159.21          0.0011
159.24          0.0010
159.27          0.0009
159.30          0.0008
159.33          0.0007
159.36          0.0006
159.39          0.0005
159.42          0.0004
159.45          0.0003
159.48          0.0001
159.51          0.0000
159.54         -0.0001
159.57         -0.0002
159.60         -0.0003
159.63         -0.0004
159.66         -0.0005
159.69         -0.0006
159.72         -0.0007
159.75         -0.0008
159.78         -0.0009
159.81         -0.0010
159.84         -0.0011
159.87         -0.0012
159.90         -0.0013
159.93         -0.0015
159.96         -0.0016
159.99         -0.0017
160.02         -0.0018
160.05         -0.0019
160.08         -0.0020
160.11         -0.0021
160.14         -0.0022
160.17         -0.0023
160.20         -0.0024
160.23         -0.0026
160.26         -0.0027
160.29         -0.0028
160.32         -0.0029
160.35         -0.0030
160.38         -0.0031
160.41         -0.0032
160.44         -0.0033
160.47         -0.0034
160.50         -0.0035
160.53         -0.0036
160.56         -0.0038
160.59         -0.0039
160.62         -0.0040
160.65         -0.0041
160.68         -0.0042
160.71         -0.0043
160.74         -0.0044
160.77         -0.0045
160.80         -0.0046
160.83         -0.0047
160.86         -0.0048
160.89         -0.0049
160.92         -0.0050
160.95         -0.0051
160.98         -0.0052
161.01         -0.0053
161.04         -0.0054
161.07         -0.0055
161.10         -0.0056
161.13         -0.0057
161.16         -0.0058
161.19         -0.0059
161.22         -0.0060
161.25         -0.0061
161.28         -0.0062
161.31         -0.0063
161.34         -0.0064
161.37         -0.0065
161.40         -0.0066
161.43         -0.0067
161.46         -0.0068
161.49         -0.0069
161.52         -0.0070
161.55         -0.0071
161.58         -0.0072
161.61         -0.0073
161.64         -0.0073
161.67         -0.0074
161.70         -0.0075
161.73         -0.0076
161.76         -0.0077
161.79         -0.0078
161.82         -0.0078
161.85         -0.0079
161.88         -0.0080
161.91         -0.0081
161.94         -0.0081
161.97         -0.0082
162.00         -0.0083
162.03         -0.0084
162.06         -0.0084
162.09         -0.0085
162.12         -0.0086
162.15         -0.0087
162.18         -0.0087
162.21         -0.0088
162.24         -0.0088
162.27         -0.0089
162.30         -0.0090
162.33         -0.0090
162.36         -0.0091
162.39         -0.0091
162.42         -0.0092
162.45         -0.0093
162.48         -0.0093
162.51         -0.0094
162.54         -0.0094
162.57         -0.0095
162.60         -0.0095
162.63         -0.0096
162.66         -0.0096
162.69         -0.0096
162.72         -0.0097
162.75         -0.0097
162.78         -0.0098
162.81         -0.0098
162.84         -0.0098
162.87         -0.0099
162.90         -0.0099
162.93         -0.0099
162.96         -0.0100
162.99         -0.0100
163.02         -0.0100
163.05         -0.0100
163.08         -0.0101
163.11         -0.0101
163.14         -0.0101
163.17         -0.0101
163.20         -0.0101
163.23         -0.0102
163.26         -0.0102
163.29         -0.0102
163.32         -0.0102
163.35         -0.0102
163.38         -0.0102
163.41         -0.0102
163.44         -0.0102
163.47         -0.0102
163.50         -0.0102
163.53         -0.0102
163.56         -0.0102
163.59         -0.0102
163.62         -0.0102
163.65         -0.0102
163.68         -0.0102
163.71         -0.0102
163.74         -0.0102
163.77         -0.0101
163.80         -0.0101
163.83         -0.0101
163.86         -0.0101
163.89         -0.0101
163.92         -0.0100
163.95         -0.0100
163.98         -0.0100
164.01         -0.0100
164.04         -0.0099
164.07         -0.0099
164.10         -0.0099
164.13         -0.0098
164.16         -0.0098
164.19         -0.0097
164.22         -0.0097
164.25         -0.0097
164.28         -0.0096
164.31         -0.0096
164.34         -0.0095
164.37         -0.0095
164.40         -0.0094
164.43         -0.0094
164.46         -0.0093
164.49         -0.0093
164.52         -0.0092
164.55         -0.0091
164.58         -0.0091
164.61         -0.0090
164.64         -0.0090
164.67         -0.0089
164.70         -0.0088
164.73         -0.0088
164.76         -0.0087
164.79         -0.0086
164.82         -0.0085
164.85         -0.0085
164.88         -0.0084
164.91         -0.0083
164.94         -0.0082
164.97         -0.0081
165.00         -0.0081
165.03         -0.0080
165.06         -0.0079
165.09         -0.0078
165.12         -0.0077
165.15         -0.0076
165.18         -0.0075
165.21         -0.0074
165.24         -0.0073
165.27         -0.0072
165.30         -0.0071
165.33         -0.0070
165.36         -0.0069
165.39         -0.0068
165.42         -0.0067
165.45         -0.0066
165.48         -0.0065
165.51         -0.0064
165.54         -0.0063
165.57         -0.0062
165.60         -0.0061
165.63         -0.0060
165.66         -0.0059
165.69         -0.0057
165.72         -0.0056
165.75         -0.0055
165.78         -0.0054
165.81         -0.0053
165.84         -0.0052
165.87         -0.0050
165.90         -0.0049
165.93         -0.0048
165.96         -0.0047
165.99         -0.0045
166.02         -0.0044
166.05         -0.0043
166.08         -0.0042
166.11         -0.0040
166.14         -0.0039
166.17         -0.0038
166.20         -0.0036
166.23         -0.0035
166.26         -0.0034
166.29         -0.0032
166.32         -0.0031
166.35         -0.0030
166.38         -0.0028
166.41         -0.0027
166.44         -0.0025
166.47         -0.0024
166.50         -0.0023
166.53         -0.0021
166.56         -0.0020
166.59         -0.0018
166.62         -0.0017
166.65         -0.0016
166.68         -0.0014
166.71         -0.0013
166.74         -0.0011
166.77         -0.0010
166.80         -0.0008
166.83         -0.0007
166.86         -0.0005
166.89         -0.0004
166.92         -0.0002
166.95         -0.0001
166.98          0.0001
167.01          0.0002
167.04          0.0004
167.07          0.0005
167.10          0.0006
167.13          0.0008
167.16          0.0009
167.19          0.0011
167.22          0.0012
167.25          0.0014
167.28          0.0015
167.31          0.0017
167.34          0.0018
167.37          0.0020
167.40          0.0021
167.43          0.0023
167.46          0.0024
167.49          0.0026
167.52          0.0027
167.55          0.0029
167.58          0.0030
167.61          0.0032
167.64          0.0033
167.67          0.0035
167.70          0.0036
167.73          0.0038
167.76          0.0039
167.79          0.0041
167.82          0.0042
167.85          0.0044
167.88          0.0045
167.91          0.0047
167.94          0.0048
167.97          0.0049
168.00          0.0051
168.03          0.0052
168.06          0.0054
168.09          0.0055
168.12          0.0057
168.15          0.0058
168.18          0.0059
168.21          0.0061
168.24          0.0062
168.27          0.0064
168.30          0.0065
168.33          0.0066
168.36          0.0068
168.39          0.0069
168.42          0.0070
168.45          0.0072
168.48          0.0073
168.51          0.0074
168.54          0.0076
168.57          0.0077
168.60          0.0078
168.63          0.0079
168.66          0.0081
168.69          0.0082
168.72          0.0083
168.75          0.0084
168.78          0.0086
168.81          0.0087
168.84          0.0088
168.87          0.0089
168.90          0.0090
168.93          0.0092
168.96          0.0093
168.99          0.0094
169.02          0.0095
169.05          0.0096
169.08          0.0097
169.11          0.0098
169.14          0.0099
169.17          0.0100
169.20          0.0101
169.23          0.0102
169.26          0.0103
169.29          0.0104
169.32          0.0105
169.35          0.0106
169.38          0.0107
169.41          0.0108
169.44          0.0109
169.47          0.0110
169.50          0.0111
169.53          0.0112
169.56          0.0113
169.59          0.0114
169.62          0.0114
169.65          0.0115
169.68          0.0116
169.71          0.0117
169.74          0.0118
169.77          0.0118
169.80          0.0119
169.83          0.0120
169.86          0.0120
169.89          0.0121
169.92          0.0122
169.95          0.0122
169.98          0.0123
170.01          0.0124
170.04          0.0124
170.07          0.0125
170.10          0.0125
170.13          0.0126
170.16          0.0126
170.19          0.0127
170.22          0.0127
170.25          0.0128
170.28          0.0128
170.31          0.0129
170.34          0.0129
170.37          0.0129
170.40          0.0130
170.43          0.0130
170.46          0.0130
170.49          0.0131
170.52          0.0131
170.55          0.0131
170.58          0.0131
170.61          0.0132
170.64          0.0132
170.67          0.0132
170.70          0.0132
170.73          0.0132
170.76          0.0132
170.79          0.0132
170.82          0.0133
170.85          0.0133
170.88          0.0133
170.91          0.0133
170.94          0.0133
170.97          0.0133
171.00          0.0133
171.03          0.0132
171.06          0.0132
171.09          0.0132
171.12          0.0132
171.15          0.0132
171.18          0.0132
171.21          0.0132
171.24          0.0131
171.27          0.0131
171.30          0.0131
171.33          0.0131
171.36          0.0130
171.39          0.0130
171.42          0.0130
171.45          0.0129
171.48          0.0129
171.51          0.0129
171.54          0.0128
171.57          0.0128
171.60          0.0127
171.63          0.0127
171.66          0.0126
171.69          0.0126
171.72          0.0125
171.75          0.0125
171.78          0.0124
171.81          0.0124
171.84          0.0123
171.87          0.0122
171.90          0.0122
171.93          0.0121
171.96          0.0120
171.99          0.0120
172.02          0.0119
172.05          0.0118
172.08          0.0117
172.11          0.0117
172.14          0.0116
172.17          0.0115
172.20          0.0114
172.23          0.0113
172.26          0.0112
172.29          0.0112
172.32          0.0111
172.35          0.0110
172.38          0.0109
172.41          0.0108
172.44          0.0107
172.47          0.0106
172.50          0.0105
172.53          0.0104
172.56          0.0103
172.59          0.0102
172.62          0.0101
172.65          0.0100
172.68          0.0098
172.71          0.0097
172.74          0.0096
172.77          0.0095
172.80          0.0094
172.83          0.0093
172.86          0.0091
172.89          0.0090
172.92          0.0089
172.95          0.0088
172.98          0.0087
173.01          0.0085
173.04          0.0084
173.07          0.0083
173.10          0.0081
173.13          0.0080
173.16          0.0079
173.19          0.0077
173.22          0.0076
173.25          0.0075
173.28          0.0073
173.31          0.0072
173.34          0.0070
173.37          0.0069
173.40          0.0068
173.43          0.0066
173.46          0.0065
173.49          0.0063
173.52          0.0062
173.55          0.0060
173.58          0.0059
173.61          0.0057
173.64          0.0056
173.67          0.0054
173.70          0.0053
173.73          0.0051
173.76          0.0050
173.79          0.0048
173.82          0.0046
173.85          0.0045
173.88          0.0043
173.91          0.0042
173.94          0.0040
173.97          0.0038
174.00          0.0037
174.03          0.0035
174.06          0.0034
174.09          0.0032
174.12          0.0030
174.15          0.0029
174.18          0.0027
174.21          0.0025
174.24          0.0024
174.27          0.0022
174.30          0.0020
174.33          0.0019
174.36          0.0017
174.39          0.0015
174.42          0.0014
174.45          0.0012
174.48          0.0010
174.51          0.0009
174.54          0.0007
174.57          0.0005
174.60          0.0004
174.63          0.0002
174.66          0.0000
174.69         -0.0001
174.72         -0.0003
174.75         -0.0005
174.78         -0.0006
174.81         -0.0008
174.84         -0.0010
174.87         -0.0012
174.90         -0.0013
174.93         -0.0015
174.96         -0.0017
174.99         -0.0018
175.02         -0.0020
175.05         -0.0022
175.08         -0.0023
175.11         -0.0025
175.14         -0.0027
175.17         -0.0028
175.20         -0.0030
175.23         -0.0032
175.26         -0.0033
175.29         -0.0035
175.32         -0.0037
175.35         -0.0038
175.38         -0.0040
175.41         -0.0041
175.44         -0.0043
175.47         -0.0045
175.50         -0.0046
175.53         -0.0048
175.56         -0.0049
175.59         -0.0051
175.62         -0.0053
175.65         -0.0054
175.68         -0.0056
175.71         -0.0057
175.74         -0.0059
175.77         -0.0060
175.80         -0.0062
175.83         -0.0063
175.86         -0.0065
175.89         -0.0066
175.92         -0.0068
175.95         -0.0069
175.98         -0.0071
176.01         -0.0072
176.04         -0.0074
176.07         -0.0075
176.10         -0.0077
176.13         -0.0078
176.16         -0.0079
176.19         -0.0081
176.22         -0.0082
176.25         -0.0083
176.28         -0.0085
176.31         -0.0086
176.34         -0.0087
176.37         -0.0089
176.40         -0.0090
176.43         -0.0091
176.46         -0.0093
176.49         -0.0094
176.52         -0.0095
176.55         -0.0096
176.58         -0.0097
176.61         -0.0099
176.64         -0.0100
176.67         -0.0101
176.70         -0.0102
176.73         -0.0103
176.76         -0.0104
176.79         -0.0106
176.82         -0.0107
176.85         -0.0108
176.88         -0.0109
176.91         -0.0110
176.94         -0.0111
176.97         -0.0112
177.00         -0.0113
177.03         -0.0114
177.06         -0.0115
177.09         -0.0116
177.12         -0.0116
177.15         -0.0117
177.18         -0.0118
177.21         -0.0119
177.24         -0.0120
177.27         -0.0121
177.30         -0.0122
177.33         -0.0122
177.36         -0.0123
177.39         -0.0124
177.42         -0.0125
177.45         -0.0125
177.48         -0.0126
177.51         -0.0127
177.54         -0.0127
177.57         -0.0128
177.60         -0.0129
177.63         -0.0129
177.66         -0.0130
177.69         -0.0130
177.72         -0.0131
177.75         -0.0131
177.78         -0.0132
177.81         -0.0132
177.84         -0.0133
177.87         -0.0133
177.90         -0.0133
177.93         -0.0134
177.96         -0.0134
177.99         -0.0135
178.02         -0.0135
178.05         -0.0135
178.08         -0.0135
178.11         -0.0136
178.14         -0.0136
178.17         -0.0136
178.20         -0.0136
178.23         -0.0137
178.26         -0.0137
178.29         -0.0137
178.32         -0.0137
178.35         -0.0137
178.38         -0.0137
178.41         -0.0137
178.44         -0.0137
178.47         -0.0137
178.50         -0.0137
178.53         -0.0137
178.56         -0.0137
178.59         -0.0137
178.62         -0.0137
178.65         -0.0137
178.68         -0.0137
178.71         -0.0137
178.74         -0.0136
178.77         -0.0136
178.80         -0.0136
178.83         -0.0136
178.86         -0.0135
178.89         -0.0135
178.92         -0.0135
178.95         -0.0135
178.98         -0.0134
179.01         -0.0134
179.04         -0.0133
179.07         -0.0133
179.10         -0.0133
179.13         -0.0132
179.16         -0.0132
179.19         -0.0131
179.22         -0.0131
179.25         -0.0130
179.28         -0.0130
179.31         -0.0129
179.34         -0.0129
179.37         -0.0128
179.40         -0.0127
179.43         -0.0127
179.46         -0.0126
179.49         -0.0125
179.52         -0.0125
179.55         -0.0124
179.58         -0.0123
179.61         -0.0122
179.64         -0.0122
179.67         -0.0121
179.70         -0.0120
179.73         -0.0119
179.76         -0.0118
179.79         -0.0118
179.82         -0.0117
179.85         -0.0116
179.88         -0.0115
179.91         -0.0114
179.94         -0.0113
179.97         -0.0112
180.00         -0.0111
180.03         -0.0110
180.06         -0.0109
180.09         -0.0108
180.12         -0.0107
180.15         -0.0106
180.18         -0.0105
180.21         -0.0104
180.24         -0.0103
180.27         -0.0101
180.30         -0.0100
180.33         -0.0099
180.36         -0.0098
180.39         -0.0097
180.42         -0.0096
180.45         -0.0094
180.48         -0.0093
180.51         -0.0092
180.54         -0.0091
180.57         -0.0090
180.60         -0.0088
180.63         -0.0087
180.66         -0.0086
180.69         -0.0084
180.72         -0.0083
180.75         -0.0082
180.78         -0.0080
180.81         -0.0079
180.84         -0.0078
180.87         -0.0076
180.90         -0.0075
180.93         -0.0073
180.96         -0.0072
180.99         -0.0071
181.02         -0.0069
181.05         -0.0068
181.08         -0.0066
181.11         -0.0065
181.14         -0.0063
181.17         -0.0062
181.20         -0.0060
181.23         -0.0059
181.26         -0.0057
181.29         -0.0056
181.32         -0.0054
181.35         -0.0053
181.38         -0.0051
181.41         -0.0050
181.44         -0.0048
181.47         -0.0047
181.50         -0.0045
181.53         -0.0044
181.56         -0.0042
181.59         -0.0041
181.62         -0.0039
181.65         -0.0037
181.68         -0.0036
181.71         -0.0034
181.74         -0.0033
181.77         -0.0031
181.80         -0.0030
181.83         -0.0028
181.86         -0.0026
181.89         -0.0025
181.92         -0.0023
181.95         -0.0022
181.98         -0.0020
182.01         -0.0018
182.04         -0.0017
182.07         -0.0015
182.10         -0.0014
182.13         -0.0012
182.16         -0.0010
182.19         -0.0009
182.22         -0.0007
182.25         -0.0006
182.28         -0.0004
182.31         -0.0002
182.34         -0.0001
182.37          0.0001
182.40          0.0002
182.43          0.0004
182.46          0.0006
182.49          0.0007
182.52          0.0009
182.55          0.0010
182.58          0.0012
182.61          0.0014
182.64          0.0015
182.67          0.0017
182.70          0.0018
182.73          0.0020
182.76          0.0021
182.79          0.0023
182.82          0.0024
182.85          0.0026
182.88          0.0027
182.91          0.0029
182.94          0.0031
182.97          0.0032
183.00          0.0034
183.03          0.0035
183.06          0.0037
183.09          0.0038
183.12          0.0039
183.15          0.0041
183.18          0.0042
183.21          0.0044
183.24          0.0045
183.27          0.0047
183.30          0.0048
183.33          0.0050
183.36          0.0051
183.39          0.0052
183.42          0.0054
183.45          0.0055
183.48          0.0056
183.51          0.0058
183.54          0.0059
183.57          0.0060
183.60          0.0062
183.63          0.0063
183.66          0.0064
183.69          0.0066
183.72          0.0067
183.75          0.0068
183.78          0.0069
183.81          0.0071
183.84          0.0072
183.87          0.0073
183.90          0.0074
183.93          0.0075
183.96          0.0076
183.99          0.0078
184.02          0.0079
184.05          0.0080
184.08          0.0081
184.11          0.0082
184.14          0.0083
184.17          0.0084
184.20          0.0085
184.23          0.0086
184.26          0.0087
184.29          0.0088
184.32          0.0089
184.35          0.0090
184.38          0.0091
184.41          0.0092
184.44          0.0093
184.47          0.0094
184.50          0.0095
184.53          0.0096
184.56          0.0097
184.59          0.0097
184.62          0.0098
184.65          0.0099
184.68          0.0100
184.71          0.0101
184.74          0.0101
184.77          0.0102
184.80          0.0103
184.83          0.0103
184.86          0.0104
184.89          0.0105
184.92          0.0105
184.95          0.0106
184.98          0.0107
185.01          0.0107
185.04          0.0108
185.07          0.0108
185.10          0.0109
185.13          0.0109
185.16          0.0110
185.19          0.0110
185.22          0.0111
185.25          0.0111
185.28          0.0112
185.31          0.0112
185.34          0.0112
185.37          0.0113
185.40          0.0113
185.43          0.0113
185.46          0.0114
185.49          0.0114
185.52          0.0114
185.55          0.0115
185.58          0.0115
185.61          0.0115
185.64          0.0115
185.67          0.0115
185.70          0.0116
185.73          0.0116
185.76          0.0116
185.79          0.0116
185.82          0.0116
185.85          0.0116
185.88          0.0116
185.91          0.0116
185.94          0.0116
185.97          0.0116
186.00          0.0116
186.03          0.0116
186.06          0.0116
186.09          0.0116
186.12          0.0116
186.15          0.0116
186.18          0.0116
186.21          0.0115
186.24          0.0115
186.27          0.0115
186.30          0.0115
186.33          0.0115
186.36          0.0114
186.39          0.0114
186.42          0.0114
186.45          0.0113
186.48          0.0113
186.51          0.0113
186.54          0.0112
186.57          0.0112
186.60          0.0112
186.63          0.0111
186.66          0.0111
186.69          0.0110
186.72          0.0110
186.75          0.0109
186.78          0.0109
186.81          0.0108
186.84          0.0108
186.87          0.0107
186.90          0.0107
186.93          0.0106
186.96          0.0106
186.99          0.0105
187.02          0.0104
187.05          0.0104
187.08          0.0103
187.11          0.0102
187.14          0.0102
187.17          0.0101
187.20          0.0100
187.23          0.0099
187.26          0.0099
187.29          0.0098
187.32          0.0097
187.35          0.0096
187.38          0.0096
187.41          0.0095
187.44          0.0094
187.47          0.0093
187.50          0.0092
187.53          0.0091
187.56          0.0090
187.59          0.0090
187.62          0.0089
187.65          0.0088
187.68          0.0087
187.71          0.0086
187.74          0.0085
187.77          0.0084
187.80          0.0083
187.83          0.0082
187.86          0.0081
187.89          0.0080
187.92          0.0079
187.95          0.0078
187.98          0.0077
188.01          0.0076
188.04          0.0075
188.07          0.0073
188.10          0.0072
188.13          0.0071
188.16          0.0070
188.19          0.0069
188.22          0.0068
188.25          0.0067
188.28          0.0066
188.31          0.0064
188.34          0.0063
188.37          0.0062
188.40          0.0061
188.43          0.0060
188.46          0.0059
188.49          0.0057
188.52          0.0056
188.55          0.0055
188.58          0.0054
188.61          0.0053
188.64          0.0051
188.67          0.0050
188.70          0.0049
188.73          0.0048
188.76          0.0046
188.79          0.0045
188.82          0.0044
188.85          0.0043
188.88          0.0041
188.91          0.0040
188.94          0.0039
188.97          0.0037
189.00          0.0036
189.03          0.0035
189.06          0.0034
189.09          0.0032
189.12          0.0031
189.15          0.0030
189.18          0.0028
189.21          0.0027
189.24          0.0026
189.27          0.0024
189.30          0.0023
189.33          0.0022
189.36          0.0021
189.39          0.0019
189.42          0.0018
189.45          0.0017
189.48          0.0015
189.51          0.0014
189.54          0.0013
189.57          0.0011
189.60          0.0010
189.63          0.0009
189.66          0.0008
189.69          0.0006
189.72          0.0005
189.75          0.0004
189.78          0.0002
189.81          0.0001
189.84         -0.0000
189.87         -0.0001
189.90         -0.0003
189.93         -0.0004
189.96         -0.0005
189.99         -0.0006
190.02         -0.0008
190.05         -0.0009
190.08         -0.0010
190.11         -0.0011
190.14         -0.0013
190.17         -0.0014
190.20         -0.0015
190.23         -0.0016
190.26         -0.0017
190.29         -0.0019
190.32         -0.0020
190.35         -0.0021
190.38         -0.0022
190.41         -0.0023
190.44         -0.0025
190.47         -0.0026
190.50         -0.0027
190.53         -0.0028
190.56         -0.0029
190.59         -0.0030
190.62         -0.0031
190.65         -0.0033
190.68         -0.0034
190.71         -0.0035
190.74         -0.0036
190.77         -0.0037
190.80         -0.0038
190.83         -0.0039
190.86         -0.0040
190.89         -0.0041
190.92         -0.0042
190.95         -0.0043
190.98         -0.0044
191.01         -0.0045
191.04         -0.0046
191.07         -0.0047
191.10         -0.0048
191.13         -0.0049
191.16         -0.0050
191.19         -0.0051
191.22         -0.0052
191.25         -0.0053
191.28         -0.0053
191.31         -0.0054
191.34         -0.0055
191.37         -0.0056
191.40         -0.0057
191.43         -0.0058
191.46         -0.0058
191.49         -0.0059
191.52         -0.0060
191.55         -0.0061
191.58         -0.0062
191.61         -0.0062
191.64         -0.0063
191.67         -0.0064
191.70         -0.0064
191.73         -0.0065
191.76         -0.0066
191.79         -0.0066
191.82         -0.0067
191.85         -0.0068
191.88         -0.0068
191.91         -0.0069
191.94         -0.0070
191.97         -0.0070
192.00         -0.0071
192.03         -0.0071
192.06         -0.0072
192.09         -0.0072
192.12         -0.0073
192.15         -0.0073
192.18         -0.0074
192.21         -0.0074
192.24         -0.0075
192.27         -0.0075
192.30         -0.0075
192.33         -0.0076
192.36         -0.0076
192.39         -0.0077
192.42         -0.0077
192.45         -0.0077
192.48         -0.0078
192.51         -0.0078
192.54         -0.0078
192.57         -0.0078
192.60         -0.0079
192.63         -0.0079
192.66         -0.0079
192.69         -0.0079
192.72         -0.0080
192.75         -0.0080
192.78         -0.0080
192.81         -0.0080
192.84         -0.0080
192.87         -0.0080
192.90         -0.0080
192.93         -0.0080
192.96         -0.0080
192.99         -0.0081
193.02         -0.0081
193.05         -0.0081
193.08         -0.0081
193.11         -0.0081
193.14         -0.0081
193.17         -0.0081
193.20         -0.0080
193.23         -0.0080
193.26         -0.0080
193.29         -0.0080
193.32         -0.0080
193.35         -0.0080
193.38         -0.0080
193.41         -0.0080
193.44         -0.0079
193.47         -0.0079
193.50         -0.0079
193.53         -0.0079
193.56         -0.0079
193.59         -0.0078
193.62         -0.0078
193.65         -0.0078
193.68         -0.0078
193.71         -0.0077
193.74         -0.0077
193.77         -0.0077
193.80         -0.0076
193.83         -0.0076
193.86         -0.0076
193.89         -0.0075
193.92         -0.0075
193.95         -0.0074
193.98         -0.0074
194.01         -0.0073
194.04         -0.0073
194.07         -0.0073
194.10         -0.0072
194.13         -0.0072
194.16         -0.0071
194.19         -0.0071
194.22         -0.0070
194.25         -0.0069
194.28         -0.0069
194.31         -0.0068
194.34         -0.0068
194.37         -0.0067
194.40         -0.0067
194.43         -0.0066
194.46         -0.0065
194.49         -0.0065
194.52         -0.0064
194.55         -0.0063
194.58         -0.0063
194.61         -0.0062
194.64         -0.0061
194.67         -0.0061
194.70         -0.0060
194.73         -0.0059
194.76         -0.0059
194.79         -0.0058
194.82         -0.0057
194.85         -0.0056
194.88         -0.0056
194.91         -0.0055
194.94         -0.0054
194.97         -0.0053
195.00         -0.0052
195.03         -0.0052
195.06         -0.0051
195.09         -0.0050
195.12         -0.0049
195.15         -0.0048
195.18         -0.0048
195.21         -0.0047
195.24         -0.0046
195.27         -0.0045
195.30         -0.0044
195.33         -0.0043
195.36         -0.0042
195.39         -0.0041
195.42         -0.0041
195.45         -0.0040
195.48         -0.0039
195.51         -0.0038
195.54         -0.0037
195.57         -0.0036
195.60         -0.0035
195.63         -0.0034
195.66         -0.0033
195.69         -0.0032
195.72         -0.0031
195.75         -0.0030
195.78         -0.0030
195.81         -0.0029
195.84         -0.0028
195.87         -0.0027
195.90         -0.0026
195.93         -0.0025
195.96         -0.0024
195.99         -0.0023
196.02         -0.0022
196.05         -0.0021
196.08         -0.0020
196.11         -0.0019
196.14         -0.0018
196.17         -0.0017
196.20         -0.0016
196.23         -0.0015
196.26         -0.0014
196.29         -0.0013
196.32         -0.0012
196.35         -0.0011
196.38         -0.0010
196.41         -0.0009
196.44         -0.0008
196.47         -0.0007
196.50         -0.0006
196.53         -0.0005
196.56         -0.0004
196.59         -0.0004
196.62         -0.0003
196.65         -0.0002
196.68         -0.0001
196.71          0.0000
196.74          0.0001
196.77          0.0002
196.80          0.0003
196.83          0.0004
196.86          0.0005
196.89          0.0006
196.92          0.0007
196.95          0.0008
196.98          0.0009
197.01          0.0010
197.04          0.0010
197.07          0.0011
197.10          0.0012
197.13          0.0013
197.16          0.0014
197.19          0.0015
197.22          0.0016
197.25          0.0017
197.28          0.0017
197.31          0.0018
197.34          0.0019
197.37          0.0020
197.40          0.0021
197.43          0.0022
197.46          0.0022
197.49          0.0023
197.52          0.0024
197.55          0.0025
197.58          0.0026
197.61          0.0026
197.64          0.0027
197.67          0.0028
197.70          0.0029
197.73          0.0030
197.76          0.0030
197.79          0.0031
197.82          0.0032
197.85          0.0032
197.88          0.0033
197.91          0.0034
197.94          0.0034
197.97          0.0035
198.00          0.0036
198.03          0.0036
198.06          0.0037
198.09          0.0038
198.12          0.0038
198.15          0.0039
198.18          0.0040
198.21          0.0040
198.24          0.0041
198.27          0.0041
198.30          0.0042
198.33          0.0042
198.36          0.0043
198.39          0.0043
198.42          0.0044
198.45          0.0044
198.48          0.0045
198.51          0.0045
198.54          0.0046
198.57          0.0046
198.60          0.0047
198.63          0.0047
198.66          0.0048
198.69          0.0048
198.72          0.0048
198.75          0.0049
198.78          0.0049
198.81          0.0050
198.84          0.0050
198.87          0.0050
198.90          0.0051
198.93          0.0051
198.96          0.0051
198.99          0.0051
199.02          0.0052
199.05          0.0052
199.08          0.0052
199.11          0.0052
199.14          0.0053
199.17          0.0053
199.20          0.0053
199.23          0.0053
199.26          0.0053
199.29          0.0053
199.32          0.0054
199.35          0.0054
199.38          0.0054
199.41          0.0054
199.44          0.0054
199.47          0.0054
199.50          0.0054
199.53          0.0054
199.56          0.0054
199.59          0.0054
199.62          0.0054
199.65          0.0054
199.68          0.0054
199.71          0.0054
199.74          0.0054
199.77          0.0054
199.80          0.0054
199.83          0.0054
199.86          0.0054
199.89          0.0054
199.92          0.0054
199.95          0.0053
199.98          0.0053
200.01          0.0053
200.04          0.0053
200.07          0.0053
200.10          0.0053
200.13          0.0052
200.16          0.0052
200.19          0.0052
200.22          0.0052
200.25          0.0051
200.28          0.0051
200.31          0.0051
200.34          0.0051
200.37          0.0050
200.40          0.0050
200.43          0.0050
200.46          0.0049
200.49          0.0049
200.52          0.0048
200.55          0.0048
200.58          0.0048
200.61          0.0047
200.64          0.0047
200.67          0.0046
200.70          0.0046
200.73          0.0046
200.76          0.0045
200.79          0.0045
200.82          0.0044
200.85          0.0044
200.88          0.0043
200.91          0.0043
200.94          0.0042
200.97          0.0042
201.00          0.0041
201.03          0.0040
201.06          0.0040
201.09          0.0039
201.12          0.0039
201.15          0.0038
201.18          0.0038
201.21          0.0037
201.24          0.0036
201.27          0.0036
201.30          0.0035
201.33          0.0034
201.36          0.0034
201.39          0.0033
201.42          0.0032
201.45          0.0032
201.48          0.0031
201.51          0.0030
201.54          0.0030
201.57          0.0029
201.60          0.0028
201.63          0.0028
201.66          0.0027
201.69          0.0026
201.72          0.0025
201.75          0.0025
201.78          0.0024
201.81          0.0023
201.84          0.0022
201.87          0.0022
201.90          0.0021
201.93          0.0020
201.96          0.0019
201.99          0.0018
202.02          0.0018
202.05          0.0017
202.08          0.0016
202.11          0.0015
202.14          0.0014
202.17          0.0014
202.20          0.0013
202.23          0.0012
202.26          0.0011
202.29          0.0010
202.32          0.0009
202.35          0.0009
202.38          0.0008
202.41          0.0007
202.44          0.0006
202.47          0.0005
202.50          0.0004
202.53          0.0003
202.56          0.0003
202.59          0.0002
202.62          0.0001
202.65          0.0000
202.68         -0.0001
202.71         -0.0002
202.74         -0.0003
202.77         -0.0003
202.80         -0.0004
202.83         -0.0005
202.86         -0.0006
202.89         -0.0007
202.92         -0.0008
202.95         -0.0009
202.98         -0.0009
203.01         -0.0010
203.04         -0.0011
203.07         -0.0012
203.10         -0.0013
203.13         -0.0014
203.16         -0.0015
203.19         -0.0015
203.22         -0.0016
203.25         -0.0017
203.28         -0.0018
203.31         -0.0019
203.34         -0.0020
203.37         -0.0020
203.40         -0.0021
203.43         -0.0022
203.46         -0.0023
203.49         -0.0024
203.52         -0.0024
203.55         -0.0025
203.58         -0.0026
203.61         -0.0027
203.64         -0.0028
203.67         -0.0028
203.70         -0.0029
203.73         -0.0030
203.76         -0.0031
203.79         -0.0031
203.82         -0.0032
203.85         -0.0033
203.88         -0.0034
203.91         -0.0034
203.94         -0.0035
203.97         -0.0036
204.00         -0.0037
204.03         -0.0037
204.06         -0.0038
204.09         -0.0039
204.12         -0.0039
204.15         -0.0040
204.18         -0.0041
204.21         -0.0041
204.24         -0.0042
204.27         -0.0043
204.30         -0.0043
204.33         -0.0044
204.36         -0.0045
204.39         -0.0045
204.42         -0.0046
204.45         -0.0046
204.48         -0.0047
204.51         -0.0047
204.54         -0.0048
204.57         -0.0049
204.60         -0.0049
204.63         -0.0050
204.66         -0.0050
204.69         -0.0051
204.72         -0.0051
204.75         -0.0052
204.78         -0.0052
204.81         -0.0053
204.84         -0.0053
204.87         -0.0053
204.90         -0.0054
204.93         -0.0054
204.96         -0.0055
204.99         -0.0055
205.02         -0.0055
205.05         -0.0056
205.08         -0.0056
205.11         -0.0057
205.14         -0.0057
205.17         -0.0057
205.20         -0.0057
205.23         -0.0058
205.26         -0.0058
205.29         -0.0058
205.32         -0.0059
205.35         -0.0059
205.38         -0.0059
205.41         -0.0059
205.44         -0.0060
205.47         -0.0060
205.50         -0.0060
205.53         -0.0060
205.56         -0.0060
205.59         -0.0060
205.62         -0.0061
205.65         -0.0061
205.68         -0.0061
205.71         -0.0061
205.74         -0.0061
205.77         -0.0061
205.80         -0.0061
205.83         -0.0061
205.86         -0.0061
205.89         -0.0061
205.92         -0.0061
205.95         -0.0061
205.98         -0.0061
206.01         -0.0061
206.04         -0.0061
206.07         -0.0061
206.10         -0.0061
206.13         -0.0061
206.16         -0.0061
206.19         -0.0060
206.22         -0.0060
206.25         -0.0060
206.28         -0.0060
206.31         -0.0060
206.34         -0.0060
206.37         -0.0059
206.40         -0.0059
206.43         -0.0059
206.46         -0.0059
206.49         -0.0058
206.52         -0.0058
206.55         -0.0058
206.58         -0.0058
206.61         -0.0057
206.64         -0.0057
206.67         -0.0057
206.70         -0.0056
206.73         -0.0056
206.76         -0.0056
206.79         -0.0055
206.82         -0.0055
206.85         -0.0054
206.88         -0.0054
206.91         -0.0053
206.94         -0.0053
206.97         -0.0053
207.00         -0.0052
207.03         -0.0052
207.06         -0.0051
207.09         -0.0051
207.12         -0.0050
207.15         -0.0049
207.18         -0.0049
207.21         -0.0048
207.24         -0.0048
207.27         -0.0047
207.30         -0.0047
207.33         -0.0046
207.36         -0.0045
207.39         -0.0045
207.42         -0.0044
207.45         -0.0043
207.48         -0.0043
207.51         -0.0042
207.54         -0.0041
207.57         -0.0041
207.60         -0.0040
207.63         -0.0039
207.66         -0.0038
207.69         -0.0038
207.72         -0.0037
207.75         -0.0036
207.78         -0.0035
207.81         -0.0035
207.84         -0.0034
207.87         -0.0033
207.90         -0.0032
207.93         -0.0031
207.96         -0.0030
207.99         -0.0030
208.02         -0.0029
208.05         -0.0028
208.08         -0.0027
208.11         -0.0026
208.14         -0.0025
208.17         -0.0024
208.20         -0.0024
208.23         -0.0023
208.26         -0.0022
208.29         -0.0021
208.32         -0.0020
208.35         -0.0019
208.38         -0.0018
208.41         -0.0017
208.44         -0.0016
208.47         -0.0015
208.50         -0.0014
208.53         -0.0013
208.56         -0.0012
208.59         -0.0011
208.62         -0.0010
208.65         -0.0009
208.68         -0.0008
208.71         -0.0007
208.74         -0.0006
208.77         -0.0005
208.80         -0.0004
208.83         -0.0003
208.86         -0.0002
208.89         -0.0001
208.92         -0.0000
208.95          0.0001
208.98          0.0002
209.01          0.0003
209.04          0.0004
209.07          0.0005
209.10          0.0006
209.13          0.0007
209.16          0.0008
209.19          0.0009
209.22          0.0010
209.25          0.0011
209.28          0.0013
209.31          0.0014
209.34          0.0015
209.37          0.0016
209.40          0.0017
209.43          0.0018
209.46          0.0019
209.49          0.0020
209.52          0.0021
209.55          0.0022
209.58          0.0023
209.61          0.0024
209.64          0.0025
209.67          0.0026
209.70          0.0027
209.73          0.0028
209.76          0.0029
209.79          0.0030
209.82          0.0032
209.85          0.0033
209.88          0.0034
209.91          0.0035
209.94          0.0036
209.97          0.0037
210.00          0.0038
210.03          0.0039
210.06          0.0040
210.09          0.0041
210.12          0.0042
210.15          0.0043
210.18          0.0044
210.21          0.0045
210.24          0.0046
210.27          0.0047
210.30          0.0048
210.33          0.0049
210.36          0.0050
210.39          0.0051
210.42          0.0051
210.45          0.0052
210.48          0.0053
210.51          0.0054
210.54          0.0055
210.57          0.0056
210.60          0.0057
210.63          0.0058
210.66          0.0059
210.69          0.0060
210.72          0.0061
210.75          0.0061
210.78          0.0062
210.81          0.0063
210.84          0.0064
210.87          0.0065
210.90          0.0066
210.93          0.0066
210.96          0.0067
210.99          0.0068
211.02          0.0069
211.05          0.0069
211.08          0.0070
211.11          0.0071
211.14          0.0072
211.17          0.0072
211.20          0.0073
211.23          0.0074
211.26          0.0075
211.29          0.0075
211.32          0.0076
211.35          0.0077
211.38          0.0077
211.41          0.0078
211.44          0.0078
211.47          0.0079
211.50          0.0080
211.53          0.0080
211.56          0.0081
211.59          0.0081
211.62          0.0082
211.65          0.0082
211.68          0.0083
211.71          0.0083
211.74          0.0084
211.77          0.0084
211.80          0.0085
211.83          0.0085
211.86          0.0086
211.89          0.0086
211.92          0.0086
211.95          0.0087
211.98          0.0087
212.01          0.0087
212.04          0.0088
212.07          0.0088
212.10          0.0088
212.13          0.0089
212.16          0.0089
212.19          0.0089
212.22          0.0090
212.25          0.0090
212.28          0.0090
212.31          0.0090
212.34          0.0090
212.37          0.0091
212.40          0.0091
212.43          0.0091
212.46          0.0091
212.49          0.0091
212.52          0.0091
212.55          0.0091
212.58          0.0091
212.61          0.0091
212.64          0.0091
212.67          0.0091
212.70          0.0091
212.73          0.0091
212.76          0.0091
212.79          0.0091
212.82          0.0091
212.85          0.0091
212.88          0.0091
212.91          0.0091
212.94          0.0091
212.97          0.0091
213.00          0.0090
213.03          0.0090
213.06          0.0090
213.09          0.0090
213.12          0.0090
213.15          0.0089
213.18          0.0089
213.21          0.0089
213.24          0.0088
213.27          0.0088
213.30          0.0088
213.33          0.0087
213.36          0.0087
213.39          0.0087
213.42          0.0086
213.45          0.0086
213.48          0.0086
213.51          0.0085
213.54          0.0085
213.57          0.0084
213.60          0.0084
213.63          0.0083
213.66          0.0083
213.69          0.0082
213.72          0.0082
213.75          0.0081
213.78          0.0080
213.81          0.0080
213.84          0.0079
213.87          0.0079
213.90          0.0078
213.93          0.0077
213.96          0.0077
213.99          0.0076
214.02          0.0075
214.05          0.0074
214.08          0.0074
214.11          0.0073
214.14          0.0072
214.17          0.0071
214.20          0.0071
214.23          0.0070
214.26          0.0069
214.29          0.0068
214.32          0.0067
214.35          0.0066
214.38          0.0066
214.41          0.0065
214.44          0.0064
214.47          0.0063
214.50          0.0062
214.53          0.0061
214.56          0.0060
214.59          0.0059
214.62          0.0058
214.65          0.0057
214.68          0.0056
214.71          0.0055
214.74          0.0054
214.77          0.0053
214.80          0.0052
214.83          0.0051
214.86          0.0050
214.89          0.0049
214.92          0.0048
214.95          0.0047
214.98          0.0046
215.01          0.0044
215.04          0.0043
215.07          0.0042
215.10          0.0041
215.13          0.0040
215.16          0.0039
215.19          0.0037
215.22          0.0036
215.25          0.0035
215.28          0.0034
215.31          0.0033
215.34          0.0031
215.37          0.0030
215.40          0.0029
215.43          0.0028
215.46          0.0027
215.49          0.0025
215.52          0.0024
215.55          0.0023
215.58          0.0021
215.61          0.0020
215.64          0.0019
215.67          0.0018
215.70          0.0016
215.73          0.0015
215.76          0.0014
215.79          0.0012
215.82          0.0011
215.85          0.0010
215.88          0.0008
215.91          0.0007
215.94          0.0006
215.97          0.0004
216.00          0.0003
216.03          0.0002
216.06          0.0000
216.09         -0.0001
216.12         -0.0002
216.15         -0.0004
216.18         -0.0005
216.21         -0.0006
216.24         -0.0008
216.27         -0.0009
216.30         -0.0011
216.33         -0.0012
216.36         -0.0013
216.39         -0.0015
216.42         -0.0016
216.45         -0.0017
216.48         -0.0019
216.51         -0.0020
216.54         -0.0021
216.57         -0.0023
216.60         -0.0024
216.63         -0.0026
216.66         -0.0027
216.69         -0.0028
216.72         -0.0030
216.75         -0.0031
216.78         -0.0032
216.81         -0.0034
216.84         -0.0035
216.87         -0.0036
216.90         -0.0038
216.93         -0.0039
216.96         -0.0040
216.99         -0.0042
217.02         -0.0043
217.05         -0.0044
217.08         -0.0046
217.11         -0.0047
217.14         -0.0048
217.17         -0.0050
217.20         -0.0051
217.23         -0.0052
217.26         -0.0053
217.29         -0.0055
217.32         -0.0056
217.35         -0.0057
217.38         -0.0058
217.41         -0.0060
217.44         -0.0061
217.47         -0.0062
217.50         -0.0063
217.53         -0.0065
217.56         -0.0066
217.59         -0.0067
217.62         -0.0068
217.65         -0.0069
217.68         -0.0070
217.71         -0.0072
217.74         -0.0073
217.77         -0.0074
217.80         -0.0075
217.83         -0.0076
217.86         -0.0077
217.89         -0.0078
217.92         -0.0079
217.95         -0.0080
217.98         -0.0082
218.01         -0.0083
218.04         -0.0084
218.07         -0.0085
218.10         -0.0086
218.13         -0.0087
218.16         -0.0088
218.19         -0.0089
218.22         -0.0090
218.25         -0.0091
218.28         -0.0091
218.31         -0.0092
218.34         -0.0093
218.37         -0.0094
218.40         -0.0095
218.43         -0.0096
218.46         -0.0097
218.49         -0.0098
218.52         -0.0098
218.55         -0.0099
218.58         -0.0100
218.61         -0.0101
218.64         -0.0102
218.67         -0.0102
218.70         -0.0103
218.73         -0.0104
218.76         -0.0104
218.79         -0.0105
218.82         -0.0106
218.85         -0.0106
218.88         -0.0107
218.91         -0.0108
218.94         -0.0108
218.97         -0.0109
219.00         -0.0109
219.03         -0.0110
219.06         -0.0111
219.09         -0.0111
219.12         -0.0112
219.15         -0.0112
219.18         -0.0113
219.21         -0.0113
219.24         -0.0113
219.27         -0.0114
219.30         -0.0114
219.33         -0.0115
219.36         -0.0115
219.39         -0.0115
219.42         -0.0116
219.45         -0.0116
219.48         -0.0116
219.51         -0.0116
219.54         -0.0117
219.57         -0.0117
219.60         -0.0117
219.63         -0.0117
219.66         -0.0118
219.69         -0.0118
219.72         -0.0118
219.75         -0.0118
219.78         -0.0118
219.81         -0.0118
219.84         -0.0118
219.87         -0.0118
219.90         -0.0118
219.93         -0.0118
219.96         -0.0118
219.99         -0.0118
220.02         -0.0118
220.05         -0.0118
220.08         -0.0118
220.11         -0.0118
220.14         -0.0118
220.17         -0.0118
220.20         -0.0117
220.23         -0.0117
220.26         -0.0117
220.29         -0.0117
220.32         -0.0117
220.35         -0.0116
220.38         -0.0116
220.41         -0.0116
220.44         -0.0115
220.47         -0.0115
220.50         -0.0115
220.53         -0.0114
220.56         -0.0114
220.59         -0.0114
220.62         -0.0113
220.65         -0.0113
220.68         -0.0112
220.71         -0.0112
220.74         -0.0111
220.77         -0.0111
220.80         -0.0110
220.83         -0.0110
220.86         -0.0109
220.89         -0.0108
220.92         -0.0108
220.95         -0.0107
220.98         -0.0107
221.01         -0.0106
221.04         -0.0105
221.07         -0.0105
221.10         -0.0104
221.13         -0.0103
221.16         -0.0102
221.19         -0.0102
221.22         -0.0101
221.25         -0.0100
221.28         -0.0099
221.31         -0.0098
221.34         -0.0097
221.37         -0.0097
221.40         -0.0096
221.43         -0.0095
221.46         -0.0094
221.49         -0.0093
221.52         -0.0092
221.55         -0.0091
221.58         -0.0090
221.61         -0.0089
221.64         -0.0088
221.67         -0.0087
221.70         -0.0086
221.73         -0.0085
221.76         -0.0084
221.79         -0.0083
221.82         -0.0082
221.85         -0.0081
221.88         -0.0079
221.91         -0.0078
221.94         -0.0077
221.97         -0.0076
222.00         -0.0075
222.03         -0.0074
222.06         -0.0072
222.09         -0.0071
222.12         -0.0070
222.15         -0.0069
222.18         -0.0068
222.21         -0.0066
222.24         -0.0065
222.27         -0.0064
222.30         -0.0062
222.33         -0.0061
222.36         -0.0060
222.39         -0.0058
222.42         -0.0057
222.45         -0.0056
222.48         -0.0054
222.51         -0.0053
222.54         -0.0052
222.57         -0.0050
222.60         -0.0049
222.63         -0.0047
222.66         -0.0046
222.69         -0.0045
222.72         -0.0043
222.75         -0.0042
222.78         -0.0040
222.81         -0.0039
222.84         -0.0037
222.87         -0.0036
222.90         -0.0034
222.93         -0.0033
222.96         -0.0031
222.99         -0.0030
223.02         -0.0029
223.05         -0.0027
223.08         -0.0025
223.11         -0.0024
223.14         -0.0022
223.17         -0.0021
223.20         -0.0019
223.23         -0.0018
223.26         -0.0016
223.29         -0.0015
223.32         -0.0013
223.35         -0.0012
223.38         -0.0010
223.41         -0.0009
223.44         -0.0007
223.47         -0.0006
223.50         -0.0004
223.53         -0.0002
223.56         -0.0001
223.59          0.0001
223.62          0.0002
223.65          0.0004
223.68          0.0005
223.71          0.0007
223.74          0.0008
223.77          0.0010
223.80          0.0012
223.83          0.0013
223.86          0.0015
223.89          0.0016
223.92          0.0018
223.95          0.0019
223.98          0.0021
224.01          0.0022
224.04          0.0024
224.07          0.0026
224.10          0.0027
224.13          0.0029
224.16          0.0030
224.19          0.0032
224.22          0.0033
224.25          0.0035
224.28          0.0036
224.31          0.0038
224.34          0.0039
224.37          0.0041
224.40          0.0042
224.43          0.0044
224.46          0.0045
224.49          0.0047
224.52          0.0048
224.55          0.0050
224.58          0.0051
224.61          0.0052
224.64          0.0054
224.67          0.0055
224.70          0.0057
224.73          0.0058
224.76          0.0060
224.79          0.0061
224.82          0.0062
224.85          0.0064
224.88          0.0065
224.91          0.0066
224.94          0.0068
224.97          0.0069
225.00          0.0070
225.03          0.0072
225.06          0.0073
225.09          0.0074
225.12          0.0076
225.15          0.0077
225.18          0.0078
225.21          0.0079
225.24          0.0081
225.27          0.0082
225.30          0.0083
225.33          0.0084
225.36          0.0085
225.39          0.0086
225.42          0.0088
225.45          0.0089
225.48          0.0090
225.51          0.0091
225.54          0.0092
225.57          0.0093
225.60          0.0094
225.63          0.0095
225.66          0.0096
225.69          0.0097
225.72          0.0098
225.75          0.0099
225.78          0.0100
225.81          0.0101
225.84          0.0102
225.87          0.0103
225.90          0.0104
225.93          0.0105
225.96          0.0106
225.99          0.0107
226.02          0.0108
226.05          0.0108
226.08          0.0109
226.11          0.0110
226.14          0.0111
226.17          0.0112
226.20          0.0112
226.23          0.0113
226.26          0.0114
226.29          0.0114
226.32          0.0115
226.35          0.0116
226.38          0.0116
226.41          0.0117
226.44          0.0118
226.47          0.0118
226.50          0.0119
226.53          0.0119
226.56          0.0120
226.59          0.0120
226.62          0.0121
226.65          0.0121
226.68          0.0122
226.71          0.0122
226.74          0.0123
226.77          0.0123
226.80          0.0123
226.83          0.0124
226.86          0.0124
226.89          0.0124
226.92          0.0125
226.95          0.0125
226.98          0.0125
227.01          0.0125
227.04          0.0126
227.07          0.0126
227.10          0.0126
227.13          0.0126
227.16          0.0126
227.19          0.0126
227.22          0.0126
227.25          0.0126
227.28          0.0127
227.31          0.0127
227.34          0.0127
227.37          0.0127
227.40          0.0127
227.43          0.0126
227.46          0.0126
227.49          0.0126
227.52          0.0126
227.55          0.0126
227.58          0.0126
227.61          0.0126
227.64          0.0126
227.67          0.0125
227.70          0.0125
227.73          0.0125
227.76          0.0125
227.79          0.0124
227.82          0.0124
227.85          0.0124
227.88          0.0123
227.91          0.0123
227.94          0.0123
227.97          0.0122
228.00          0.0122
228.03          0.0121
228.06          0.0121
228.09          0.0120
228.12          0.0120
228.15          0.0119
228.18          0.0119
228.21          0.0118
228.24          0.0118
228.27          0.0117
228.30          0.0117
228.33          0.0116
228.36          0.0115
228.39          0.0115
228.42          0.0114
228.45          0.0113
228.48          0.0113
228.51          0.0112
228.54          0.0111
228.57          0.0110
228.60          0.0110
228.63          0.0109
228.66          0.0108
228.69          0.0107
228.72          0.0106
228.75          0.0105
228.78          0.0104
228.81          0.0104
228.84          0.0103
228.87          0.0102
228.90          0.0101
228.93          0.0100
228.96          0.0099
228.99          0.0098
229.02          0.0097
229.05          0.0096
229.08          0.0095
229.11          0.0094
229.14          0.0093
229.17          0.0092
229.20          0.0090
229.23          0.0089
229.26          0.0088
229.29          0.0087
229.32          0.0086
229.35          0.0085
229.38          0.0084
229.41          0.0082
229.44          0.0081
229.47          0.0080
229.50          0.0079
229.53          0.0078
229.56          0.0076
229.59          0.0075
229.62          0.0074
229.65          0.0072
229.68          0.0071
229.71          0.0070
229.74          0.0069
229.77          0.0067
229.80          0.0066
229.83          0.0065
229.86          0.0063
229.89          0.0062
229.92          0.0060
229.95          0.0059
229.98          0.0058
230.01          0.0056
230.04          0.0055
230.07          0.0053
230.10          0.0052
230.13          0.0051
230.16          0.0049
230.19          0.0048
230.22          0.0046
230.25          0.0045
230.28          0.0043
230.31          0.0042
230.34          0.0040
230.37          0.0039
230.40          0.0037
230.43          0.0036
230.46          0.0034
230.49          0.0033
230.52          0.0031
230.55          0.0030
230.58          0.0028
230.61          0.0027
230.64          0.0025
230.67          0.0024
230.70          0.0022
230.73          0.0021
230.76          0.0019
230.79          0.0018
230.82          0.0016
230.85          0.0015
230.88          0.0013
230.91          0.0012
230.94          0.0010
230.97          0.0008
231.00          0.0007
231.03          0.0005
231.06          0.0004
231.09          0.0002
231.12          0.0001
231.15         -0.0001
231.18         -0.0002
231.21         -0.0004
231.24         -0.0005
231.27         -0.0007
231.30         -0.0008
231.33         -0.0010
231.36         -0.0011
231.39         -0.0013
231.42         -0.0014
231.45         -0.0016
231.48         -0.0018
231.51         -0.0019
231.54         -0.0021
231.57         -0.0022
231.60         -0.0024
231.63         -0.0025
231.66         -0.0026
231.69         -0.0028
231.72         -0.0029
231.75         -0.0031
231.78         -0.0032
231.81         -0.0034
231.84         -0.0035
231.87         -0.0037
231.90         -0.0038
231.93         -0.0040
231.96         -0.0041
231.99         -0.0042
232.02         -0.0044
232.05         -0.0045
232.08         -0.0047
232.11         -0.0048
232.14         -0.0049
232.17         -0.0051
232.20         -0.0052
232.23         -0.0053
232.26         -0.0055
232.29         -0.0056
232.32         -0.0057
232.35         -0.0059
232.38         -0.0060
232.41         -0.0061
232.44         -0.0062
232.47         -0.0064
232.50         -0.0065
232.53         -0.0066
232.56         -0.0067
232.59         -0.0069
232.62         -0.0070
232.65         -0.0071
232.68         -0.0072
232.71         -0.0073
232.74         -0.0074
232.77         -0.0075
232.80         -0.0077
232.83         -0.0078
232.86         -0.0079
232.89         -0.0080
232.92         -0.0081
232.95         -0.0082
232.98         -0.0083
233.01         -0.0084
233.04         -0.0085
233.07         -0.0086
233.10         -0.0087
233.13         -0.0088
233.16         -0.0089
233.19         -0.0090
233.22         -0.0091
233.25         -0.0092
233.28         -0.0092
233.31         -0.0093
233.34         -0.0094
233.37         -0.0095
233.40         -0.0096
233.43         -0.0097
233.46         -0.0097
233.49         -0.0098
233.52         -0.0099
233.55         -0.0100
233.58         -0.0100
233.61         -0.0101
233.64         -0.0102
233.67         -0.0102
233.70         -0.0103
233.73         -0.0104
233.76         -0.0104
233.79         -0.0105
233.82         -0.0105
233.85         -0.0106
233.88         -0.0107
233.91         -0.0107
233.94         -0.0108
233.97         -0.0108
234.00         -0.0109
234.03         -0.0109
234.06         -0.0109
234.09         -0.0110
234.12         -0.0110
234.15         -0.0111
234.18         -0.0111
234.21         -0.0111
234.24         -0.0112
234.27         -0.0112
234.30         -0.0112
234.33         -0.0112
234.36         -0.0113
234.39         -0.0113
234.42         -0.0113
234.45         -0.0113
234.48         -0.0113
234.51         -0.0114
234.54         -0.0114
234.57         -0.0114
234.60         -0.0114
234.63         -0.0114
234.66         -0.0114
234.69         -0.0114
234.72         -0.0114
234.75         -0.0114
234.78         -0.0114
234.81         -0.0114
234.84         -0.0114
234.87         -0.0114
234.90         -0.0114
234.93         -0.0114
234.96         -0.0114
234.99         -0.0113
235.02         -0.0113
235.05         -0.0113
235.08         -0.0113
235.11         -0.0113
235.14         -0.0112
235.17         -0.0112
235.20         -0.0112
235.23         -0.0112
235.26         -0.0111
235.29         -0.0111
235.32         -0.0111
235.35         -0.0110
235.38         -0.0110
235.41         -0.0109
235.44         -0.0109
235.47         -0.0109
235.50         -0.0108
235.53         -0.0108
235.56         -0.0107
235.59         -0.0107
235.62         -0.0106
235.65         -0.0106
235.68         -0.0105
235.71         -0.0104
235.74         -0.0104
235.77         -0.0103
235.80         -0.0103
235.83         -0.0102
235.86         -0.0101
235.89         -0.0101
235.92         -0.0100
235.95         -0.0099
235.98         -0.0099
236.01         -0.0098
236.04         -0.0097
236.07         -0.0096
236.10         -0.0096
236.13         -0.0095
236.16         -0.0094
236.19         -0.0093
236.22         -0.0092
236.25         -0.0091
236.28         -0.0091
236.31         -0.0090
236.34         -0.0089
236.37         -0.0088
236.40         -0.0087
236.43         -0.0086
236.46         -0.0085
236.49         -0.0084
236.52         -0.0083
236.55         -0.0082
236.58         -0.0081
236.61         -0.0080
236.64         -0.0079
236.67         -0.0078
236.70         -0.0077
236.73         -0.0076
236.76         -0.0075
236.79         -0.0074
236.82         -0.0073
236.85         -0.0072
236.88         -0.0071
236.91         -0.0070
236.94         -0.0068
236.97         -0.0067
237.00         -0.0066
237.03         -0.0065
237.06         -0.0064
237.09         -0.0063
237.12         -0.0061
237.15         -0.0060
237.18         -0.0059
237.21         -0.0058
237.24         -0.0057
237.27         -0.0055
237.30         -0.0054
237.33         -0.0053
237.36         -0.0052
237.39         -0.0050
237.42         -0.0049
237.45         -0.0048
237.48         -0.0047
237.51         -0.0045
237.54         -0.0044
237.57         -0.0043
237.60         -0.0042
237.63         -0.0040
237.66         -0.0039
237.69         -0.0038
237.72         -0.0036
237.75         -0.0035
237.78         -0.0034
237.81         -0.0032
237.84         -0.0031
237.87         -0.0030
237.90         -0.0029
237.93         -0.0027
237.96         -0.0026
237.99         -0.0025
238.02         -0.0023
238.05         -0.0022
238.08         -0.0021
238.11         -0.0019
238.14         -0.0018
238.17         -0.0017
238.20         -0.0015
238.23         -0.0014
238.26         -0.0013
238.29         -0.0011
238.32         -0.0010
238.35         -0.0008
238.38         -0.0007
238.41         -0.0006
238.44         -0.0004
238.47         -0.0003
238.50         -0.0002
238.53         -0.0001
238.56          0.0001
238.59          0.0002
238.62          0.0003
238.65          0.0005
238.68          0.0006
238.71          0.0007
238.74          0.0009
238.77          0.0010
238.80          0.0011
238.83          0.0013
238.86          0.0014
238.89          0.0015
238.92          0.0016
238.95          0.0018
238.98          0.0019
239.01          0.0020
239.04          0.0021
239.07          0.0023
239.10          0.0024
239.13          0.0025
239.16          0.0026
239.19          0.0028
239.22          0.0029
239.25          0.0030
239.28          0.0031
239.31          0.0032
239.34          0.0034
239.37          0.0035
239.40          0.0036
239.43          0.0037
239.46          0.0038
239.49          0.0039
239.52          0.0041
239.55          0.0042
239.58          0.0043
239.61          0.0044
239.64          0.0045
239.67          0.0046
239.70          0.0047
239.73          0.0048
239.76          0.0049
239.79          0.0050
239.82          0.0051
239.85          0.0052
239.88          0.0053
239.91          0.0054
239.94          0.0055
239.97          0.0056
240.00          0.0057
