   Wave #: 	7
Wave amplitude (m): 	0.01
Wave omega (rad/s): 	0.3926990817
Time (s)  Pitch (rads)
0.03            0.0000
0.06            0.0000
0.09            0.0000
0.12            0.0000
0.15            0.0000
0.18            0.0000
0.21            0.0000
0.24            0.0000
0.27            0.0000
0.30            0.0000
0.33            0.0000
0.36            0.0000
0.39            0.0000
0.42            0.0000
0.45            0.0000
0.48            0.0000
0.51            0.0000
0.54           -0.0000
0.57           -0.0000
0.60           -0.0000
0.63           -0.0000
0.66           -0.0000
0.69           -0.0000
0.72           -0.0000
0.75           -0.0000
0.78           -0.0000
0.81           -0.0000
0.84           -0.0000
0.87           -0.0000
0.90           -0.0000
0.93           -0.0001
0.96           -0.0001
0.99           -0.0001
1.02           -0.0001
1.05           -0.0001
1.08           -0.0001
1.11           -0.0001
1.14           -0.0001
1.17           -0.0001
1.20           -0.0001
1.23           -0.0001
1.26           -0.0002
1.29           -0.0002
1.32           -0.0002
1.35           -0.0002
1.38           -0.0002
1.41           -0.0002
1.44           -0.0002
1.47           -0.0002
1.50           -0.0003
1.53           -0.0003
1.56           -0.0003
1.59           -0.0003
1.62           -0.0003
1.65           -0.0003
1.68           -0.0004
1.71           -0.0004
1.74           -0.0004
1.77           -0.0004
1.80           -0.0004
1.83           -0.0005
1.86           -0.0005
1.89           -0.0005
1.92           -0.0005
1.95           -0.0005
1.98           -0.0006
2.01           -0.0006
2.04           -0.0006
2.07           -0.0006
2.10           -0.0007
2.13           -0.0007
2.16           -0.0007
2.19           -0.0007
2.22           -0.0008
2.25           -0.0008
2.28           -0.0008
2.31           -0.0008
2.34           -0.0009
2.37           -0.0009
2.40           -0.0009
2.43           -0.0010
2.46           -0.0010
2.49           -0.0010
2.52           -0.0010
2.55           -0.0011
2.58           -0.0011
2.61           -0.0011
2.64           -0.0012
2.67           -0.0012
2.70           -0.0012
2.73           -0.0013
2.76           -0.0013
2.79           -0.0013
2.82           -0.0014
2.85           -0.0014
2.88           -0.0014
2.91           -0.0015
2.94           -0.0015
2.97           -0.0016
3.00           -0.0016
3.03           -0.0016
3.06           -0.0017
3.09           -0.0017
3.12           -0.0017
3.15           -0.0018
3.18           -0.0018
3.21           -0.0019
3.24           -0.0019
3.27           -0.0019
3.30           -0.0020
3.33           -0.0020
3.36           -0.0021
3.39           -0.0021
3.42           -0.0022
3.45           -0.0022
3.48           -0.0023
3.51           -0.0023
3.54           -0.0023
3.57           -0.0024
3.60           -0.0024
3.63           -0.0025
3.66           -0.0025
3.69           -0.0026
3.72           -0.0026
3.75           -0.0027
3.78           -0.0027
3.81           -0.0028
3.84           -0.0028
3.87           -0.0029
3.90           -0.0029
3.93           -0.0030
3.96           -0.0030
3.99           -0.0031
4.02           -0.0031
4.05           -0.0032
4.08           -0.0032
4.11           -0.0033
4.14           -0.0034
4.17           -0.0034
4.20           -0.0035
4.23           -0.0035
4.26           -0.0036
4.29           -0.0036
4.32           -0.0037
4.35           -0.0037
4.38           -0.0038
4.41           -0.0039
4.44           -0.0039
4.47           -0.0040
4.50           -0.0040
4.53           -0.0041
4.56           -0.0042
4.59           -0.0042
4.62           -0.0043
4.65           -0.0043
4.68           -0.0044
4.71           -0.0045
4.74           -0.0045
4.77           -0.0046
4.80           -0.0046
4.83           -0.0047
4.86           -0.0048
4.89           -0.0048
4.92           -0.0049
4.95           -0.0049
4.98           -0.0050
5.01           -0.0051
5.04           -0.0051
5.07           -0.0052
5.10           -0.0053
5.13           -0.0053
5.16           -0.0054
5.19           -0.0055
5.22           -0.0055
5.25           -0.0056
5.28           -0.0056
5.31           -0.0057
5.34           -0.0058
5.37           -0.0058
5.40           -0.0059
5.43           -0.0060
5.46           -0.0060
5.49           -0.0061
5.52           -0.0061
5.55           -0.0062
5.58           -0.0063
5.61           -0.0063
5.64           -0.0064
5.67           -0.0065
5.70           -0.0065
5.73           -0.0066
5.76           -0.0067
5.79           -0.0067
5.82           -0.0068
5.85           -0.0068
5.88           -0.0069
5.91           -0.0070
5.94           -0.0070
5.97           -0.0071
6.00           -0.0072
6.03           -0.0072
6.06           -0.0073
6.09           -0.0073
6.12           -0.0074
6.15           -0.0075
6.18           -0.0075
6.21           -0.0076
6.24           -0.0076
6.27           -0.0077
6.30           -0.0078
6.33           -0.0078
6.36           -0.0079
6.39           -0.0079
6.42           -0.0080
6.45           -0.0080
6.48           -0.0081
6.51           -0.0082
6.54           -0.0082
6.57           -0.0083
6.60           -0.0083
6.63           -0.0084
6.66           -0.0084
6.69           -0.0085
6.72           -0.0085
6.75           -0.0086
6.78           -0.0086
6.81           -0.0087
6.84           -0.0087
6.87           -0.0088
6.90           -0.0089
6.93           -0.0089
6.96           -0.0089
6.99           -0.0090
7.02           -0.0090
7.05           -0.0091
7.08           -0.0091
7.11           -0.0092
7.14           -0.0092
7.17           -0.0093
7.20           -0.0093
7.23           -0.0094
7.26           -0.0094
7.29           -0.0094
7.32           -0.0095
7.35           -0.0095
7.38           -0.0096
7.41           -0.0096
7.44           -0.0096
7.47           -0.0097
7.50           -0.0097
7.53           -0.0098
7.56           -0.0098
7.59           -0.0098
7.62           -0.0099
7.65           -0.0099
7.68           -0.0099
7.71           -0.0099
7.74           -0.0100
7.77           -0.0100
7.80           -0.0100
7.83           -0.0101
7.86           -0.0101
7.89           -0.0101
7.92           -0.0101
7.95           -0.0102
7.98           -0.0102
8.01           -0.0102
8.04           -0.0102
8.07           -0.0102
8.10           -0.0103
8.13           -0.0103
8.16           -0.0103
8.19           -0.0103
8.22           -0.0103
8.25           -0.0103
8.28           -0.0103
8.31           -0.0104
8.34           -0.0104
8.37           -0.0104
8.40           -0.0104
8.43           -0.0104
8.46           -0.0104
8.49           -0.0104
8.52           -0.0104
8.55           -0.0104
8.58           -0.0104
8.61           -0.0104
8.64           -0.0104
8.67           -0.0104
8.70           -0.0104
8.73           -0.0104
8.76           -0.0104
8.79           -0.0104
8.82           -0.0104
8.85           -0.0104
8.88           -0.0104
8.91           -0.0103
8.94           -0.0103
8.97           -0.0103
9.00           -0.0103
9.03           -0.0103
9.06           -0.0103
9.09           -0.0102
9.12           -0.0102
9.15           -0.0102
9.18           -0.0102
9.21           -0.0102
9.24           -0.0101
9.27           -0.0101
9.30           -0.0101
9.33           -0.0100
9.36           -0.0100
9.39           -0.0100
9.42           -0.0099
9.45           -0.0099
9.48           -0.0099
9.51           -0.0098
9.54           -0.0098
9.57           -0.0098
9.60           -0.0097
9.63           -0.0097
9.66           -0.0096
9.69           -0.0096
9.72           -0.0095
9.75           -0.0095
9.78           -0.0094
9.81           -0.0094
9.84           -0.0093
9.87           -0.0093
9.90           -0.0092
9.93           -0.0092
9.96           -0.0091
9.99           -0.0091
10.02          -0.0090
10.05          -0.0089
10.08          -0.0089
10.11          -0.0088
10.14          -0.0087
10.17          -0.0087
10.20          -0.0086
10.23          -0.0085
10.26          -0.0085
10.29          -0.0084
10.32          -0.0083
10.35          -0.0082
10.38          -0.0082
10.41          -0.0081
10.44          -0.0080
10.47          -0.0079
10.50          -0.0078
10.53          -0.0078
10.56          -0.0077
10.59          -0.0076
10.62          -0.0075
10.65          -0.0074
10.68          -0.0073
10.71          -0.0072
10.74          -0.0071
10.77          -0.0070
10.80          -0.0070
10.83          -0.0069
10.86          -0.0068
10.89          -0.0067
10.92          -0.0066
10.95          -0.0065
10.98          -0.0064
11.01          -0.0063
11.04          -0.0062
11.07          -0.0061
11.10          -0.0059
11.13          -0.0058
11.16          -0.0057
11.19          -0.0056
11.22          -0.0055
11.25          -0.0054
11.28          -0.0053
11.31          -0.0052
11.34          -0.0050
11.37          -0.0049
11.40          -0.0048
11.43          -0.0047
11.46          -0.0046
11.49          -0.0045
11.52          -0.0043
11.55          -0.0042
11.58          -0.0041
11.61          -0.0040
11.64          -0.0038
11.67          -0.0037
11.70          -0.0036
11.73          -0.0034
11.76          -0.0033
11.79          -0.0032
11.82          -0.0030
11.85          -0.0029
11.88          -0.0028
11.91          -0.0026
11.94          -0.0025
11.97          -0.0024
12.00          -0.0022
12.03          -0.0021
12.06          -0.0020
12.09          -0.0018
12.12          -0.0017
12.15          -0.0015
12.18          -0.0014
12.21          -0.0012
12.24          -0.0011
12.27          -0.0010
12.30          -0.0008
12.33          -0.0007
12.36          -0.0005
12.39          -0.0004
12.42          -0.0002
12.45          -0.0001
12.48           0.0001
12.51           0.0002
12.54           0.0004
12.57           0.0005
12.60           0.0007
12.63           0.0008
12.66           0.0010
12.69           0.0011
12.72           0.0013
12.75           0.0015
12.78           0.0016
12.81           0.0018
12.84           0.0019
12.87           0.0021
12.90           0.0022
12.93           0.0024
12.96           0.0026
12.99           0.0027
13.02           0.0029
13.05           0.0030
13.08           0.0032
13.11           0.0034
13.14           0.0035
13.17           0.0037
13.20           0.0038
13.23           0.0040
13.26           0.0042
13.29           0.0043
13.32           0.0045
13.35           0.0046
13.38           0.0048
13.41           0.0050
13.44           0.0051
13.47           0.0053
13.50           0.0054
13.53           0.0056
13.56           0.0058
13.59           0.0059
13.62           0.0061
13.65           0.0062
13.68           0.0064
13.71           0.0066
13.74           0.0067
13.77           0.0069
13.80           0.0071
13.83           0.0072
13.86           0.0074
13.89           0.0075
13.92           0.0077
13.95           0.0079
13.98           0.0080
14.01           0.0082
14.04           0.0083
14.07           0.0085
14.10           0.0086
14.13           0.0088
14.16           0.0090
14.19           0.0091
14.22           0.0093
14.25           0.0094
14.28           0.0096
14.31           0.0097
14.34           0.0099
14.37           0.0100
14.40           0.0102
14.43           0.0103
14.46           0.0105
14.49           0.0106
14.52           0.0108
14.55           0.0109
14.58           0.0111
14.61           0.0112
14.64           0.0114
14.67           0.0115
14.70           0.0117
14.73           0.0118
14.76           0.0120
14.79           0.0121
14.82           0.0123
14.85           0.0124
14.88           0.0125
14.91           0.0127
14.94           0.0128
14.97           0.0129
15.00           0.0131
15.03           0.0132
15.06           0.0134
15.09           0.0135
15.12           0.0136
15.15           0.0137
15.18           0.0139
15.21           0.0140
15.24           0.0141
15.27           0.0143
15.30           0.0144
15.33           0.0145
15.36           0.0146
15.39           0.0148
15.42           0.0149
15.45           0.0150
15.48           0.0151
15.51           0.0152
15.54           0.0153
15.57           0.0155
15.60           0.0156
15.63           0.0157
15.66           0.0158
15.69           0.0159
15.72           0.0160
15.75           0.0161
15.78           0.0162
15.81           0.0163
15.84           0.0164
15.87           0.0165
15.90           0.0166
15.93           0.0167
15.96           0.0168
15.99           0.0169
16.02           0.0170
16.05           0.0171
16.08           0.0171
16.11           0.0172
16.14           0.0173
16.17           0.0174
16.20           0.0175
16.23           0.0176
16.26           0.0176
16.29           0.0177
16.32           0.0178
16.35           0.0178
16.38           0.0179
16.41           0.0180
16.44           0.0181
16.47           0.0181
16.50           0.0182
16.53           0.0182
16.56           0.0183
16.59           0.0184
16.62           0.0184
16.65           0.0185
16.68           0.0185
16.71           0.0186
16.74           0.0186
16.77           0.0186
16.80           0.0187
16.83           0.0187
16.86           0.0188
16.89           0.0188
16.92           0.0188
16.95           0.0189
16.98           0.0189
17.01           0.0189
17.04           0.0190
17.07           0.0190
17.10           0.0190
17.13           0.0190
17.16           0.0190
17.19           0.0190
17.22           0.0191
17.25           0.0191
17.28           0.0191
17.31           0.0191
17.34           0.0191
17.37           0.0191
17.40           0.0191
17.43           0.0191
17.46           0.0191
17.49           0.0191
17.52           0.0191
17.55           0.0191
17.58           0.0191
17.61           0.0190
17.64           0.0190
17.67           0.0190
17.70           0.0190
17.73           0.0190
17.76           0.0189
17.79           0.0189
17.82           0.0189
17.85           0.0188
17.88           0.0188
17.91           0.0188
17.94           0.0187
17.97           0.0187
18.00           0.0186
18.03           0.0186
18.06           0.0185
18.09           0.0185
18.12           0.0184
18.15           0.0184
18.18           0.0183
18.21           0.0183
18.24           0.0182
18.27           0.0181
18.30           0.0181
18.33           0.0180
18.36           0.0179
18.39           0.0178
18.42           0.0178
18.45           0.0177
18.48           0.0176
18.51           0.0175
18.54           0.0174
18.57           0.0174
18.60           0.0173
18.63           0.0172
18.66           0.0171
18.69           0.0170
18.72           0.0169
18.75           0.0168
18.78           0.0167
18.81           0.0166
18.84           0.0165
18.87           0.0164
18.90           0.0163
18.93           0.0161
18.96           0.0160
18.99           0.0159
19.02           0.0158
19.05           0.0157
19.08           0.0155
19.11           0.0154
19.14           0.0153
19.17           0.0152
19.20           0.0150
19.23           0.0149
19.26           0.0148
19.29           0.0146
19.32           0.0145
19.35           0.0143
19.38           0.0142
19.41           0.0140
19.44           0.0139
19.47           0.0137
19.50           0.0136
19.53           0.0134
19.56           0.0133
19.59           0.0131
19.62           0.0130
19.65           0.0128
19.68           0.0126
19.71           0.0125
19.74           0.0123
19.77           0.0121
19.80           0.0120
19.83           0.0118
19.86           0.0116
19.89           0.0114
19.92           0.0113
19.95           0.0111
19.98           0.0109
20.01           0.0107
20.04           0.0105
20.07           0.0104
20.10           0.0102
20.13           0.0100
20.16           0.0098
20.19           0.0096
20.22           0.0094
20.25           0.0092
20.28           0.0090
20.31           0.0088
20.34           0.0086
20.37           0.0084
20.40           0.0082
20.43           0.0080
20.46           0.0078
20.49           0.0076
20.52           0.0074
20.55           0.0072
20.58           0.0070
20.61           0.0067
20.64           0.0065
20.67           0.0063
20.70           0.0061
20.73           0.0059
20.76           0.0057
20.79           0.0054
20.82           0.0052
20.85           0.0050
20.88           0.0048
20.91           0.0046
20.94           0.0043
20.97           0.0041
21.00           0.0039
21.03           0.0037
21.06           0.0034
21.09           0.0032
21.12           0.0030
21.15           0.0027
21.18           0.0025
21.21           0.0023
21.24           0.0020
21.27           0.0018
21.30           0.0016
21.33           0.0013
21.36           0.0011
21.39           0.0009
21.42           0.0006
21.45           0.0004
21.48           0.0002
21.51          -0.0001
21.54          -0.0003
21.57          -0.0006
21.60          -0.0008
21.63          -0.0010
21.66          -0.0013
21.69          -0.0015
21.72          -0.0018
21.75          -0.0020
21.78          -0.0023
21.81          -0.0025
21.84          -0.0027
21.87          -0.0030
21.90          -0.0032
21.93          -0.0035
21.96          -0.0037
21.99          -0.0040
22.02          -0.0042
22.05          -0.0044
22.08          -0.0047
22.11          -0.0049
22.14          -0.0052
22.17          -0.0054
22.20          -0.0057
22.23          -0.0059
22.26          -0.0061
22.29          -0.0064
22.32          -0.0066
22.35          -0.0069
22.38          -0.0071
22.41          -0.0073
22.44          -0.0076
22.47          -0.0078
22.50          -0.0081
22.53          -0.0083
22.56          -0.0085
22.59          -0.0088
22.62          -0.0090
22.65          -0.0093
22.68          -0.0095
22.71          -0.0097
22.74          -0.0100
22.77          -0.0102
22.80          -0.0104
22.83          -0.0107
22.86          -0.0109
22.89          -0.0111
22.92          -0.0114
22.95          -0.0116
22.98          -0.0118
23.01          -0.0120
23.04          -0.0123
23.07          -0.0125
23.10          -0.0127
23.13          -0.0129
23.16          -0.0132
23.19          -0.0134
23.22          -0.0136
23.25          -0.0138
23.28          -0.0140
23.31          -0.0143
23.34          -0.0145
23.37          -0.0147
23.40          -0.0149
23.43          -0.0151
23.46          -0.0153
23.49          -0.0155
23.52          -0.0157
23.55          -0.0159
23.58          -0.0161
23.61          -0.0164
23.64          -0.0166
23.67          -0.0168
23.70          -0.0169
23.73          -0.0171
23.76          -0.0173
23.79          -0.0175
23.82          -0.0177
23.85          -0.0179
23.88          -0.0181
23.91          -0.0183
23.94          -0.0185
23.97          -0.0187
24.00          -0.0188
24.03          -0.0190
24.06          -0.0192
24.09          -0.0194
24.12          -0.0195
24.15          -0.0197
24.18          -0.0199
24.21          -0.0201
24.24          -0.0202
24.27          -0.0204
24.30          -0.0205
24.33          -0.0207
24.36          -0.0209
24.39          -0.0210
24.42          -0.0212
24.45          -0.0213
24.48          -0.0215
24.51          -0.0216
24.54          -0.0218
24.57          -0.0219
24.60          -0.0220
24.63          -0.0222
24.66          -0.0223
24.69          -0.0224
24.72          -0.0226
24.75          -0.0227
24.78          -0.0228
24.81          -0.0229
24.84          -0.0231
24.87          -0.0232
24.90          -0.0233
24.93          -0.0234
24.96          -0.0235
24.99          -0.0236
25.02          -0.0237
25.05          -0.0238
25.08          -0.0239
25.11          -0.0240
25.14          -0.0241
25.17          -0.0242
25.20          -0.0243
25.23          -0.0244
25.26          -0.0245
25.29          -0.0246
25.32          -0.0246
25.35          -0.0247
25.38          -0.0248
25.41          -0.0249
25.44          -0.0249
25.47          -0.0250
25.50          -0.0251
25.53          -0.0251
25.56          -0.0252
25.59          -0.0252
25.62          -0.0253
25.65          -0.0253
25.68          -0.0254
25.71          -0.0254
25.74          -0.0255
25.77          -0.0255
25.80          -0.0255
25.83          -0.0256
25.86          -0.0256
25.89          -0.0256
25.92          -0.0256
25.95          -0.0257
25.98          -0.0257
26.01          -0.0257
26.04          -0.0257
26.07          -0.0257
26.10          -0.0257
26.13          -0.0257
26.16          -0.0257
26.19          -0.0257
26.22          -0.0257
26.25          -0.0257
26.28          -0.0257
26.31          -0.0257
26.34          -0.0256
26.37          -0.0256
26.40          -0.0256
26.43          -0.0256
26.46          -0.0255
26.49          -0.0255
26.52          -0.0255
26.55          -0.0254
26.58          -0.0254
26.61          -0.0253
26.64          -0.0253
26.67          -0.0252
26.70          -0.0252
26.73          -0.0251
26.76          -0.0251
26.79          -0.0250
26.82          -0.0249
26.85          -0.0249
26.88          -0.0248
26.91          -0.0247
26.94          -0.0246
26.97          -0.0245
27.00          -0.0245
27.03          -0.0244
27.06          -0.0243
27.09          -0.0242
27.12          -0.0241
27.15          -0.0240
27.18          -0.0239
27.21          -0.0238
27.24          -0.0237
27.27          -0.0236
27.30          -0.0235
27.33          -0.0233
27.36          -0.0232
27.39          -0.0231
27.42          -0.0230
27.45          -0.0228
27.48          -0.0227
27.51          -0.0226
27.54          -0.0224
27.57          -0.0223
27.60          -0.0222
27.63          -0.0220
27.66          -0.0219
27.69          -0.0217
27.72          -0.0216
27.75          -0.0214
27.78          -0.0213
27.81          -0.0211
27.84          -0.0209
27.87          -0.0208
27.90          -0.0206
27.93          -0.0204
27.96          -0.0202
27.99          -0.0201
28.02          -0.0199
28.05          -0.0197
28.08          -0.0195
28.11          -0.0193
28.14          -0.0191
28.17          -0.0190
28.20          -0.0188
28.23          -0.0186
28.26          -0.0184
28.29          -0.0182
28.32          -0.0180
28.35          -0.0178
28.38          -0.0176
28.41          -0.0173
28.44          -0.0171
28.47          -0.0169
28.50          -0.0167
28.53          -0.0165
28.56          -0.0163
28.59          -0.0160
28.62          -0.0158
28.65          -0.0156
28.68          -0.0154
28.71          -0.0151
28.74          -0.0149
28.77          -0.0146
28.80          -0.0144
28.83          -0.0142
28.86          -0.0139
28.89          -0.0137
28.92          -0.0134
28.95          -0.0132
28.98          -0.0129
29.01          -0.0127
29.04          -0.0124
29.07          -0.0122
29.10          -0.0119
29.13          -0.0117
29.16          -0.0114
29.19          -0.0112
29.22          -0.0109
29.25          -0.0106
29.28          -0.0104
29.31          -0.0101
29.34          -0.0098
29.37          -0.0096
29.40          -0.0093
29.43          -0.0090
29.46          -0.0087
29.49          -0.0085
29.52          -0.0082
29.55          -0.0079
29.58          -0.0076
29.61          -0.0073
29.64          -0.0071
29.67          -0.0068
29.70          -0.0065
29.73          -0.0062
29.76          -0.0059
29.79          -0.0056
29.82          -0.0054
29.85          -0.0051
29.88          -0.0048
29.91          -0.0045
29.94          -0.0042
29.97          -0.0039
30.00          -0.0036
30.03          -0.0033
30.06          -0.0030
30.09          -0.0027
30.12          -0.0024
30.15          -0.0021
30.18          -0.0018
30.21          -0.0015
30.24          -0.0012
30.27          -0.0009
30.30          -0.0007
30.33          -0.0004
30.36          -0.0001
30.39           0.0002
30.42           0.0005
30.45           0.0008
30.48           0.0011
30.51           0.0014
30.54           0.0017
30.57           0.0020
30.60           0.0023
30.63           0.0026
30.66           0.0029
30.69           0.0032
30.72           0.0035
30.75           0.0038
30.78           0.0041
30.81           0.0044
30.84           0.0047
30.87           0.0050
30.90           0.0053
30.93           0.0056
30.96           0.0059
30.99           0.0062
31.02           0.0065
31.05           0.0068
31.08           0.0071
31.11           0.0074
31.14           0.0077
31.17           0.0080
31.20           0.0083
31.23           0.0086
31.26           0.0089
31.29           0.0092
31.32           0.0095
31.35           0.0098
31.38           0.0101
31.41           0.0104
31.44           0.0106
31.47           0.0109
31.50           0.0112
31.53           0.0115
31.56           0.0118
31.59           0.0121
31.62           0.0123
31.65           0.0126
31.68           0.0129
31.71           0.0132
31.74           0.0135
31.77           0.0137
31.80           0.0140
31.83           0.0143
31.86           0.0146
31.89           0.0148
31.92           0.0151
31.95           0.0154
31.98           0.0156
32.01           0.0159
32.04           0.0161
32.07           0.0164
32.10           0.0167
32.13           0.0169
32.16           0.0172
32.19           0.0174
32.22           0.0177
32.25           0.0179
32.28           0.0182
32.31           0.0184
32.34           0.0187
32.37           0.0189
32.40           0.0191
32.43           0.0194
32.46           0.0196
32.49           0.0199
32.52           0.0201
32.55           0.0203
32.58           0.0205
32.61           0.0208
32.64           0.0210
32.67           0.0212
32.70           0.0214
32.73           0.0216
32.76           0.0219
32.79           0.0221
32.82           0.0223
32.85           0.0225
32.88           0.0227
32.91           0.0229
32.94           0.0231
32.97           0.0233
33.00           0.0235
33.03           0.0237
33.06           0.0239
33.09           0.0240
33.12           0.0242
33.15           0.0244
33.18           0.0246
33.21           0.0248
33.24           0.0249
33.27           0.0251
33.30           0.0253
33.33           0.0254
33.36           0.0256
33.39           0.0258
33.42           0.0259
33.45           0.0261
33.48           0.0262
33.51           0.0264
33.54           0.0265
33.57           0.0266
33.60           0.0268
33.63           0.0269
33.66           0.0270
33.69           0.0272
33.72           0.0273
33.75           0.0274
33.78           0.0275
33.81           0.0277
33.84           0.0278
33.87           0.0279
33.90           0.0280
33.93           0.0281
33.96           0.0282
33.99           0.0283
34.02           0.0284
34.05           0.0285
34.08           0.0286
34.11           0.0287
34.14           0.0287
34.17           0.0288
34.20           0.0289
34.23           0.0290
34.26           0.0290
34.29           0.0291
34.32           0.0291
34.35           0.0292
34.38           0.0293
34.41           0.0293
34.44           0.0294
34.47           0.0294
34.50           0.0294
34.53           0.0295
34.56           0.0295
34.59           0.0295
34.62           0.0296
34.65           0.0296
34.68           0.0296
34.71           0.0296
34.74           0.0296
34.77           0.0297
34.80           0.0297
34.83           0.0297
34.86           0.0297
34.89           0.0297
34.92           0.0297
34.95           0.0296
34.98           0.0296
35.01           0.0296
35.04           0.0296
35.07           0.0296
35.10           0.0295
35.13           0.0295
35.16           0.0295
35.19           0.0294
35.22           0.0294
35.25           0.0294
35.28           0.0293
35.31           0.0293
35.34           0.0292
35.37           0.0291
35.40           0.0291
35.43           0.0290
35.46           0.0289
35.49           0.0289
35.52           0.0288
35.55           0.0287
35.58           0.0286
35.61           0.0285
35.64           0.0285
35.67           0.0284
35.70           0.0283
35.73           0.0282
35.76           0.0281
35.79           0.0280
35.82           0.0278
35.85           0.0277
35.88           0.0276
35.91           0.0275
35.94           0.0274
35.97           0.0272
36.00           0.0271
36.03           0.0270
36.06           0.0269
36.09           0.0267
36.12           0.0266
36.15           0.0264
36.18           0.0263
36.21           0.0261
36.24           0.0260
36.27           0.0258
36.30           0.0257
36.33           0.0255
36.36           0.0253
36.39           0.0252
36.42           0.0250
36.45           0.0248
36.48           0.0246
36.51           0.0244
36.54           0.0243
36.57           0.0241
36.60           0.0239
36.63           0.0237
36.66           0.0235
36.69           0.0233
36.72           0.0231
36.75           0.0229
36.78           0.0227
36.81           0.0225
36.84           0.0223
36.87           0.0220
36.90           0.0218
36.93           0.0216
36.96           0.0214
36.99           0.0211
37.02           0.0209
37.05           0.0207
37.08           0.0205
37.11           0.0202
37.14           0.0200
37.17           0.0197
37.20           0.0195
37.23           0.0192
37.26           0.0190
37.29           0.0188
37.32           0.0185
37.35           0.0182
37.38           0.0180
37.41           0.0177
37.44           0.0175
37.47           0.0172
37.50           0.0169
37.53           0.0167
37.56           0.0164
37.59           0.0161
37.62           0.0158
37.65           0.0156
37.68           0.0153
37.71           0.0150
37.74           0.0147
37.77           0.0145
37.80           0.0142
37.83           0.0139
37.86           0.0136
37.89           0.0133
37.92           0.0130
37.95           0.0127
37.98           0.0124
38.01           0.0121
38.04           0.0118
38.07           0.0115
38.10           0.0112
38.13           0.0109
38.16           0.0106
38.19           0.0103
38.22           0.0100
38.25           0.0097
38.28           0.0094
38.31           0.0091
38.34           0.0088
38.37           0.0084
38.40           0.0081
38.43           0.0078
38.46           0.0075
38.49           0.0072
38.52           0.0069
38.55           0.0065
38.58           0.0062
38.61           0.0059
38.64           0.0056
38.67           0.0053
38.70           0.0049
38.73           0.0046
38.76           0.0043
38.79           0.0040
38.82           0.0036
38.85           0.0033
38.88           0.0030
38.91           0.0027
38.94           0.0023
38.97           0.0020
39.00           0.0017
39.03           0.0014
39.06           0.0010
39.09           0.0007
39.12           0.0004
39.15           0.0000
39.18          -0.0003
39.21          -0.0006
39.24          -0.0010
39.27          -0.0013
39.30          -0.0016
39.33          -0.0019
39.36          -0.0023
39.39          -0.0026
39.42          -0.0029
39.45          -0.0033
39.48          -0.0036
39.51          -0.0039
39.54          -0.0042
39.57          -0.0046
39.60          -0.0049
39.63          -0.0052
39.66          -0.0055
39.69          -0.0059
39.72          -0.0062
39.75          -0.0065
39.78          -0.0068
39.81          -0.0072
39.84          -0.0075
39.87          -0.0078
39.90          -0.0081
39.93          -0.0084
39.96          -0.0088
39.99          -0.0091
40.02          -0.0094
40.05          -0.0097
40.08          -0.0100
40.11          -0.0103
40.14          -0.0107
40.17          -0.0110
40.20          -0.0113
40.23          -0.0116
40.26          -0.0119
40.29          -0.0122
40.32          -0.0125
40.35          -0.0128
40.38          -0.0131
40.41          -0.0134
40.44          -0.0137
40.47          -0.0140
40.50          -0.0143
40.53          -0.0146
40.56          -0.0149
40.59          -0.0152
40.62          -0.0155
40.65          -0.0157
40.68          -0.0160
40.71          -0.0163
40.74          -0.0166
40.77          -0.0169
40.80          -0.0172
40.83          -0.0174
40.86          -0.0177
40.89          -0.0180
40.92          -0.0182
40.95          -0.0185
40.98          -0.0188
41.01          -0.0190
41.04          -0.0193
41.07          -0.0196
41.10          -0.0198
41.13          -0.0201
41.16          -0.0203
41.19          -0.0206
41.22          -0.0208
41.25          -0.0211
41.28          -0.0213
41.31          -0.0216
41.34          -0.0218
41.37          -0.0220
41.40          -0.0223
41.43          -0.0225
41.46          -0.0227
41.49          -0.0229
41.52          -0.0232
41.55          -0.0234
41.58          -0.0236
41.61          -0.0238
41.64          -0.0240
41.67          -0.0242
41.70          -0.0244
41.73          -0.0246
41.76          -0.0248
41.79          -0.0250
41.82          -0.0252
41.85          -0.0254
41.88          -0.0256
41.91          -0.0258
41.94          -0.0260
41.97          -0.0262
42.00          -0.0263
42.03          -0.0265
42.06          -0.0267
42.09          -0.0269
42.12          -0.0270
42.15          -0.0272
42.18          -0.0273
42.21          -0.0275
42.24          -0.0276
42.27          -0.0278
42.30          -0.0279
42.33          -0.0281
42.36          -0.0282
42.39          -0.0284
42.42          -0.0285
42.45          -0.0286
42.48          -0.0287
42.51          -0.0289
42.54          -0.0290
42.57          -0.0291
42.60          -0.0292
42.63          -0.0293
42.66          -0.0294
42.69          -0.0295
42.72          -0.0296
42.75          -0.0297
42.78          -0.0298
42.81          -0.0299
42.84          -0.0300
42.87          -0.0301
42.90          -0.0301
42.93          -0.0302
42.96          -0.0303
42.99          -0.0303
43.02          -0.0304
43.05          -0.0305
43.08          -0.0305
43.11          -0.0306
43.14          -0.0306
43.17          -0.0307
43.20          -0.0307
43.23          -0.0307
43.26          -0.0308
43.29          -0.0308
43.32          -0.0308
43.35          -0.0309
43.38          -0.0309
43.41          -0.0309
43.44          -0.0309
43.47          -0.0309
43.50          -0.0309
43.53          -0.0309
43.56          -0.0309
43.59          -0.0309
43.62          -0.0309
43.65          -0.0309
43.68          -0.0309
43.71          -0.0309
43.74          -0.0308
43.77          -0.0308
43.80          -0.0308
43.83          -0.0307
43.86          -0.0307
43.89          -0.0307
43.92          -0.0306
43.95          -0.0306
43.98          -0.0305
44.01          -0.0305
44.04          -0.0304
44.07          -0.0303
44.10          -0.0303
44.13          -0.0302
44.16          -0.0301
44.19          -0.0300
44.22          -0.0300
44.25          -0.0299
44.28          -0.0298
44.31          -0.0297
44.34          -0.0296
44.37          -0.0295
44.40          -0.0294
44.43          -0.0293
44.46          -0.0292
44.49          -0.0291
44.52          -0.0290
44.55          -0.0288
44.58          -0.0287
44.61          -0.0286
44.64          -0.0285
44.67          -0.0283
44.70          -0.0282
44.73          -0.0281
44.76          -0.0279
44.79          -0.0278
44.82          -0.0276
44.85          -0.0275
44.88          -0.0273
44.91          -0.0272
44.94          -0.0270
44.97          -0.0268
45.00          -0.0267
45.03          -0.0265
45.06          -0.0263
45.09          -0.0261
45.12          -0.0260
45.15          -0.0258
45.18          -0.0256
45.21          -0.0254
45.24          -0.0252
45.27          -0.0250
45.30          -0.0248
45.33          -0.0246
45.36          -0.0244
45.39          -0.0242
45.42          -0.0240
45.45          -0.0238
45.48          -0.0236
45.51          -0.0234
45.54          -0.0231
45.57          -0.0229
45.60          -0.0227
45.63          -0.0225
45.66          -0.0222
45.69          -0.0220
45.72          -0.0218
45.75          -0.0215
45.78          -0.0213
45.81          -0.0210
45.84          -0.0208
45.87          -0.0205
45.90          -0.0203
45.93          -0.0200
45.96          -0.0198
45.99          -0.0195
46.02          -0.0193
46.05          -0.0190
46.08          -0.0187
46.11          -0.0185
46.14          -0.0182
46.17          -0.0179
46.20          -0.0177
46.23          -0.0174
46.26          -0.0171
46.29          -0.0168
46.32          -0.0165
46.35          -0.0163
46.38          -0.0160
46.41          -0.0157
46.44          -0.0154
46.47          -0.0151
46.50          -0.0148
46.53          -0.0145
46.56          -0.0142
46.59          -0.0139
46.62          -0.0136
46.65          -0.0133
46.68          -0.0130
46.71          -0.0127
46.74          -0.0124
46.77          -0.0121
46.80          -0.0118
46.83          -0.0115
46.86          -0.0112
46.89          -0.0109
46.92          -0.0106
46.95          -0.0103
46.98          -0.0100
47.01          -0.0096
47.04          -0.0093
47.07          -0.0090
47.10          -0.0087
47.13          -0.0084
47.16          -0.0081
47.19          -0.0077
47.22          -0.0074
47.25          -0.0071
47.28          -0.0068
47.31          -0.0064
47.34          -0.0061
47.37          -0.0058
47.40          -0.0055
47.43          -0.0051
47.46          -0.0048
47.49          -0.0045
47.52          -0.0042
47.55          -0.0038
47.58          -0.0035
47.61          -0.0032
47.64          -0.0028
47.67          -0.0025
47.70          -0.0022
47.73          -0.0019
47.76          -0.0015
47.79          -0.0012
47.82          -0.0009
47.85          -0.0005
47.88          -0.0002
47.91           0.0001
47.94           0.0005
47.97           0.0008
48.00           0.0011
48.03           0.0014
48.06           0.0018
48.09           0.0021
48.12           0.0024
48.15           0.0028
48.18           0.0031
48.21           0.0034
48.24           0.0037
48.27           0.0041
48.30           0.0044
48.33           0.0047
48.36           0.0050
48.39           0.0054
48.42           0.0057
48.45           0.0060
48.48           0.0063
48.51           0.0066
48.54           0.0070
48.57           0.0073
48.60           0.0076
48.63           0.0079
48.66           0.0082
48.69           0.0085
48.72           0.0089
48.75           0.0092
48.78           0.0095
48.81           0.0098
48.84           0.0101
48.87           0.0104
48.90           0.0107
48.93           0.0110
48.96           0.0113
48.99           0.0116
49.02           0.0119
49.05           0.0122
49.08           0.0125
49.11           0.0128
49.14           0.0131
49.17           0.0134
49.20           0.0137
49.23           0.0140
49.26           0.0142
49.29           0.0145
49.32           0.0148
49.35           0.0151
49.38           0.0154
49.41           0.0157
49.44           0.0159
49.47           0.0162
49.50           0.0165
49.53           0.0167
49.56           0.0170
49.59           0.0173
49.62           0.0175
49.65           0.0178
49.68           0.0181
49.71           0.0183
49.74           0.0186
49.77           0.0188
49.80           0.0191
49.83           0.0193
49.86           0.0196
49.89           0.0198
49.92           0.0200
49.95           0.0203
49.98           0.0205
50.01           0.0207
50.04           0.0210
50.07           0.0212
50.10           0.0214
50.13           0.0216
50.16           0.0219
50.19           0.0221
50.22           0.0223
50.25           0.0225
50.28           0.0227
50.31           0.0229
50.34           0.0231
50.37           0.0233
50.40           0.0235
50.43           0.0237
50.46           0.0239
50.49           0.0241
50.52           0.0243
50.55           0.0245
50.58           0.0246
50.61           0.0248
50.64           0.0250
50.67           0.0252
50.70           0.0253
50.73           0.0255
50.76           0.0256
50.79           0.0258
50.82           0.0260
50.85           0.0261
50.88           0.0263
50.91           0.0264
50.94           0.0265
50.97           0.0267
51.00           0.0268
51.03           0.0269
51.06           0.0271
51.09           0.0272
51.12           0.0273
51.15           0.0274
51.18           0.0276
51.21           0.0277
51.24           0.0278
51.27           0.0279
51.30           0.0280
51.33           0.0281
51.36           0.0282
51.39           0.0283
51.42           0.0284
51.45           0.0284
51.48           0.0285
51.51           0.0286
51.54           0.0287
51.57           0.0288
51.60           0.0288
51.63           0.0289
51.66           0.0290
51.69           0.0290
51.72           0.0291
51.75           0.0291
51.78           0.0292
51.81           0.0292
51.84           0.0292
51.87           0.0293
51.90           0.0293
51.93           0.0293
51.96           0.0294
51.99           0.0294
52.02           0.0294
52.05           0.0294
52.08           0.0294
52.11           0.0295
52.14           0.0295
52.17           0.0295
52.20           0.0295
52.23           0.0295
52.26           0.0294
52.29           0.0294
52.32           0.0294
52.35           0.0294
52.38           0.0294
52.41           0.0293
52.44           0.0293
52.47           0.0293
52.50           0.0293
52.53           0.0292
52.56           0.0292
52.59           0.0291
52.62           0.0291
52.65           0.0290
52.68           0.0290
52.71           0.0289
52.74           0.0288
52.77           0.0288
52.80           0.0287
52.83           0.0286
52.86           0.0286
52.89           0.0285
52.92           0.0284
52.95           0.0283
52.98           0.0282
53.01           0.0281
53.04           0.0280
53.07           0.0279
53.10           0.0278
53.13           0.0277
53.16           0.0276
53.19           0.0275
53.22           0.0274
53.25           0.0273
53.28           0.0271
53.31           0.0270
53.34           0.0269
53.37           0.0267
53.40           0.0266
53.43           0.0265
53.46           0.0263
53.49           0.0262
53.52           0.0260
53.55           0.0259
53.58           0.0257
53.61           0.0256
53.64           0.0254
53.67           0.0253
53.70           0.0251
53.73           0.0249
53.76           0.0248
53.79           0.0246
53.82           0.0244
53.85           0.0242
53.88           0.0240
53.91           0.0239
53.94           0.0237
53.97           0.0235
54.00           0.0233
54.03           0.0231
54.06           0.0229
54.09           0.0227
54.12           0.0225
54.15           0.0223
54.18           0.0221
54.21           0.0219
54.24           0.0217
54.27           0.0215
54.30           0.0212
54.33           0.0210
54.36           0.0208
54.39           0.0206
54.42           0.0203
54.45           0.0201
54.48           0.0199
54.51           0.0196
54.54           0.0194
54.57           0.0192
54.60           0.0189
54.63           0.0187
54.66           0.0185
54.69           0.0182
54.72           0.0180
54.75           0.0177
54.78           0.0175
54.81           0.0172
54.84           0.0169
54.87           0.0167
54.90           0.0164
54.93           0.0162
54.96           0.0159
54.99           0.0156
55.02           0.0154
55.05           0.0151
55.08           0.0148
55.11           0.0146
55.14           0.0143
55.17           0.0140
55.20           0.0138
55.23           0.0135
55.26           0.0132
55.29           0.0129
55.32           0.0126
55.35           0.0124
55.38           0.0121
55.41           0.0118
55.44           0.0115
55.47           0.0112
55.50           0.0109
55.53           0.0107
55.56           0.0104
55.59           0.0101
55.62           0.0098
55.65           0.0095
55.68           0.0092
55.71           0.0089
55.74           0.0086
55.77           0.0083
55.80           0.0080
55.83           0.0077
55.86           0.0074
55.89           0.0071
55.92           0.0068
55.95           0.0065
55.98           0.0062
56.01           0.0059
56.04           0.0056
56.07           0.0053
56.10           0.0050
56.13           0.0047
56.16           0.0044
56.19           0.0041
56.22           0.0038
56.25           0.0035
56.28           0.0032
56.31           0.0029
56.34           0.0026
56.37           0.0023
56.40           0.0020
56.43           0.0017
56.46           0.0014
56.49           0.0011
56.52           0.0008
56.55           0.0005
56.58           0.0002
56.61          -0.0001
56.64          -0.0004
56.67          -0.0007
56.70          -0.0010
56.73          -0.0013
56.76          -0.0016
56.79          -0.0019
56.82          -0.0022
56.85          -0.0025
56.88          -0.0028
56.91          -0.0031
56.94          -0.0034
56.97          -0.0037
57.00          -0.0040
57.03          -0.0043
57.06          -0.0046
57.09          -0.0049
57.12          -0.0052
57.15          -0.0055
57.18          -0.0058
57.21          -0.0060
57.24          -0.0063
57.27          -0.0066
57.30          -0.0069
57.33          -0.0072
57.36          -0.0075
57.39          -0.0078
57.42          -0.0080
57.45          -0.0083
57.48          -0.0086
57.51          -0.0089
57.54          -0.0091
57.57          -0.0094
57.60          -0.0097
57.63          -0.0100
57.66          -0.0102
57.69          -0.0105
57.72          -0.0108
57.75          -0.0110
57.78          -0.0113
57.81          -0.0116
57.84          -0.0118
57.87          -0.0121
57.90          -0.0123
57.93          -0.0126
57.96          -0.0128
57.99          -0.0131
58.02          -0.0134
58.05          -0.0136
58.08          -0.0138
58.11          -0.0141
58.14          -0.0143
58.17          -0.0146
58.20          -0.0148
58.23          -0.0151
58.26          -0.0153
58.29          -0.0155
58.32          -0.0157
58.35          -0.0160
58.38          -0.0162
58.41          -0.0164
58.44          -0.0166
58.47          -0.0169
58.50          -0.0171
58.53          -0.0173
58.56          -0.0175
58.59          -0.0177
58.62          -0.0179
58.65          -0.0181
58.68          -0.0183
58.71          -0.0185
58.74          -0.0187
58.77          -0.0189
58.80          -0.0191
58.83          -0.0193
58.86          -0.0195
58.89          -0.0197
58.92          -0.0199
58.95          -0.0201
58.98          -0.0202
59.01          -0.0204
59.04          -0.0206
59.07          -0.0208
59.10          -0.0209
59.13          -0.0211
59.16          -0.0212
59.19          -0.0214
59.22          -0.0216
59.25          -0.0217
59.28          -0.0219
59.31          -0.0220
59.34          -0.0222
59.37          -0.0223
59.40          -0.0224
59.43          -0.0226
59.46          -0.0227
59.49          -0.0228
59.52          -0.0230
59.55          -0.0231
59.58          -0.0232
59.61          -0.0233
59.64          -0.0235
59.67          -0.0236
59.70          -0.0237
59.73          -0.0238
59.76          -0.0239
59.79          -0.0240
59.82          -0.0241
59.85          -0.0242
59.88          -0.0243
59.91          -0.0244
59.94          -0.0245
59.97          -0.0245
60.00          -0.0246
60.03          -0.0247
60.06          -0.0248
60.09          -0.0248
60.12          -0.0249
60.15          -0.0250
60.18          -0.0250
60.21          -0.0251
60.24          -0.0251
60.27          -0.0252
60.30          -0.0252
60.33          -0.0253
60.36          -0.0253
60.39          -0.0254
60.42          -0.0254
60.45          -0.0254
60.48          -0.0255
60.51          -0.0255
60.54          -0.0255
60.57          -0.0255
60.60          -0.0256
60.63          -0.0256
60.66          -0.0256
60.69          -0.0256
60.72          -0.0256
60.75          -0.0256
60.78          -0.0256
60.81          -0.0256
60.84          -0.0256
60.87          -0.0256
60.90          -0.0256
60.93          -0.0256
60.96          -0.0255
60.99          -0.0255
61.02          -0.0255
61.05          -0.0255
61.08          -0.0254
61.11          -0.0254
61.14          -0.0254
61.17          -0.0253
61.20          -0.0253
61.23          -0.0252
61.26          -0.0252
61.29          -0.0251
61.32          -0.0251
61.35          -0.0250
61.38          -0.0250
61.41          -0.0249
61.44          -0.0248
61.47          -0.0248
61.50          -0.0247
61.53          -0.0246
61.56          -0.0245
61.59          -0.0244
61.62          -0.0244
61.65          -0.0243
61.68          -0.0242
61.71          -0.0241
61.74          -0.0240
61.77          -0.0239
61.80          -0.0238
61.83          -0.0237
61.86          -0.0236
61.89          -0.0235
61.92          -0.0234
61.95          -0.0233
61.98          -0.0231
62.01          -0.0230
62.04          -0.0229
62.07          -0.0228
62.10          -0.0226
62.13          -0.0225
62.16          -0.0224
62.19          -0.0222
62.22          -0.0221
62.25          -0.0220
62.28          -0.0218
62.31          -0.0217
62.34          -0.0215
62.37          -0.0214
62.40          -0.0212
62.43          -0.0211
62.46          -0.0209
62.49          -0.0207
62.52          -0.0206
62.55          -0.0204
62.58          -0.0203
62.61          -0.0201
62.64          -0.0199
62.67          -0.0197
62.70          -0.0196
62.73          -0.0194
62.76          -0.0192
62.79          -0.0190
62.82          -0.0188
62.85          -0.0187
62.88          -0.0185
62.91          -0.0183
62.94          -0.0181
62.97          -0.0179
63.00          -0.0177
63.03          -0.0175
63.06          -0.0173
63.09          -0.0171
63.12          -0.0169
63.15          -0.0167
63.18          -0.0165
63.21          -0.0163
63.24          -0.0161
63.27          -0.0159
63.30          -0.0157
63.33          -0.0154
63.36          -0.0152
63.39          -0.0150
63.42          -0.0148
63.45          -0.0146
63.48          -0.0143
63.51          -0.0141
63.54          -0.0139
63.57          -0.0137
63.60          -0.0134
63.63          -0.0132
63.66          -0.0130
63.69          -0.0128
63.72          -0.0125
63.75          -0.0123
63.78          -0.0121
63.81          -0.0118
63.84          -0.0116
63.87          -0.0113
63.90          -0.0111
63.93          -0.0109
63.96          -0.0106
63.99          -0.0104
64.02          -0.0101
64.05          -0.0099
64.08          -0.0097
64.11          -0.0094
64.14          -0.0092
64.17          -0.0089
64.20          -0.0087
64.23          -0.0084
64.26          -0.0082
64.29          -0.0079
64.32          -0.0077
64.35          -0.0074
64.38          -0.0072
64.41          -0.0069
64.44          -0.0067
64.47          -0.0064
64.50          -0.0062
64.53          -0.0059
64.56          -0.0057
64.59          -0.0054
64.62          -0.0052
64.65          -0.0049
64.68          -0.0046
64.71          -0.0044
64.74          -0.0041
64.77          -0.0039
64.80          -0.0036
64.83          -0.0034
64.86          -0.0031
64.89          -0.0029
64.92          -0.0026
64.95          -0.0024
64.98          -0.0021
65.01          -0.0019
65.04          -0.0016
65.07          -0.0013
65.10          -0.0011
65.13          -0.0008
65.16          -0.0006
65.19          -0.0003
65.22          -0.0001
65.25           0.0002
65.28           0.0004
65.31           0.0007
65.34           0.0009
65.37           0.0012
65.40           0.0014
65.43           0.0017
65.46           0.0019
65.49           0.0022
65.52           0.0024
65.55           0.0027
65.58           0.0029
65.61           0.0031
65.64           0.0034
65.67           0.0036
65.70           0.0039
65.73           0.0041
65.76           0.0043
65.79           0.0046
65.82           0.0048
65.85           0.0051
65.88           0.0053
65.91           0.0055
65.94           0.0058
65.97           0.0060
66.00           0.0062
66.03           0.0065
66.06           0.0067
66.09           0.0069
66.12           0.0071
66.15           0.0074
66.18           0.0076
66.21           0.0078
66.24           0.0080
66.27           0.0083
66.30           0.0085
66.33           0.0087
66.36           0.0089
66.39           0.0091
66.42           0.0093
66.45           0.0095
66.48           0.0097
66.51           0.0100
66.54           0.0102
66.57           0.0104
66.60           0.0106
66.63           0.0108
66.66           0.0110
66.69           0.0112
66.72           0.0114
66.75           0.0116
66.78           0.0117
66.81           0.0119
66.84           0.0121
66.87           0.0123
66.90           0.0125
66.93           0.0127
66.96           0.0129
66.99           0.0130
67.02           0.0132
67.05           0.0134
67.08           0.0136
67.11           0.0137
67.14           0.0139
67.17           0.0141
67.20           0.0142
67.23           0.0144
67.26           0.0146
67.29           0.0147
67.32           0.0149
67.35           0.0150
67.38           0.0152
67.41           0.0153
67.44           0.0155
67.47           0.0156
67.50           0.0158
67.53           0.0159
67.56           0.0161
67.59           0.0162
67.62           0.0163
67.65           0.0165
67.68           0.0166
67.71           0.0167
67.74           0.0168
67.77           0.0170
67.80           0.0171
67.83           0.0172
67.86           0.0173
67.89           0.0174
67.92           0.0175
67.95           0.0177
67.98           0.0178
68.01           0.0179
68.04           0.0180
68.07           0.0181
68.10           0.0182
68.13           0.0183
68.16           0.0183
68.19           0.0184
68.22           0.0185
68.25           0.0186
68.28           0.0187
68.31           0.0188
68.34           0.0188
68.37           0.0189
68.40           0.0190
68.43           0.0191
68.46           0.0191
68.49           0.0192
68.52           0.0192
68.55           0.0193
68.58           0.0194
68.61           0.0194
68.64           0.0195
68.67           0.0195
68.70           0.0196
68.73           0.0196
68.76           0.0197
68.79           0.0197
68.82           0.0197
68.85           0.0198
68.88           0.0198
68.91           0.0198
68.94           0.0198
68.97           0.0199
69.00           0.0199
69.03           0.0199
69.06           0.0199
69.09           0.0199
69.12           0.0199
69.15           0.0200
69.18           0.0200
69.21           0.0200
69.24           0.0200
69.27           0.0200
69.30           0.0200
69.33           0.0200
69.36           0.0199
69.39           0.0199
69.42           0.0199
69.45           0.0199
69.48           0.0199
69.51           0.0199
69.54           0.0198
69.57           0.0198
69.60           0.0198
69.63           0.0198
69.66           0.0197
69.69           0.0197
69.72           0.0196
69.75           0.0196
69.78           0.0196
69.81           0.0195
69.84           0.0195
69.87           0.0194
69.90           0.0194
69.93           0.0193
69.96           0.0193
69.99           0.0192
70.02           0.0191
70.05           0.0191
70.08           0.0190
70.11           0.0189
70.14           0.0189
70.17           0.0188
70.20           0.0187
70.23           0.0186
70.26           0.0186
70.29           0.0185
70.32           0.0184
70.35           0.0183
70.38           0.0182
70.41           0.0181
70.44           0.0180
70.47           0.0179
70.50           0.0178
70.53           0.0177
70.56           0.0176
70.59           0.0175
70.62           0.0174
70.65           0.0173
70.68           0.0172
70.71           0.0171
70.74           0.0170
70.77           0.0169
70.80           0.0168
70.83           0.0167
70.86           0.0165
70.89           0.0164
70.92           0.0163
70.95           0.0162
70.98           0.0160
71.01           0.0159
71.04           0.0158
71.07           0.0156
71.10           0.0155
71.13           0.0154
71.16           0.0152
71.19           0.0151
71.22           0.0150
71.25           0.0148
71.28           0.0147
71.31           0.0145
71.34           0.0144
71.37           0.0142
71.40           0.0141
71.43           0.0139
71.46           0.0138
71.49           0.0136
71.52           0.0135
71.55           0.0133
71.58           0.0132
71.61           0.0130
71.64           0.0128
71.67           0.0127
71.70           0.0125
71.73           0.0124
71.76           0.0122
71.79           0.0120
71.82           0.0119
71.85           0.0117
71.88           0.0115
71.91           0.0114
71.94           0.0112
71.97           0.0110
72.00           0.0108
72.03           0.0107
72.06           0.0105
72.09           0.0103
72.12           0.0101
72.15           0.0100
72.18           0.0098
72.21           0.0096
72.24           0.0094
72.27           0.0092
72.30           0.0091
72.33           0.0089
72.36           0.0087
72.39           0.0085
72.42           0.0083
72.45           0.0081
72.48           0.0080
72.51           0.0078
72.54           0.0076
72.57           0.0074
72.60           0.0072
72.63           0.0070
72.66           0.0068
72.69           0.0066
72.72           0.0065
72.75           0.0063
72.78           0.0061
72.81           0.0059
72.84           0.0057
72.87           0.0055
72.90           0.0053
72.93           0.0051
72.96           0.0049
72.99           0.0047
73.02           0.0046
73.05           0.0044
73.08           0.0042
73.11           0.0040
73.14           0.0038
73.17           0.0036
73.20           0.0034
73.23           0.0032
73.26           0.0030
73.29           0.0028
73.32           0.0026
73.35           0.0025
73.38           0.0023
73.41           0.0021
73.44           0.0019
73.47           0.0017
73.50           0.0015
73.53           0.0013
73.56           0.0011
73.59           0.0009
73.62           0.0008
73.65           0.0006
73.68           0.0004
73.71           0.0002
73.74           0.0000
73.77          -0.0002
73.80          -0.0004
73.83          -0.0005
73.86          -0.0007
73.89          -0.0009
73.92          -0.0011
73.95          -0.0013
73.98          -0.0015
74.01          -0.0016
74.04          -0.0018
74.07          -0.0020
74.10          -0.0022
74.13          -0.0024
74.16          -0.0025
74.19          -0.0027
74.22          -0.0029
74.25          -0.0031
74.28          -0.0032
74.31          -0.0034
74.34          -0.0036
74.37          -0.0037
74.40          -0.0039
74.43          -0.0041
74.46          -0.0042
74.49          -0.0044
74.52          -0.0046
74.55          -0.0047
74.58          -0.0049
74.61          -0.0051
74.64          -0.0052
74.67          -0.0054
74.70          -0.0055
74.73          -0.0057
74.76          -0.0059
74.79          -0.0060
74.82          -0.0062
74.85          -0.0063
74.88          -0.0065
74.91          -0.0066
74.94          -0.0068
74.97          -0.0069
75.00          -0.0071
75.03          -0.0072
75.06          -0.0073
75.09          -0.0075
75.12          -0.0076
75.15          -0.0078
75.18          -0.0079
75.21          -0.0080
75.24          -0.0082
75.27          -0.0083
75.30          -0.0084
75.33          -0.0086
75.36          -0.0087
75.39          -0.0088
75.42          -0.0089
75.45          -0.0091
75.48          -0.0092
75.51          -0.0093
75.54          -0.0094
75.57          -0.0095
75.60          -0.0097
75.63          -0.0098
75.66          -0.0099
75.69          -0.0100
75.72          -0.0101
75.75          -0.0102
75.78          -0.0103
75.81          -0.0104
75.84          -0.0105
75.87          -0.0106
75.90          -0.0107
75.93          -0.0108
75.96          -0.0109
75.99          -0.0110
76.02          -0.0111
76.05          -0.0112
76.08          -0.0113
76.11          -0.0114
76.14          -0.0114
76.17          -0.0115
76.20          -0.0116
76.23          -0.0117
76.26          -0.0118
76.29          -0.0118
76.32          -0.0119
76.35          -0.0120
76.38          -0.0120
76.41          -0.0121
76.44          -0.0122
76.47          -0.0122
76.50          -0.0123
76.53          -0.0124
76.56          -0.0124
76.59          -0.0125
76.62          -0.0125
76.65          -0.0126
76.68          -0.0126
76.71          -0.0127
76.74          -0.0127
76.77          -0.0128
76.80          -0.0128
76.83          -0.0129
76.86          -0.0129
76.89          -0.0129
76.92          -0.0130
76.95          -0.0130
76.98          -0.0130
77.01          -0.0131
77.04          -0.0131
77.07          -0.0131
77.10          -0.0131
77.13          -0.0132
77.16          -0.0132
77.19          -0.0132
77.22          -0.0132
77.25          -0.0132
77.28          -0.0132
77.31          -0.0133
77.34          -0.0133
77.37          -0.0133
77.40          -0.0133
77.43          -0.0133
77.46          -0.0133
77.49          -0.0133
77.52          -0.0133
77.55          -0.0133
77.58          -0.0133
77.61          -0.0133
77.64          -0.0133
77.67          -0.0132
77.70          -0.0132
77.73          -0.0132
77.76          -0.0132
77.79          -0.0132
77.82          -0.0132
77.85          -0.0131
77.88          -0.0131
77.91          -0.0131
77.94          -0.0131
77.97          -0.0130
78.00          -0.0130
78.03          -0.0130
78.06          -0.0129
78.09          -0.0129
78.12          -0.0129
78.15          -0.0128
78.18          -0.0128
78.21          -0.0127
78.24          -0.0127
78.27          -0.0127
78.30          -0.0126
78.33          -0.0126
78.36          -0.0125
78.39          -0.0125
78.42          -0.0124
78.45          -0.0123
78.48          -0.0123
78.51          -0.0122
78.54          -0.0122
78.57          -0.0121
78.60          -0.0120
78.63          -0.0120
78.66          -0.0119
78.69          -0.0119
78.72          -0.0118
78.75          -0.0117
78.78          -0.0116
78.81          -0.0116
78.84          -0.0115
78.87          -0.0114
78.90          -0.0113
78.93          -0.0113
78.96          -0.0112
78.99          -0.0111
79.02          -0.0110
79.05          -0.0109
79.08          -0.0109
79.11          -0.0108
79.14          -0.0107
79.17          -0.0106
79.20          -0.0105
79.23          -0.0104
79.26          -0.0103
79.29          -0.0102
79.32          -0.0101
79.35          -0.0100
79.38          -0.0099
79.41          -0.0098
79.44          -0.0097
79.47          -0.0097
79.50          -0.0096
79.53          -0.0094
79.56          -0.0093
79.59          -0.0092
79.62          -0.0091
79.65          -0.0090
79.68          -0.0089
79.71          -0.0088
79.74          -0.0087
79.77          -0.0086
79.80          -0.0085
79.83          -0.0084
79.86          -0.0083
79.89          -0.0082
79.92          -0.0081
79.95          -0.0079
79.98          -0.0078
80.01          -0.0077
80.04          -0.0076
80.07          -0.0075
80.10          -0.0074
80.13          -0.0072
80.16          -0.0071
80.19          -0.0070
80.22          -0.0069
80.25          -0.0068
80.28          -0.0066
80.31          -0.0065
80.34          -0.0064
80.37          -0.0063
80.40          -0.0062
80.43          -0.0060
80.46          -0.0059
80.49          -0.0058
80.52          -0.0057
80.55          -0.0055
80.58          -0.0054
80.61          -0.0053
80.64          -0.0052
80.67          -0.0051
80.70          -0.0049
80.73          -0.0048
80.76          -0.0047
80.79          -0.0046
80.82          -0.0044
80.85          -0.0043
80.88          -0.0042
80.91          -0.0040
80.94          -0.0039
80.97          -0.0038
81.00          -0.0037
81.03          -0.0035
81.06          -0.0034
81.09          -0.0033
81.12          -0.0032
81.15          -0.0030
81.18          -0.0029
81.21          -0.0028
81.24          -0.0027
81.27          -0.0025
81.30          -0.0024
81.33          -0.0023
81.36          -0.0022
81.39          -0.0020
81.42          -0.0019
81.45          -0.0018
81.48          -0.0017
81.51          -0.0015
81.54          -0.0014
81.57          -0.0013
81.60          -0.0012
81.63          -0.0010
81.66          -0.0009
81.69          -0.0008
81.72          -0.0007
81.75          -0.0006
81.78          -0.0004
81.81          -0.0003
81.84          -0.0002
81.87          -0.0001
81.90           0.0000
81.93           0.0002
81.96           0.0003
81.99           0.0004
82.02           0.0005
82.05           0.0006
82.08           0.0007
82.11           0.0009
82.14           0.0010
82.17           0.0011
82.20           0.0012
82.23           0.0013
82.26           0.0014
82.29           0.0015
82.32           0.0016
82.35           0.0018
82.38           0.0019
82.41           0.0020
82.44           0.0021
82.47           0.0022
82.50           0.0023
82.53           0.0024
82.56           0.0025
82.59           0.0026
82.62           0.0027
82.65           0.0028
82.68           0.0029
82.71           0.0030
82.74           0.0031
82.77           0.0032
82.80           0.0033
82.83           0.0034
82.86           0.0035
82.89           0.0036
82.92           0.0037
82.95           0.0038
82.98           0.0038
83.01           0.0039
83.04           0.0040
83.07           0.0041
83.10           0.0042
83.13           0.0043
83.16           0.0044
83.19           0.0044
83.22           0.0045
83.25           0.0046
83.28           0.0047
83.31           0.0048
83.34           0.0048
83.37           0.0049
83.40           0.0050
83.43           0.0051
83.46           0.0051
83.49           0.0052
83.52           0.0053
83.55           0.0053
83.58           0.0054
83.61           0.0055
83.64           0.0055
83.67           0.0056
83.70           0.0057
83.73           0.0057
83.76           0.0058
83.79           0.0058
83.82           0.0059
83.85           0.0060
83.88           0.0060
83.91           0.0061
83.94           0.0061
83.97           0.0062
84.00           0.0062
84.03           0.0063
84.06           0.0063
84.09           0.0064
84.12           0.0064
84.15           0.0064
84.18           0.0065
84.21           0.0065
84.24           0.0066
84.27           0.0066
84.30           0.0066
84.33           0.0067
84.36           0.0067
84.39           0.0067
84.42           0.0068
84.45           0.0068
84.48           0.0068
84.51           0.0069
84.54           0.0069
84.57           0.0069
84.60           0.0069
84.63           0.0069
84.66           0.0070
84.69           0.0070
84.72           0.0070
84.75           0.0070
84.78           0.0070
84.81           0.0070
84.84           0.0071
84.87           0.0071
84.90           0.0071
84.93           0.0071
84.96           0.0071
84.99           0.0071
85.02           0.0071
85.05           0.0071
85.08           0.0071
85.11           0.0071
85.14           0.0071
85.17           0.0071
85.20           0.0071
85.23           0.0071
85.26           0.0071
85.29           0.0071
85.32           0.0071
85.35           0.0071
85.38           0.0071
85.41           0.0070
85.44           0.0070
85.47           0.0070
85.50           0.0070
85.53           0.0070
85.56           0.0070
85.59           0.0069
85.62           0.0069
85.65           0.0069
85.68           0.0069
85.71           0.0068
85.74           0.0068
85.77           0.0068
85.80           0.0068
85.83           0.0067
85.86           0.0067
85.89           0.0067
85.92           0.0066
85.95           0.0066
85.98           0.0066
86.01           0.0065
86.04           0.0065
86.07           0.0065
86.10           0.0064
86.13           0.0064
86.16           0.0063
86.19           0.0063
86.22           0.0062
86.25           0.0062
86.28           0.0062
86.31           0.0061
86.34           0.0061
86.37           0.0060
86.40           0.0060
86.43           0.0059
86.46           0.0059
86.49           0.0058
86.52           0.0058
86.55           0.0057
86.58           0.0056
86.61           0.0056
86.64           0.0055
86.67           0.0055
86.70           0.0054
86.73           0.0054
86.76           0.0053
86.79           0.0052
86.82           0.0052
86.85           0.0051
86.88           0.0050
86.91           0.0050
86.94           0.0049
86.97           0.0049
87.00           0.0048
87.03           0.0047
87.06           0.0047
87.09           0.0046
87.12           0.0045
87.15           0.0044
87.18           0.0044
87.21           0.0043
87.24           0.0042
87.27           0.0042
87.30           0.0041
87.33           0.0040
87.36           0.0039
87.39           0.0039
87.42           0.0038
87.45           0.0037
87.48           0.0036
87.51           0.0036
87.54           0.0035
87.57           0.0034
87.60           0.0033
87.63           0.0033
87.66           0.0032
87.69           0.0031
87.72           0.0030
87.75           0.0030
87.78           0.0029
87.81           0.0028
87.84           0.0027
87.87           0.0026
87.90           0.0026
87.93           0.0025
87.96           0.0024
87.99           0.0023
88.02           0.0022
88.05           0.0021
88.08           0.0021
88.11           0.0020
88.14           0.0019
88.17           0.0018
88.20           0.0017
88.23           0.0017
88.26           0.0016
88.29           0.0015
88.32           0.0014
88.35           0.0013
88.38           0.0013
88.41           0.0012
88.44           0.0011
88.47           0.0010
88.50           0.0009
88.53           0.0008
88.56           0.0008
88.59           0.0007
88.62           0.0006
88.65           0.0005
88.68           0.0004
88.71           0.0004
88.74           0.0003
88.77           0.0002
88.80           0.0001
88.83           0.0000
88.86          -0.0000
88.89          -0.0001
88.92          -0.0002
88.95          -0.0003
88.98          -0.0004
89.01          -0.0004
89.04          -0.0005
89.07          -0.0006
89.10          -0.0007
89.13          -0.0007
89.16          -0.0008
89.19          -0.0009
89.22          -0.0010
89.25          -0.0010
89.28          -0.0011
89.31          -0.0012
89.34          -0.0013
89.37          -0.0013
89.40          -0.0014
89.43          -0.0015
89.46          -0.0016
89.49          -0.0016
89.52          -0.0017
89.55          -0.0018
89.58          -0.0018
89.61          -0.0019
89.64          -0.0020
89.67          -0.0020
89.70          -0.0021
89.73          -0.0022
89.76          -0.0022
89.79          -0.0023
89.82          -0.0024
89.85          -0.0024
89.88          -0.0025
89.91          -0.0025
89.94          -0.0026
89.97          -0.0027
90.00          -0.0027
90.03          -0.0028
90.06          -0.0028
90.09          -0.0029
90.12          -0.0030
90.15          -0.0030
90.18          -0.0031
90.21          -0.0031
90.24          -0.0032
90.27          -0.0032
90.30          -0.0033
90.33          -0.0033
90.36          -0.0034
90.39          -0.0034
90.42          -0.0035
90.45          -0.0035
90.48          -0.0036
90.51          -0.0036
90.54          -0.0036
90.57          -0.0037
90.60          -0.0037
90.63          -0.0038
90.66          -0.0038
90.69          -0.0038
90.72          -0.0039
90.75          -0.0039
90.78          -0.0040
90.81          -0.0040
90.84          -0.0040
90.87          -0.0041
90.90          -0.0041
90.93          -0.0041
90.96          -0.0042
90.99          -0.0042
91.02          -0.0042
91.05          -0.0042
91.08          -0.0043
91.11          -0.0043
91.14          -0.0043
91.17          -0.0043
91.20          -0.0043
91.23          -0.0044
91.26          -0.0044
91.29          -0.0044
91.32          -0.0044
91.35          -0.0044
91.38          -0.0044
91.41          -0.0045
91.44          -0.0045
91.47          -0.0045
91.50          -0.0045
91.53          -0.0045
91.56          -0.0045
91.59          -0.0045
91.62          -0.0045
91.65          -0.0045
91.68          -0.0045
91.71          -0.0045
91.74          -0.0045
91.77          -0.0045
91.80          -0.0045
91.83          -0.0045
91.86          -0.0045
91.89          -0.0045
91.92          -0.0045
91.95          -0.0045
91.98          -0.0045
92.01          -0.0045
92.04          -0.0045
92.07          -0.0045
92.10          -0.0044
92.13          -0.0044
92.16          -0.0044
92.19          -0.0044
92.22          -0.0044
92.25          -0.0044
92.28          -0.0043
92.31          -0.0043
92.34          -0.0043
92.37          -0.0043
92.40          -0.0043
92.43          -0.0042
92.46          -0.0042
92.49          -0.0042
92.52          -0.0042
92.55          -0.0041
92.58          -0.0041
92.61          -0.0041
92.64          -0.0040
92.67          -0.0040
92.70          -0.0040
92.73          -0.0039
92.76          -0.0039
92.79          -0.0039
92.82          -0.0038
92.85          -0.0038
92.88          -0.0037
92.91          -0.0037
92.94          -0.0036
92.97          -0.0036
93.00          -0.0036
93.03          -0.0035
93.06          -0.0035
93.09          -0.0034
93.12          -0.0034
93.15          -0.0033
93.18          -0.0033
93.21          -0.0032
93.24          -0.0032
93.27          -0.0031
93.30          -0.0031
93.33          -0.0030
93.36          -0.0030
93.39          -0.0029
93.42          -0.0028
93.45          -0.0028
93.48          -0.0027
93.51          -0.0027
93.54          -0.0026
93.57          -0.0025
93.60          -0.0025
93.63          -0.0024
93.66          -0.0024
93.69          -0.0023
93.72          -0.0022
93.75          -0.0022
93.78          -0.0021
93.81          -0.0020
93.84          -0.0020
93.87          -0.0019
93.90          -0.0018
93.93          -0.0017
93.96          -0.0017
93.99          -0.0016
94.02          -0.0015
94.05          -0.0015
94.08          -0.0014
94.11          -0.0013
94.14          -0.0012
94.17          -0.0012
94.20          -0.0011
94.23          -0.0010
94.26          -0.0009
94.29          -0.0009
94.32          -0.0008
94.35          -0.0007
94.38          -0.0006
94.41          -0.0005
94.44          -0.0005
94.47          -0.0004
94.50          -0.0003
94.53          -0.0002
94.56          -0.0001
94.59          -0.0001
94.62           0.0000
94.65           0.0001
94.68           0.0002
94.71           0.0003
94.74           0.0003
94.77           0.0004
94.80           0.0005
94.83           0.0006
94.86           0.0007
94.89           0.0008
94.92           0.0008
94.95           0.0009
94.98           0.0010
95.01           0.0011
95.04           0.0012
95.07           0.0013
95.10           0.0013
95.13           0.0014
95.16           0.0015
95.19           0.0016
95.22           0.0017
95.25           0.0018
95.28           0.0019
95.31           0.0019
95.34           0.0020
95.37           0.0021
95.40           0.0022
95.43           0.0023
95.46           0.0024
95.49           0.0024
95.52           0.0025
95.55           0.0026
95.58           0.0027
95.61           0.0028
95.64           0.0029
95.67           0.0029
95.70           0.0030
95.73           0.0031
95.76           0.0032
95.79           0.0033
95.82           0.0034
95.85           0.0034
95.88           0.0035
95.91           0.0036
95.94           0.0037
95.97           0.0038
96.00           0.0038
96.03           0.0039
96.06           0.0040
96.09           0.0041
96.12           0.0042
96.15           0.0042
96.18           0.0043
96.21           0.0044
96.24           0.0045
96.27           0.0045
96.30           0.0046
96.33           0.0047
96.36           0.0048
96.39           0.0048
96.42           0.0049
96.45           0.0050
96.48           0.0051
96.51           0.0051
96.54           0.0052
96.57           0.0053
96.60           0.0053
96.63           0.0054
96.66           0.0055
96.69           0.0055
96.72           0.0056
96.75           0.0057
96.78           0.0057
96.81           0.0058
96.84           0.0059
96.87           0.0059
96.90           0.0060
96.93           0.0060
96.96           0.0061
96.99           0.0062
97.02           0.0062
97.05           0.0063
97.08           0.0063
97.11           0.0064
97.14           0.0064
97.17           0.0065
97.20           0.0065
97.23           0.0066
97.26           0.0066
97.29           0.0067
97.32           0.0067
97.35           0.0068
97.38           0.0068
97.41           0.0069
97.44           0.0069
97.47           0.0070
97.50           0.0070
97.53           0.0070
97.56           0.0071
97.59           0.0071
97.62           0.0072
97.65           0.0072
97.68           0.0072
97.71           0.0073
97.74           0.0073
97.77           0.0073
97.80           0.0074
97.83           0.0074
97.86           0.0074
97.89           0.0074
97.92           0.0075
97.95           0.0075
97.98           0.0075
98.01           0.0075
98.04           0.0076
98.07           0.0076
98.10           0.0076
98.13           0.0076
98.16           0.0076
98.19           0.0076
98.22           0.0077
98.25           0.0077
98.28           0.0077
98.31           0.0077
98.34           0.0077
98.37           0.0077
98.40           0.0077
98.43           0.0077
98.46           0.0077
98.49           0.0077
98.52           0.0077
98.55           0.0077
98.58           0.0077
98.61           0.0077
98.64           0.0077
98.67           0.0077
98.70           0.0077
98.73           0.0077
98.76           0.0077
98.79           0.0077
98.82           0.0076
98.85           0.0076
98.88           0.0076
98.91           0.0076
98.94           0.0076
98.97           0.0076
99.00           0.0075
99.03           0.0075
99.06           0.0075
99.09           0.0075
99.12           0.0074
99.15           0.0074
99.18           0.0074
99.21           0.0074
99.24           0.0073
99.27           0.0073
99.30           0.0073
99.33           0.0072
99.36           0.0072
99.39           0.0071
99.42           0.0071
99.45           0.0071
99.48           0.0070
99.51           0.0070
99.54           0.0069
99.57           0.0069
99.60           0.0068
99.63           0.0068
99.66           0.0067
99.69           0.0067
99.72           0.0066
99.75           0.0066
99.78           0.0065
99.81           0.0065
99.84           0.0064
99.87           0.0063
99.90           0.0063
99.93           0.0062
99.96           0.0061
99.99           0.0061
100.02          0.0060
100.05          0.0059
100.08          0.0059
100.11          0.0058
100.14          0.0057
100.17          0.0057
100.20          0.0056
100.23          0.0055
100.26          0.0054
100.29          0.0054
100.32          0.0053
100.35          0.0052
100.38          0.0051
100.41          0.0050
100.44          0.0050
100.47          0.0049
100.50          0.0048
100.53          0.0047
100.56          0.0046
100.59          0.0045
100.62          0.0044
100.65          0.0043
100.68          0.0043
100.71          0.0042
100.74          0.0041
100.77          0.0040
100.80          0.0039
100.83          0.0038
100.86          0.0037
100.89          0.0036
100.92          0.0035
100.95          0.0034
100.98          0.0033
101.01          0.0032
101.04          0.0031
101.07          0.0030
101.10          0.0029
101.13          0.0028
101.16          0.0027
101.19          0.0025
101.22          0.0024
101.25          0.0023
101.28          0.0022
101.31          0.0021
101.34          0.0020
101.37          0.0019
101.40          0.0018
101.43          0.0017
101.46          0.0015
101.49          0.0014
101.52          0.0013
101.55          0.0012
101.58          0.0011
101.61          0.0010
101.64          0.0008
101.67          0.0007
101.70          0.0006
101.73          0.0005
101.76          0.0004
101.79          0.0002
101.82          0.0001
101.85         -0.0000
101.88         -0.0001
101.91         -0.0003
101.94         -0.0004
101.97         -0.0005
102.00         -0.0006
102.03         -0.0008
102.06         -0.0009
102.09         -0.0010
102.12         -0.0011
102.15         -0.0013
102.18         -0.0014
102.21         -0.0015
102.24         -0.0016
102.27         -0.0018
102.30         -0.0019
102.33         -0.0020
102.36         -0.0021
102.39         -0.0023
102.42         -0.0024
102.45         -0.0025
102.48         -0.0027
102.51         -0.0028
102.54         -0.0029
102.57         -0.0030
102.60         -0.0032
102.63         -0.0033
102.66         -0.0034
102.69         -0.0036
102.72         -0.0037
102.75         -0.0038
102.78         -0.0039
102.81         -0.0041
102.84         -0.0042
102.87         -0.0043
102.90         -0.0045
102.93         -0.0046
102.96         -0.0047
102.99         -0.0048
103.02         -0.0050
103.05         -0.0051
103.08         -0.0052
103.11         -0.0054
103.14         -0.0055
103.17         -0.0056
103.20         -0.0057
103.23         -0.0059
103.26         -0.0060
103.29         -0.0061
103.32         -0.0062
103.35         -0.0063
103.38         -0.0065
103.41         -0.0066
103.44         -0.0067
103.47         -0.0068
103.50         -0.0070
103.53         -0.0071
103.56         -0.0072
103.59         -0.0073
103.62         -0.0074
103.65         -0.0075
103.68         -0.0077
103.71         -0.0078
103.74         -0.0079
103.77         -0.0080
103.80         -0.0081
103.83         -0.0082
103.86         -0.0084
103.89         -0.0085
103.92         -0.0086
103.95         -0.0087
103.98         -0.0088
104.01         -0.0089
104.04         -0.0090
104.07         -0.0091
104.10         -0.0092
104.13         -0.0093
104.16         -0.0094
104.19         -0.0095
104.22         -0.0096
104.25         -0.0097
104.28         -0.0098
104.31         -0.0099
104.34         -0.0100
104.37         -0.0101
104.40         -0.0102
104.43         -0.0103
104.46         -0.0104
104.49         -0.0105
104.52         -0.0106
104.55         -0.0107
104.58         -0.0108
104.61         -0.0108
104.64         -0.0109
104.67         -0.0110
104.70         -0.0111
104.73         -0.0112
104.76         -0.0113
104.79         -0.0113
104.82         -0.0114
104.85         -0.0115
104.88         -0.0116
104.91         -0.0116
104.94         -0.0117
104.97         -0.0118
105.00         -0.0119
105.03         -0.0119
105.06         -0.0120
105.09         -0.0121
105.12         -0.0121
105.15         -0.0122
105.18         -0.0122
105.21         -0.0123
105.24         -0.0124
105.27         -0.0124
105.30         -0.0125
105.33         -0.0125
105.36         -0.0126
105.39         -0.0126
105.42         -0.0127
105.45         -0.0127
105.48         -0.0128
105.51         -0.0128
105.54         -0.0129
105.57         -0.0129
105.60         -0.0129
105.63         -0.0130
105.66         -0.0130
105.69         -0.0130
105.72         -0.0131
105.75         -0.0131
105.78         -0.0131
105.81         -0.0132
105.84         -0.0132
105.87         -0.0132
105.90         -0.0132
105.93         -0.0132
105.96         -0.0133
105.99         -0.0133
106.02         -0.0133
106.05         -0.0133
106.08         -0.0133
106.11         -0.0133
106.14         -0.0133
106.17         -0.0133
106.20         -0.0133
106.23         -0.0133
106.26         -0.0133
106.29         -0.0133
106.32         -0.0133
106.35         -0.0133
106.38         -0.0133
106.41         -0.0133
106.44         -0.0133
106.47         -0.0133
106.50         -0.0133
106.53         -0.0133
106.56         -0.0133
106.59         -0.0132
106.62         -0.0132
106.65         -0.0132
106.68         -0.0132
106.71         -0.0131
106.74         -0.0131
106.77         -0.0131
106.80         -0.0130
106.83         -0.0130
106.86         -0.0130
106.89         -0.0129
106.92         -0.0129
106.95         -0.0128
106.98         -0.0128
107.01         -0.0128
107.04         -0.0127
107.07         -0.0127
107.10         -0.0126
107.13         -0.0126
107.16         -0.0125
107.19         -0.0124
107.22         -0.0124
107.25         -0.0123
107.28         -0.0123
107.31         -0.0122
107.34         -0.0121
107.37         -0.0121
107.40         -0.0120
107.43         -0.0119
107.46         -0.0118
107.49         -0.0118
107.52         -0.0117
107.55         -0.0116
107.58         -0.0115
107.61         -0.0115
107.64         -0.0114
107.67         -0.0113
107.70         -0.0112
107.73         -0.0111
107.76         -0.0110
107.79         -0.0109
107.82         -0.0108
107.85         -0.0107
107.88         -0.0106
107.91         -0.0105
107.94         -0.0104
107.97         -0.0103
108.00         -0.0102
108.03         -0.0101
108.06         -0.0100
108.09         -0.0099
108.12         -0.0098
108.15         -0.0097
108.18         -0.0096
108.21         -0.0095
108.24         -0.0093
108.27         -0.0092
108.30         -0.0091
108.33         -0.0090
108.36         -0.0089
108.39         -0.0087
108.42         -0.0086
108.45         -0.0085
108.48         -0.0084
108.51         -0.0082
108.54         -0.0081
108.57         -0.0080
108.60         -0.0078
108.63         -0.0077
108.66         -0.0075
108.69         -0.0074
108.72         -0.0073
108.75         -0.0071
108.78         -0.0070
108.81         -0.0068
108.84         -0.0067
108.87         -0.0066
108.90         -0.0064
108.93         -0.0063
108.96         -0.0061
108.99         -0.0060
109.02         -0.0058
109.05         -0.0056
109.08         -0.0055
109.11         -0.0053
109.14         -0.0052
109.17         -0.0050
109.20         -0.0049
109.23         -0.0047
109.26         -0.0045
109.29         -0.0044
109.32         -0.0042
109.35         -0.0041
109.38         -0.0039
109.41         -0.0037
109.44         -0.0036
109.47         -0.0034
109.50         -0.0032
109.53         -0.0031
109.56         -0.0029
109.59         -0.0027
109.62         -0.0025
109.65         -0.0024
109.68         -0.0022
109.71         -0.0020
109.74         -0.0019
109.77         -0.0017
109.80         -0.0015
109.83         -0.0013
109.86         -0.0011
109.89         -0.0010
109.92         -0.0008
109.95         -0.0006
109.98         -0.0004
110.01         -0.0003
110.04         -0.0001
110.07          0.0001
110.10          0.0003
110.13          0.0005
110.16          0.0006
110.19          0.0008
110.22          0.0010
110.25          0.0012
110.28          0.0014
110.31          0.0016
110.34          0.0017
110.37          0.0019
110.40          0.0021
110.43          0.0023
110.46          0.0025
110.49          0.0027
110.52          0.0028
110.55          0.0030
110.58          0.0032
110.61          0.0034
110.64          0.0036
110.67          0.0038
110.70          0.0039
110.73          0.0041
110.76          0.0043
110.79          0.0045
110.82          0.0047
110.85          0.0048
110.88          0.0050
110.91          0.0052
110.94          0.0054
110.97          0.0056
111.00          0.0058
111.03          0.0059
111.06          0.0061
111.09          0.0063
111.12          0.0065
111.15          0.0067
111.18          0.0068
111.21          0.0070
111.24          0.0072
111.27          0.0074
111.30          0.0075
111.33          0.0077
111.36          0.0079
111.39          0.0081
111.42          0.0082
111.45          0.0084
111.48          0.0086
111.51          0.0088
111.54          0.0089
111.57          0.0091
111.60          0.0093
111.63          0.0094
111.66          0.0096
111.69          0.0098
111.72          0.0099
111.75          0.0101
111.78          0.0103
111.81          0.0104
111.84          0.0106
111.87          0.0108
111.90          0.0109
111.93          0.0111
111.96          0.0112
111.99          0.0114
112.02          0.0115
112.05          0.0117
112.08          0.0118
112.11          0.0120
112.14          0.0122
112.17          0.0123
112.20          0.0124
112.23          0.0126
112.26          0.0127
112.29          0.0129
112.32          0.0130
112.35          0.0132
112.38          0.0133
112.41          0.0134
112.44          0.0136
112.47          0.0137
112.50          0.0139
112.53          0.0140
112.56          0.0141
112.59          0.0142
112.62          0.0144
112.65          0.0145
112.68          0.0146
112.71          0.0147
112.74          0.0149
112.77          0.0150
112.80          0.0151
112.83          0.0152
112.86          0.0153
112.89          0.0154
112.92          0.0156
112.95          0.0157
112.98          0.0158
113.01          0.0159
113.04          0.0160
113.07          0.0161
113.10          0.0162
113.13          0.0163
113.16          0.0164
113.19          0.0165
113.22          0.0166
113.25          0.0167
113.28          0.0167
113.31          0.0168
113.34          0.0169
113.37          0.0170
113.40          0.0171
113.43          0.0172
113.46          0.0172
113.49          0.0173
113.52          0.0174
113.55          0.0175
113.58          0.0175
113.61          0.0176
113.64          0.0177
113.67          0.0177
113.70          0.0178
113.73          0.0178
113.76          0.0179
113.79          0.0179
113.82          0.0180
113.85          0.0180
113.88          0.0181
113.91          0.0181
113.94          0.0182
113.97          0.0182
114.00          0.0182
114.03          0.0183
114.06          0.0183
114.09          0.0183
114.12          0.0184
114.15          0.0184
114.18          0.0184
114.21          0.0184
114.24          0.0185
114.27          0.0185
114.30          0.0185
114.33          0.0185
114.36          0.0185
114.39          0.0185
114.42          0.0185
114.45          0.0185
114.48          0.0185
114.51          0.0185
114.54          0.0185
114.57          0.0185
114.60          0.0185
114.63          0.0185
114.66          0.0185
114.69          0.0185
114.72          0.0185
114.75          0.0184
114.78          0.0184
114.81          0.0184
114.84          0.0184
114.87          0.0183
114.90          0.0183
114.93          0.0183
114.96          0.0182
114.99          0.0182
115.02          0.0182
115.05          0.0181
115.08          0.0181
115.11          0.0180
115.14          0.0180
115.17          0.0179
115.20          0.0179
115.23          0.0178
115.26          0.0177
115.29          0.0177
115.32          0.0176
115.35          0.0175
115.38          0.0175
115.41          0.0174
115.44          0.0173
115.47          0.0172
115.50          0.0172
115.53          0.0171
115.56          0.0170
115.59          0.0169
115.62          0.0168
115.65          0.0167
115.68          0.0166
115.71          0.0165
115.74          0.0165
115.77          0.0164
115.80          0.0163
115.83          0.0161
115.86          0.0160
115.89          0.0159
115.92          0.0158
115.95          0.0157
115.98          0.0156
116.01          0.0155
116.04          0.0154
116.07          0.0152
116.10          0.0151
116.13          0.0150
116.16          0.0149
116.19          0.0147
116.22          0.0146
116.25          0.0145
116.28          0.0143
116.31          0.0142
116.34          0.0141
116.37          0.0139
116.40          0.0138
116.43          0.0136
116.46          0.0135
116.49          0.0133
116.52          0.0132
116.55          0.0130
116.58          0.0129
116.61          0.0127
116.64          0.0126
116.67          0.0124
116.70          0.0122
116.73          0.0121
116.76          0.0119
116.79          0.0117
116.82          0.0116
116.85          0.0114
116.88          0.0112
116.91          0.0111
116.94          0.0109
116.97          0.0107
117.00          0.0105
117.03          0.0103
117.06          0.0102
117.09          0.0100
117.12          0.0098
117.15          0.0096
117.18          0.0094
117.21          0.0092
117.24          0.0090
117.27          0.0088
117.30          0.0086
117.33          0.0085
117.36          0.0083
117.39          0.0081
117.42          0.0079
117.45          0.0077
117.48          0.0075
117.51          0.0073
117.54          0.0071
117.57          0.0068
117.60          0.0066
117.63          0.0064
117.66          0.0062
117.69          0.0060
117.72          0.0058
117.75          0.0056
117.78          0.0054
117.81          0.0052
117.84          0.0050
117.87          0.0047
117.90          0.0045
117.93          0.0043
117.96          0.0041
117.99          0.0039
118.02          0.0036
118.05          0.0034
118.08          0.0032
118.11          0.0030
118.14          0.0028
118.17          0.0025
118.20          0.0023
118.23          0.0021
118.26          0.0019
118.29          0.0016
118.32          0.0014
118.35          0.0012
118.38          0.0010
118.41          0.0007
118.44          0.0005
118.47          0.0003
118.50          0.0001
118.53         -0.0002
118.56         -0.0004
118.59         -0.0006
118.62         -0.0009
118.65         -0.0011
118.68         -0.0013
118.71         -0.0015
118.74         -0.0018
118.77         -0.0020
118.80         -0.0022
118.83         -0.0025
118.86         -0.0027
118.89         -0.0029
118.92         -0.0032
118.95         -0.0034
118.98         -0.0036
119.01         -0.0038
119.04         -0.0041
119.07         -0.0043
119.10         -0.0045
119.13         -0.0048
119.16         -0.0050
119.19         -0.0052
119.22         -0.0054
119.25         -0.0057
119.28         -0.0059
119.31         -0.0061
119.34         -0.0063
119.37         -0.0066
119.40         -0.0068
119.43         -0.0070
119.46         -0.0072
119.49         -0.0075
119.52         -0.0077
119.55         -0.0079
119.58         -0.0081
119.61         -0.0084
119.64         -0.0086
119.67         -0.0088
119.70         -0.0090
119.73         -0.0092
119.76         -0.0094
119.79         -0.0097
119.82         -0.0099
119.85         -0.0101
119.88         -0.0103
119.91         -0.0105
119.94         -0.0107
119.97         -0.0109
120.00         -0.0111
120.03         -0.0113
120.06         -0.0115
120.09         -0.0117
120.12         -0.0119
120.15         -0.0121
120.18         -0.0123
120.21         -0.0125
120.24         -0.0127
120.27         -0.0129
120.30         -0.0131
120.33         -0.0133
120.36         -0.0135
120.39         -0.0137
120.42         -0.0139
120.45         -0.0141
120.48         -0.0143
120.51         -0.0145
120.54         -0.0146
120.57         -0.0148
120.60         -0.0150
120.63         -0.0152
120.66         -0.0154
120.69         -0.0155
120.72         -0.0157
120.75         -0.0159
120.78         -0.0160
120.81         -0.0162
120.84         -0.0164
120.87         -0.0165
120.90         -0.0167
120.93         -0.0169
120.96         -0.0170
120.99         -0.0172
121.02         -0.0173
121.05         -0.0175
121.08         -0.0176
121.11         -0.0178
121.14         -0.0179
121.17         -0.0181
121.20         -0.0182
121.23         -0.0184
121.26         -0.0185
121.29         -0.0186
121.32         -0.0188
121.35         -0.0189
121.38         -0.0190
121.41         -0.0192
121.44         -0.0193
121.47         -0.0194
121.50         -0.0195
121.53         -0.0196
121.56         -0.0198
121.59         -0.0199
121.62         -0.0200
121.65         -0.0201
121.68         -0.0202
121.71         -0.0203
121.74         -0.0204
121.77         -0.0205
121.80         -0.0206
121.83         -0.0207
121.86         -0.0208
121.89         -0.0209
121.92         -0.0210
121.95         -0.0210
121.98         -0.0211
122.01         -0.0212
122.04         -0.0213
122.07         -0.0214
122.10         -0.0214
122.13         -0.0215
122.16         -0.0216
122.19         -0.0216
122.22         -0.0217
122.25         -0.0217
122.28         -0.0218
122.31         -0.0219
122.34         -0.0219
122.37         -0.0220
122.40         -0.0220
122.43         -0.0220
122.46         -0.0221
122.49         -0.0221
122.52         -0.0221
122.55         -0.0222
122.58         -0.0222
122.61         -0.0222
122.64         -0.0223
122.67         -0.0223
122.70         -0.0223
122.73         -0.0223
122.76         -0.0223
122.79         -0.0223
122.82         -0.0223
122.85         -0.0223
122.88         -0.0224
122.91         -0.0223
122.94         -0.0223
122.97         -0.0223
123.00         -0.0223
123.03         -0.0223
123.06         -0.0223
123.09         -0.0223
123.12         -0.0223
123.15         -0.0222
123.18         -0.0222
123.21         -0.0222
123.24         -0.0222
123.27         -0.0221
123.30         -0.0221
123.33         -0.0220
123.36         -0.0220
123.39         -0.0220
123.42         -0.0219
123.45         -0.0219
123.48         -0.0218
123.51         -0.0217
123.54         -0.0217
123.57         -0.0216
123.60         -0.0216
123.63         -0.0215
123.66         -0.0214
123.69         -0.0214
123.72         -0.0213
123.75         -0.0212
123.78         -0.0211
123.81         -0.0210
123.84         -0.0209
123.87         -0.0209
123.90         -0.0208
123.93         -0.0207
123.96         -0.0206
123.99         -0.0205
124.02         -0.0204
124.05         -0.0203
124.08         -0.0202
124.11         -0.0201
124.14         -0.0199
124.17         -0.0198
124.20         -0.0197
124.23         -0.0196
124.26         -0.0195
124.29         -0.0193
124.32         -0.0192
124.35         -0.0191
124.38         -0.0190
124.41         -0.0188
124.44         -0.0187
124.47         -0.0185
124.50         -0.0184
124.53         -0.0183
124.56         -0.0181
124.59         -0.0180
124.62         -0.0178
124.65         -0.0177
124.68         -0.0175
124.71         -0.0173
124.74         -0.0172
124.77         -0.0170
124.80         -0.0169
124.83         -0.0167
124.86         -0.0165
124.89         -0.0164
124.92         -0.0162
124.95         -0.0160
124.98         -0.0158
125.01         -0.0156
125.04         -0.0155
125.07         -0.0153
125.10         -0.0151
125.13         -0.0149
125.16         -0.0147
125.19         -0.0145
125.22         -0.0143
125.25         -0.0141
125.28         -0.0139
125.31         -0.0137
125.34         -0.0135
125.37         -0.0133
125.40         -0.0131
125.43         -0.0129
125.46         -0.0127
125.49         -0.0125
125.52         -0.0123
125.55         -0.0121
125.58         -0.0119
125.61         -0.0116
125.64         -0.0114
125.67         -0.0112
125.70         -0.0110
125.73         -0.0108
125.76         -0.0105
125.79         -0.0103
125.82         -0.0101
125.85         -0.0099
125.88         -0.0096
125.91         -0.0094
125.94         -0.0092
125.97         -0.0089
126.00         -0.0087
126.03         -0.0085
126.06         -0.0082
126.09         -0.0080
126.12         -0.0077
126.15         -0.0075
126.18         -0.0073
126.21         -0.0070
126.24         -0.0068
126.27         -0.0065
126.30         -0.0063
126.33         -0.0060
126.36         -0.0058
126.39         -0.0055
126.42         -0.0053
126.45         -0.0050
126.48         -0.0048
126.51         -0.0045
126.54         -0.0043
126.57         -0.0040
126.60         -0.0038
126.63         -0.0035
126.66         -0.0033
126.69         -0.0030
126.72         -0.0028
126.75         -0.0025
126.78         -0.0022
126.81         -0.0020
126.84         -0.0017
126.87         -0.0015
126.90         -0.0012
126.93         -0.0009
126.96         -0.0007
126.99         -0.0004
127.02         -0.0002
127.05          0.0001
127.08          0.0004
127.11          0.0006
127.14          0.0009
127.17          0.0011
127.20          0.0014
127.23          0.0017
127.26          0.0019
127.29          0.0022
127.32          0.0024
127.35          0.0027
127.38          0.0030
127.41          0.0032
127.44          0.0035
127.47          0.0037
127.50          0.0040
127.53          0.0042
127.56          0.0045
127.59          0.0048
127.62          0.0050
127.65          0.0053
127.68          0.0055
127.71          0.0058
127.74          0.0060
127.77          0.0063
127.80          0.0066
127.83          0.0068
127.86          0.0071
127.89          0.0073
127.92          0.0076
127.95          0.0078
127.98          0.0081
128.01          0.0083
128.04          0.0086
128.07          0.0088
128.10          0.0090
128.13          0.0093
128.16          0.0095
128.19          0.0098
128.22          0.0100
128.25          0.0103
128.28          0.0105
128.31          0.0107
128.34          0.0110
128.37          0.0112
128.40          0.0114
128.43          0.0117
128.46          0.0119
128.49          0.0121
128.52          0.0124
128.55          0.0126
128.58          0.0128
128.61          0.0130
128.64          0.0133
128.67          0.0135
128.70          0.0137
128.73          0.0139
128.76          0.0141
128.79          0.0144
128.82          0.0146
128.85          0.0148
128.88          0.0150
128.91          0.0152
128.94          0.0154
128.97          0.0156
129.00          0.0158
129.03          0.0160
129.06          0.0162
129.09          0.0164
129.12          0.0166
129.15          0.0168
129.18          0.0170
129.21          0.0172
129.24          0.0174
129.27          0.0176
129.30          0.0177
129.33          0.0179
129.36          0.0181
129.39          0.0183
129.42          0.0185
129.45          0.0186
129.48          0.0188
129.51          0.0190
129.54          0.0191
129.57          0.0193
129.60          0.0195
129.63          0.0196
129.66          0.0198
129.69          0.0199
129.72          0.0201
129.75          0.0202
129.78          0.0204
129.81          0.0205
129.84          0.0207
129.87          0.0208
129.90          0.0209
129.93          0.0211
129.96          0.0212
129.99          0.0213
130.02          0.0215
130.05          0.0216
130.08          0.0217
130.11          0.0218
130.14          0.0219
130.17          0.0220
130.20          0.0222
130.23          0.0223
130.26          0.0224
130.29          0.0225
130.32          0.0226
130.35          0.0227
130.38          0.0228
130.41          0.0229
130.44          0.0230
130.47          0.0230
130.50          0.0231
130.53          0.0232
130.56          0.0233
130.59          0.0234
130.62          0.0234
130.65          0.0235
130.68          0.0236
130.71          0.0236
130.74          0.0237
130.77          0.0237
130.80          0.0238
130.83          0.0239
130.86          0.0239
130.89          0.0239
130.92          0.0240
130.95          0.0240
130.98          0.0241
131.01          0.0241
131.04          0.0241
131.07          0.0242
131.10          0.0242
131.13          0.0242
131.16          0.0242
131.19          0.0242
131.22          0.0243
131.25          0.0243
131.28          0.0243
131.31          0.0243
131.34          0.0243
131.37          0.0243
131.40          0.0243
131.43          0.0243
131.46          0.0243
131.49          0.0242
131.52          0.0242
131.55          0.0242
131.58          0.0242
131.61          0.0242
131.64          0.0241
131.67          0.0241
131.70          0.0241
131.73          0.0240
131.76          0.0240
131.79          0.0240
131.82          0.0239
131.85          0.0239
131.88          0.0238
131.91          0.0238
131.94          0.0237
131.97          0.0236
132.00          0.0236
132.03          0.0235
132.06          0.0234
132.09          0.0234
132.12          0.0233
132.15          0.0232
132.18          0.0231
132.21          0.0230
132.24          0.0230
132.27          0.0229
132.30          0.0228
132.33          0.0227
132.36          0.0226
132.39          0.0225
132.42          0.0224
132.45          0.0223
132.48          0.0222
132.51          0.0221
132.54          0.0219
132.57          0.0218
132.60          0.0217
132.63          0.0216
132.66          0.0215
132.69          0.0213
132.72          0.0212
132.75          0.0211
132.78          0.0209
132.81          0.0208
132.84          0.0206
132.87          0.0205
132.90          0.0204
132.93          0.0202
132.96          0.0201
132.99          0.0199
133.02          0.0197
133.05          0.0196
133.08          0.0194
133.11          0.0193
133.14          0.0191
133.17          0.0189
133.20          0.0188
133.23          0.0186
133.26          0.0184
133.29          0.0182
133.32          0.0181
133.35          0.0179
133.38          0.0177
133.41          0.0175
133.44          0.0173
133.47          0.0171
133.50          0.0169
133.53          0.0167
133.56          0.0165
133.59          0.0163
133.62          0.0161
133.65          0.0159
133.68          0.0157
133.71          0.0155
133.74          0.0153
133.77          0.0151
133.80          0.0149
133.83          0.0147
133.86          0.0145
133.89          0.0142
133.92          0.0140
133.95          0.0138
133.98          0.0136
134.01          0.0133
134.04          0.0131
134.07          0.0129
134.10          0.0127
134.13          0.0124
134.16          0.0122
134.19          0.0120
134.22          0.0117
134.25          0.0115
134.28          0.0112
134.31          0.0110
134.34          0.0108
134.37          0.0105
134.40          0.0103
134.43          0.0100
134.46          0.0098
134.49          0.0095
134.52          0.0093
134.55          0.0090
134.58          0.0088
134.61          0.0085
134.64          0.0083
134.67          0.0080
134.70          0.0078
134.73          0.0075
134.76          0.0072
134.79          0.0070
134.82          0.0067
134.85          0.0065
134.88          0.0062
134.91          0.0059
134.94          0.0057
134.97          0.0054
135.00          0.0052
135.03          0.0049
135.06          0.0046
135.09          0.0044
135.12          0.0041
135.15          0.0038
135.18          0.0036
135.21          0.0033
135.24          0.0030
135.27          0.0027
135.30          0.0025
135.33          0.0022
135.36          0.0019
135.39          0.0017
135.42          0.0014
135.45          0.0011
135.48          0.0009
135.51          0.0006
135.54          0.0003
135.57          0.0000
135.60         -0.0002
135.63         -0.0005
135.66         -0.0008
135.69         -0.0010
135.72         -0.0013
135.75         -0.0016
135.78         -0.0019
135.81         -0.0021
135.84         -0.0024
135.87         -0.0027
135.90         -0.0029
135.93         -0.0032
135.96         -0.0035
135.99         -0.0037
136.02         -0.0040
136.05         -0.0043
136.08         -0.0045
136.11         -0.0048
136.14         -0.0051
136.17         -0.0053
136.20         -0.0056
136.23         -0.0059
136.26         -0.0061
136.29         -0.0064
136.32         -0.0066
136.35         -0.0069
136.38         -0.0072
136.41         -0.0074
136.44         -0.0077
136.47         -0.0079
136.50         -0.0082
136.53         -0.0085
136.56         -0.0087
136.59         -0.0090
136.62         -0.0092
136.65         -0.0095
136.68         -0.0097
136.71         -0.0100
136.74         -0.0102
136.77         -0.0104
136.80         -0.0107
136.83         -0.0109
136.86         -0.0112
136.89         -0.0114
136.92         -0.0117
136.95         -0.0119
136.98         -0.0121
137.01         -0.0124
137.04         -0.0126
137.07         -0.0128
137.10         -0.0131
137.13         -0.0133
137.16         -0.0135
137.19         -0.0137
137.22         -0.0140
137.25         -0.0142
137.28         -0.0144
137.31         -0.0146
137.34         -0.0148
137.37         -0.0150
137.40         -0.0153
137.43         -0.0155
137.46         -0.0157
137.49         -0.0159
137.52         -0.0161
137.55         -0.0163
137.58         -0.0165
137.61         -0.0167
137.64         -0.0169
137.67         -0.0171
137.70         -0.0173
137.73         -0.0175
137.76         -0.0177
137.79         -0.0178
137.82         -0.0180
137.85         -0.0182
137.88         -0.0184
137.91         -0.0186
137.94         -0.0187
137.97         -0.0189
138.00         -0.0191
138.03         -0.0192
138.06         -0.0194
138.09         -0.0196
138.12         -0.0197
138.15         -0.0199
138.18         -0.0200
138.21         -0.0202
138.24         -0.0203
138.27         -0.0205
138.30         -0.0206
138.33         -0.0208
138.36         -0.0209
138.39         -0.0211
138.42         -0.0212
138.45         -0.0213
138.48         -0.0214
138.51         -0.0216
138.54         -0.0217
138.57         -0.0218
138.60         -0.0219
138.63         -0.0221
138.66         -0.0222
138.69         -0.0223
138.72         -0.0224
138.75         -0.0225
138.78         -0.0226
138.81         -0.0227
138.84         -0.0228
138.87         -0.0229
138.90         -0.0230
138.93         -0.0231
138.96         -0.0231
138.99         -0.0232
139.02         -0.0233
139.05         -0.0234
139.08         -0.0235
139.11         -0.0235
139.14         -0.0236
139.17         -0.0237
139.20         -0.0237
139.23         -0.0238
139.26         -0.0238
139.29         -0.0239
139.32         -0.0239
139.35         -0.0240
139.38         -0.0240
139.41         -0.0241
139.44         -0.0241
139.47         -0.0241
139.50         -0.0242
139.53         -0.0242
139.56         -0.0242
139.59         -0.0242
139.62         -0.0243
139.65         -0.0243
139.68         -0.0243
139.71         -0.0243
139.74         -0.0243
139.77         -0.0243
139.80         -0.0243
139.83         -0.0243
139.86         -0.0243
139.89         -0.0243
139.92         -0.0243
139.95         -0.0243
139.98         -0.0243
140.01         -0.0243
140.04         -0.0242
140.07         -0.0242
140.10         -0.0242
140.13         -0.0241
140.16         -0.0241
140.19         -0.0241
140.22         -0.0240
140.25         -0.0240
140.28         -0.0239
140.31         -0.0239
140.34         -0.0238
140.37         -0.0238
140.40         -0.0237
140.43         -0.0237
140.46         -0.0236
140.49         -0.0235
140.52         -0.0235
140.55         -0.0234
140.58         -0.0233
140.61         -0.0233
140.64         -0.0232
140.67         -0.0231
140.70         -0.0230
140.73         -0.0229
140.76         -0.0228
140.79         -0.0227
140.82         -0.0226
140.85         -0.0225
140.88         -0.0224
140.91         -0.0223
140.94         -0.0222
140.97         -0.0221
141.00         -0.0220
141.03         -0.0219
141.06         -0.0217
141.09         -0.0216
141.12         -0.0215
141.15         -0.0214
141.18         -0.0212
141.21         -0.0211
141.24         -0.0210
141.27         -0.0208
141.30         -0.0207
141.33         -0.0206
141.36         -0.0204
141.39         -0.0203
141.42         -0.0201
141.45         -0.0200
141.48         -0.0198
141.51         -0.0196
141.54         -0.0195
141.57         -0.0193
141.60         -0.0192
141.63         -0.0190
141.66         -0.0188
141.69         -0.0187
141.72         -0.0185
141.75         -0.0183
141.78         -0.0181
141.81         -0.0179
141.84         -0.0178
141.87         -0.0176
141.90         -0.0174
141.93         -0.0172
141.96         -0.0170
141.99         -0.0168
142.02         -0.0166
142.05         -0.0164
142.08         -0.0162
142.11         -0.0160
142.14         -0.0158
142.17         -0.0156
142.20         -0.0154
142.23         -0.0152
142.26         -0.0150
142.29         -0.0148
142.32         -0.0146
142.35         -0.0144
142.38         -0.0141
142.41         -0.0139
142.44         -0.0137
142.47         -0.0135
142.50         -0.0133
142.53         -0.0130
142.56         -0.0128
142.59         -0.0126
142.62         -0.0123
142.65         -0.0121
142.68         -0.0119
142.71         -0.0116
142.74         -0.0114
142.77         -0.0112
142.80         -0.0109
142.83         -0.0107
142.86         -0.0105
142.89         -0.0102
142.92         -0.0100
142.95         -0.0097
142.98         -0.0095
143.01         -0.0092
143.04         -0.0090
143.07         -0.0087
143.10         -0.0085
143.13         -0.0082
143.16         -0.0080
143.19         -0.0077
143.22         -0.0075
143.25         -0.0072
143.28         -0.0070
143.31         -0.0067
143.34         -0.0065
143.37         -0.0062
143.40         -0.0060
143.43         -0.0057
143.46         -0.0054
143.49         -0.0052
143.52         -0.0049
143.55         -0.0047
143.58         -0.0044
143.61         -0.0041
143.64         -0.0039
143.67         -0.0036
143.70         -0.0034
143.73         -0.0031
143.76         -0.0028
143.79         -0.0026
143.82         -0.0023
143.85         -0.0020
143.88         -0.0018
143.91         -0.0015
143.94         -0.0013
143.97         -0.0010
144.00         -0.0007
144.03         -0.0005
144.06         -0.0002
144.09          0.0001
144.12          0.0003
144.15          0.0006
144.18          0.0008
144.21          0.0011
144.24          0.0014
144.27          0.0016
144.30          0.0019
144.33          0.0022
144.36          0.0024
144.39          0.0027
144.42          0.0029
144.45          0.0032
144.48          0.0034
144.51          0.0037
144.54          0.0040
144.57          0.0042
144.60          0.0045
144.63          0.0047
144.66          0.0050
144.69          0.0052
144.72          0.0055
144.75          0.0057
144.78          0.0060
144.81          0.0062
144.84          0.0065
144.87          0.0067
144.90          0.0070
144.93          0.0072
144.96          0.0075
144.99          0.0077
145.02          0.0080
145.05          0.0082
145.08          0.0085
145.11          0.0087
145.14          0.0089
145.17          0.0092
145.20          0.0094
145.23          0.0096
145.26          0.0099
145.29          0.0101
145.32          0.0103
145.35          0.0106
145.38          0.0108
145.41          0.0110
145.44          0.0112
145.47          0.0115
145.50          0.0117
145.53          0.0119
145.56          0.0121
145.59          0.0124
145.62          0.0126
145.65          0.0128
145.68          0.0130
145.71          0.0132
145.74          0.0134
145.77          0.0136
145.80          0.0138
145.83          0.0140
145.86          0.0142
145.89          0.0144
145.92          0.0146
145.95          0.0148
145.98          0.0150
146.01          0.0152
146.04          0.0154
146.07          0.0156
146.10          0.0158
146.13          0.0159
146.16          0.0161
146.19          0.0163
146.22          0.0165
146.25          0.0167
146.28          0.0168
146.31          0.0170
146.34          0.0172
146.37          0.0173
146.40          0.0175
146.43          0.0177
146.46          0.0178
146.49          0.0180
146.52          0.0181
146.55          0.0183
146.58          0.0184
146.61          0.0186
146.64          0.0187
146.67          0.0189
146.70          0.0190
146.73          0.0191
146.76          0.0193
146.79          0.0194
146.82          0.0195
146.85          0.0197
146.88          0.0198
146.91          0.0199
146.94          0.0200
146.97          0.0201
147.00          0.0203
147.03          0.0204
147.06          0.0205
147.09          0.0206
147.12          0.0207
147.15          0.0208
147.18          0.0209
147.21          0.0210
147.24          0.0211
147.27          0.0212
147.30          0.0213
147.33          0.0213
147.36          0.0214
147.39          0.0215
147.42          0.0216
147.45          0.0217
147.48          0.0217
147.51          0.0218
147.54          0.0219
147.57          0.0219
147.60          0.0220
147.63          0.0220
147.66          0.0221
147.69          0.0221
147.72          0.0222
147.75          0.0222
147.78          0.0223
147.81          0.0223
147.84          0.0224
147.87          0.0224
147.90          0.0224
147.93          0.0225
147.96          0.0225
147.99          0.0225
148.02          0.0225
148.05          0.0225
148.08          0.0226
148.11          0.0226
148.14          0.0226
148.17          0.0226
148.20          0.0226
148.23          0.0226
148.26          0.0226
148.29          0.0226
148.32          0.0226
148.35          0.0226
148.38          0.0225
148.41          0.0225
148.44          0.0225
148.47          0.0225
148.50          0.0225
148.53          0.0224
148.56          0.0224
148.59          0.0224
148.62          0.0223
148.65          0.0223
148.68          0.0223
148.71          0.0222
148.74          0.0222
148.77          0.0221
148.80          0.0221
148.83          0.0220
148.86          0.0219
148.89          0.0219
148.92          0.0218
148.95          0.0218
148.98          0.0217
149.01          0.0216
149.04          0.0215
149.07          0.0215
149.10          0.0214
149.13          0.0213
149.16          0.0212
149.19          0.0211
149.22          0.0210
149.25          0.0209
149.28          0.0208
149.31          0.0208
149.34          0.0207
149.37          0.0205
149.40          0.0204
149.43          0.0203
149.46          0.0202
149.49          0.0201
149.52          0.0200
149.55          0.0199
149.58          0.0198
149.61          0.0196
149.64          0.0195
149.67          0.0194
149.70          0.0193
149.73          0.0191
149.76          0.0190
149.79          0.0189
149.82          0.0187
149.85          0.0186
149.88          0.0184
149.91          0.0183
149.94          0.0181
149.97          0.0180
150.00          0.0178
150.03          0.0177
150.06          0.0175
150.09          0.0174
150.12          0.0172
150.15          0.0170
150.18          0.0169
150.21          0.0167
150.24          0.0166
150.27          0.0164
150.30          0.0162
150.33          0.0160
150.36          0.0159
150.39          0.0157
150.42          0.0155
150.45          0.0153
150.48          0.0151
150.51          0.0150
150.54          0.0148
150.57          0.0146
150.60          0.0144
150.63          0.0142
150.66          0.0140
150.69          0.0138
150.72          0.0136
150.75          0.0134
150.78          0.0132
150.81          0.0130
150.84          0.0128
150.87          0.0126
150.90          0.0124
150.93          0.0122
150.96          0.0120
150.99          0.0118
151.02          0.0116
151.05          0.0114
151.08          0.0111
151.11          0.0109
151.14          0.0107
151.17          0.0105
151.20          0.0103
151.23          0.0101
151.26          0.0098
151.29          0.0096
151.32          0.0094
151.35          0.0092
151.38          0.0090
151.41          0.0087
151.44          0.0085
151.47          0.0083
151.50          0.0081
151.53          0.0078
151.56          0.0076
151.59          0.0074
151.62          0.0071
151.65          0.0069
151.68          0.0067
151.71          0.0064
151.74          0.0062
151.77          0.0060
151.80          0.0057
151.83          0.0055
151.86          0.0053
151.89          0.0050
151.92          0.0048
151.95          0.0046
151.98          0.0043
152.01          0.0041
152.04          0.0039
152.07          0.0036
152.10          0.0034
152.13          0.0031
152.16          0.0029
152.19          0.0027
152.22          0.0024
152.25          0.0022
152.28          0.0020
152.31          0.0017
152.34          0.0015
152.37          0.0012
152.40          0.0010
152.43          0.0008
152.46          0.0005
152.49          0.0003
152.52          0.0000
152.55         -0.0002
152.58         -0.0004
152.61         -0.0007
152.64         -0.0009
152.67         -0.0011
152.70         -0.0014
152.73         -0.0016
152.76         -0.0018
152.79         -0.0021
152.82         -0.0023
152.85         -0.0025
152.88         -0.0028
152.91         -0.0030
152.94         -0.0032
152.97         -0.0035
153.00         -0.0037
153.03         -0.0039
153.06         -0.0042
153.09         -0.0044
153.12         -0.0046
153.15         -0.0048
153.18         -0.0051
153.21         -0.0053
153.24         -0.0055
153.27         -0.0057
153.30         -0.0060
153.33         -0.0062
153.36         -0.0064
153.39         -0.0066
153.42         -0.0068
153.45         -0.0070
153.48         -0.0073
153.51         -0.0075
153.54         -0.0077
153.57         -0.0079
153.60         -0.0081
153.63         -0.0083
153.66         -0.0085
153.69         -0.0087
153.72         -0.0089
153.75         -0.0091
153.78         -0.0093
153.81         -0.0095
153.84         -0.0097
153.87         -0.0099
153.90         -0.0101
153.93         -0.0103
153.96         -0.0105
153.99         -0.0107
154.02         -0.0109
154.05         -0.0111
154.08         -0.0113
154.11         -0.0115
154.14         -0.0117
154.17         -0.0118
154.20         -0.0120
154.23         -0.0122
154.26         -0.0124
154.29         -0.0126
154.32         -0.0127
154.35         -0.0129
154.38         -0.0131
154.41         -0.0132
154.44         -0.0134
154.47         -0.0136
154.50         -0.0137
154.53         -0.0139
154.56         -0.0140
154.59         -0.0142
154.62         -0.0144
154.65         -0.0145
154.68         -0.0147
154.71         -0.0148
154.74         -0.0150
154.77         -0.0151
154.80         -0.0152
154.83         -0.0154
154.86         -0.0155
154.89         -0.0156
154.92         -0.0158
154.95         -0.0159
154.98         -0.0160
155.01         -0.0162
155.04         -0.0163
155.07         -0.0164
155.10         -0.0165
155.13         -0.0167
155.16         -0.0168
155.19         -0.0169
155.22         -0.0170
155.25         -0.0171
155.28         -0.0172
155.31         -0.0173
155.34         -0.0174
155.37         -0.0175
155.40         -0.0176
155.43         -0.0177
155.46         -0.0178
155.49         -0.0179
155.52         -0.0180
155.55         -0.0181
155.58         -0.0181
155.61         -0.0182
155.64         -0.0183
155.67         -0.0184
155.70         -0.0184
155.73         -0.0185
155.76         -0.0186
155.79         -0.0186
155.82         -0.0187
155.85         -0.0188
155.88         -0.0188
155.91         -0.0189
155.94         -0.0189
155.97         -0.0190
156.00         -0.0190
156.03         -0.0191
156.06         -0.0191
156.09         -0.0191
156.12         -0.0192
156.15         -0.0192
156.18         -0.0193
156.21         -0.0193
156.24         -0.0193
156.27         -0.0193
156.30         -0.0194
156.33         -0.0194
156.36         -0.0194
156.39         -0.0194
156.42         -0.0194
156.45         -0.0194
156.48         -0.0194
156.51         -0.0194
156.54         -0.0194
156.57         -0.0194
156.60         -0.0194
156.63         -0.0194
156.66         -0.0194
156.69         -0.0194
156.72         -0.0194
156.75         -0.0194
156.78         -0.0194
156.81         -0.0193
156.84         -0.0193
156.87         -0.0193
156.90         -0.0193
156.93         -0.0192
156.96         -0.0192
156.99         -0.0192
157.02         -0.0191
157.05         -0.0191
157.08         -0.0190
157.11         -0.0190
157.14         -0.0189
157.17         -0.0189
157.20         -0.0188
157.23         -0.0188
157.26         -0.0187
157.29         -0.0187
157.32         -0.0186
157.35         -0.0185
157.38         -0.0185
157.41         -0.0184
157.44         -0.0183
157.47         -0.0183
157.50         -0.0182
157.53         -0.0181
157.56         -0.0180
157.59         -0.0179
157.62         -0.0179
157.65         -0.0178
157.68         -0.0177
157.71         -0.0176
157.74         -0.0175
157.77         -0.0174
157.80         -0.0173
157.83         -0.0172
157.86         -0.0171
157.89         -0.0170
157.92         -0.0169
157.95         -0.0168
157.98         -0.0167
158.01         -0.0166
158.04         -0.0164
158.07         -0.0163
158.10         -0.0162
158.13         -0.0161
158.16         -0.0160
158.19         -0.0158
158.22         -0.0157
158.25         -0.0156
158.28         -0.0155
158.31         -0.0153
158.34         -0.0152
158.37         -0.0151
158.40         -0.0149
158.43         -0.0148
158.46         -0.0146
158.49         -0.0145
158.52         -0.0143
158.55         -0.0142
158.58         -0.0141
158.61         -0.0139
158.64         -0.0137
158.67         -0.0136
158.70         -0.0134
158.73         -0.0133
158.76         -0.0131
158.79         -0.0130
158.82         -0.0128
158.85         -0.0126
158.88         -0.0125
158.91         -0.0123
158.94         -0.0122
158.97         -0.0120
159.00         -0.0118
159.03         -0.0116
159.06         -0.0115
159.09         -0.0113
159.12         -0.0111
159.15         -0.0110
159.18         -0.0108
159.21         -0.0106
159.24         -0.0104
159.27         -0.0102
159.30         -0.0101
159.33         -0.0099
159.36         -0.0097
159.39         -0.0095
159.42         -0.0093
159.45         -0.0091
159.48         -0.0090
159.51         -0.0088
159.54         -0.0086
159.57         -0.0084
159.60         -0.0082
159.63         -0.0080
159.66         -0.0078
159.69         -0.0076
159.72         -0.0074
159.75         -0.0072
159.78         -0.0070
159.81         -0.0068
159.84         -0.0067
159.87         -0.0065
159.90         -0.0063
159.93         -0.0061
159.96         -0.0059
159.99         -0.0057
160.02         -0.0055
160.05         -0.0053
160.08         -0.0051
160.11         -0.0049
160.14         -0.0047
160.17         -0.0045
160.20         -0.0043
160.23         -0.0041
160.26         -0.0039
160.29         -0.0037
160.32         -0.0035
160.35         -0.0033
160.38         -0.0030
160.41         -0.0028
160.44         -0.0026
160.47         -0.0024
160.50         -0.0022
160.53         -0.0020
160.56         -0.0018
160.59         -0.0016
160.62         -0.0014
160.65         -0.0012
160.68         -0.0010
160.71         -0.0008
160.74         -0.0006
160.77         -0.0004
160.80         -0.0002
160.83         -0.0000
160.86          0.0002
160.89          0.0004
160.92          0.0006
160.95          0.0008
160.98          0.0010
161.01          0.0012
161.04          0.0014
161.07          0.0016
161.10          0.0018
161.13          0.0020
161.16          0.0022
161.19          0.0024
161.22          0.0026
161.25          0.0028
161.28          0.0029
161.31          0.0031
161.34          0.0033
161.37          0.0035
161.40          0.0037
161.43          0.0039
161.46          0.0041
161.49          0.0043
161.52          0.0045
161.55          0.0047
161.58          0.0048
161.61          0.0050
161.64          0.0052
161.67          0.0054
161.70          0.0056
161.73          0.0058
161.76          0.0059
161.79          0.0061
161.82          0.0063
161.85          0.0065
161.88          0.0066
161.91          0.0068
161.94          0.0070
161.97          0.0072
162.00          0.0073
162.03          0.0075
162.06          0.0077
162.09          0.0078
162.12          0.0080
162.15          0.0082
162.18          0.0083
162.21          0.0085
162.24          0.0086
162.27          0.0088
162.30          0.0090
162.33          0.0091
162.36          0.0093
162.39          0.0094
162.42          0.0096
162.45          0.0097
162.48          0.0099
162.51          0.0100
162.54          0.0102
162.57          0.0103
162.60          0.0104
162.63          0.0106
162.66          0.0107
162.69          0.0109
162.72          0.0110
162.75          0.0111
162.78          0.0113
162.81          0.0114
162.84          0.0115
162.87          0.0116
162.90          0.0118
162.93          0.0119
162.96          0.0120
162.99          0.0121
163.02          0.0122
163.05          0.0124
163.08          0.0125
163.11          0.0126
163.14          0.0127
163.17          0.0128
163.20          0.0129
163.23          0.0130
163.26          0.0131
163.29          0.0132
163.32          0.0133
163.35          0.0134
163.38          0.0135
163.41          0.0136
163.44          0.0137
163.47          0.0138
163.50          0.0138
163.53          0.0139
163.56          0.0140
163.59          0.0141
163.62          0.0142
163.65          0.0142
163.68          0.0143
163.71          0.0144
163.74          0.0145
163.77          0.0145
163.80          0.0146
163.83          0.0146
163.86          0.0147
163.89          0.0148
163.92          0.0148
163.95          0.0149
163.98          0.0149
164.01          0.0150
164.04          0.0150
164.07          0.0151
164.10          0.0151
164.13          0.0152
164.16          0.0152
164.19          0.0152
164.22          0.0153
164.25          0.0153
164.28          0.0153
164.31          0.0154
164.34          0.0154
164.37          0.0154
164.40          0.0154
164.43          0.0155
164.46          0.0155
164.49          0.0155
164.52          0.0155
164.55          0.0155
164.58          0.0155
164.61          0.0155
164.64          0.0155
164.67          0.0155
164.70          0.0155
164.73          0.0155
164.76          0.0155
164.79          0.0155
164.82          0.0155
164.85          0.0155
164.88          0.0155
164.91          0.0155
164.94          0.0155
164.97          0.0154
165.00          0.0154
165.03          0.0154
165.06          0.0154
165.09          0.0154
165.12          0.0153
165.15          0.0153
165.18          0.0153
165.21          0.0152
165.24          0.0152
165.27          0.0151
165.30          0.0151
165.33          0.0151
165.36          0.0150
165.39          0.0150
165.42          0.0149
165.45          0.0149
165.48          0.0148
165.51          0.0148
165.54          0.0147
165.57          0.0146
165.60          0.0146
165.63          0.0145
165.66          0.0145
165.69          0.0144
165.72          0.0143
165.75          0.0142
165.78          0.0142
165.81          0.0141
165.84          0.0140
165.87          0.0139
165.90          0.0139
165.93          0.0138
165.96          0.0137
165.99          0.0136
166.02          0.0135
166.05          0.0134
166.08          0.0134
166.11          0.0133
166.14          0.0132
166.17          0.0131
166.20          0.0130
166.23          0.0129
166.26          0.0128
166.29          0.0127
166.32          0.0126
166.35          0.0125
166.38          0.0124
166.41          0.0122
166.44          0.0121
166.47          0.0120
166.50          0.0119
166.53          0.0118
166.56          0.0117
166.59          0.0116
166.62          0.0115
166.65          0.0113
166.68          0.0112
166.71          0.0111
166.74          0.0110
166.77          0.0108
166.80          0.0107
166.83          0.0106
166.86          0.0105
166.89          0.0103
166.92          0.0102
166.95          0.0101
166.98          0.0099
167.01          0.0098
167.04          0.0097
167.07          0.0095
167.10          0.0094
167.13          0.0092
167.16          0.0091
167.19          0.0090
167.22          0.0088
167.25          0.0087
167.28          0.0085
167.31          0.0084
167.34          0.0082
167.37          0.0081
167.40          0.0079
167.43          0.0078
167.46          0.0076
167.49          0.0075
167.52          0.0073
167.55          0.0072
167.58          0.0070
167.61          0.0069
167.64          0.0067
167.67          0.0066
167.70          0.0064
167.73          0.0063
167.76          0.0061
167.79          0.0060
167.82          0.0058
167.85          0.0056
167.88          0.0055
167.91          0.0053
167.94          0.0052
167.97          0.0050
168.00          0.0048
168.03          0.0047
168.06          0.0045
168.09          0.0044
168.12          0.0042
168.15          0.0040
168.18          0.0039
168.21          0.0037
168.24          0.0035
168.27          0.0034
168.30          0.0032
168.33          0.0031
168.36          0.0029
168.39          0.0027
168.42          0.0026
168.45          0.0024
168.48          0.0022
168.51          0.0021
168.54          0.0019
168.57          0.0017
168.60          0.0016
168.63          0.0014
168.66          0.0013
168.69          0.0011
168.72          0.0009
168.75          0.0008
168.78          0.0006
168.81          0.0004
168.84          0.0003
168.87          0.0001
168.90         -0.0000
168.93         -0.0002
168.96         -0.0004
168.99         -0.0005
169.02         -0.0007
169.05         -0.0009
169.08         -0.0010
169.11         -0.0012
169.14         -0.0013
169.17         -0.0015
169.20         -0.0016
169.23         -0.0018
169.26         -0.0020
169.29         -0.0021
169.32         -0.0023
169.35         -0.0024
169.38         -0.0026
169.41         -0.0027
169.44         -0.0029
169.47         -0.0030
169.50         -0.0032
169.53         -0.0033
169.56         -0.0035
169.59         -0.0036
169.62         -0.0038
169.65         -0.0039
169.68         -0.0041
169.71         -0.0042
169.74         -0.0044
169.77         -0.0045
169.80         -0.0047
169.83         -0.0048
169.86         -0.0049
169.89         -0.0051
169.92         -0.0052
169.95         -0.0054
169.98         -0.0055
170.01         -0.0056
170.04         -0.0058
170.07         -0.0059
170.10         -0.0060
170.13         -0.0062
170.16         -0.0063
170.19         -0.0064
170.22         -0.0065
170.25         -0.0067
170.28         -0.0068
170.31         -0.0069
170.34         -0.0070
170.37         -0.0072
170.40         -0.0073
170.43         -0.0074
170.46         -0.0075
170.49         -0.0076
170.52         -0.0078
170.55         -0.0079
170.58         -0.0080
170.61         -0.0081
170.64         -0.0082
170.67         -0.0083
170.70         -0.0084
170.73         -0.0085
170.76         -0.0086
170.79         -0.0087
170.82         -0.0088
170.85         -0.0089
170.88         -0.0090
170.91         -0.0091
170.94         -0.0092
170.97         -0.0093
171.00         -0.0094
171.03         -0.0095
171.06         -0.0096
171.09         -0.0097
171.12         -0.0097
171.15         -0.0098
171.18         -0.0099
171.21         -0.0100
171.24         -0.0101
171.27         -0.0101
171.30         -0.0102
171.33         -0.0103
171.36         -0.0104
171.39         -0.0104
171.42         -0.0105
171.45         -0.0106
171.48         -0.0106
171.51         -0.0107
171.54         -0.0108
171.57         -0.0108
171.60         -0.0109
171.63         -0.0109
171.66         -0.0110
171.69         -0.0110
171.72         -0.0111
171.75         -0.0111
171.78         -0.0112
171.81         -0.0112
171.84         -0.0113
171.87         -0.0113
171.90         -0.0114
171.93         -0.0114
171.96         -0.0114
171.99         -0.0115
172.02         -0.0115
172.05         -0.0115
172.08         -0.0116
172.11         -0.0116
172.14         -0.0116
172.17         -0.0116
172.20         -0.0117
172.23         -0.0117
172.26         -0.0117
172.29         -0.0117
172.32         -0.0117
172.35         -0.0117
172.38         -0.0118
172.41         -0.0118
172.44         -0.0118
172.47         -0.0118
172.50         -0.0118
172.53         -0.0118
172.56         -0.0118
172.59         -0.0118
172.62         -0.0118
172.65         -0.0118
172.68         -0.0118
172.71         -0.0118
172.74         -0.0117
172.77         -0.0117
172.80         -0.0117
172.83         -0.0117
172.86         -0.0117
172.89         -0.0117
172.92         -0.0116
172.95         -0.0116
172.98         -0.0116
173.01         -0.0116
173.04         -0.0115
173.07         -0.0115
173.10         -0.0115
173.13         -0.0115
173.16         -0.0114
173.19         -0.0114
173.22         -0.0113
173.25         -0.0113
173.28         -0.0113
173.31         -0.0112
173.34         -0.0112
173.37         -0.0111
173.40         -0.0111
173.43         -0.0110
173.46         -0.0110
173.49         -0.0109
173.52         -0.0109
173.55         -0.0108
173.58         -0.0108
173.61         -0.0107
173.64         -0.0106
173.67         -0.0106
173.70         -0.0105
173.73         -0.0105
173.76         -0.0104
173.79         -0.0103
173.82         -0.0102
173.85         -0.0102
173.88         -0.0101
173.91         -0.0100
173.94         -0.0100
173.97         -0.0099
174.00         -0.0098
174.03         -0.0097
174.06         -0.0096
174.09         -0.0096
174.12         -0.0095
174.15         -0.0094
174.18         -0.0093
174.21         -0.0092
174.24         -0.0091
174.27         -0.0090
174.30         -0.0089
174.33         -0.0088
174.36         -0.0088
174.39         -0.0087
174.42         -0.0086
174.45         -0.0085
174.48         -0.0084
174.51         -0.0083
174.54         -0.0082
174.57         -0.0081
174.60         -0.0080
174.63         -0.0079
174.66         -0.0077
174.69         -0.0076
174.72         -0.0075
174.75         -0.0074
174.78         -0.0073
174.81         -0.0072
174.84         -0.0071
174.87         -0.0070
174.90         -0.0069
174.93         -0.0068
174.96         -0.0066
174.99         -0.0065
175.02         -0.0064
175.05         -0.0063
175.08         -0.0062
175.11         -0.0061
175.14         -0.0059
175.17         -0.0058
175.20         -0.0057
175.23         -0.0056
175.26         -0.0054
175.29         -0.0053
175.32         -0.0052
175.35         -0.0051
175.38         -0.0050
175.41         -0.0048
175.44         -0.0047
175.47         -0.0046
175.50         -0.0044
175.53         -0.0043
175.56         -0.0042
175.59         -0.0041
175.62         -0.0039
175.65         -0.0038
175.68         -0.0037
175.71         -0.0035
175.74         -0.0034
175.77         -0.0033
175.80         -0.0031
175.83         -0.0030
175.86         -0.0029
175.89         -0.0028
175.92         -0.0026
175.95         -0.0025
175.98         -0.0024
176.01         -0.0022
176.04         -0.0021
176.07         -0.0020
176.10         -0.0018
176.13         -0.0017
176.16         -0.0016
176.19         -0.0014
176.22         -0.0013
176.25         -0.0012
176.28         -0.0010
176.31         -0.0009
176.34         -0.0008
176.37         -0.0006
176.40         -0.0005
176.43         -0.0004
176.46         -0.0002
176.49         -0.0001
176.52          0.0000
176.55          0.0002
176.58          0.0003
176.61          0.0004
176.64          0.0006
176.67          0.0007
176.70          0.0008
176.73          0.0010
176.76          0.0011
176.79          0.0012
176.82          0.0014
176.85          0.0015
176.88          0.0016
176.91          0.0017
176.94          0.0019
176.97          0.0020
177.00          0.0021
177.03          0.0022
177.06          0.0024
177.09          0.0025
177.12          0.0026
177.15          0.0027
177.18          0.0029
177.21          0.0030
177.24          0.0031
177.27          0.0032
177.30          0.0034
177.33          0.0035
177.36          0.0036
177.39          0.0037
177.42          0.0038
177.45          0.0040
177.48          0.0041
177.51          0.0042
177.54          0.0043
177.57          0.0044
177.60          0.0045
177.63          0.0046
177.66          0.0047
177.69          0.0049
177.72          0.0050
177.75          0.0051
177.78          0.0052
177.81          0.0053
177.84          0.0054
177.87          0.0055
177.90          0.0056
177.93          0.0057
177.96          0.0058
177.99          0.0059
178.02          0.0060
178.05          0.0061
178.08          0.0062
178.11          0.0063
178.14          0.0064
178.17          0.0065
178.20          0.0066
178.23          0.0067
178.26          0.0067
178.29          0.0068
178.32          0.0069
178.35          0.0070
178.38          0.0071
178.41          0.0072
178.44          0.0073
178.47          0.0073
178.50          0.0074
178.53          0.0075
178.56          0.0076
178.59          0.0076
178.62          0.0077
178.65          0.0078
178.68          0.0079
178.71          0.0079
178.74          0.0080
178.77          0.0081
178.80          0.0081
178.83          0.0082
178.86          0.0083
178.89          0.0083
178.92          0.0084
178.95          0.0084
178.98          0.0085
179.01          0.0086
179.04          0.0086
179.07          0.0087
179.10          0.0087
179.13          0.0088
179.16          0.0088
179.19          0.0089
179.22          0.0089
179.25          0.0089
179.28          0.0090
179.31          0.0090
179.34          0.0091
179.37          0.0091
179.40          0.0091
179.43          0.0092
179.46          0.0092
179.49          0.0092
179.52          0.0093
179.55          0.0093
179.58          0.0093
179.61          0.0093
179.64          0.0094
179.67          0.0094
179.70          0.0094
179.73          0.0094
179.76          0.0094
179.79          0.0095
179.82          0.0095
179.85          0.0095
179.88          0.0095
179.91          0.0095
179.94          0.0095
179.97          0.0095
180.00          0.0095
180.03          0.0095
180.06          0.0095
180.09          0.0095
180.12          0.0095
180.15          0.0095
180.18          0.0095
180.21          0.0095
180.24          0.0095
180.27          0.0095
180.30          0.0095
180.33          0.0095
180.36          0.0094
180.39          0.0094
180.42          0.0094
180.45          0.0094
180.48          0.0094
180.51          0.0093
180.54          0.0093
180.57          0.0093
180.60          0.0093
180.63          0.0092
180.66          0.0092
180.69          0.0092
180.72          0.0091
180.75          0.0091
180.78          0.0091
180.81          0.0090
180.84          0.0090
180.87          0.0089
180.90          0.0089
180.93          0.0088
180.96          0.0088
180.99          0.0088
181.02          0.0087
181.05          0.0087
181.08          0.0086
181.11          0.0085
181.14          0.0085
181.17          0.0084
181.20          0.0084
181.23          0.0083
181.26          0.0083
181.29          0.0082
181.32          0.0081
181.35          0.0081
181.38          0.0080
181.41          0.0079
181.44          0.0079
181.47          0.0078
181.50          0.0077
181.53          0.0077
181.56          0.0076
181.59          0.0075
181.62          0.0074
181.65          0.0074
181.68          0.0073
181.71          0.0072
181.74          0.0071
181.77          0.0070
181.80          0.0070
181.83          0.0069
181.86          0.0068
181.89          0.0067
181.92          0.0066
181.95          0.0065
181.98          0.0064
182.01          0.0063
182.04          0.0062
182.07          0.0062
182.10          0.0061
182.13          0.0060
182.16          0.0059
182.19          0.0058
182.22          0.0057
182.25          0.0056
182.28          0.0055
182.31          0.0054
182.34          0.0053
182.37          0.0052
182.40          0.0051
182.43          0.0050
182.46          0.0049
182.49          0.0048
182.52          0.0046
182.55          0.0045
182.58          0.0044
182.61          0.0043
182.64          0.0042
182.67          0.0041
182.70          0.0040
182.73          0.0039
182.76          0.0038
182.79          0.0037
182.82          0.0035
182.85          0.0034
182.88          0.0033
182.91          0.0032
182.94          0.0031
182.97          0.0030
183.00          0.0028
183.03          0.0027
183.06          0.0026
183.09          0.0025
183.12          0.0024
183.15          0.0023
183.18          0.0021
183.21          0.0020
183.24          0.0019
183.27          0.0018
183.30          0.0017
183.33          0.0015
183.36          0.0014
183.39          0.0013
183.42          0.0012
183.45          0.0010
183.48          0.0009
183.51          0.0008
183.54          0.0007
183.57          0.0006
183.60          0.0004
183.63          0.0003
183.66          0.0002
183.69          0.0001
183.72         -0.0001
183.75         -0.0002
183.78         -0.0003
183.81         -0.0004
183.84         -0.0006
183.87         -0.0007
183.90         -0.0008
183.93         -0.0009
183.96         -0.0010
183.99         -0.0012
184.02         -0.0013
184.05         -0.0014
184.08         -0.0015
184.11         -0.0017
184.14         -0.0018
184.17         -0.0019
184.20         -0.0020
184.23         -0.0021
184.26         -0.0023
184.29         -0.0024
184.32         -0.0025
184.35         -0.0026
184.38         -0.0027
184.41         -0.0029
184.44         -0.0030
184.47         -0.0031
184.50         -0.0032
184.53         -0.0033
184.56         -0.0034
184.59         -0.0036
184.62         -0.0037
184.65         -0.0038
184.68         -0.0039
184.71         -0.0040
184.74         -0.0041
184.77         -0.0042
184.80         -0.0044
184.83         -0.0045
184.86         -0.0046
184.89         -0.0047
184.92         -0.0048
184.95         -0.0049
184.98         -0.0050
185.01         -0.0051
185.04         -0.0052
185.07         -0.0053
185.10         -0.0054
185.13         -0.0055
185.16         -0.0056
185.19         -0.0057
185.22         -0.0058
185.25         -0.0059
185.28         -0.0060
185.31         -0.0061
185.34         -0.0062
185.37         -0.0063
185.40         -0.0064
185.43         -0.0065
185.46         -0.0066
185.49         -0.0067
185.52         -0.0068
185.55         -0.0069
185.58         -0.0070
185.61         -0.0070
185.64         -0.0071
185.67         -0.0072
185.70         -0.0073
185.73         -0.0074
185.76         -0.0075
185.79         -0.0075
185.82         -0.0076
185.85         -0.0077
185.88         -0.0078
185.91         -0.0078
185.94         -0.0079
185.97         -0.0080
186.00         -0.0081
186.03         -0.0081
186.06         -0.0082
186.09         -0.0083
186.12         -0.0083
186.15         -0.0084
186.18         -0.0085
186.21         -0.0085
186.24         -0.0086
186.27         -0.0086
186.30         -0.0087
186.33         -0.0088
186.36         -0.0088
186.39         -0.0089
186.42         -0.0089
186.45         -0.0090
186.48         -0.0090
186.51         -0.0091
186.54         -0.0091
186.57         -0.0092
186.60         -0.0092
186.63         -0.0092
186.66         -0.0093
186.69         -0.0093
186.72         -0.0094
186.75         -0.0094
186.78         -0.0094
186.81         -0.0095
186.84         -0.0095
186.87         -0.0095
186.90         -0.0096
186.93         -0.0096
186.96         -0.0096
186.99         -0.0096
187.02         -0.0096
187.05         -0.0097
187.08         -0.0097
187.11         -0.0097
187.14         -0.0097
187.17         -0.0097
187.20         -0.0097
187.23         -0.0098
187.26         -0.0098
187.29         -0.0098
187.32         -0.0098
187.35         -0.0098
187.38         -0.0098
187.41         -0.0098
187.44         -0.0098
187.47         -0.0098
187.50         -0.0098
187.53         -0.0098
187.56         -0.0098
187.59         -0.0098
187.62         -0.0097
187.65         -0.0097
187.68         -0.0097
187.71         -0.0097
187.74         -0.0097
187.77         -0.0097
187.80         -0.0097
187.83         -0.0096
187.86         -0.0096
187.89         -0.0096
187.92         -0.0096
187.95         -0.0095
187.98         -0.0095
188.01         -0.0095
188.04         -0.0094
188.07         -0.0094
188.10         -0.0094
188.13         -0.0093
188.16         -0.0093
188.19         -0.0092
188.22         -0.0092
188.25         -0.0092
188.28         -0.0091
188.31         -0.0091
188.34         -0.0090
188.37         -0.0090
188.40         -0.0089
188.43         -0.0089
188.46         -0.0088
188.49         -0.0088
188.52         -0.0087
188.55         -0.0086
188.58         -0.0086
188.61         -0.0085
188.64         -0.0085
188.67         -0.0084
188.70         -0.0083
188.73         -0.0083
188.76         -0.0082
188.79         -0.0081
188.82         -0.0080
188.85         -0.0080
188.88         -0.0079
188.91         -0.0078
188.94         -0.0077
188.97         -0.0077
189.00         -0.0076
189.03         -0.0075
189.06         -0.0074
189.09         -0.0073
189.12         -0.0073
189.15         -0.0072
189.18         -0.0071
189.21         -0.0070
189.24         -0.0069
189.27         -0.0068
189.30         -0.0067
189.33         -0.0066
189.36         -0.0065
189.39         -0.0064
189.42         -0.0063
189.45         -0.0062
189.48         -0.0061
189.51         -0.0060
189.54         -0.0059
189.57         -0.0058
189.60         -0.0057
189.63         -0.0056
189.66         -0.0055
189.69         -0.0054
189.72         -0.0053
189.75         -0.0052
189.78         -0.0051
189.81         -0.0050
189.84         -0.0048
189.87         -0.0047
189.90         -0.0046
189.93         -0.0045
189.96         -0.0044
189.99         -0.0043
190.02         -0.0042
190.05         -0.0040
190.08         -0.0039
190.11         -0.0038
190.14         -0.0037
190.17         -0.0036
190.20         -0.0034
190.23         -0.0033
190.26         -0.0032
190.29         -0.0031
190.32         -0.0029
190.35         -0.0028
190.38         -0.0027
190.41         -0.0026
190.44         -0.0024
190.47         -0.0023
190.50         -0.0022
190.53         -0.0020
190.56         -0.0019
190.59         -0.0018
190.62         -0.0016
190.65         -0.0015
190.68         -0.0014
190.71         -0.0012
190.74         -0.0011
190.77         -0.0010
190.80         -0.0009
190.83         -0.0007
190.86         -0.0006
190.89         -0.0004
190.92         -0.0003
190.95         -0.0002
190.98         -0.0000
191.01          0.0001
191.04          0.0002
191.07          0.0004
191.10          0.0005
191.13          0.0006
191.16          0.0008
191.19          0.0009
191.22          0.0010
191.25          0.0012
191.28          0.0013
191.31          0.0015
191.34          0.0016
191.37          0.0017
191.40          0.0019
191.43          0.0020
191.46          0.0021
191.49          0.0023
191.52          0.0024
191.55          0.0025
191.58          0.0027
191.61          0.0028
191.64          0.0029
191.67          0.0031
191.70          0.0032
191.73          0.0034
191.76          0.0035
191.79          0.0036
191.82          0.0038
191.85          0.0039
191.88          0.0040
191.91          0.0042
191.94          0.0043
191.97          0.0044
192.00          0.0045
192.03          0.0047
192.06          0.0048
192.09          0.0049
192.12          0.0051
192.15          0.0052
192.18          0.0053
192.21          0.0054
192.24          0.0056
192.27          0.0057
192.30          0.0058
192.33          0.0059
192.36          0.0061
192.39          0.0062
192.42          0.0063
192.45          0.0064
192.48          0.0066
192.51          0.0067
192.54          0.0068
192.57          0.0069
192.60          0.0070
192.63          0.0071
192.66          0.0073
192.69          0.0074
192.72          0.0075
192.75          0.0076
192.78          0.0077
192.81          0.0078
192.84          0.0079
192.87          0.0080
192.90          0.0081
192.93          0.0083
192.96          0.0084
192.99          0.0085
193.02          0.0086
193.05          0.0087
193.08          0.0088
193.11          0.0089
193.14          0.0090
193.17          0.0091
193.20          0.0092
193.23          0.0093
193.26          0.0094
193.29          0.0094
193.32          0.0095
193.35          0.0096
193.38          0.0097
193.41          0.0098
193.44          0.0099
193.47          0.0100
193.50          0.0101
193.53          0.0101
193.56          0.0102
193.59          0.0103
193.62          0.0104
193.65          0.0104
193.68          0.0105
193.71          0.0106
193.74          0.0107
193.77          0.0107
193.80          0.0108
193.83          0.0109
193.86          0.0109
193.89          0.0110
193.92          0.0111
193.95          0.0111
193.98          0.0112
194.01          0.0112
194.04          0.0113
194.07          0.0113
194.10          0.0114
194.13          0.0115
194.16          0.0115
194.19          0.0116
194.22          0.0116
194.25          0.0116
194.28          0.0117
194.31          0.0117
194.34          0.0118
194.37          0.0118
194.40          0.0118
194.43          0.0119
194.46          0.0119
194.49          0.0119
194.52          0.0120
194.55          0.0120
194.58          0.0120
194.61          0.0120
194.64          0.0121
194.67          0.0121
194.70          0.0121
194.73          0.0121
194.76          0.0121
194.79          0.0122
194.82          0.0122
194.85          0.0122
194.88          0.0122
194.91          0.0122
194.94          0.0122
194.97          0.0122
195.00          0.0122
195.03          0.0122
195.06          0.0122
195.09          0.0122
195.12          0.0122
195.15          0.0122
195.18          0.0122
195.21          0.0121
195.24          0.0121
195.27          0.0121
195.30          0.0121
195.33          0.0121
195.36          0.0121
195.39          0.0120
195.42          0.0120
195.45          0.0120
195.48          0.0120
195.51          0.0119
195.54          0.0119
195.57          0.0119
195.60          0.0118
195.63          0.0118
195.66          0.0118
195.69          0.0117
195.72          0.0117
195.75          0.0116
195.78          0.0116
195.81          0.0115
195.84          0.0115
195.87          0.0114
195.90          0.0114
195.93          0.0113
195.96          0.0113
195.99          0.0112
196.02          0.0111
196.05          0.0111
196.08          0.0110
196.11          0.0110
196.14          0.0109
196.17          0.0108
196.20          0.0107
196.23          0.0107
196.26          0.0106
196.29          0.0105
196.32          0.0104
196.35          0.0104
196.38          0.0103
196.41          0.0102
196.44          0.0101
196.47          0.0100
196.50          0.0099
196.53          0.0099
196.56          0.0098
196.59          0.0097
196.62          0.0096
196.65          0.0095
196.68          0.0094
196.71          0.0093
196.74          0.0092
196.77          0.0091
196.80          0.0090
196.83          0.0089
196.86          0.0088
196.89          0.0087
196.92          0.0086
196.95          0.0085
196.98          0.0083
197.01          0.0082
197.04          0.0081
197.07          0.0080
197.10          0.0079
197.13          0.0078
197.16          0.0076
197.19          0.0075
197.22          0.0074
197.25          0.0073
197.28          0.0072
197.31          0.0070
197.34          0.0069
197.37          0.0068
197.40          0.0066
197.43          0.0065
197.46          0.0064
197.49          0.0063
197.52          0.0061
197.55          0.0060
197.58          0.0058
197.61          0.0057
197.64          0.0056
197.67          0.0054
197.70          0.0053
197.73          0.0052
197.76          0.0050
197.79          0.0049
197.82          0.0047
197.85          0.0046
197.88          0.0044
197.91          0.0043
197.94          0.0041
197.97          0.0040
198.00          0.0038
198.03          0.0037
198.06          0.0035
198.09          0.0034
198.12          0.0032
198.15          0.0031
198.18          0.0029
198.21          0.0028
198.24          0.0026
198.27          0.0025
198.30          0.0023
198.33          0.0021
198.36          0.0020
198.39          0.0018
198.42          0.0017
198.45          0.0015
198.48          0.0014
198.51          0.0012
198.54          0.0010
198.57          0.0009
198.60          0.0007
198.63          0.0005
198.66          0.0004
198.69          0.0002
198.72          0.0001
198.75         -0.0001
198.78         -0.0003
198.81         -0.0004
198.84         -0.0006
198.87         -0.0008
198.90         -0.0009
198.93         -0.0011
198.96         -0.0012
198.99         -0.0014
199.02         -0.0016
199.05         -0.0017
199.08         -0.0019
199.11         -0.0021
199.14         -0.0022
199.17         -0.0024
199.20         -0.0026
199.23         -0.0027
199.26         -0.0029
199.29         -0.0031
199.32         -0.0032
199.35         -0.0034
199.38         -0.0035
199.41         -0.0037
199.44         -0.0039
199.47         -0.0040
199.50         -0.0042
199.53         -0.0044
199.56         -0.0045
199.59         -0.0047
199.62         -0.0048
199.65         -0.0050
199.68         -0.0052
199.71         -0.0053
199.74         -0.0055
199.77         -0.0056
199.80         -0.0058
199.83         -0.0060
199.86         -0.0061
199.89         -0.0063
199.92         -0.0064
199.95         -0.0066
199.98         -0.0067
200.01         -0.0069
200.04         -0.0070
200.07         -0.0072
200.10         -0.0073
200.13         -0.0075
200.16         -0.0076
200.19         -0.0078
200.22         -0.0079
200.25         -0.0081
200.28         -0.0082
200.31         -0.0084
200.34         -0.0085
200.37         -0.0087
200.40         -0.0088
200.43         -0.0089
200.46         -0.0091
200.49         -0.0092
200.52         -0.0094
200.55         -0.0095
200.58         -0.0096
200.61         -0.0098
200.64         -0.0099
200.67         -0.0100
200.70         -0.0102
200.73         -0.0103
200.76         -0.0104
200.79         -0.0106
200.82         -0.0107
200.85         -0.0108
200.88         -0.0109
200.91         -0.0111
200.94         -0.0112
200.97         -0.0113
201.00         -0.0114
201.03         -0.0115
201.06         -0.0116
201.09         -0.0118
201.12         -0.0119
201.15         -0.0120
201.18         -0.0121
201.21         -0.0122
201.24         -0.0123
201.27         -0.0124
201.30         -0.0125
201.33         -0.0126
201.36         -0.0127
201.39         -0.0128
201.42         -0.0129
201.45         -0.0130
201.48         -0.0131
201.51         -0.0132
201.54         -0.0133
201.57         -0.0134
201.60         -0.0135
201.63         -0.0135
201.66         -0.0136
201.69         -0.0137
201.72         -0.0138
201.75         -0.0139
201.78         -0.0139
201.81         -0.0140
201.84         -0.0141
201.87         -0.0142
201.90         -0.0142
201.93         -0.0143
201.96         -0.0144
201.99         -0.0144
202.02         -0.0145
202.05         -0.0145
202.08         -0.0146
202.11         -0.0147
202.14         -0.0147
202.17         -0.0148
202.20         -0.0148
202.23         -0.0149
202.26         -0.0149
202.29         -0.0150
202.32         -0.0150
202.35         -0.0150
202.38         -0.0151
202.41         -0.0151
202.44         -0.0151
202.47         -0.0152
202.50         -0.0152
202.53         -0.0152
202.56         -0.0153
202.59         -0.0153
202.62         -0.0153
202.65         -0.0153
202.68         -0.0153
202.71         -0.0154
202.74         -0.0154
202.77         -0.0154
202.80         -0.0154
202.83         -0.0154
202.86         -0.0154
202.89         -0.0154
202.92         -0.0154
202.95         -0.0154
202.98         -0.0154
203.01         -0.0154
203.04         -0.0154
203.07         -0.0154
203.10         -0.0154
203.13         -0.0154
203.16         -0.0153
203.19         -0.0153
203.22         -0.0153
203.25         -0.0153
203.28         -0.0153
203.31         -0.0152
203.34         -0.0152
203.37         -0.0152
203.40         -0.0151
203.43         -0.0151
203.46         -0.0151
203.49         -0.0150
203.52         -0.0150
203.55         -0.0149
203.58         -0.0149
203.61         -0.0149
203.64         -0.0148
203.67         -0.0147
203.70         -0.0147
203.73         -0.0146
203.76         -0.0146
203.79         -0.0145
203.82         -0.0145
203.85         -0.0144
203.88         -0.0143
203.91         -0.0143
203.94         -0.0142
203.97         -0.0141
204.00         -0.0140
204.03         -0.0140
204.06         -0.0139
204.09         -0.0138
204.12         -0.0137
204.15         -0.0136
204.18         -0.0136
204.21         -0.0135
204.24         -0.0134
204.27         -0.0133
204.30         -0.0132
204.33         -0.0131
204.36         -0.0130
204.39         -0.0129
204.42         -0.0128
204.45         -0.0127
204.48         -0.0126
204.51         -0.0125
204.54         -0.0124
204.57         -0.0123
204.60         -0.0122
204.63         -0.0120
204.66         -0.0119
204.69         -0.0118
204.72         -0.0117
204.75         -0.0116
204.78         -0.0114
204.81         -0.0113
204.84         -0.0112
204.87         -0.0111
204.90         -0.0109
204.93         -0.0108
204.96         -0.0107
204.99         -0.0105
205.02         -0.0104
205.05         -0.0103
205.08         -0.0101
205.11         -0.0100
205.14         -0.0098
205.17         -0.0097
205.20         -0.0095
205.23         -0.0094
205.26         -0.0092
205.29         -0.0091
205.32         -0.0089
205.35         -0.0088
205.38         -0.0086
205.41         -0.0085
205.44         -0.0083
205.47         -0.0082
205.50         -0.0080
205.53         -0.0079
205.56         -0.0077
205.59         -0.0075
205.62         -0.0074
205.65         -0.0072
205.68         -0.0070
205.71         -0.0069
205.74         -0.0067
205.77         -0.0065
205.80         -0.0064
205.83         -0.0062
205.86         -0.0060
205.89         -0.0058
205.92         -0.0057
205.95         -0.0055
205.98         -0.0053
206.01         -0.0051
206.04         -0.0049
206.07         -0.0048
206.10         -0.0046
206.13         -0.0044
206.16         -0.0042
206.19         -0.0040
206.22         -0.0039
206.25         -0.0037
206.28         -0.0035
206.31         -0.0033
206.34         -0.0031
206.37         -0.0029
206.40         -0.0027
206.43         -0.0025
206.46         -0.0024
206.49         -0.0022
206.52         -0.0020
206.55         -0.0018
206.58         -0.0016
206.61         -0.0014
206.64         -0.0012
206.67         -0.0010
206.70         -0.0008
206.73         -0.0006
206.76         -0.0004
206.79         -0.0002
206.82         -0.0001
206.85          0.0001
206.88          0.0003
206.91          0.0005
206.94          0.0007
206.97          0.0009
207.00          0.0011
207.03          0.0013
207.06          0.0015
207.09          0.0017
207.12          0.0019
207.15          0.0021
207.18          0.0023
207.21          0.0025
207.24          0.0027
207.27          0.0029
207.30          0.0031
207.33          0.0033
207.36          0.0035
207.39          0.0036
207.42          0.0038
207.45          0.0040
207.48          0.0042
207.51          0.0044
207.54          0.0046
207.57          0.0048
207.60          0.0050
207.63          0.0052
207.66          0.0054
207.69          0.0056
207.72          0.0058
207.75          0.0059
207.78          0.0061
207.81          0.0063
207.84          0.0065
207.87          0.0067
207.90          0.0069
207.93          0.0071
207.96          0.0073
207.99          0.0074
208.02          0.0076
208.05          0.0078
208.08          0.0080
208.11          0.0082
208.14          0.0083
208.17          0.0085
208.20          0.0087
208.23          0.0089
208.26          0.0091
208.29          0.0092
208.32          0.0094
208.35          0.0096
208.38          0.0097
208.41          0.0099
208.44          0.0101
208.47          0.0103
208.50          0.0104
208.53          0.0106
208.56          0.0107
208.59          0.0109
208.62          0.0111
208.65          0.0112
208.68          0.0114
208.71          0.0116
208.74          0.0117
208.77          0.0119
208.80          0.0120
208.83          0.0122
208.86          0.0123
208.89          0.0125
208.92          0.0126
208.95          0.0128
208.98          0.0129
209.01          0.0131
209.04          0.0132
209.07          0.0133
209.10          0.0135
209.13          0.0136
209.16          0.0138
209.19          0.0139
209.22          0.0140
209.25          0.0141
209.28          0.0143
209.31          0.0144
209.34          0.0145
209.37          0.0147
209.40          0.0148
209.43          0.0149
209.46          0.0150
209.49          0.0151
209.52          0.0152
209.55          0.0154
209.58          0.0155
209.61          0.0156
209.64          0.0157
209.67          0.0158
209.70          0.0159
209.73          0.0160
209.76          0.0161
209.79          0.0162
209.82          0.0163
209.85          0.0164
209.88          0.0165
209.91          0.0165
209.94          0.0166
209.97          0.0167
210.00          0.0168
210.03          0.0169
210.06          0.0170
210.09          0.0170
210.12          0.0171
210.15          0.0172
210.18          0.0172
210.21          0.0173
210.24          0.0174
210.27          0.0174
210.30          0.0175
210.33          0.0176
210.36          0.0176
210.39          0.0177
210.42          0.0177
210.45          0.0178
210.48          0.0178
210.51          0.0179
210.54          0.0179
210.57          0.0179
210.60          0.0180
210.63          0.0180
210.66          0.0180
210.69          0.0181
210.72          0.0181
210.75          0.0181
210.78          0.0182
210.81          0.0182
210.84          0.0182
210.87          0.0182
210.90          0.0182
210.93          0.0182
210.96          0.0182
210.99          0.0183
211.02          0.0183
211.05          0.0183
211.08          0.0183
211.11          0.0183
211.14          0.0182
211.17          0.0182
211.20          0.0182
211.23          0.0182
211.26          0.0182
211.29          0.0182
211.32          0.0182
211.35          0.0181
211.38          0.0181
211.41          0.0181
211.44          0.0181
211.47          0.0180
211.50          0.0180
211.53          0.0180
211.56          0.0179
211.59          0.0179
211.62          0.0178
211.65          0.0178
211.68          0.0177
211.71          0.0177
211.74          0.0176
211.77          0.0176
211.80          0.0175
211.83          0.0175
211.86          0.0174
211.89          0.0173
211.92          0.0173
211.95          0.0172
211.98          0.0171
212.01          0.0171
212.04          0.0170
212.07          0.0169
212.10          0.0168
212.13          0.0167
212.16          0.0167
212.19          0.0166
212.22          0.0165
212.25          0.0164
212.28          0.0163
212.31          0.0162
212.34          0.0161
212.37          0.0160
212.40          0.0159
212.43          0.0158
212.46          0.0157
212.49          0.0156
212.52          0.0155
212.55          0.0153
212.58          0.0152
212.61          0.0151
212.64          0.0150
212.67          0.0149
212.70          0.0148
212.73          0.0146
212.76          0.0145
212.79          0.0144
212.82          0.0142
212.85          0.0141
212.88          0.0140
212.91          0.0138
212.94          0.0137
212.97          0.0135
213.00          0.0134
213.03          0.0133
213.06          0.0131
213.09          0.0130
213.12          0.0128
213.15          0.0127
213.18          0.0125
213.21          0.0123
213.24          0.0122
213.27          0.0120
213.30          0.0119
213.33          0.0117
213.36          0.0115
213.39          0.0114
213.42          0.0112
213.45          0.0110
213.48          0.0109
213.51          0.0107
213.54          0.0105
213.57          0.0103
213.60          0.0102
213.63          0.0100
213.66          0.0098
213.69          0.0096
213.72          0.0094
213.75          0.0093
213.78          0.0091
213.81          0.0089
213.84          0.0087
213.87          0.0085
213.90          0.0083
213.93          0.0081
213.96          0.0079
213.99          0.0077
214.02          0.0075
214.05          0.0074
214.08          0.0072
214.11          0.0070
214.14          0.0068
214.17          0.0066
214.20          0.0064
214.23          0.0062
214.26          0.0059
214.29          0.0057
214.32          0.0055
214.35          0.0053
214.38          0.0051
214.41          0.0049
214.44          0.0047
214.47          0.0045
214.50          0.0043
214.53          0.0041
214.56          0.0039
214.59          0.0037
214.62          0.0034
214.65          0.0032
214.68          0.0030
214.71          0.0028
214.74          0.0026
214.77          0.0024
214.80          0.0022
214.83          0.0019
214.86          0.0017
214.89          0.0015
214.92          0.0013
214.95          0.0011
214.98          0.0008
215.01          0.0006
215.04          0.0004
215.07          0.0002
215.10         -0.0000
215.13         -0.0002
215.16         -0.0005
215.19         -0.0007
215.22         -0.0009
215.25         -0.0011
215.28         -0.0013
215.31         -0.0016
215.34         -0.0018
215.37         -0.0020
215.40         -0.0022
215.43         -0.0024
215.46         -0.0027
215.49         -0.0029
215.52         -0.0031
215.55         -0.0033
215.58         -0.0035
215.61         -0.0038
215.64         -0.0040
215.67         -0.0042
215.70         -0.0044
215.73         -0.0046
215.76         -0.0048
215.79         -0.0050
215.82         -0.0053
215.85         -0.0055
215.88         -0.0057
215.91         -0.0059
215.94         -0.0061
215.97         -0.0063
216.00         -0.0065
216.03         -0.0068
216.06         -0.0070
216.09         -0.0072
216.12         -0.0074
216.15         -0.0076
216.18         -0.0078
216.21         -0.0080
216.24         -0.0082
216.27         -0.0084
216.30         -0.0086
216.33         -0.0088
216.36         -0.0090
216.39         -0.0092
216.42         -0.0094
216.45         -0.0096
216.48         -0.0098
216.51         -0.0100
216.54         -0.0102
216.57         -0.0104
216.60         -0.0106
216.63         -0.0108
216.66         -0.0110
216.69         -0.0111
216.72         -0.0113
216.75         -0.0115
216.78         -0.0117
216.81         -0.0119
216.84         -0.0121
216.87         -0.0122
216.90         -0.0124
216.93         -0.0126
216.96         -0.0128
216.99         -0.0129
217.02         -0.0131
217.05         -0.0133
217.08         -0.0135
217.11         -0.0136
217.14         -0.0138
217.17         -0.0140
217.20         -0.0141
217.23         -0.0143
217.26         -0.0144
217.29         -0.0146
217.32         -0.0147
217.35         -0.0149
217.38         -0.0151
217.41         -0.0152
217.44         -0.0154
217.47         -0.0155
217.50         -0.0156
217.53         -0.0158
217.56         -0.0159
217.59         -0.0161
217.62         -0.0162
217.65         -0.0163
217.68         -0.0165
217.71         -0.0166
217.74         -0.0167
217.77         -0.0168
217.80         -0.0170
217.83         -0.0171
217.86         -0.0172
217.89         -0.0173
217.92         -0.0174
217.95         -0.0176
217.98         -0.0177
218.01         -0.0178
218.04         -0.0179
218.07         -0.0180
218.10         -0.0181
218.13         -0.0182
218.16         -0.0183
218.19         -0.0184
218.22         -0.0185
218.25         -0.0186
218.28         -0.0187
218.31         -0.0187
218.34         -0.0188
218.37         -0.0189
218.40         -0.0190
218.43         -0.0191
218.46         -0.0191
218.49         -0.0192
218.52         -0.0193
218.55         -0.0193
218.58         -0.0194
218.61         -0.0195
218.64         -0.0195
218.67         -0.0196
218.70         -0.0196
218.73         -0.0197
218.76         -0.0197
218.79         -0.0198
218.82         -0.0198
218.85         -0.0199
218.88         -0.0199
218.91         -0.0199
218.94         -0.0200
218.97         -0.0200
219.00         -0.0200
219.03         -0.0201
219.06         -0.0201
219.09         -0.0201
219.12         -0.0201
219.15         -0.0201
219.18         -0.0202
219.21         -0.0202
219.24         -0.0202
219.27         -0.0202
219.30         -0.0202
219.33         -0.0202
219.36         -0.0202
219.39         -0.0202
219.42         -0.0202
219.45         -0.0202
219.48         -0.0201
219.51         -0.0201
219.54         -0.0201
219.57         -0.0201
219.60         -0.0201
219.63         -0.0200
219.66         -0.0200
219.69         -0.0200
219.72         -0.0200
219.75         -0.0199
219.78         -0.0199
219.81         -0.0198
219.84         -0.0198
219.87         -0.0197
219.90         -0.0197
219.93         -0.0196
219.96         -0.0196
219.99         -0.0195
220.02         -0.0195
220.05         -0.0194
220.08         -0.0194
220.11         -0.0193
220.14         -0.0192
220.17         -0.0191
220.20         -0.0191
220.23         -0.0190
220.26         -0.0189
220.29         -0.0188
220.32         -0.0187
220.35         -0.0187
220.38         -0.0186
220.41         -0.0185
220.44         -0.0184
220.47         -0.0183
220.50         -0.0182
220.53         -0.0181
220.56         -0.0180
220.59         -0.0179
220.62         -0.0178
220.65         -0.0177
220.68         -0.0176
220.71         -0.0174
220.74         -0.0173
220.77         -0.0172
220.80         -0.0171
220.83         -0.0170
220.86         -0.0168
220.89         -0.0167
220.92         -0.0166
220.95         -0.0164
220.98         -0.0163
221.01         -0.0162
221.04         -0.0160
221.07         -0.0159
221.10         -0.0157
221.13         -0.0156
221.16         -0.0155
221.19         -0.0153
221.22         -0.0152
221.25         -0.0150
221.28         -0.0148
221.31         -0.0147
221.34         -0.0145
221.37         -0.0144
221.40         -0.0142
221.43         -0.0140
221.46         -0.0139
221.49         -0.0137
221.52         -0.0135
221.55         -0.0134
221.58         -0.0132
221.61         -0.0130
221.64         -0.0128
221.67         -0.0127
221.70         -0.0125
221.73         -0.0123
221.76         -0.0121
221.79         -0.0119
221.82         -0.0117
221.85         -0.0115
221.88         -0.0114
221.91         -0.0112
221.94         -0.0110
221.97         -0.0108
222.00         -0.0106
222.03         -0.0104
222.06         -0.0102
222.09         -0.0100
222.12         -0.0098
222.15         -0.0096
222.18         -0.0094
222.21         -0.0092
222.24         -0.0090
222.27         -0.0088
222.30         -0.0085
222.33         -0.0083
222.36         -0.0081
222.39         -0.0079
222.42         -0.0077
222.45         -0.0075
222.48         -0.0073
222.51         -0.0070
222.54         -0.0068
222.57         -0.0066
222.60         -0.0064
222.63         -0.0062
222.66         -0.0060
222.69         -0.0057
222.72         -0.0055
222.75         -0.0053
222.78         -0.0051
222.81         -0.0048
222.84         -0.0046
222.87         -0.0044
222.90         -0.0042
222.93         -0.0039
222.96         -0.0037
222.99         -0.0035
223.02         -0.0032
223.05         -0.0030
223.08         -0.0028
223.11         -0.0025
223.14         -0.0023
223.17         -0.0021
223.20         -0.0019
223.23         -0.0016
223.26         -0.0014
223.29         -0.0012
223.32         -0.0009
223.35         -0.0007
223.38         -0.0005
223.41         -0.0002
223.44          0.0000
223.47          0.0002
223.50          0.0005
223.53          0.0007
223.56          0.0009
223.59          0.0012
223.62          0.0014
223.65          0.0016
223.68          0.0019
223.71          0.0021
223.74          0.0023
223.77          0.0026
223.80          0.0028
223.83          0.0030
223.86          0.0033
223.89          0.0035
223.92          0.0037
223.95          0.0040
223.98          0.0042
224.01          0.0044
224.04          0.0046
224.07          0.0049
224.10          0.0051
224.13          0.0053
224.16          0.0056
224.19          0.0058
224.22          0.0060
224.25          0.0062
224.28          0.0065
224.31          0.0067
224.34          0.0069
224.37          0.0071
224.40          0.0073
224.43          0.0076
224.46          0.0078
224.49          0.0080
224.52          0.0082
224.55          0.0084
224.58          0.0086
224.61          0.0089
224.64          0.0091
224.67          0.0093
224.70          0.0095
224.73          0.0097
224.76          0.0099
224.79          0.0101
224.82          0.0103
224.85          0.0105
224.88          0.0107
224.91          0.0109
224.94          0.0111
224.97          0.0113
225.00          0.0115
225.03          0.0117
225.06          0.0119
225.09          0.0121
225.12          0.0123
225.15          0.0125
225.18          0.0127
225.21          0.0129
225.24          0.0130
225.27          0.0132
225.30          0.0134
225.33          0.0136
225.36          0.0138
225.39          0.0139
225.42          0.0141
225.45          0.0143
225.48          0.0145
225.51          0.0146
225.54          0.0148
225.57          0.0150
225.60          0.0151
225.63          0.0153
225.66          0.0154
225.69          0.0156
225.72          0.0158
225.75          0.0159
225.78          0.0161
225.81          0.0162
225.84          0.0164
225.87          0.0165
225.90          0.0166
225.93          0.0168
225.96          0.0169
225.99          0.0171
226.02          0.0172
226.05          0.0173
226.08          0.0175
226.11          0.0176
226.14          0.0177
226.17          0.0178
226.20          0.0180
226.23          0.0181
226.26          0.0182
226.29          0.0183
226.32          0.0184
226.35          0.0185
226.38          0.0186
226.41          0.0187
226.44          0.0188
226.47          0.0189
226.50          0.0190
226.53          0.0191
226.56          0.0192
226.59          0.0193
226.62          0.0194
226.65          0.0195
226.68          0.0196
226.71          0.0197
226.74          0.0197
226.77          0.0198
226.80          0.0199
226.83          0.0200
226.86          0.0200
226.89          0.0201
226.92          0.0201
226.95          0.0202
226.98          0.0203
227.01          0.0203
227.04          0.0204
227.07          0.0204
227.10          0.0205
227.13          0.0205
227.16          0.0206
227.19          0.0206
227.22          0.0206
227.25          0.0207
227.28          0.0207
227.31          0.0207
227.34          0.0208
227.37          0.0208
227.40          0.0208
227.43          0.0208
227.46          0.0208
227.49          0.0208
227.52          0.0209
227.55          0.0209
227.58          0.0209
227.61          0.0209
227.64          0.0209
227.67          0.0209
227.70          0.0209
227.73          0.0208
227.76          0.0208
227.79          0.0208
227.82          0.0208
227.85          0.0208
227.88          0.0208
227.91          0.0207
227.94          0.0207
227.97          0.0207
228.00          0.0206
228.03          0.0206
228.06          0.0206
228.09          0.0205
228.12          0.0205
228.15          0.0204
228.18          0.0204
228.21          0.0203
228.24          0.0203
228.27          0.0202
228.30          0.0202
228.33          0.0201
228.36          0.0201
228.39          0.0200
228.42          0.0199
228.45          0.0198
228.48          0.0198
228.51          0.0197
228.54          0.0196
228.57          0.0195
228.60          0.0194
228.63          0.0194
228.66          0.0193
228.69          0.0192
228.72          0.0191
228.75          0.0190
228.78          0.0189
228.81          0.0188
228.84          0.0187
228.87          0.0186
228.90          0.0185
228.93          0.0184
228.96          0.0182
228.99          0.0181
229.02          0.0180
229.05          0.0179
229.08          0.0178
229.11          0.0176
229.14          0.0175
229.17          0.0174
229.20          0.0173
229.23          0.0171
229.26          0.0170
229.29          0.0168
229.32          0.0167
229.35          0.0166
229.38          0.0164
229.41          0.0163
229.44          0.0161
229.47          0.0160
229.50          0.0158
229.53          0.0157
229.56          0.0155
229.59          0.0153
229.62          0.0152
229.65          0.0150
229.68          0.0149
229.71          0.0147
229.74          0.0145
229.77          0.0144
229.80          0.0142
229.83          0.0140
229.86          0.0138
229.89          0.0137
229.92          0.0135
229.95          0.0133
229.98          0.0131
230.01          0.0129
230.04          0.0127
230.07          0.0126
230.10          0.0124
230.13          0.0122
230.16          0.0120
230.19          0.0118
230.22          0.0116
230.25          0.0114
230.28          0.0112
230.31          0.0110
230.34          0.0108
230.37          0.0106
230.40          0.0104
230.43          0.0102
230.46          0.0100
230.49          0.0098
230.52          0.0096
230.55          0.0094
230.58          0.0091
230.61          0.0089
230.64          0.0087
230.67          0.0085
230.70          0.0083
230.73          0.0081
230.76          0.0079
230.79          0.0076
230.82          0.0074
230.85          0.0072
230.88          0.0070
230.91          0.0067
230.94          0.0065
230.97          0.0063
231.00          0.0061
231.03          0.0059
231.06          0.0056
231.09          0.0054
231.12          0.0052
231.15          0.0049
231.18          0.0047
231.21          0.0045
231.24          0.0043
231.27          0.0040
231.30          0.0038
231.33          0.0036
231.36          0.0033
231.39          0.0031
231.42          0.0029
231.45          0.0026
231.48          0.0024
231.51          0.0022
231.54          0.0019
231.57          0.0017
231.60          0.0015
231.63          0.0012
231.66          0.0010
231.69          0.0008
231.72          0.0005
231.75          0.0003
231.78          0.0001
231.81         -0.0002
231.84         -0.0004
231.87         -0.0006
231.90         -0.0009
231.93         -0.0011
231.96         -0.0013
231.99         -0.0016
232.02         -0.0018
232.05         -0.0020
232.08         -0.0023
232.11         -0.0025
232.14         -0.0027
232.17         -0.0030
232.20         -0.0032
232.23         -0.0034
232.26         -0.0037
232.29         -0.0039
232.32         -0.0041
232.35         -0.0044
232.38         -0.0046
232.41         -0.0048
232.44         -0.0050
232.47         -0.0053
232.50         -0.0055
232.53         -0.0057
232.56         -0.0059
232.59         -0.0062
232.62         -0.0064
232.65         -0.0066
232.68         -0.0068
232.71         -0.0070
232.74         -0.0073
232.77         -0.0075
232.80         -0.0077
232.83         -0.0079
232.86         -0.0081
232.89         -0.0083
232.92         -0.0086
232.95         -0.0088
232.98         -0.0090
233.01         -0.0092
233.04         -0.0094
233.07         -0.0096
233.10         -0.0098
233.13         -0.0100
233.16         -0.0102
233.19         -0.0104
233.22         -0.0106
233.25         -0.0108
233.28         -0.0110
233.31         -0.0112
233.34         -0.0114
233.37         -0.0116
233.40         -0.0118
233.43         -0.0120
233.46         -0.0122
233.49         -0.0123
233.52         -0.0125
233.55         -0.0127
233.58         -0.0129
233.61         -0.0131
233.64         -0.0132
233.67         -0.0134
233.70         -0.0136
233.73         -0.0138
233.76         -0.0139
233.79         -0.0141
233.82         -0.0143
233.85         -0.0144
233.88         -0.0146
233.91         -0.0148
233.94         -0.0149
233.97         -0.0151
234.00         -0.0152
234.03         -0.0154
234.06         -0.0155
234.09         -0.0157
234.12         -0.0158
234.15         -0.0160
234.18         -0.0161
234.21         -0.0163
234.24         -0.0164
234.27         -0.0165
234.30         -0.0167
234.33         -0.0168
234.36         -0.0169
234.39         -0.0171
234.42         -0.0172
234.45         -0.0173
234.48         -0.0174
234.51         -0.0175
234.54         -0.0177
234.57         -0.0178
234.60         -0.0179
234.63         -0.0180
234.66         -0.0181
234.69         -0.0182
234.72         -0.0183
234.75         -0.0184
234.78         -0.0185
234.81         -0.0186
234.84         -0.0187
234.87         -0.0188
234.90         -0.0189
234.93         -0.0190
234.96         -0.0190
234.99         -0.0191
235.02         -0.0192
235.05         -0.0193
235.08         -0.0193
235.11         -0.0194
235.14         -0.0195
235.17         -0.0196
235.20         -0.0196
235.23         -0.0197
235.26         -0.0197
235.29         -0.0198
235.32         -0.0198
235.35         -0.0199
235.38         -0.0199
235.41         -0.0200
235.44         -0.0200
235.47         -0.0201
235.50         -0.0201
235.53         -0.0201
235.56         -0.0202
235.59         -0.0202
235.62         -0.0202
235.65         -0.0202
235.68         -0.0203
235.71         -0.0203
235.74         -0.0203
235.77         -0.0203
235.80         -0.0203
235.83         -0.0203
235.86         -0.0203
235.89         -0.0203
235.92         -0.0203
235.95         -0.0203
235.98         -0.0203
236.01         -0.0203
236.04         -0.0203
236.07         -0.0203
236.10         -0.0203
236.13         -0.0203
236.16         -0.0202
236.19         -0.0202
236.22         -0.0202
236.25         -0.0202
236.28         -0.0201
236.31         -0.0201
236.34         -0.0201
236.37         -0.0200
236.40         -0.0200
236.43         -0.0199
236.46         -0.0199
236.49         -0.0198
236.52         -0.0198
236.55         -0.0197
236.58         -0.0197
236.61         -0.0196
236.64         -0.0196
236.67         -0.0195
236.70         -0.0194
236.73         -0.0194
236.76         -0.0193
236.79         -0.0192
236.82         -0.0191
236.85         -0.0191
236.88         -0.0190
236.91         -0.0189
236.94         -0.0188
236.97         -0.0187
237.00         -0.0186
237.03         -0.0185
237.06         -0.0184
237.09         -0.0183
237.12         -0.0182
237.15         -0.0181
237.18         -0.0180
237.21         -0.0179
237.24         -0.0178
237.27         -0.0177
237.30         -0.0176
237.33         -0.0175
237.36         -0.0173
237.39         -0.0172
237.42         -0.0171
237.45         -0.0170
237.48         -0.0169
237.51         -0.0167
237.54         -0.0166
237.57         -0.0165
237.60         -0.0163
237.63         -0.0162
237.66         -0.0160
237.69         -0.0159
237.72         -0.0158
237.75         -0.0156
237.78         -0.0155
237.81         -0.0153
237.84         -0.0152
237.87         -0.0150
237.90         -0.0148
237.93         -0.0147
237.96         -0.0145
237.99         -0.0144
238.02         -0.0142
238.05         -0.0140
238.08         -0.0139
238.11         -0.0137
238.14         -0.0135
238.17         -0.0134
238.20         -0.0132
238.23         -0.0130
238.26         -0.0128
238.29         -0.0127
238.32         -0.0125
238.35         -0.0123
238.38         -0.0121
238.41         -0.0119
238.44         -0.0117
238.47         -0.0116
238.50         -0.0114
238.53         -0.0112
238.56         -0.0110
238.59         -0.0108
238.62         -0.0106
238.65         -0.0104
238.68         -0.0102
238.71         -0.0100
238.74         -0.0098
238.77         -0.0096
238.80         -0.0094
238.83         -0.0092
238.86         -0.0090
238.89         -0.0088
238.92         -0.0086
238.95         -0.0084
238.98         -0.0082
239.01         -0.0080
239.04         -0.0078
239.07         -0.0076
239.10         -0.0073
239.13         -0.0071
239.16         -0.0069
239.19         -0.0067
239.22         -0.0065
239.25         -0.0063
239.28         -0.0061
239.31         -0.0058
239.34         -0.0056
239.37         -0.0054
239.40         -0.0052
239.43         -0.0050
239.46         -0.0047
239.49         -0.0045
239.52         -0.0043
239.55         -0.0041
239.58         -0.0039
239.61         -0.0036
239.64         -0.0034
239.67         -0.0032
239.70         -0.0030
239.73         -0.0028
239.76         -0.0025
239.79         -0.0023
239.82         -0.0021
239.85         -0.0019
239.88         -0.0016
239.91         -0.0014
239.94         -0.0012
239.97         -0.0010
240.00         -0.0007
