Time (s)  Flap Rotation y (radians)Flap Rotation y (degrees)
0.015             0.000001        0.000050
0.030             0.000003        0.000152
0.045             0.000005        0.000306
0.060             0.000009        0.000514
0.075             0.000014        0.000778
0.090             0.000019        0.001097
0.105             0.000026        0.001473
0.120             0.000033        0.001908
0.135             0.000042        0.002402
0.150             0.000052        0.002956
0.165             0.000062        0.003572
0.180             0.000074        0.004250
0.195             0.000087        0.004991
0.210             0.000101        0.005797
0.225             0.000116        0.006667
0.240             0.000133        0.007603
0.255             0.000150        0.008606
0.270             0.000169        0.009676
0.285             0.000189        0.010815
0.300             0.000210        0.012022
0.315             0.000232        0.013299
0.330             0.000256        0.014646
0.345             0.000280        0.016064
0.360             0.000306        0.017553
0.375             0.000334        0.019114
0.390             0.000362        0.020747
0.405             0.000392        0.022453
0.420             0.000423        0.024231
0.435             0.000455        0.026083
0.450             0.000489        0.028009
0.465             0.000524        0.030009
0.480             0.000560        0.032083
0.495             0.000597        0.034231
0.510             0.000636        0.036454
0.525             0.000676        0.038751
0.540             0.000718        0.041122
0.555             0.000760        0.043568
0.570             0.000804        0.046089
0.585             0.000850        0.048683
0.600             0.000896        0.051352
0.615             0.000944        0.054095
0.630             0.000993        0.056911
0.645             0.001044        0.059801
0.660             0.001095        0.062763
0.675             0.001148        0.065798
0.690             0.001203        0.068905
0.705             0.001258        0.072084
0.720             0.001315        0.075333
0.735             0.001373        0.078653
0.750             0.001432        0.082042
0.765             0.001492        0.085500
0.780             0.001554        0.089026
0.795             0.001617        0.092620
0.810             0.001680        0.096280
0.825             0.001745        0.100005
0.840             0.001812        0.103795
0.855             0.001879        0.107648
0.870             0.001947        0.111563
0.885             0.002017        0.115539
0.900             0.002087        0.119576
0.915             0.002158        0.123671
0.930             0.002231        0.127823
0.945             0.002304        0.132032
0.960             0.002379        0.136295
0.975             0.002454        0.140611
0.990             0.002530        0.144979
1.005             0.002607        0.149397
1.020             0.002685        0.153864
1.035             0.002764        0.158378
1.050             0.002844        0.162937
1.065             0.002924        0.167539
1.080             0.003005        0.172183
1.095             0.003087        0.176867
1.110             0.003169        0.181590
1.125             0.003252        0.186348
1.140             0.003336        0.191140
1.155             0.003420        0.195965
1.170             0.003505        0.200820
1.185             0.003590        0.205703
1.200             0.003676        0.210612
1.215             0.003762        0.215546
1.230             0.003848        0.220500
1.245             0.003935        0.225475
1.260             0.004022        0.230467
1.275             0.004110        0.235473
1.290             0.004197        0.240493
1.305             0.004285        0.245523
1.320             0.004373        0.250561
1.335             0.004461        0.255604
1.350             0.004549        0.260651
1.365             0.004637        0.265698
1.380             0.004725        0.270744
1.395             0.004813        0.275786
1.410             0.004901        0.280821
1.425             0.004989        0.285847
1.440             0.005076        0.290861
1.455             0.005164        0.295860
1.470             0.005251        0.300843
1.485             0.005337        0.305806
1.500             0.005424        0.310747
1.515             0.005509        0.315663
1.530             0.005595        0.320552
1.545             0.005679        0.325411
1.560             0.005764        0.330237
1.575             0.005847        0.335028
1.590             0.005930        0.339780
1.605             0.006013        0.344492
1.620             0.006094        0.349161
1.635             0.006175        0.353783
1.650             0.006255        0.358357
1.665             0.006333        0.362880
1.680             0.006411        0.367349
1.695             0.006488        0.371761
1.710             0.006564        0.376114
1.725             0.006639        0.380406
1.740             0.006713        0.384633
1.755             0.006786        0.388794
1.770             0.006857        0.392885
1.785             0.006927        0.396904
1.800             0.006996        0.400849
1.815             0.007064        0.404718
1.830             0.007130        0.408507
1.845             0.007195        0.412215
1.860             0.007258        0.415839
1.875             0.007320        0.419378
1.890             0.007380        0.422828
1.905             0.007438        0.426188
1.920             0.007495        0.429455
1.935             0.007551        0.432629
1.950             0.007604        0.435705
1.965             0.007656        0.438684
1.980             0.007707        0.441562
1.995             0.007755        0.444338
2.010             0.007802        0.447010
2.025             0.007847        0.449577
2.040             0.007890        0.452038
2.055             0.007931        0.454389
2.070             0.007970        0.456631
2.085             0.008007        0.458762
2.100             0.008042        0.460781
2.115             0.008075        0.462686
2.130             0.008107        0.464476
2.145             0.008136        0.466151
2.160             0.008163        0.467710
2.175             0.008188        0.469151
2.190             0.008211        0.470475
2.205             0.008232        0.471681
2.220             0.008251        0.472767
2.235             0.008268        0.473735
2.250             0.008283        0.474583
2.265             0.008296        0.475311
2.280             0.008306        0.475920
2.295             0.008315        0.476409
2.310             0.008321        0.476779
2.325             0.008326        0.477030
2.340             0.008328        0.477162
2.355             0.008328        0.477175
2.370             0.008326        0.477072
2.385             0.008323        0.476851
2.400             0.008317        0.476514
2.415             0.008309        0.476062
2.430             0.008299        0.475496
2.445             0.008287        0.474818
2.460             0.008273        0.474027
2.475             0.008258        0.473126
2.490             0.008240        0.472117
2.505             0.008221        0.471000
2.520             0.008199        0.469778
2.535             0.008176        0.468452
2.550             0.008151        0.467024
2.565             0.008124        0.465496
2.580             0.008096        0.463871
2.595             0.008066        0.462150
2.610             0.008034        0.460335
2.625             0.008001        0.458430
2.640             0.007966        0.456436
2.655             0.007930        0.454356
2.670             0.007892        0.452192
2.685             0.007853        0.449949
2.700             0.007813        0.447627
2.715             0.007771        0.445230
2.730             0.007728        0.442761
2.745             0.007683        0.440224
2.760             0.007638        0.437620
2.775             0.007591        0.434953
2.790             0.007544        0.432227
2.805             0.007495        0.429445
2.820             0.007446        0.426609
2.835             0.007395        0.423724
2.850             0.007344        0.420793
2.865             0.007292        0.417819
2.880             0.007240        0.414806
2.895             0.007187        0.411757
2.910             0.007133        0.408676
2.925             0.007078        0.405566
2.940             0.007024        0.402432
2.955             0.006969        0.399276
2.970             0.006913        0.396103
2.985             0.006858        0.392916
3.000             0.006802        0.389719
3.015             0.006746        0.386515
3.030             0.006690        0.383309
3.045             0.006634        0.380104
3.060             0.006578        0.376903
3.075             0.006522        0.373710
3.090             0.006467        0.370529
3.105             0.006412        0.367364
3.120             0.006357        0.364217
3.135             0.006302        0.361094
3.150             0.006248        0.357996
3.165             0.006195        0.354927
3.180             0.006142        0.351892
3.195             0.006089        0.348893
3.210             0.006038        0.345933
3.225             0.005987        0.343016
3.240             0.005937        0.340144
3.255             0.005887        0.337321
3.270             0.005839        0.334550
3.285             0.005792        0.331833
3.300             0.005745        0.329174
3.315             0.005700        0.326574
3.330             0.005656        0.324036
3.345             0.005612        0.321563
3.360             0.005570        0.319158
3.375             0.005530        0.316821
3.390             0.005490        0.314555
3.405             0.005452        0.312362
3.420             0.005415        0.310243
3.435             0.005379        0.308201
3.450             0.005345        0.306235
3.465             0.005312        0.304349
3.480             0.005280        0.302542
3.495             0.005250        0.300816
3.510             0.005222        0.299170
3.525             0.005194        0.297607
3.540             0.005168        0.296125
3.555             0.005144        0.294726
3.570             0.005121        0.293408
3.585             0.005099        0.292172
3.600             0.005079        0.291017
3.615             0.005060        0.289943
3.630             0.005043        0.288948
3.645             0.005027        0.288032
3.660             0.005012        0.287193
3.675             0.004999        0.286430
3.690             0.004987        0.285740
3.705             0.004976        0.285123
3.720             0.004967        0.284575
3.735             0.004958        0.284095
3.750             0.004951        0.283680
3.765             0.004945        0.283327
3.780             0.004940        0.283034
3.795             0.004936        0.282796
3.810             0.004933        0.282612
3.825             0.004930        0.282476
3.840             0.004929        0.282386
3.855             0.004928        0.282337
3.870             0.004928        0.282326
3.885             0.004928        0.282349
3.900             0.004929        0.282400
3.915             0.004930        0.282475
3.930             0.004932        0.282570
3.945             0.004934        0.282679
3.960             0.004936        0.282799
3.975             0.004938        0.282923
3.990             0.004940        0.283046
4.005             0.004942        0.283163
4.020             0.004944        0.283269
4.035             0.004946        0.283358
4.050             0.004947        0.283425
4.065             0.004947        0.283463
4.080             0.004947        0.283468
4.095             0.004947        0.283433
4.110             0.004945        0.283353
4.125             0.004943        0.283222
4.140             0.004940        0.283033
4.155             0.004935        0.282782
4.170             0.004930        0.282462
4.185             0.004923        0.282068
4.200             0.004915        0.281594
4.215             0.004905        0.281034
4.230             0.004894        0.280382
4.245             0.004881        0.279634
4.260             0.004866        0.278783
4.275             0.004849        0.277824
4.290             0.004830        0.276751
4.305             0.004809        0.275560
4.320             0.004786        0.274246
4.335             0.004761        0.272803
4.350             0.004734        0.271226
4.365             0.004704        0.269511
4.380             0.004671        0.267654
4.395             0.004636        0.265650
4.410             0.004599        0.263495
4.425             0.004559        0.261184
4.440             0.004515        0.258714
4.455             0.004469        0.256082
4.470             0.004421        0.253283
4.485             0.004369        0.250315
4.500             0.004314        0.247175
4.515             0.004256        0.243859
4.530             0.004195        0.240365
4.545             0.004131        0.236690
4.560             0.004064        0.232833
4.575             0.003993        0.228791
4.590             0.003919        0.224563
4.605             0.003842        0.220147
4.620             0.003762        0.215541
4.635             0.003678        0.210745
4.650             0.003591        0.205758
4.665             0.003501        0.200579
4.680             0.003407        0.195207
4.695             0.003310        0.189643
4.710             0.003209        0.183886
4.725             0.003106        0.177937
4.740             0.002998        0.171795
4.755             0.002888        0.165463
4.770             0.002774        0.158940
4.785             0.002657        0.152227
4.800             0.002536        0.145326
4.815             0.002413        0.138238
4.830             0.002286        0.130966
4.845             0.002156        0.123509
4.860             0.002022        0.115872
4.875             0.001886        0.108055
4.890             0.001746        0.100061
4.905             0.001604        0.091892
4.920             0.001458        0.083552
4.935             0.001310        0.075043
4.950             0.001158        0.066367
4.965             0.001004        0.057529
4.980             0.000847        0.048530
4.995             0.000687        0.039375
5.010             0.000525        0.030066
5.025             0.000360        0.020608
5.040             0.000192        0.011004
5.055             0.000022        0.001258
5.070            -0.000151       -0.008627
5.085            -0.000325       -0.018647
5.100            -0.000503       -0.028797
5.115            -0.000682       -0.039073
5.130            -0.000863       -0.049472
5.145            -0.001047       -0.059990
5.160            -0.001233       -0.070621
5.175            -0.001420       -0.081363
5.190            -0.001609       -0.092209
5.205            -0.001800       -0.103158
5.220            -0.001993       -0.114202
5.235            -0.002188       -0.125340
5.250            -0.002384       -0.136565
5.265            -0.002581       -0.147874
5.280            -0.002780       -0.159262
5.295            -0.002980       -0.170725
5.310            -0.003181       -0.182259
5.325            -0.003383       -0.193859
5.340            -0.003587       -0.205520
5.355            -0.003792       -0.217239
5.370            -0.003997       -0.229012
5.385            -0.004203       -0.240833
5.400            -0.004410       -0.252699
5.415            -0.004618       -0.264605
5.430            -0.004827       -0.276548
5.445            -0.005036       -0.288523
5.460            -0.005245       -0.300527
5.475            -0.005455       -0.312555
5.490            -0.005665       -0.324604
5.505            -0.005876       -0.336669
5.520            -0.006087       -0.348748
5.535            -0.006298       -0.360837
5.550            -0.006509       -0.372931
5.565            -0.006720       -0.385029
5.580            -0.006931       -0.397126
5.595            -0.007142       -0.409219
5.610            -0.007353       -0.421305
5.625            -0.007564       -0.433381
5.640            -0.007774       -0.445445
5.655            -0.007985       -0.457493
5.670            -0.008195       -0.469523
5.685            -0.008404       -0.481533
5.700            -0.008614       -0.493520
5.715            -0.008822       -0.505482
5.730            -0.009031       -0.517417
5.745            -0.009238       -0.529323
5.760            -0.009446       -0.541198
5.775            -0.009652       -0.553041
5.790            -0.009858       -0.564850
5.805            -0.010064       -0.576624
5.820            -0.010269       -0.588362
5.835            -0.010473       -0.600062
5.850            -0.010677       -0.611724
5.865            -0.010879       -0.623347
5.880            -0.011082       -0.634931
5.895            -0.011283       -0.646476
5.910            -0.011484       -0.657980
5.925            -0.011684       -0.669444
5.940            -0.011883       -0.680869
5.955            -0.012082       -0.692253
5.970            -0.012280       -0.703599
5.985            -0.012477       -0.714906
6.000            -0.012674       -0.726175
6.015            -0.012870       -0.737407
6.030            -0.013066       -0.748602
6.045            -0.013260       -0.759763
6.060            -0.013455       -0.770891
6.075            -0.013648       -0.781985
6.090            -0.013841       -0.793050
6.105            -0.014034       -0.804085
6.120            -0.014226       -0.815092
6.135            -0.014418       -0.826075
6.150            -0.014609       -0.837033
6.165            -0.014800       -0.847971
6.180            -0.014990       -0.858889
6.195            -0.015181       -0.869790
6.210            -0.015371       -0.880676
6.225            -0.015560       -0.891549
6.240            -0.015750       -0.902413
6.255            -0.015940       -0.913269
6.270            -0.016129       -0.924120
6.285            -0.016318       -0.934968
6.300            -0.016508       -0.945817
6.315            -0.016697       -0.956667
6.330            -0.016886       -0.967523
6.345            -0.017076       -0.978386
6.360            -0.017266       -0.989260
6.375            -0.017456       -1.000146
6.390            -0.017646       -1.011046
6.405            -0.017837       -1.021964
6.420            -0.018028       -1.032902
6.435            -0.018219       -1.043861
6.450            -0.018411       -1.054844
6.465            -0.018603       -1.065854
6.480            -0.018795       -1.076891
6.495            -0.018988       -1.087958
6.510            -0.019182       -1.099057
6.525            -0.019376       -1.110189
6.540            -0.019571       -1.121356
6.555            -0.019767       -1.132559
6.570            -0.019963       -1.143799
6.585            -0.020160       -1.155077
6.600            -0.020357       -1.166394
6.615            -0.020556       -1.177752
6.630            -0.020755       -1.189150
6.645            -0.020954       -1.200589
6.660            -0.021155       -1.212068
6.675            -0.021356       -1.223589
6.690            -0.021557       -1.235151
6.705            -0.021760       -1.246753
6.720            -0.021963       -1.258394
6.735            -0.022167       -1.270075
6.750            -0.022372       -1.281795
6.765            -0.022577       -1.293551
6.780            -0.022783       -1.305342
6.795            -0.022989       -1.317168
6.810            -0.023196       -1.329026
6.825            -0.023403       -1.340915
6.840            -0.023611       -1.352831
6.855            -0.023820       -1.364774
6.870            -0.024029       -1.376740
6.885            -0.024238       -1.388726
6.900            -0.024447       -1.400731
6.915            -0.024657       -1.412750
6.930            -0.024867       -1.424780
6.945            -0.025077       -1.436819
6.960            -0.025287       -1.448862
6.975            -0.025498       -1.460906
6.990            -0.025708       -1.472948
7.005            -0.025918       -1.484982
7.020            -0.026128       -1.497005
7.035            -0.026337       -1.509012
7.050            -0.026546       -1.521000
7.065            -0.026755       -1.532964
7.080            -0.026964       -1.544899
7.095            -0.027171       -1.556801
7.110            -0.027378       -1.568665
7.125            -0.027585       -1.580485
7.140            -0.027790       -1.592258
7.155            -0.027995       -1.603978
7.170            -0.028198       -1.615639
7.185            -0.028401       -1.627238
7.200            -0.028602       -1.638769
7.215            -0.028802       -1.650227
7.230            -0.029001       -1.661607
7.245            -0.029198       -1.672903
7.260            -0.029393       -1.684111
7.275            -0.029587       -1.695224
7.290            -0.029779       -1.706239
7.305            -0.029970       -1.717149
7.320            -0.030158       -1.727951
7.335            -0.030345       -1.738638
7.350            -0.030529       -1.749205
7.365            -0.030712       -1.759648
7.380            -0.030892       -1.769962
7.395            -0.031069       -1.780141
7.410            -0.031245       -1.790180
7.425            -0.031417       -1.800075
7.440            -0.031587       -1.809822
7.455            -0.031755       -1.819414
7.470            -0.031919       -1.828848
7.485            -0.032081       -1.838119
7.500            -0.032240       -1.847222
7.515            -0.032396       -1.856153
7.530            -0.032549       -1.864908
7.545            -0.032698       -1.873481
7.560            -0.032845       -1.881870
7.575            -0.032988       -1.890069
7.590            -0.033128       -1.898075
7.605            -0.033264       -1.905883
7.620            -0.033397       -1.913489
7.635            -0.033526       -1.920891
7.650            -0.033651       -1.928083
7.665            -0.033773       -1.935062
7.680            -0.033891       -1.941825
7.695            -0.034005       -1.948367
7.710            -0.034116       -1.954686
7.725            -0.034222       -1.960778
7.740            -0.034324       -1.966639
7.755            -0.034423       -1.972266
7.770            -0.034517       -1.977656
7.785            -0.034606       -1.982806
7.800            -0.034692       -1.987713
7.815            -0.034773       -1.992373
7.830            -0.034850       -1.996784
7.845            -0.034923       -2.000942
7.860            -0.034991       -2.004845
7.875            -0.035055       -2.008491
7.890            -0.035114       -2.011875
7.905            -0.035168       -2.014997
7.920            -0.035218       -2.017852
7.935            -0.035263       -2.020439
7.950            -0.035304       -2.022756
7.965            -0.035339       -2.024799
7.980            -0.035370       -2.026566
7.995            -0.035396       -2.028056
8.010            -0.035417       -2.029265
8.025            -0.035434       -2.030192
8.040            -0.035445       -2.030835
8.055            -0.035451       -2.031192
8.070            -0.035452       -2.031261
8.085            -0.035448       -2.031039
8.100            -0.035439       -2.030526
8.115            -0.035425       -2.029720
8.130            -0.035406       -2.028618
8.145            -0.035382       -2.027219
8.160            -0.035352       -2.025523
8.175            -0.035317       -2.023527
8.190            -0.035277       -2.021231
8.205            -0.035232       -2.018632
8.220            -0.035181       -2.015731
8.235            -0.035125       -2.012526
8.250            -0.035064       -2.009016
8.265            -0.034997       -2.005200
8.280            -0.034925       -2.001078
8.295            -0.034848       -1.996649
8.310            -0.034765       -1.991913
8.325            -0.034677       -1.986869
8.340            -0.034584       -1.981517
8.355            -0.034485       -1.975857
8.370            -0.034381       -1.969889
8.385            -0.034272       -1.963613
8.400            -0.034157       -1.957028
8.415            -0.034036       -1.950137
8.430            -0.033911       -1.942938
8.445            -0.033780       -1.935432
8.460            -0.033643       -1.927620
8.475            -0.033502       -1.919504
8.490            -0.033355       -1.911083
8.505            -0.033202       -1.902358
8.520            -0.033045       -1.893332
8.535            -0.032882       -1.884004
8.550            -0.032714       -1.874376
8.565            -0.032541       -1.864451
8.580            -0.032362       -1.854228
8.595            -0.032179       -1.843710
8.610            -0.031990       -1.832899
8.625            -0.031796       -1.821796
8.640            -0.031597       -1.810403
8.655            -0.031394       -1.798722
8.670            -0.031185       -1.786756
8.685            -0.030971       -1.774505
8.700            -0.030752       -1.761973
8.715            -0.030529       -1.749161
8.730            -0.030300       -1.736071
8.745            -0.030067       -1.722707
8.760            -0.029829       -1.709069
8.775            -0.029586       -1.695162
8.790            -0.029339       -1.680986
8.805            -0.029087       -1.666544
8.820            -0.028830       -1.651839
8.835            -0.028569       -1.636872
8.850            -0.028303       -1.621647
8.865            -0.028033       -1.606165
8.880            -0.027758       -1.590429
8.895            -0.027479       -1.574441
8.910            -0.027196       -1.558203
8.925            -0.026908       -1.541718
8.940            -0.026616       -1.524987
8.955            -0.026320       -1.508012
8.970            -0.026019       -1.490796
8.985            -0.025715       -1.473340
9.000            -0.025406       -1.455646
9.015            -0.025093       -1.437716
9.030            -0.024776       -1.419551
9.045            -0.024455       -1.401153
9.060            -0.024130       -1.382523
9.075            -0.023800       -1.363662
9.090            -0.023467       -1.344572
9.105            -0.023130       -1.325255
9.120            -0.022789       -1.305709
9.135            -0.022444       -1.285937
9.150            -0.022095       -1.265940
9.165            -0.021742       -1.245717
9.180            -0.021385       -1.225269
9.195            -0.021024       -1.204597
9.210            -0.020659       -1.183701
9.225            -0.020291       -1.162580
9.240            -0.019918       -1.141236
9.255            -0.019542       -1.119667
9.270            -0.019162       -1.097873
9.285            -0.018777       -1.075855
9.300            -0.018389       -1.053611
9.315            -0.017997       -1.031142
9.330            -0.017601       -1.008445
9.345            -0.017201       -0.985522
9.360            -0.016797       -0.962370
9.375            -0.016388       -0.938990
9.390            -0.015976       -0.915379
9.405            -0.015560       -0.891537
9.420            -0.015140       -0.867464
9.435            -0.014716       -0.843157
9.450            -0.014288       -0.818616
9.465            -0.013855       -0.793840
9.480            -0.013419       -0.768827
9.495            -0.012978       -0.743576
9.510            -0.012533       -0.718087
9.525            -0.012084       -0.692358
9.540            -0.011631       -0.666388
9.555            -0.011173       -0.640175
9.570            -0.010711       -0.613720
9.585            -0.010245       -0.587021
9.600            -0.009775       -0.560077
9.615            -0.009301       -0.532888
9.630            -0.008822       -0.505452
9.645            -0.008339       -0.477770
9.660            -0.007851       -0.449840
9.675            -0.007359       -0.421664
9.690            -0.006863       -0.393239
9.705            -0.006363       -0.364567
9.720            -0.005858       -0.335648
9.735            -0.005349       -0.306481
9.750            -0.004836       -0.277068
9.765            -0.004318       -0.247408
9.780            -0.003796       -0.217504
9.795            -0.003270       -0.187356
9.810            -0.002740       -0.156965
9.825            -0.002205       -0.126332
9.840            -0.001666       -0.095460
9.855            -0.001123       -0.064350
9.870            -0.000576       -0.033005
9.885            -0.000025       -0.001426
9.900             0.000530        0.030383
9.915             0.001089        0.062420
9.930             0.001652        0.094681
9.945             0.002219        0.127164
9.960             0.002790        0.159865
9.975             0.003365        0.192780
9.990             0.003943        0.225905
10.005            0.004525        0.259236
10.020            0.005110        0.292769
10.035            0.005698        0.326498
10.050            0.006290        0.360419
10.065            0.006886        0.394526
10.080            0.007484        0.428815
10.095            0.008086        0.463280
10.110            0.008690        0.497915
10.125            0.009298        0.532714
10.140            0.009908        0.567670
10.155            0.010520        0.602778
10.170            0.011136        0.638032
10.185            0.011753        0.673424
10.200            0.012373        0.708947
10.215            0.012996        0.744595
10.230            0.013620        0.780360
10.245            0.014246        0.816235
10.260            0.014874        0.852214
10.275            0.015504        0.888287
10.290            0.016135        0.924449
10.305            0.016767        0.960690
10.320            0.017401        0.997004
10.335            0.018036        1.033382
10.350            0.018672        1.069817
10.365            0.019309        1.106300
10.380            0.019946        1.142824
10.395            0.020584        1.179381
10.410            0.021223        1.215962
10.425            0.021861        1.252559
10.440            0.022500        1.289165
10.455            0.023139        1.325772
10.470            0.023778        1.362371
10.485            0.024416        1.398954
10.500            0.025054        1.435513
10.515            0.025692        1.472041
10.530            0.026329        1.508530
10.545            0.026965        1.544971
10.560            0.027600        1.581357
10.575            0.028234        1.617681
10.590            0.028867        1.653934
10.605            0.029498        1.690109
10.620            0.030128        1.726200
10.635            0.030756        1.762197
10.650            0.031383        1.798095
10.665            0.032007        1.833886
10.680            0.032630        1.869564
10.695            0.033251        1.905120
10.710            0.033869        1.940549
10.725            0.034485        1.975844
10.740            0.035099        2.010998
10.755            0.035710        2.046006
10.770            0.036318        2.080860
10.785            0.036923        2.115554
10.800            0.037526        2.150084
10.815            0.038126        2.184442
10.830            0.038722        2.218623
10.845            0.039316        2.252622
10.860            0.039906        2.286433
10.875            0.040493        2.320051
10.890            0.041076        2.353471
10.905            0.041656        2.386687
10.920            0.042232        2.419696
10.935            0.042804        2.452491
10.950            0.043373        2.485070
10.965            0.043937        2.517426
10.980            0.044498        2.549556
10.995            0.045055        2.581456
11.010            0.045608        2.613121
11.025            0.046156        2.644547
11.040            0.046700        2.675732
11.055            0.047240        2.706671
11.070            0.047776        2.737360
11.085            0.048307        2.767796
11.100            0.048834        2.797976
11.115            0.049356        2.827896
11.130            0.049874        2.857554
11.145            0.050387        2.886946
11.160            0.050895        2.916070
11.175            0.051399        2.944922
11.190            0.051897        2.973501
11.205            0.052391        3.001803
11.220            0.052880        3.029826
11.235            0.053365        3.057567
11.250            0.053844        3.085025
11.265            0.054318        3.112196
11.280            0.054787        3.139080
11.295            0.055251        3.165673
11.310            0.055710        3.191975
11.325            0.056164        3.217982
11.340            0.056613        3.243694
11.355            0.057057        3.269108
11.370            0.057495        3.294223
11.385            0.057928        3.319037
11.400            0.058356        3.343549
11.415            0.058778        3.367757
11.430            0.059196        3.391660
11.445            0.059607        3.415257
11.460            0.060014        3.438546
11.475            0.060415        3.461526
11.490            0.060811        3.484195
11.505            0.061201        3.506554
11.520            0.061586        3.528600
11.535            0.061965        3.550333
11.550            0.062339        3.571752
11.565            0.062707        3.592856
11.580            0.063070        3.613643
11.595            0.063427        3.634114
11.610            0.063779        3.654266
11.625            0.064125        3.674100
11.640            0.064466        3.693615
11.655            0.064801        3.712810
11.670            0.065130        3.731683
11.685            0.065454        3.750236
11.700            0.065772        3.768465
11.715            0.066085        3.786372
11.730            0.066392        3.803956
11.745            0.066693        3.821214
11.760            0.066988        3.838148
11.775            0.067278        3.854756
11.790            0.067562        3.871038
11.805            0.067841        3.886993
11.820            0.068114        3.902619
11.835            0.068381        3.917917
11.850            0.068642        3.932886
11.865            0.068897        3.947524
11.880            0.069147        3.961831
11.895            0.069391        3.975805
11.910            0.069629        3.989447
11.925            0.069861        4.002755
11.940            0.070088        4.015727
11.955            0.070308        4.028364
11.970            0.070523        4.040663
11.985            0.070732        4.052623
12.000            0.070934        4.064244
12.015            0.071131        4.075522
12.030            0.071322        4.086458
12.045            0.071507        4.097050
12.060            0.071686        4.107295
12.075            0.071859        4.117193
12.090            0.072025        4.126740
12.105            0.072186        4.135936
12.120            0.072340        4.144778
12.135            0.072488        4.153263
12.150            0.072630        4.161391
12.165            0.072766        4.169157
12.180            0.072895        4.176560
12.195            0.073018        4.183597
12.210            0.073134        4.190265
12.225            0.073244        4.196561
12.240            0.073347        4.202481
12.255            0.073444        4.208024
12.270            0.073534        4.213185
12.285            0.073617        4.217961
12.300            0.073694        4.222348
12.315            0.073764        4.226343
12.330            0.073826        4.229941
12.345            0.073882        4.233139
12.360            0.073931        4.235931
12.375            0.073973        4.238315
12.390            0.074007        4.240285
12.405            0.074034        4.241837
12.420            0.074054        4.242965
12.435            0.074066        4.243666
12.450            0.074071        4.243933
12.465            0.074068        4.243762
12.480            0.074057        4.243148
12.495            0.074038        4.242085
12.510            0.074012        4.240567
12.525            0.073977        4.238588
12.540            0.073935        4.236144
12.555            0.073884        4.233228
12.570            0.073825        4.229833
12.585            0.073757        4.225955
12.600            0.073681        4.221586
12.615            0.073596        4.216720
12.630            0.073502        4.211352
12.645            0.073399        4.205474
12.660            0.073288        4.199080
12.675            0.073167        4.192164
12.690            0.073037        4.184718
12.705            0.072898        4.176737
12.720            0.072749        4.168213
12.735            0.072591        4.159139
12.750            0.072423        4.149510
12.765            0.072245        4.139318
12.780            0.072057        4.128556
12.795            0.071859        4.117218
12.810            0.071651        4.105296
12.825            0.071433        4.092785
12.840            0.071204        4.079677
12.855            0.070964        4.065966
12.870            0.070715        4.051645
12.885            0.070454        4.036708
12.900            0.070182        4.021147
12.915            0.069900        4.004958
12.930            0.069606        3.988133
12.945            0.069301        3.970666
12.960            0.068985        3.952551
12.975            0.068657        3.933782
12.990            0.068318        3.914354
13.005            0.067968        3.894260
13.020            0.067605        3.873495
13.035            0.067231        3.852054
13.050            0.066845        3.829930
13.065            0.066447        3.807120
13.080            0.066037        3.783619
13.095            0.065614        3.759420
13.110            0.065180        3.734521
13.125            0.064733        3.708916
13.140            0.064274        3.682601
13.155            0.063802        3.655573
13.170            0.063318        3.627828
13.185            0.062821        3.599362
13.200            0.062311        3.570172
13.215            0.061789        3.540255
13.230            0.061254        3.509608
13.245            0.060707        3.478229
13.260            0.060146        3.446115
13.275            0.059573        3.413265
13.290            0.058986        3.379676
13.305            0.058387        3.345347
13.320            0.057775        3.310277
13.335            0.057150        3.274465
13.350            0.056512        3.237910
13.365            0.055861        3.200612
13.380            0.055197        3.162571
13.395            0.054520        3.123786
13.410            0.053830        3.084259
13.425            0.053128        3.043990
13.440            0.052412        3.002979
13.455            0.051683        2.961229
13.470            0.050942        2.918740
13.485            0.050187        2.875515
13.500            0.049420        2.831555
13.515            0.048640        2.786864
13.530            0.047847        2.741443
13.545            0.047042        2.695296
13.560            0.046224        2.648426
13.575            0.045393        2.600836
13.590            0.044550        2.552531
13.605            0.043695        2.503514
13.620            0.042827        2.453790
13.635            0.041947        2.403363
13.650            0.041054        2.352239
13.665            0.040150        2.300422
13.680            0.039234        2.247917
13.695            0.038305        2.194732
13.710            0.037365        2.140870
13.725            0.036413        2.086340
13.740            0.035450        2.031146
13.755            0.034475        1.975297
13.770            0.033489        1.918798
13.785            0.032492        1.861658
13.800            0.031484        1.803883
13.815            0.030464        1.745481
13.830            0.029434        1.686460
13.845            0.028394        1.626829
13.860            0.027342        1.566596
13.875            0.026281        1.505768
13.890            0.025209        1.444357
13.905            0.024127        1.382369
13.920            0.023035        1.319815
13.935            0.021934        1.256704
13.950            0.020823        1.193045
13.965            0.019702        1.128850
13.980            0.018573        1.064127
13.995            0.017434        0.998887
14.010            0.016286        0.933141
14.025            0.015130        0.866900
14.040            0.013966        0.800173
14.055            0.012793        0.732973
14.070            0.011612        0.665310
14.085            0.010423        0.597196
14.100            0.009227        0.528643
14.115            0.008023        0.459662
14.130            0.006811        0.390265
14.145            0.005593        0.320464
14.160            0.004368        0.250272
14.175            0.003136        0.179701
14.190            0.001898        0.108763
14.205            0.000654        0.037472
14.220           -0.000596       -0.034161
14.235           -0.001852       -0.106122
14.250           -0.003114       -0.178399
14.265           -0.004380       -0.250977
14.280           -0.005652       -0.323844
14.295           -0.006929       -0.396987
14.310           -0.008210       -0.470391
14.325           -0.009495       -0.544043
14.340           -0.010785       -0.617930
14.355           -0.012078       -0.692038
14.370           -0.013375       -0.766353
14.385           -0.014676       -0.840861
14.400           -0.015979       -0.915548
14.415           -0.017286       -0.990400
14.430           -0.018595       -1.065402
14.445           -0.019906       -1.140542
14.460           -0.021220       -1.215804
14.475           -0.022535       -1.291174
14.490           -0.023852       -1.366638
14.505           -0.025171       -1.442181
14.520           -0.026490       -1.517791
14.535           -0.027811       -1.593451
14.550           -0.029132       -1.669148
14.565           -0.030454       -1.744867
14.580           -0.031775       -1.820594
14.595           -0.033097       -1.896315
14.610           -0.034418       -1.972015
14.625           -0.035739       -2.047681
14.640           -0.037059       -2.123297
14.655           -0.038377       -2.198851
14.670           -0.039694       -2.274327
14.685           -0.041010       -2.349711
14.700           -0.042324       -2.424990
14.715           -0.043636       -2.500150
14.730           -0.044945       -2.575177
14.745           -0.046252       -2.650056
14.760           -0.047556       -2.724775
14.775           -0.048857       -2.799319
14.790           -0.050155       -2.873675
14.805           -0.051449       -2.947830
14.820           -0.052740       -3.021771
14.835           -0.054026       -3.095483
14.850           -0.055309       -3.168955
14.865           -0.056587       -3.242173
14.880           -0.057860       -3.315124
14.895           -0.059128       -3.387796
14.910           -0.060391       -3.460175
14.925           -0.061649       -3.532250
14.940           -0.062902       -3.604009
14.955           -0.064149       -3.675438
14.970           -0.065389       -3.746527
14.985           -0.066624       -3.817263
15.000           -0.067852       -3.887635
15.015           -0.069074       -3.957631
15.030           -0.070289       -4.027239
15.045           -0.071497       -4.096449
15.060           -0.072697       -4.165249
15.075           -0.073891       -4.233630
15.090           -0.075077       -4.301579
15.105           -0.076255       -4.369086
15.120           -0.077425       -4.436141
15.135           -0.078588       -4.502735
15.150           -0.079742       -4.568856
15.165           -0.080887       -4.634495
15.180           -0.082024       -4.699642
15.195           -0.083153       -4.764288
15.210           -0.084272       -4.828424
15.225           -0.085382       -4.892040
15.240           -0.086483       -4.955127
15.255           -0.087575       -5.017677
15.270           -0.088657       -5.079681
15.285           -0.089730       -5.141130
15.300           -0.090792       -5.202017
15.315           -0.091845       -5.262333
15.330           -0.092888       -5.322070
15.345           -0.093920       -5.381220
15.360           -0.094942       -5.439776
15.375           -0.095954       -5.497731
15.390           -0.096954       -5.555076
15.405           -0.097944       -5.611806
15.420           -0.098924       -5.667913
15.435           -0.099892       -5.723389
15.450           -0.100849       -5.778230
15.465           -0.101795       -5.832427
15.480           -0.102730       -5.885975
15.495           -0.103653       -5.938868
15.510           -0.104564       -5.991099
15.525           -0.105464       -6.042663
15.540           -0.106353       -6.093553
15.555           -0.107229       -6.143765
15.570           -0.108093       -6.193292
15.585           -0.108946       -6.242130
15.600           -0.109786       -6.290272
15.615           -0.110614       -6.337715
15.630           -0.111430       -6.384452
15.645           -0.112233       -6.430479
15.660           -0.113024       -6.475791
15.675           -0.113802       -6.520383
15.690           -0.114568       -6.564251
15.705           -0.115321       -6.607390
15.720           -0.116061       -6.649796
15.735           -0.116788       -6.691463
15.750           -0.117502       -6.732389
15.765           -0.118204       -6.772569
15.780           -0.118892       -6.811998
15.795           -0.119567       -6.850673
15.810           -0.120229       -6.888589
15.825           -0.120877       -6.925743
15.840           -0.121512       -6.962129
15.855           -0.122134       -6.997745
15.870           -0.122742       -7.032587
15.885           -0.123336       -7.066650
15.900           -0.123917       -7.099931
15.915           -0.124484       -7.132425
15.930           -0.125038       -7.164129
15.945           -0.125577       -7.195039
15.960           -0.126103       -7.225151
15.975           -0.126614       -7.254461
15.990           -0.127112       -7.282965
16.005           -0.127595       -7.310658
16.020           -0.128064       -7.337538
16.035           -0.128519       -7.363599
16.050           -0.128960       -7.388838
16.065           -0.129386       -7.413250
16.080           -0.129797       -7.436831
16.095           -0.130194       -7.459576
16.110           -0.130576       -7.481482
16.125           -0.130944       -7.502543
16.140           -0.131297       -7.522755
16.155           -0.131635       -7.542113
16.170           -0.131958       -7.560612
16.185           -0.132265       -7.578248
16.200           -0.132558       -7.595015
16.215           -0.132835       -7.610909
16.230           -0.133097       -7.625923
16.245           -0.133344       -7.640052
16.260           -0.133575       -7.653292
16.275           -0.133791       -7.665635
16.290           -0.133990       -7.677078
16.305           -0.134174       -7.687613
16.320           -0.134342       -7.697234
16.335           -0.134494       -7.705936
16.350           -0.134630       -7.713713
16.365           -0.134749       -7.720557
16.380           -0.134852       -7.726462
16.395           -0.134939       -7.731423
16.410           -0.135009       -7.735431
16.425           -0.135062       -7.738481
16.440           -0.135098       -7.740565
16.455           -0.135118       -7.741676
16.470           -0.135120       -7.741807
16.485           -0.135105       -7.740951
16.500           -0.135073       -7.739101
16.515           -0.135023       -7.736249
16.530           -0.134956       -7.732388
16.545           -0.134870       -7.727509
16.560           -0.134767       -7.721607
16.575           -0.134646       -7.714673
16.590           -0.134507       -7.706699
16.605           -0.134350       -7.697678
16.620           -0.134174       -7.687602
16.635           -0.133980       -7.676463
16.650           -0.133766       -7.664254
16.665           -0.133535       -7.650968
16.680           -0.133284       -7.636596
16.695           -0.133014       -7.621130
16.710           -0.132725       -7.604565
16.725           -0.132416       -7.586891
16.740           -0.132088       -7.568102
16.755           -0.131741       -7.548190
16.770           -0.131374       -7.527148
16.785           -0.130986       -7.504970
16.800           -0.130579       -7.481648
16.815           -0.130152       -7.457176
16.830           -0.129705       -7.431547
16.845           -0.129237       -7.404754
16.860           -0.128749       -7.376792
16.875           -0.128241       -7.347654
16.890           -0.127712       -7.317335
16.905           -0.127162       -7.285828
16.920           -0.126591       -7.253130
16.935           -0.125999       -7.219234
16.950           -0.125387       -7.184136
16.965           -0.124753       -7.147832
16.980           -0.124098       -7.110317
16.995           -0.123422       -7.071587
17.010           -0.122725       -7.031638
17.025           -0.122007       -6.990469
17.040           -0.121267       -6.948074
17.055           -0.120505       -6.904452
17.070           -0.119723       -6.859601
17.085           -0.118918       -6.813519
17.100           -0.118093       -6.766204
17.115           -0.117245       -6.717655
17.130           -0.116376       -6.667871
17.145           -0.115486       -6.616853
17.160           -0.114574       -6.564599
17.175           -0.113640       -6.511111
17.190           -0.112685       -6.456390
17.205           -0.111709       -6.400436
17.220           -0.110711       -6.343252
17.235           -0.109691       -6.284840
17.250           -0.108650       -6.225202
17.265           -0.107588       -6.164341
17.280           -0.106505       -6.102262
17.295           -0.105400       -6.038967
17.310           -0.104274       -5.974461
17.325           -0.103127       -5.908749
17.340           -0.101959       -5.841837
17.355           -0.100771       -5.773729
17.370           -0.099561       -5.704433
17.385           -0.098331       -5.633954
17.400           -0.097080       -5.562301
17.415           -0.095809       -5.489480
17.430           -0.094518       -5.415499
17.445           -0.093207       -5.340367
17.460           -0.091876       -5.264092
17.475           -0.090525       -5.186685
17.490           -0.089154       -5.108154
17.505           -0.087764       -5.028510
17.520           -0.086355       -4.947764
17.535           -0.084926       -4.865925
17.550           -0.083479       -4.783007
17.565           -0.082013       -4.699020
17.580           -0.080529       -4.613977
17.595           -0.079027       -4.527891
17.610           -0.077506       -4.440775
17.625           -0.075968       -4.352641
17.640           -0.074412       -4.263505
17.655           -0.072839       -4.173380
17.670           -0.071249       -4.082280
17.685           -0.069643       -3.990222
17.700           -0.068019       -3.897219
17.715           -0.066380       -3.803288
17.730           -0.064725       -3.708445
17.745           -0.063054       -3.612707
17.760           -0.061367       -3.516089
17.775           -0.059666       -3.418609
17.790           -0.057950       -3.320284
17.805           -0.056219       -3.221132
17.820           -0.054475       -3.121171
17.835           -0.052716       -3.020419
17.850           -0.050944       -2.918894
17.865           -0.049159       -2.816616
17.880           -0.047361       -2.713603
17.895           -0.045551       -2.609875
17.910           -0.043728       -2.505451
17.925           -0.041894       -2.400352
17.940           -0.040048       -2.294596
17.955           -0.038191       -2.188204
17.970           -0.036324       -2.081198
17.985           -0.034446       -1.973596
18.000           -0.032558       -1.865421
18.015           -0.030660       -1.756693
18.030           -0.028753       -1.647433
18.045           -0.026837       -1.537663
18.060           -0.024913       -1.427404
18.075           -0.022980       -1.316678
18.090           -0.021040       -1.205507
18.105           -0.019092       -1.093912
18.120           -0.017138       -0.981916
18.135           -0.015176       -0.869540
18.150           -0.013209       -0.756807
18.165           -0.011235       -0.643739
18.180           -0.009257       -0.530359
18.195           -0.007273       -0.416688
18.210           -0.005284       -0.302751
18.225           -0.003291       -0.188568
18.240           -0.001294       -0.074163
18.255            0.000706        0.040442
18.270            0.002709        0.155224
18.285            0.004715        0.270160
18.300            0.006723        0.385228
18.315            0.008734        0.500404
18.330            0.010745        0.615667
18.345            0.012758        0.730993
18.360            0.014772        0.846360
18.375            0.016786        0.961744
18.390            0.018799        1.077125
18.405            0.020813        1.192478
18.420            0.022825        1.307781
18.435            0.024836        1.423012
18.450            0.026846        1.538148
18.465            0.028853        1.653167
18.480            0.030858        1.768046
18.495            0.032860        1.882764
18.510            0.034859        1.997298
18.525            0.036855        2.111626
18.540            0.038846        2.225726
18.555            0.040833        2.339575
18.570            0.042816        2.453153
18.585            0.044793        2.566438
18.600            0.046764        2.679407
18.615            0.048730        2.792039
18.630            0.050690        2.904314
18.645            0.052643        3.016209
18.660            0.054589        3.127704
18.675            0.056527        3.238777
18.690            0.058458        3.349408
18.705            0.060381        3.459576
18.720            0.062295        3.569260
18.735            0.064201        3.678439
18.750            0.066097        3.787095
18.765            0.067984        3.895205
18.780            0.069861        4.002751
18.795            0.071728        4.109713
18.810            0.073584        4.216070
18.825            0.075430        4.321804
18.840            0.077264        4.426895
18.855            0.079087        4.531324
18.870            0.080897        4.635071
18.885            0.082696        4.738119
18.900            0.084482        4.840449
18.915            0.086255        4.942041
18.930            0.088015        5.042879
18.945            0.089761        5.142944
18.960            0.091494        5.242218
18.975            0.093213        5.340684
18.990            0.094917        5.438324
19.005            0.096606        5.535122
19.020            0.098281        5.631061
19.035            0.099940        5.726124
19.050            0.101583        5.820294
19.065            0.103211        5.913556
19.080            0.104823        6.005893
19.095            0.106418        6.097291
19.110            0.107996        6.187734
19.125            0.109558        6.277206
19.140            0.111102        6.365693
19.155            0.112629        6.453181
19.170            0.114139        6.539655
19.185            0.115630        6.625102
19.200            0.117103        6.709508
19.215            0.118558        6.792859
19.230            0.119994        6.875143
19.245            0.121411        6.956347
19.260            0.122809        7.036458
19.275            0.124188        7.115465
19.290            0.125548        7.193355
19.305            0.126888        7.270118
19.320            0.128207        7.345743
19.335            0.129507        7.420217
19.350            0.130787        7.493532
19.365            0.132046        7.565678
19.380            0.133285        7.636643
19.395            0.134502        7.706420
19.410            0.135699        7.774998
19.425            0.136875        7.842369
19.440            0.138030        7.908526
19.455            0.139163        7.973459
19.470            0.140275        8.037161
19.485            0.141365        8.099624
19.500            0.142434        8.160843
19.515            0.143480        8.220809
19.530            0.144505        8.279516
19.545            0.145507        8.336959
19.560            0.146488        8.393131
19.575            0.147446        8.448027
19.590            0.148382        8.501641
19.605            0.149295        8.553970
19.620            0.150186        8.605008
19.635            0.151054        8.654751
19.650            0.151899        8.703195
19.665            0.152722        8.750336
19.680            0.153522        8.796171
19.695            0.154299        8.840696
19.710            0.155053        8.883908
19.725            0.155785        8.925804
19.740            0.156493        8.966383
19.755            0.157178        9.005641
19.770            0.157840        9.043576
19.785            0.158479        9.080186
19.800            0.159095        9.115470
19.815            0.159688        9.149426
19.830            0.160257        9.182052
19.845            0.160803        9.213346
19.860            0.161326        9.243309
19.875            0.161826        9.271937
19.890            0.162302        9.299231
19.905            0.162755        9.325190
19.920            0.163185        9.349812
19.935            0.163591        9.373097
19.950            0.163974        9.395045
19.965            0.164334        9.415653
19.980            0.164670        9.434923
19.995            0.164983        9.452852
20.010            0.165273        9.469442
20.025            0.165539        9.484690
20.040            0.165782        9.498597
20.055            0.166001        9.511161
20.070            0.166197        9.522383
20.085            0.166369        9.532261
20.100            0.166518        9.540795
20.115            0.166644        9.547984
20.130            0.166746        9.553828
20.145            0.166824        9.558325
20.160            0.166879        9.561474
20.175            0.166911        9.563275
20.190            0.166919        9.563726
20.205            0.166903        9.562826
20.220            0.166864        9.560575
20.235            0.166801        9.556970
20.250            0.166714        9.552011
20.265            0.166604        9.545695
20.280            0.166470        9.538022
20.295            0.166312        9.528989
20.310            0.166131        9.518595
20.325            0.165926        9.506837
20.340            0.165697        9.493715
20.355            0.165444        9.479226
20.370            0.165167        9.463368
20.385            0.164866        9.446138
20.400            0.164542        9.427535
20.415            0.164193        9.407556
20.430            0.163820        9.386199
20.445            0.163423        9.363462
20.460            0.163002        9.339341
20.475            0.162557        9.313835
20.490            0.162088        9.286941
20.505            0.161594        9.258657
20.520            0.161076        9.228980
20.535            0.160534        9.197907
20.550            0.159967        9.165437
20.565            0.159376        9.131566
20.580            0.158760        9.096293
20.595            0.158120        9.059615
20.610            0.157455        9.021529
20.625            0.156766        8.982035
20.640            0.156052        8.941129
20.655            0.155314        8.898810
20.670            0.154550        8.855075
20.685            0.153762        8.809925
20.700            0.152949        8.763356
20.715            0.152112        8.715368
20.730            0.151250        8.665959
20.745            0.150362        8.615129
20.760            0.149450        8.562878
20.775            0.148514        8.509204
20.790            0.147552        8.454109
20.805            0.146566        8.397591
20.820            0.145554        8.339652
20.835            0.144518        8.280292
20.850            0.143458        8.219513
20.865            0.142372        8.157316
20.880            0.141262        8.093703
20.895            0.140127        8.028677
20.910            0.138967        7.962240
20.925            0.137783        7.894395
20.940            0.136575        7.825146
20.955            0.135342        7.754498
20.970            0.134084        7.682453
20.985            0.132802        7.609019
21.000            0.131497        7.534199
21.015            0.130167        7.458001
21.030            0.128813        7.380430
21.045            0.127435        7.301493
21.060            0.126034        7.221199
21.075            0.124609        7.139556
21.090            0.123160        7.056572
21.105            0.121689        6.972256
21.120            0.120194        6.886619
21.135            0.118677        6.799670
21.150            0.117136        6.711422
21.165            0.115574        6.621886
21.180            0.113989        6.531073
21.195            0.112382        6.438998
21.210            0.110753        6.345673
21.225            0.109102        6.251112
21.240            0.107431        6.155331
21.255            0.105738        6.058345
21.270            0.104025        5.960170
21.285            0.102291        5.860822
21.300            0.100537        5.760319
21.315            0.098763        5.658678
21.330            0.096969        5.555918
21.345            0.095156        5.452058
21.360            0.093325        5.347118
21.375            0.091475        5.241118
21.390            0.089607        5.134078
21.405            0.087721        5.026020
21.420            0.085817        4.916966
21.435            0.083897        4.806939
21.450            0.081960        4.695961
21.465            0.080007        4.584056
21.480            0.078038        4.471248
21.495            0.076054        4.357561
21.510            0.074055        4.243021
21.525            0.072041        4.127652
21.540            0.070014        4.011482
21.555            0.067972        3.894536
21.570            0.065918        3.776841
21.585            0.063852        3.658424
21.600            0.061773        3.539313
21.615            0.059682        3.419536
21.630            0.057581        3.299121
21.645            0.055468        3.178097
21.660            0.053346        3.056492
21.675            0.051214        2.934336
21.690            0.049073        2.811659
21.705            0.046923        2.688490
21.720            0.044765        2.564859
21.735            0.042600        2.440797
21.750            0.040428        2.316333
21.765            0.038249        2.191500
21.780            0.036064        2.066326
21.795            0.033874        1.940844
21.810            0.031679        1.815084
21.825            0.029480        1.689078
21.840            0.027277        1.562857
21.855            0.025071        1.436452
21.870            0.022862        1.309895
21.885            0.020651        1.183217
21.900            0.018439        1.056450
21.915            0.016225        0.929626
21.930            0.014011        0.802775
21.945            0.011797        0.675930
21.960            0.009584        0.549122
21.975            0.007372        0.422382
21.990            0.005162        0.295742
22.005            0.002954        0.169234
22.020            0.000749        0.042888
22.035           -0.001453       -0.083264
22.050           -0.003651       -0.209191
22.065           -0.005844       -0.334863
22.080           -0.008033       -0.460247
22.095           -0.010216       -0.585315
22.110           -0.012392       -0.710034
22.125           -0.014563       -0.834375
22.140           -0.016726       -0.958308
22.155           -0.018881       -1.081802
22.170           -0.021028       -1.204827
22.185           -0.023167       -1.327355
22.200           -0.025296       -1.449354
22.215           -0.027416       -1.570798
22.230           -0.029525       -1.691655
22.245           -0.031624       -1.811898
22.260           -0.033711       -1.931498
22.275           -0.035787       -2.050427
22.290           -0.037850       -2.168657
22.305           -0.039901       -2.286160
22.320           -0.041939       -2.402909
22.335           -0.043963       -2.518877
22.350           -0.045973       -2.634037
22.365           -0.047968       -2.748362
22.380           -0.049948       -2.861827
22.395           -0.051913       -2.974406
22.410           -0.053862       -3.086073
22.425           -0.055795       -3.196804
22.440           -0.057711       -3.306574
22.455           -0.059609       -3.415358
22.470           -0.061490       -3.523132
22.485           -0.063353       -3.629874
22.500           -0.065198       -3.735561
22.515           -0.067024       -3.840168
22.530           -0.068830       -3.943676
22.545           -0.070617       -4.046062
22.560           -0.072384       -4.147304
22.575           -0.074131       -4.247382
22.590           -0.075857       -4.346276
22.605           -0.077562       -4.443967
22.620           -0.079246       -4.540434
22.635           -0.080908       -4.635660
22.650           -0.082548       -4.729627
22.665           -0.084165       -4.822316
22.680           -0.085760       -4.913711
22.695           -0.087333       -5.003796
22.710           -0.088882       -5.092554
22.725           -0.090408       -5.179971
22.740           -0.091910       -5.266031
22.755           -0.093388       -5.350722
22.770           -0.094842       -5.434030
22.785           -0.096271       -5.515941
22.800           -0.097676       -5.596444
22.815           -0.099057       -5.675527
22.830           -0.100412       -5.753180
22.845           -0.101742       -5.829393
22.860           -0.103047       -5.904155
22.875           -0.104326       -5.977458
22.890           -0.105580       -6.049295
22.905           -0.106808       -6.119657
22.920           -0.108010       -6.188537
22.935           -0.109187       -6.255930
22.950           -0.110337       -6.321830
22.965           -0.111461       -6.386232
22.980           -0.112559       -6.449132
22.995           -0.113630       -6.510527
23.010           -0.114675       -6.570412
23.025           -0.115694       -6.628787
23.040           -0.116687       -6.685650
23.055           -0.117653       -6.740999
23.070           -0.118592       -6.794834
23.085           -0.119505       -6.847156
23.100           -0.120392       -6.897965
23.115           -0.121253       -6.947262
23.130           -0.122087       -6.995050
23.145           -0.122894       -7.041331
23.160           -0.123676       -7.086108
23.175           -0.124431       -7.129385
23.190           -0.125160       -7.171166
23.205           -0.125864       -7.211455
23.220           -0.126541       -7.250258
23.235           -0.127192       -7.287581
23.250           -0.127818       -7.323428
23.265           -0.128418       -7.357807
23.280           -0.128992       -7.390724
23.295           -0.129542       -7.422188
23.310           -0.130066       -7.452205
23.325           -0.130564       -7.480784
23.340           -0.131038       -7.507932
23.355           -0.131487       -7.533659
23.370           -0.131912       -7.557975
23.385           -0.132311       -7.580887
23.400           -0.132687       -7.602406
23.415           -0.133038       -7.622542
23.430           -0.133366       -7.641305
23.445           -0.133670       -7.658705
23.460           -0.133950       -7.674753
23.475           -0.134206       -7.689461
23.490           -0.134440       -7.702838
23.505           -0.134650       -7.714896
23.520           -0.134838       -7.725647
23.535           -0.135003       -7.735102
23.550           -0.135146       -7.743273
23.565           -0.135266       -7.750172
23.580           -0.135364       -7.755810
23.595           -0.135441       -7.760201
23.610           -0.135496       -7.763356
23.625           -0.135530       -7.765287
23.640           -0.135542       -7.766007
23.655           -0.135534       -7.765528
23.670           -0.135505       -7.763864
23.685           -0.135455       -7.761026
23.700           -0.135386       -7.757028
23.715           -0.135296       -7.751882
23.730           -0.135186       -7.745600
23.745           -0.135057       -7.738197
23.760           -0.134908       -7.729685
23.775           -0.134741       -7.720077
23.790           -0.134554       -7.709385
23.805           -0.134349       -7.697624
23.820           -0.134125       -7.684805
23.835           -0.133883       -7.670943
23.850           -0.133623       -7.656051
23.865           -0.133346       -7.640140
23.880           -0.133050       -7.623226
23.895           -0.132738       -7.605320
23.910           -0.132408       -7.586436
23.925           -0.132062       -7.566588
23.940           -0.131699       -7.545788
23.955           -0.131319       -7.524049
23.970           -0.130924       -7.501386
23.985           -0.130512       -7.477810
24.000           -0.130085       -7.453336
24.015           -0.129643       -7.427976
24.030           -0.129185       -7.401743
24.045           -0.128712       -7.374651
24.060           -0.128224       -7.346712
24.075           -0.127722       -7.317939
24.090           -0.127206       -7.288345
24.105           -0.126675       -7.257943
24.120           -0.126131       -7.226746
24.135           -0.125572       -7.194767
24.150           -0.125001       -7.162016
24.165           -0.124416       -7.128509
24.180           -0.123818       -7.094255
24.195           -0.123207       -7.059268
24.210           -0.122584       -7.023560
24.225           -0.121949       -6.987142
24.240           -0.121301       -6.950027
24.255           -0.120641       -6.912225
24.270           -0.119970       -6.873748
24.285           -0.119286       -6.834607
24.300           -0.118592       -6.794813
24.315           -0.117886       -6.754377
24.330           -0.117169       -6.713309
24.345           -0.116442       -6.671620
24.360           -0.115703       -6.629319
24.375           -0.114955       -6.586417
24.390           -0.114196       -6.542922
24.405           -0.113426       -6.498844
24.420           -0.112647       -6.454192
24.435           -0.111858       -6.408975
24.450           -0.111059       -6.363200
24.465           -0.110250       -6.316876
24.480           -0.109432       -6.270011
24.495           -0.108605       -6.222611
24.510           -0.107769       -6.174685
24.525           -0.106923       -6.126239
24.540           -0.106069       -6.077279
24.555           -0.105205       -6.027811
24.570           -0.104333       -5.977842
24.585           -0.103452       -5.927376
24.600           -0.102563       -5.876420
24.615           -0.101665       -5.824978
24.630           -0.100759       -5.773054
24.645           -0.099844       -5.720653
24.660           -0.098921       -5.667780
24.675           -0.097990       -5.614437
24.690           -0.097051       -5.560628
24.705           -0.096104       -5.506357
24.720           -0.095149       -5.451626
24.735           -0.094186       -5.396438
24.750           -0.093214       -5.340796
24.765           -0.092235       -5.284702
24.780           -0.091249       -5.228158
24.795           -0.090254       -5.171166
24.810           -0.089251       -5.113728
24.825           -0.088241       -5.055846
24.840           -0.087223       -4.997520
24.855           -0.086198       -4.938753
24.870           -0.085164       -4.879546
24.885           -0.084123       -4.819899
24.900           -0.083074       -4.759815
24.915           -0.082018       -4.699294
24.930           -0.080954       -4.638338
24.945           -0.079883       -4.576948
24.960           -0.078804       -4.515124
24.975           -0.077717       -4.452868
24.990           -0.076623       -4.390182
25.005           -0.075522       -4.327067
25.020           -0.074413       -4.263524
25.035           -0.073296       -4.199555
25.050           -0.072172       -4.135161
25.065           -0.071041       -4.070345
25.080           -0.069902       -4.005109
25.095           -0.068756       -3.939454
25.110           -0.067603       -3.873384
25.125           -0.066443       -3.806901
25.140           -0.065275       -3.740008
25.155           -0.064101       -3.672708
25.170           -0.062919       -3.605004
25.185           -0.061731       -3.536900
25.200           -0.060535       -3.468401
25.215           -0.059333       -3.399509
25.230           -0.058123       -3.330231
25.245           -0.056908       -3.260570
25.260           -0.055685       -3.190531
25.275           -0.054456       -3.120121
25.290           -0.053221       -3.049344
25.305           -0.051980       -2.978207
25.320           -0.050732       -2.906715
25.335           -0.049478       -2.834876
25.350           -0.048218       -2.762697
25.365           -0.046953       -2.690183
25.380           -0.045681       -2.617344
25.395           -0.044404       -2.544187
25.410           -0.043122       -2.470719
25.425           -0.041835       -2.396949
25.440           -0.040542       -2.322885
25.455           -0.039244       -2.248537
25.470           -0.037942       -2.173913
25.485           -0.036635       -2.099023
25.500           -0.035323       -2.023876
25.515           -0.034007       -1.948481
25.530           -0.032687       -1.872850
25.545           -0.031363       -1.796991
25.560           -0.030036       -1.720914
25.575           -0.028704       -1.644632
25.590           -0.027369       -1.568152
25.605           -0.026031       -1.491488
25.620           -0.024690       -1.414648
25.635           -0.023346       -1.337644
25.650           -0.022000       -1.260487
25.665           -0.020651       -1.183188
25.680           -0.019299       -1.105758
25.695           -0.017946       -1.028207
25.710           -0.016590       -0.950546
25.725           -0.015233       -0.872787
25.740           -0.013874       -0.794941
25.755           -0.012514       -0.717018
25.770           -0.011153       -0.639030
25.785           -0.009791       -0.560986
25.800           -0.008428       -0.482898
25.815           -0.007065       -0.404776
25.830           -0.005701       -0.326631
25.845           -0.004337       -0.248472
25.860           -0.002972       -0.170310
25.875           -0.001608       -0.092156
25.890           -0.000245       -0.014018
25.905            0.001119        0.064094
25.920            0.002481        0.142170
25.935            0.003843        0.220202
25.950            0.005204        0.298180
25.965            0.006564        0.376095
25.980            0.007923        0.453940
25.995            0.009280        0.531705
26.010            0.010636        0.609384
26.025            0.011990        0.686968
26.040            0.013342        0.764450
26.055            0.014693        0.841822
26.070            0.016041        0.919079
26.085            0.017387        0.996213
26.100            0.018731        1.073219
26.115            0.020073        1.150090
26.130            0.021412        1.226820
26.145            0.022749        1.303405
26.160            0.024083        1.379839
26.175            0.025414        1.456117
26.190            0.026743        1.532236
26.205            0.028068        1.608190
26.220            0.029391        1.683975
26.235            0.030711        1.759589
26.250            0.032027        1.835028
26.265            0.033341        1.910288
26.280            0.034651        1.985368
26.295            0.035958        2.060263
26.310            0.037262        2.134972
26.325            0.038563        2.209493
26.340            0.039860        2.283824
26.355            0.041154        2.357962
26.370            0.042445        2.431908
26.385            0.043732        2.505658
26.400            0.045016        2.579212
26.415            0.046296        2.652570
26.430            0.047573        2.725729
26.445            0.048846        2.798690
26.460            0.050116        2.871452
26.475            0.051383        2.944013
26.490            0.052646        3.016374
26.505            0.053905        3.088534
26.520            0.055161        3.160492
26.535            0.056413        3.232249
26.550            0.057662        3.303803
26.565            0.058908        3.375154
26.580            0.060149        3.446302
26.595            0.061388        3.517245
26.610            0.062622        3.587983
26.625            0.063853        3.658516
26.640            0.065081        3.728842
26.655            0.066304        3.798960
26.670            0.067524        3.868868
26.685            0.068741        3.938566
26.700            0.069954        4.008050
26.715            0.071163        4.077320
26.730            0.072368        4.146373
26.745            0.073569        4.215206
26.760            0.074767        4.283816
26.775            0.075960        4.352201
26.790            0.077150        4.420356
26.805            0.078335        4.488277
26.820            0.079517        4.555961
26.835            0.080694        4.623402
26.850            0.081866        4.690595
26.865            0.083035        4.757535
26.880            0.084198        4.824216
26.895            0.085358        4.890631
26.910            0.086512        4.956774
26.925            0.087662        5.022636
26.940            0.088806        5.088211
26.955            0.089945        5.153489
26.970            0.091079        5.218463
26.985            0.092208        5.283122
27.000            0.093331        5.347457
27.015            0.094448        5.411458
27.030            0.095559        5.475113
27.045            0.096664        5.538412
27.060            0.097762        5.601342
27.075            0.098854        5.663891
27.090            0.099938        5.726048
27.105            0.101016        5.787797
27.120            0.102087        5.849126
27.135            0.103149        5.910020
27.150            0.104204        5.970465
27.165            0.105251        6.030446
27.180            0.106290        6.089947
27.195            0.107319        6.148952
27.210            0.108340        6.207445
27.225            0.109352        6.265409
27.240            0.110354        6.322827
27.255            0.111346        6.379681
27.270            0.112329        6.435955
27.285            0.113300        6.491630
27.300            0.114261        6.546687
27.315            0.115211        6.601108
27.330            0.116149        6.654875
27.345            0.117076        6.707967
27.360            0.117991        6.760366
27.375            0.118893        6.812052
27.390            0.119782        6.863006
27.405            0.120658        6.913208
27.420            0.121521        6.962638
27.435            0.122370        7.011275
27.450            0.123205        7.059101
27.465            0.124025        7.106095
27.480            0.124830        7.152236
27.495            0.125620        7.197505
27.510            0.126395        7.241881
27.525            0.127153        7.285345
27.540            0.127896        7.327875
27.555            0.128621        7.369454
27.570            0.129330        7.410059
27.585            0.130021        7.449672
27.600            0.130695        7.488273
27.615            0.131351        7.525843
27.630            0.131988        7.562362
27.645            0.132607        7.597810
27.660            0.133206        7.632169
27.675            0.133787        7.665420
27.690            0.134348        7.697545
27.705            0.134888        7.728524
27.720            0.135409        7.758341
27.735            0.135908        7.786976
27.750            0.136387        7.814412
27.765            0.136845        7.840632
27.780            0.137281        7.865618
27.795            0.137695        7.889355
27.810            0.138087        7.911824
27.825            0.138457        7.933010
27.840            0.138804        7.952897
27.855            0.139128        7.971469
27.870            0.139429        7.988711
27.885            0.139707        8.004607
27.900            0.139960        8.019143
27.915            0.140190        8.032305
27.930            0.140396        8.044078
27.945            0.140577        8.054448
27.960            0.140733        8.063403
27.975            0.140864        8.070929
27.990            0.140970        8.077013
28.005            0.141051        8.081643
28.020            0.141107        8.084807
28.035            0.141136        8.086494
28.050            0.141139        8.086692
28.065            0.141117        8.085390
28.080            0.141068        8.082579
28.095            0.140992        8.078247
28.110            0.140890        8.072385
28.125            0.140761        8.064985
28.140            0.140604        8.056037
28.155            0.140421        8.045533
28.170            0.140210        8.033465
28.185            0.139972        8.019826
28.200            0.139707        8.004608
28.215            0.139414        7.987806
28.230            0.139093        7.969414
28.245            0.138744        7.949426
28.260            0.138367        7.927837
28.275            0.137962        7.904643
28.290            0.137529        7.879840
28.305            0.137068        7.853425
28.320            0.136579        7.825395
28.335            0.136061        7.795749
28.350            0.135516        7.764485
28.365            0.134942        7.731602
28.380            0.134340        7.697100
28.395            0.133709        7.660980
28.410            0.133051        7.623242
28.425            0.132364        7.583890
28.440            0.131649        7.542924
28.455            0.130906        7.500350
28.470            0.130135        7.456169
28.485            0.129336        7.410388
28.500            0.128509        7.363012
28.515            0.127654        7.314046
28.530            0.126772        7.263498
28.545            0.125862        7.211376
28.560            0.124925        7.157687
28.575            0.123961        7.102440
28.590            0.122970        7.045647
28.605            0.121952        6.987316
28.620            0.120907        6.927460
28.635            0.119836        6.866090
28.650            0.118739        6.803219
28.665            0.117615        6.738861
28.680            0.116466        6.673030
28.695            0.115292        6.605740
28.710            0.114092        6.537007
28.725            0.112868        6.466848
28.740            0.111619        6.395279
28.755            0.110345        6.322317
28.770            0.109048        6.247981
28.785            0.107727        6.172289
28.800            0.106382        6.095260
28.815            0.105015        6.016914
28.830            0.103625        5.937272
28.845            0.102213        5.856353
28.860            0.100778        5.774180
28.875            0.099323        5.690773
28.890            0.097846        5.606154
28.905            0.096348        5.520347
28.920            0.094830        5.433372
28.935            0.093292        5.345254
28.950            0.091735        5.256016
28.965            0.090158        5.165680
28.980            0.088563        5.074271
28.995            0.086949        4.981812
29.010            0.085317        4.888326
29.025            0.083668        4.793839
29.040            0.082002        4.698373
29.055            0.080319        4.601954
29.070            0.078620        4.504604
29.085            0.076905        4.406347
29.100            0.075175        4.307208
29.115            0.073430        4.207210
29.130            0.071670        4.106376
29.145            0.069896        4.004730
29.160            0.068108        3.902295
29.175            0.066307        3.799093
29.190            0.064492        3.695147
29.205            0.062666        3.590480
29.220            0.060827        3.485112
29.235            0.058976        3.379066
29.250            0.057114        3.272363
29.265            0.055240        3.165022
29.280            0.053356        3.057065
29.295            0.051461        2.948511
29.310            0.049557        2.839379
29.325            0.047642        2.729687
29.340            0.045718        2.619455
29.355            0.043785        2.508699
29.370            0.041843        2.397436
29.385            0.039893        2.285684
29.400            0.037934        2.173458
29.415            0.035967        2.060772
29.430            0.033993        1.947643
29.445            0.032011        1.834083
29.460            0.030022        1.720107
29.475            0.028025        1.605727
29.490            0.026022        1.490956
29.505            0.024012        1.375805
29.520            0.021996        1.260284
29.535            0.019974        1.144406
29.550            0.017945        1.028178
29.565            0.015911        0.911611
29.580            0.013870        0.794713
29.595            0.011824        0.677491
29.610            0.009773        0.559954
29.625            0.007716        0.442107
29.640            0.005654        0.323958
29.655            0.003587        0.205512
29.670            0.001514        0.086773
29.685           -0.000563       -0.032253
29.700           -0.002645       -0.151563
29.715           -0.004733       -0.271153
29.730           -0.006825       -0.391019
29.745           -0.008921       -0.511160
29.760           -0.011023       -0.631574
29.775           -0.013129       -0.752257
29.790           -0.015240       -0.873210
29.805           -0.017356       -0.994432
29.820           -0.019476       -1.115921
29.835           -0.021602       -1.237678
29.850           -0.023731       -1.359703
29.865           -0.025866       -1.481996
29.880           -0.028005       -1.604559
29.895           -0.030149       -1.727391
29.910           -0.032297       -1.850495
29.925           -0.034451       -1.973872
29.940           -0.036609       -2.097524
29.955           -0.038772       -2.221452
29.970           -0.040939       -2.345658
29.985           -0.043112       -2.470144
30.000           -0.045290       -2.594913
30.015           -0.047472       -2.719967
30.030           -0.049660       -2.845307
30.045           -0.051853       -2.970936
30.060           -0.054050       -3.096857
30.075           -0.056253       -3.223071
30.090           -0.058461       -3.349579
30.105           -0.060674       -3.476385
30.120           -0.062893       -3.603490
30.135           -0.065116       -3.730894
30.150           -0.067345       -3.858600
30.165           -0.069579       -3.986608
30.180           -0.071819       -4.114920
30.195           -0.074064       -4.243534
30.210           -0.076314       -4.372452
30.225           -0.078569       -4.501673
30.240           -0.080830       -4.631197
30.255           -0.083095       -4.761021
30.270           -0.085367       -4.891145
30.285           -0.087643       -5.021565
30.300           -0.089924       -5.152281
30.315           -0.092211       -5.283287
30.330           -0.094502       -5.414580
30.345           -0.096799       -5.546155
30.360           -0.099100       -5.678008
30.375           -0.101406       -5.810132
30.390           -0.103717       -5.942520
30.405           -0.106032       -6.075166
30.420           -0.108351       -6.208061
30.435           -0.110675       -6.341196
30.450           -0.113002       -6.474562
30.465           -0.115334       -6.608147
30.480           -0.117669       -6.741941
30.495           -0.120008       -6.875931
30.510           -0.122349       -7.010104
30.525           -0.124694       -7.144445
30.540           -0.127041       -7.278940
30.555           -0.129391       -7.413573
30.570           -0.131743       -7.548327
30.585           -0.134097       -7.683184
30.600           -0.136452       -7.818125
30.615           -0.138808       -7.953131
30.630           -0.141165       -8.088180
30.645           -0.143523       -8.223251
30.660           -0.145880       -8.358322
30.675           -0.148237       -8.493368
30.690           -0.150593       -8.628365
30.705           -0.152948       -8.763287
30.720           -0.155301       -8.898109
30.735           -0.157652       -9.032801
30.750           -0.160000       -9.167337
30.765           -0.162345       -9.301687
30.780           -0.164686       -9.435820
30.795           -0.167023       -9.569706
30.810           -0.169355       -9.703313
30.825           -0.171681       -9.836607
30.840           -0.174002       -9.969556
30.855           -0.176315      -10.102125
30.870           -0.178622      -10.234279
30.885           -0.180921      -10.365982
30.900           -0.183211      -10.497198
30.915           -0.185492      -10.627889
30.930           -0.187763      -10.758018
30.945           -0.190024      -10.887546
30.960           -0.192273      -11.016434
30.975           -0.194511      -11.144642
30.990           -0.196736      -11.272131
31.005           -0.198948      -11.398860
31.020           -0.201145      -11.524788
31.035           -0.203329      -11.649873
31.050           -0.205496      -11.774074
31.065           -0.207648      -11.897349
31.080           -0.209783      -12.019654
31.095           -0.211900      -12.140948
31.110           -0.213998      -12.261188
31.125           -0.216078      -12.380330
31.140           -0.218137      -12.498332
31.155           -0.220176      -12.615149
31.170           -0.222193      -12.730738
31.185           -0.224189      -12.845057
31.200           -0.226161      -12.958061
31.215           -0.228109      -13.069706
31.230           -0.230034      -13.179949
31.245           -0.231932      -13.288747
31.260           -0.233805      -13.396057
31.275           -0.235651      -13.501834
31.290           -0.237470      -13.606036
31.305           -0.239261      -13.708620
31.320           -0.241022      -13.809543
31.335           -0.242754      -13.908763
31.350           -0.244455      -14.006236
31.365           -0.246125      -14.101922
31.380           -0.247763      -14.195778
31.395           -0.249368      -14.287762
31.410           -0.250941      -14.377834
31.425           -0.252479      -14.465953
31.440           -0.253982      -14.552077
31.455           -0.255449      -14.636167
31.470           -0.256881      -14.718183
31.485           -0.258275      -14.798085
31.500           -0.259632      -14.875834
31.515           -0.260951      -14.951392
31.530           -0.262231      -15.024721
31.545           -0.263471      -15.095782
31.560           -0.264671      -15.164538
31.575           -0.265830      -15.230953
31.590           -0.266948      -15.294990
31.605           -0.268023      -15.356612
31.620           -0.269056      -15.415785
31.635           -0.270046      -15.472473
31.650           -0.270991      -15.526642
31.665           -0.271892      -15.578257
31.680           -0.272748      -15.627287
31.695           -0.273558      -15.673697
31.710           -0.274321      -15.717455
31.725           -0.275038      -15.758530
31.740           -0.275708      -15.796891
31.755           -0.276329      -15.832506
31.770           -0.276903      -15.865346
31.785           -0.277427      -15.895382
31.800           -0.277902      -15.922585
31.815           -0.278326      -15.946927
31.830           -0.278701      -15.968381
31.845           -0.279024      -15.986920
31.860           -0.279297      -16.002518
31.875           -0.279517      -16.015150
31.890           -0.279685      -16.024792
31.905           -0.279801      -16.031420
31.920           -0.279864      -16.035011
31.935           -0.279873      -16.035544
31.950           -0.279829      -16.032997
31.965           -0.279730      -16.027349
31.980           -0.279577      -16.018582
31.995           -0.279369      -16.006677
32.010           -0.279106      -15.991616
32.025           -0.278788      -15.973383
32.040           -0.278414      -15.951961
32.055           -0.277984      -15.927336
32.070           -0.277499      -15.899495
32.085           -0.276956      -15.868424
32.100           -0.276357      -15.834112
32.115           -0.275702      -15.796548
32.130           -0.274989      -15.755722
32.145           -0.274220      -15.711627
32.160           -0.273393      -15.664253
32.175           -0.272509      -15.613596
32.190           -0.271567      -15.559649
32.205           -0.270568      -15.502408
32.220           -0.269511      -15.441871
32.235           -0.268397      -15.378035
32.250           -0.267226      -15.310899
32.265           -0.265996      -15.240464
32.280           -0.264709      -15.166731
32.295           -0.263365      -15.089703
32.310           -0.261963      -15.009383
32.325           -0.260504      -14.925776
32.340           -0.258987      -14.838887
32.355           -0.257414      -14.748725
32.370           -0.255783      -14.655295
32.385           -0.254096      -14.558609
32.400           -0.252351      -14.458676
32.415           -0.250551      -14.355506
32.430           -0.248694      -14.249113
32.445           -0.246781      -14.139510
32.460           -0.244812      -14.026710
32.475           -0.242788      -13.910730
32.490           -0.240709      -13.791584
32.505           -0.238574      -13.669291
32.520           -0.236385      -13.543868
32.535           -0.234142      -13.415334
32.550           -0.231844      -13.283709
32.565           -0.229494      -13.149013
32.580           -0.227089      -13.011268
32.595           -0.224633      -12.870495
32.610           -0.222123      -12.726719
32.625           -0.219562      -12.579962
32.640           -0.216949      -12.430249
32.655           -0.214285      -12.277604
32.670           -0.211570      -12.122054
32.685           -0.208805      -11.963625
32.700           -0.205990      -11.802343
32.715           -0.203126      -11.638237
32.730           -0.200213      -11.471334
32.745           -0.197251      -11.301664
32.760           -0.194242      -11.129254
32.775           -0.191186      -10.954135
32.790           -0.188083      -10.776338
32.805           -0.184933      -10.595892
32.820           -0.181738      -10.412829
32.835           -0.178498      -10.227180
32.850           -0.175213      -10.038977
32.865           -0.171884       -9.848254
32.880           -0.168512       -9.655042
32.895           -0.165097       -9.459376
32.910           -0.161640       -9.261288
32.925           -0.158141       -9.060812
32.940           -0.154601       -8.857985
32.955           -0.151021       -8.652839
32.970           -0.147400       -8.445411
32.985           -0.143741       -8.235736
33.000           -0.140043       -8.023851
33.015           -0.136307       -7.809792
33.030           -0.132533       -7.593596
33.045           -0.128723       -7.375300
33.060           -0.124877       -7.154942
33.075           -0.120996       -6.932561
33.090           -0.117080       -6.708196
33.105           -0.113130       -6.481885
33.120           -0.109147       -6.253668
33.135           -0.105131       -6.023585
33.150           -0.101084       -5.791678
33.165           -0.097005       -5.557986
33.180           -0.092896       -5.322553
33.195           -0.088757       -5.085420
33.210           -0.084590       -4.846630
33.225           -0.080394       -4.606226
33.240           -0.076171       -4.364252
33.255           -0.071921       -4.120753
33.270           -0.067645       -3.875774
33.285           -0.063344       -3.629360
33.300           -0.059019       -3.381557
33.315           -0.054671       -3.132413
33.330           -0.050300       -2.881975
33.345           -0.045907       -2.630290
33.360           -0.041494       -2.377408
33.375           -0.037060       -2.123378
33.390           -0.032607       -1.868249
33.405           -0.028136       -1.612073
33.420           -0.023647       -1.354900
33.435           -0.019142       -1.096781
33.450           -0.014622       -0.837771
33.465           -0.010087       -0.577920
33.480           -0.005538       -0.317283
33.495           -0.000976       -0.055914
33.510            0.003598        0.206132
33.525            0.008182        0.468801
33.540            0.012776        0.732037
33.555            0.017380        0.995784
33.570            0.021991        1.259984
33.585            0.026609        1.524581
33.600            0.031233        1.789517
33.615            0.035862        2.054734
33.630            0.040495        2.320173
33.645            0.045130        2.585776
33.660            0.049768        2.851484
33.675            0.054406        3.117237
33.690            0.059044        3.382976
33.705            0.063681        3.648639
33.720            0.068315        3.914168
33.735            0.072946        4.179500
33.750            0.077573        4.444577
33.765            0.082193        4.709337
33.780            0.086808        4.973718
33.795            0.091414        5.237661
33.810            0.096012        5.501103
33.825            0.100601        5.763985
33.840            0.105178        6.026244
33.855            0.109743        6.287820
33.870            0.114296        6.548651
33.885            0.118834        6.808678
33.900            0.123357        7.067839
33.915            0.127864        7.326073
33.930            0.132354        7.583321
33.945            0.136825        7.839522
33.960            0.141278        8.094617
33.975            0.145710        8.348545
33.990            0.150120        8.601248
34.005            0.154508        8.852666
34.020            0.158873        9.102742
34.035            0.163213        9.351416
34.050            0.167528        9.598631
34.065            0.171816        9.844329
34.080            0.176077       10.088454
34.095            0.180309       10.330949
34.110            0.184512       10.571758
34.125            0.188684       10.810825
34.140            0.192826       11.048095
34.155            0.196934       11.283515
34.170            0.201010       11.517029
34.185            0.205051       11.748584
34.200            0.209058       11.978128
34.215            0.213028       12.205608
34.230            0.216961       12.430973
34.245            0.220857       12.654171
34.260            0.224714       12.875152
34.275            0.228531       13.093865
34.290            0.232308       13.310263
34.305            0.236043       13.524295
34.320            0.239737       13.735913
34.335            0.243387       13.945072
34.350            0.246994       14.151722
34.365            0.250556       14.355820
34.380            0.254073       14.557318
34.395            0.257544       14.756173
34.410            0.260968       14.952340
34.425            0.264344       15.145775
34.440            0.267671       15.336437
34.455            0.270950       15.524283
34.470            0.274179       15.709272
34.485            0.277357       15.891363
34.500            0.280483       16.070516
34.515            0.283558       16.246692
34.530            0.286581       16.419853
34.545            0.289549       16.589962
34.560            0.292464       16.756981
34.575            0.295325       16.920875
34.590            0.298130       17.081607
34.605            0.300880       17.239145
34.620            0.303573       17.393453
34.635            0.306209       17.544500
34.650            0.308788       17.692254
34.665            0.311309       17.836683
34.680            0.313771       17.977758
34.695            0.316174       18.115449
34.710            0.318518       18.249728
34.725            0.320801       18.380567
34.740            0.323025       18.507941
34.755            0.325187       18.631823
34.770            0.327287       18.752190
34.785            0.329326       18.869017
34.800            0.331303       18.982283
34.815            0.333218       19.091966
34.830            0.335069       19.198046
34.845            0.336857       19.300503
34.860            0.338582       19.399320
34.875            0.340243       19.494478
34.890            0.341840       19.585963
34.905            0.343372       19.673760
34.920            0.344840       19.757854
34.935            0.346242       19.838233
34.950            0.347580       19.914885
34.965            0.348853       19.987801
34.980            0.350060       20.056970
34.995            0.351202       20.122386
35.010            0.352278       20.184040
35.025            0.353288       20.241928
35.040            0.354233       20.296045
35.055            0.355111       20.346387
35.070            0.355924       20.392952
35.085            0.356671       20.435739
35.100            0.357352       20.474748
35.115            0.357967       20.509980
35.130            0.358516       20.541437
35.145            0.358999       20.569122
35.160            0.359416       20.593039
35.175            0.359768       20.613195
35.190            0.360054       20.629595
35.205            0.360275       20.642247
35.220            0.360431       20.651158
35.235            0.360521       20.656339
35.250            0.360547       20.657800
35.265            0.360507       20.655551
35.280            0.360404       20.649605
35.295            0.360236       20.639974
35.310            0.360003       20.626673
35.325            0.359707       20.609715
35.340            0.359348       20.589115
35.355            0.358925       20.564890
35.370            0.358439       20.537056
35.385            0.357891       20.505630
35.400            0.357280       20.470630
35.415            0.356607       20.432073
35.430            0.355872       20.389980
35.445            0.355076       20.344369
35.460            0.354219       20.295260
35.475            0.353301       20.242673
35.490            0.352323       20.186629
35.505            0.351285       20.127149
35.520            0.350187       20.064254
35.535            0.349030       19.997965
35.550            0.347815       19.928305
35.565            0.346540       19.855296
35.580            0.345208       19.778960
35.595            0.343818       19.699319
35.610            0.342371       19.616397
35.625            0.340867       19.530215
35.640            0.339306       19.440798
35.655            0.337689       19.348167
35.670            0.336017       19.252347
35.685            0.334289       19.153360
35.700            0.332507       19.051230
35.715            0.330670       18.945980
35.730            0.328779       18.837633
35.745            0.326834       18.726213
35.760            0.324836       18.611744
35.775            0.322786       18.494248
35.790            0.320682       18.373750
35.805            0.318527       18.250273
35.820            0.316321       18.123840
35.835            0.314063       17.994475
35.850            0.311754       17.862203
35.865            0.309395       17.727045
35.880            0.306986       17.589027
35.895            0.304528       17.448173
35.910            0.302021       17.304505
35.925            0.299464       17.158048
35.940            0.296860       17.008827
35.955            0.294208       16.856866
35.970            0.291508       16.702188
35.985            0.288762       16.544820
36.000            0.285968       16.384784
36.015            0.283129       16.222108
36.030            0.280244       16.056815
36.045            0.277314       15.888931
36.060            0.274339       15.718482
36.075            0.271320       15.545494
36.090            0.268257       15.369994
36.105            0.265151       15.192007
36.120            0.262001       15.011562
36.135            0.258809       14.828685
36.150            0.255576       14.643405
36.165            0.252300       14.455749
36.180            0.248984       14.265746
36.195            0.245628       14.073426
36.210            0.242231       13.878817
36.225            0.238795       13.681951
36.240            0.235320       13.482857
36.255            0.231807       13.281566
36.270            0.228256       13.078111
36.285            0.224668       12.872523
36.300            0.221043       12.664835
36.315            0.217382       12.455081
36.330            0.213686       12.243293
36.345            0.209955       12.029508
36.360            0.206189       11.813759
36.375            0.202390       11.596082
36.390            0.198558       11.376514
36.405            0.194693       11.155092
36.420            0.190797       10.931852
36.435            0.186869       10.706833
36.450            0.182912       10.480074
36.465            0.178924       10.251614
36.480            0.174908       10.021492
36.495            0.170863        9.789750
36.510            0.166791        9.556427
36.525            0.162692        9.321566
36.540            0.158567        9.085210
36.555            0.154416        8.847400
36.570            0.150241        8.608180
36.585            0.146042        8.367594
36.600            0.141820        8.125686
36.615            0.137576        7.882501
36.630            0.133310        7.638085
36.645            0.129023        7.392484
36.660            0.124717        7.145743
36.675            0.120391        6.897910
36.690            0.116048        6.649033
36.705            0.111686        6.399158
36.720            0.107309        6.148334
36.735            0.102915        5.896609
36.750            0.098507        5.644033
36.765            0.094085        5.390655
36.780            0.089649        5.136525
36.795            0.085202        4.881692
36.810            0.080743        4.626207
36.825            0.076273        4.370121
36.840            0.071794        4.113484
36.855            0.067306        3.856348
36.870            0.062810        3.598764
36.885            0.058308        3.340785
36.900            0.053799        3.082461
36.915            0.049285        2.823846
36.930            0.044768        2.564991
36.945            0.040246        2.305950
36.960            0.035723        2.046774
36.975            0.031198        1.787518
36.990            0.026673        1.528234
37.005            0.022148        1.268975
37.020            0.017624        1.009795
37.035            0.013103        0.750746
37.050            0.008585        0.491884
37.065            0.004071        0.233261
37.080           -0.000438       -0.025069
37.095           -0.004940       -0.283052
37.110           -0.009436       -0.540634
37.125           -0.013924       -0.797761
37.140           -0.018402       -1.054380
37.155           -0.022871       -1.310436
37.170           -0.027330       -1.565875
37.185           -0.031776       -1.820644
37.200           -0.036210       -2.074687
37.215           -0.040630       -2.327952
37.230           -0.045036       -2.580385
37.245           -0.049427       -2.831930
37.260           -0.053800       -3.082535
37.275           -0.058157       -3.332145
37.290           -0.062495       -3.580708
37.305           -0.066814       -3.828168
37.320           -0.071113       -4.074473
37.335           -0.075391       -4.319568
37.350           -0.079646       -4.563401
37.365           -0.083879       -4.805919
37.380           -0.088088       -5.047067
37.395           -0.092272       -5.286794
37.410           -0.096430       -5.525046
37.425           -0.100562       -5.761771
37.440           -0.104666       -5.996916
37.455           -0.108742       -6.230429
37.470           -0.112788       -6.462258
37.485           -0.116804       -6.692352
37.500           -0.120788       -6.920659
37.515           -0.124741       -7.147128
37.530           -0.128661       -7.371707
37.545           -0.132546       -7.594348
37.560           -0.136397       -7.814998
37.575           -0.140213       -8.033610
37.590           -0.143992       -8.250132
37.605           -0.147734       -8.464517
37.620           -0.151437       -8.676716
37.635           -0.155102       -8.886680
37.650           -0.158727       -9.094363
37.665           -0.162311       -9.299717
37.680           -0.165853       -9.502695
37.695           -0.169354       -9.703252
37.710           -0.172811       -9.901342
37.725           -0.176225      -10.096921
37.740           -0.179593      -10.289945
37.755           -0.182917      -10.480369
37.770           -0.186194      -10.668152
37.785           -0.189425      -10.853251
37.800           -0.192608      -11.035624
37.815           -0.195743      -11.215233
37.830           -0.198829      -11.392035
37.845           -0.201865      -11.565994
37.860           -0.204851      -11.737070
37.875           -0.207785      -11.905227
37.890           -0.210669      -12.070427
37.905           -0.213500      -12.232636
37.920           -0.216278      -12.391819
37.935           -0.219003      -12.547943
37.950           -0.221674      -12.700974
37.965           -0.224290      -12.850881
37.980           -0.226852      -12.997634
37.995           -0.229357      -13.141203
38.010           -0.231807      -13.281559
38.025           -0.234200      -13.418675
38.040           -0.236536      -13.552524
38.055           -0.238815      -13.683080
38.070           -0.241036      -13.810321
38.085           -0.243198      -13.934221
38.100           -0.245302      -14.054760
38.115           -0.247347      -14.171916
38.130           -0.249332      -14.285669
38.145           -0.251258      -14.396001
38.160           -0.253123      -14.502893
38.175           -0.254929      -14.606330
38.190           -0.256673      -14.706297
38.205           -0.258357      -14.802778
38.220           -0.259980      -14.895761
38.235           -0.261542      -14.985234
38.250           -0.263042      -15.071186
38.265           -0.264480      -15.153608
38.280           -0.265857      -15.232491
38.295           -0.267172      -15.307828
38.310           -0.268425      -15.379612
38.325           -0.269616      -15.447838
38.340           -0.270744      -15.512504
38.355           -0.271811      -15.573604
38.370           -0.272815      -15.631139
38.385           -0.273757      -15.685106
38.400           -0.274636      -15.735508
38.415           -0.275454      -15.782344
38.430           -0.276209      -15.825618
38.445           -0.276902      -15.865333
38.460           -0.277533      -15.901494
38.475           -0.278103      -15.934107
38.490           -0.278610      -15.963178
38.505           -0.279056      -15.988716
38.520           -0.279440      -16.010728
38.535           -0.279763      -16.029226
38.550           -0.280024      -16.044218
38.565           -0.280225      -16.055719
38.580           -0.280365      -16.063739
38.595           -0.280445      -16.068293
38.610           -0.280464      -16.069396
38.625           -0.280423      -16.067062
38.640           -0.280323      -16.061309
38.655           -0.280163      -16.052154
38.670           -0.279944      -16.039615
38.685           -0.279667      -16.023712
38.700           -0.279331      -16.004465
38.715           -0.278937      -15.981894
38.730           -0.278485      -15.956022
38.745           -0.277976      -15.926871
38.760           -0.277411      -15.894465
38.775           -0.276789      -15.858829
38.790           -0.276111      -15.819987
38.805           -0.275377      -15.777967
38.820           -0.274589      -15.732794
38.835           -0.273746      -15.684497
38.850           -0.272849      -15.633103
38.865           -0.271899      -15.578644
38.880           -0.270895      -15.521147
38.895           -0.269839      -15.460646
38.910           -0.268731      -15.397170
38.925           -0.267572      -15.330753
38.940           -0.266362      -15.261428
38.955           -0.265102      -15.189229
38.970           -0.263792      -15.114189
38.985           -0.262434      -15.036346
39.000           -0.261027      -14.955734
39.015           -0.259572      -14.872390
39.030           -0.258071      -14.786352
39.045           -0.256523      -14.697657
39.060           -0.254929      -14.606345
39.075           -0.253290      -14.512455
39.090           -0.251607      -14.416026
39.105           -0.249881      -14.317100
39.120           -0.248111      -14.215717
39.135           -0.246299      -14.111919
39.150           -0.244446      -14.005749
39.165           -0.242553      -13.897248
39.180           -0.240619      -13.786461
39.195           -0.238646      -13.673432
39.210           -0.236635      -13.558203
39.225           -0.234587      -13.440822
39.240           -0.232501      -13.321331
39.255           -0.230380      -13.199778
39.270           -0.228223      -13.076209
39.285           -0.226032      -12.950668
39.300           -0.223807      -12.823205
39.315           -0.221550      -12.693864
39.330           -0.219260      -12.562695
39.345           -0.216940      -12.429744
39.360           -0.214589      -12.295060
39.375           -0.212209      -12.158691
39.390           -0.209801      -12.020686
39.405           -0.207364      -11.881092
39.420           -0.204901      -11.739959
39.435           -0.202412      -11.597336
39.450           -0.199897      -11.453271
39.465           -0.197359      -11.307815
39.480           -0.194796      -11.161017
39.495           -0.192212      -11.012925
39.510           -0.189605      -10.863589
39.525           -0.186978      -10.713059
39.540           -0.184331      -10.561384
39.555           -0.181665      -10.408613
39.570           -0.178980      -10.254796
39.585           -0.176278      -10.099982
39.600           -0.173559       -9.944220
39.615           -0.170825       -9.787558
39.630           -0.168076       -9.630047
39.645           -0.165313       -9.471734
39.660           -0.162537       -9.312668
39.675           -0.159748       -9.152898
39.690           -0.156948       -8.992471
39.705           -0.154138       -8.831435
39.720           -0.151317       -8.669839
39.735           -0.148488       -8.507729
39.750           -0.145650       -8.345152
39.765           -0.142806       -8.182155
39.780           -0.139954       -8.018785
39.795           -0.137097       -7.855087
39.810           -0.134235       -7.691107
39.825           -0.131369       -7.526891
39.840           -0.128500       -7.362484
39.855           -0.125628       -7.197930
39.870           -0.122754       -7.033274
39.885           -0.119879       -6.868558
39.900           -0.117004       -6.703827
39.915           -0.114129       -6.539124
39.930           -0.111256       -6.374490
39.945           -0.108384       -6.209968
39.960           -0.105516       -6.045600
39.975           -0.102650       -5.881426
39.990           -0.099789       -5.717487
40.005           -0.096932       -5.553822
40.020           -0.094081       -5.390473
40.035           -0.091237       -5.227476
40.050           -0.088399       -5.064872
40.065           -0.085568       -4.902698
40.080           -0.082746       -4.740991
40.095           -0.079932       -4.579788
40.110           -0.077128       -4.419126
40.125           -0.074334       -4.259040
40.140           -0.071551       -4.099566
40.155           -0.068779       -3.940738
40.170           -0.066019       -3.782590
40.185           -0.063271       -3.625156
40.200           -0.060536       -3.468469
40.215           -0.057815       -3.312561
40.230           -0.055108       -3.157463
40.245           -0.052416       -3.003207
40.260           -0.049739       -2.849824
40.275           -0.047078       -2.697343
40.290           -0.044432       -2.545794
40.305           -0.041804       -2.395205
40.320           -0.039193       -2.245604
40.335           -0.036600       -2.097019
40.350           -0.034025       -1.949477
40.365           -0.031468       -1.803004
40.380           -0.028931       -1.657625
40.395           -0.026413       -1.513367
40.410           -0.023915       -1.370252
40.425           -0.021438       -1.228305
40.440           -0.018981       -1.087549
40.455           -0.016546       -0.948006
40.470           -0.014132       -0.809699
40.485           -0.011740       -0.672649
40.500           -0.009370       -0.536876
40.515           -0.007023       -0.402400
40.530           -0.004699       -0.269242
40.545           -0.002398       -0.137419
40.560           -0.000121       -0.006951
40.575            0.002132        0.122146
40.590            0.004361        0.249854
40.605            0.006565        0.376156
40.620            0.008745        0.501036
40.635            0.010899        0.624480
40.650            0.013028        0.746471
40.665            0.015132        0.866997
40.680            0.017210        0.986043
40.695            0.019261        1.103597
40.710            0.021287        1.219644
40.725            0.023286        1.334174
40.740            0.025258        1.447175
40.755            0.027203        1.558635
40.770            0.029122        1.668544
40.785            0.031013        1.776892
40.800            0.032876        1.883669
40.815            0.034712        1.988866
40.830            0.036521        2.092474
40.845            0.038301        2.194485
40.860            0.040053        2.294891
40.875            0.041778        2.393685
40.890            0.043474        2.490860
40.905            0.045141        2.586409
40.920            0.046781        2.680326
40.935            0.048391        2.772605
40.950            0.049973        2.863241
40.965            0.051526        2.952230
40.980            0.053050        3.039565
40.995            0.054546        3.125244
41.010            0.056012        3.209262
41.025            0.057450        3.291616
41.040            0.058858        3.372303
41.055            0.060237        3.451320
41.070            0.061587        3.528664
41.085            0.062907        3.604334
41.100            0.064199        3.678328
41.115            0.065461        3.750644
41.130            0.066694        3.821281
41.145            0.067897        3.890239
41.160            0.069072        3.957517
41.175            0.070217        4.023116
41.190            0.071332        4.087035
41.205            0.072419        4.149275
41.220            0.073476        4.209837
41.235            0.074503        4.268723
41.250            0.075502        4.325934
41.265            0.076471        4.381473
41.280            0.077411        4.435341
41.295            0.078322        4.487541
41.310            0.079204        4.538077
41.325            0.080057        4.586952
41.340            0.080882        4.634169
41.355            0.081677        4.679734
41.370            0.082443        4.723650
41.385            0.083181        4.765922
41.400            0.083890        4.806556
41.415            0.084571        4.845558
41.430            0.085223        4.882933
41.445            0.085847        4.918687
41.460            0.086443        4.952829
41.475            0.087011        4.985365
41.490            0.087551        5.016302
41.505            0.088063        5.045649
41.520            0.088548        5.073413
41.535            0.089005        5.099604
41.550            0.089435        5.124231
41.565            0.089837        5.147303
41.580            0.090213        5.168831
41.595            0.090562        5.188823
41.610            0.090884        5.207292
41.625            0.091180        5.224247
41.640            0.091450        5.239700
41.655            0.091694        5.253663
41.670            0.091912        5.266147
41.685            0.092104        5.277165
41.700            0.092271        5.286729
41.715            0.092413        5.294852
41.730            0.092529        5.301547
41.745            0.092622        5.306828
41.760            0.092689        5.310707
41.775            0.092733        5.313198
41.790            0.092752        5.314316
41.805            0.092748        5.314075
41.820            0.092720        5.312488
41.835            0.092669        5.309570
41.850            0.092596        5.305335
41.865            0.092499        5.299799
41.880            0.092380        5.292976
41.895            0.092239        5.284879
41.910            0.092075        5.275525
41.925            0.091890        5.264928
41.940            0.091684        5.253102
41.955            0.091456        5.240062
41.970            0.091208        5.225823
41.985            0.090939        5.210399
42.000            0.090649        5.193804
42.015            0.090339        5.176053
42.030            0.090009        5.157160
42.045            0.089660        5.137138
42.060            0.089291        5.116001
42.075            0.088903        5.093763
42.090            0.088496        5.070437
42.105            0.088070        5.046036
42.120            0.087626        5.020572
42.135            0.087163        4.994058
42.150            0.086682        4.966507
42.165            0.086183        4.937929
42.180            0.085667        4.908337
42.195            0.085133        4.877742
42.210            0.084581        4.846155
42.225            0.084013        4.813585
42.240            0.083428        4.780045
42.255            0.082825        4.745542
42.270            0.082207        4.710088
42.285            0.081571        4.673691
42.300            0.080920        4.636360
42.315            0.080252        4.598104
42.330            0.079568        4.558932
42.345            0.078869        4.518850
42.360            0.078154        4.477867
42.375            0.077423        4.435991
42.390            0.076676        4.393228
42.405            0.075915        4.349586
42.420            0.075138        4.305071
42.435            0.074346        4.259689
42.450            0.073539        4.213448
42.465            0.072717        4.166353
42.480            0.071880        4.118411
42.495            0.071028        4.069627
42.510            0.070162        4.020007
42.525            0.069282        3.969557
42.540            0.068387        3.918283
42.555            0.067478        3.866190
42.570            0.066554        3.813285
42.585            0.065617        3.759573
42.600            0.064665        3.705060
42.615            0.063700        3.649752
42.630            0.062721        3.593656
42.645            0.061728        3.536777
42.660            0.060722        3.479122
42.675            0.059702        3.420699
42.690            0.058669        3.361514
42.705            0.057623        3.301574
42.720            0.056564        3.240888
42.735            0.055492        3.179462
42.750            0.054407        3.117307
42.765            0.053310        3.054430
42.780            0.052200        2.990841
42.795            0.051078        2.926549
42.810            0.049944        2.861565
42.825            0.048798        2.795899
42.840            0.047640        2.729562
42.855            0.046471        2.662567
42.870            0.045290        2.594925
42.885            0.044098        2.526649
42.900            0.042896        2.457753
42.915            0.041683        2.388251
42.930            0.040459        2.318157
42.945            0.039226        2.247486
42.960            0.037983        2.176255
42.975            0.036730        2.104479
42.990            0.035468        2.032176
43.005            0.034197        1.959364
43.020            0.032918        1.886061
43.035            0.031630        1.812285
43.050            0.030335        1.738058
43.065            0.029032        1.663397
43.080            0.027722        1.588326
43.095            0.026404        1.512864
43.110            0.025081        1.437035
43.125            0.023751        1.360860
43.140            0.022416        1.284364
43.155            0.021076        1.207569
43.170            0.019731        1.130500
43.185            0.018381        1.053182
43.200            0.017028        0.975640
43.215            0.015671        0.897901
43.230            0.014312        0.819990
43.245            0.012949        0.741934
43.260            0.011585        0.663760
43.275            0.010219        0.585496
43.290            0.008852        0.507171
43.305            0.007484        0.428812
43.320            0.006116        0.350447
43.335            0.004749        0.272107
43.350            0.003383        0.193820
43.365            0.002018        0.115615
43.380            0.000655        0.037523
43.395           -0.000706       -0.040427
43.410           -0.002063       -0.118205
43.425           -0.003417       -0.195780
43.440           -0.004767       -0.273122
43.455           -0.006112       -0.350202
43.470           -0.007452       -0.426987
43.485           -0.008787       -0.503449
43.500           -0.010115       -0.579556
43.515           -0.011437       -0.655278
43.530           -0.012751       -0.730586
43.545           -0.014058       -0.805448
43.560           -0.015356       -0.879834
43.575           -0.016645       -0.953715
43.590           -0.017926       -1.027061
43.605           -0.019196       -1.099841
43.620           -0.020456       -1.172028
43.635           -0.021705       -1.243592
43.650           -0.022942       -1.314504
43.665           -0.024168       -1.384735
43.680           -0.025382       -1.454258
43.695           -0.026582       -1.523044
43.710           -0.027769       -1.591067
43.725           -0.028943       -1.658299
43.740           -0.030102       -1.724714
43.755           -0.031246       -1.790285
43.770           -0.032376       -1.854987
43.785           -0.033489       -1.918795
43.800           -0.034587       -1.981684
43.815           -0.035668       -2.043630
43.830           -0.036732       -2.104609
43.845           -0.037779       -2.164599
43.860           -0.038809       -2.223576
43.875           -0.039820       -2.281520
43.890           -0.040813       -2.338409
43.905           -0.041787       -2.394221
43.920           -0.042742       -2.448938
43.935           -0.043678       -2.502539
43.950           -0.044593       -2.555007
43.965           -0.045489       -2.606323
43.980           -0.046364       -2.656470
43.995           -0.047219       -2.705430
44.010           -0.048052       -2.753189
44.025           -0.048865       -2.799730
44.040           -0.049655       -2.845040
44.055           -0.050424       -2.889104
44.070           -0.051171       -2.931910
44.085           -0.051896       -2.973444
44.100           -0.052599       -3.013696
44.115           -0.053279       -3.052653
44.130           -0.053936       -3.090306
44.145           -0.054570       -3.126646
44.160           -0.055181       -3.161663
44.175           -0.055769       -3.195349
44.190           -0.056334       -3.227697
44.205           -0.056875       -3.258701
44.220           -0.057393       -3.288353
44.235           -0.057886       -3.316650
44.250           -0.058357       -3.343586
44.265           -0.058803       -3.369157
44.280           -0.059225       -3.393361
44.295           -0.059624       -3.416194
44.310           -0.059998       -3.437655
44.325           -0.060349       -3.457743
44.340           -0.060676       -3.476456
44.355           -0.060978       -3.493795
44.370           -0.061257       -3.509761
44.385           -0.061512       -3.524355
44.400           -0.061742       -3.537579
44.415           -0.061949       -3.549434
44.430           -0.062132       -3.559925
44.445           -0.062292       -3.569055
44.460           -0.062427       -3.576828
44.475           -0.062539       -3.583248
44.490           -0.062628       -3.588322
44.505           -0.062693       -3.592053
44.520           -0.062735       -3.594450
44.535           -0.062754       -3.595518
44.550           -0.062749       -3.595264
44.565           -0.062722       -3.593697
44.580           -0.062672       -3.590824
44.595           -0.062599       -3.586654
44.610           -0.062504       -3.581195
44.625           -0.062386       -3.574457
44.640           -0.062246       -3.566450
44.655           -0.062085       -3.557183
44.670           -0.061901       -3.546668
44.685           -0.061696       -3.534914
44.700           -0.061469       -3.521934
44.715           -0.061222       -3.507738
44.730           -0.060953       -3.492339
44.745           -0.060663       -3.475749
44.760           -0.060353       -3.457979
44.775           -0.060023       -3.439043
44.790           -0.059672       -3.418955
44.805           -0.059302       -3.397726
44.820           -0.058911       -3.375372
44.835           -0.058502       -3.351906
44.850           -0.058073       -3.327341
44.865           -0.057625       -3.301694
44.880           -0.057159       -3.274977
44.895           -0.056674       -3.247207
44.910           -0.056172       -3.218399
44.925           -0.055651       -3.188567
44.940           -0.055113       -3.157729
44.955           -0.054557       -3.125900
44.970           -0.053985       -3.093096
44.985           -0.053395       -3.059334
45.000           -0.052790       -3.024630
45.015           -0.052168       -2.989002
45.030           -0.051530       -2.952467
45.045           -0.050877       -2.915043
45.060           -0.050209       -2.876747
45.075           -0.049525       -2.837597
45.090           -0.048828       -2.797611
45.105           -0.048115       -2.756809
45.120           -0.047389       -2.715209
45.135           -0.046650       -2.672830
45.150           -0.045897       -2.629691
45.165           -0.045131       -2.585811
45.180           -0.044353       -2.541212
45.195           -0.043562       -2.495911
45.210           -0.042759       -2.449930
45.225           -0.041945       -2.403289
45.240           -0.041120       -2.356009
45.255           -0.040284       -2.308111
45.270           -0.039438       -2.259615
45.285           -0.038581       -2.210544
45.300           -0.037715       -2.160918
45.315           -0.036840       -2.110760
45.330           -0.035955       -2.060091
45.345           -0.035063       -2.008933
45.360           -0.034161       -1.957310
45.375           -0.033253       -1.905242
45.390           -0.032337       -1.852753
45.405           -0.031414       -1.799866
45.420           -0.030484       -1.746604
45.435           -0.029548       -1.692988
45.450           -0.028607       -1.639044
45.465           -0.027660       -1.584793
45.480           -0.026708       -1.530258
45.495           -0.025752       -1.475465
45.510           -0.024791       -1.420434
45.525           -0.023827       -1.365191
45.540           -0.022860       -1.309758
45.555           -0.021889       -1.254158
45.570           -0.020916       -1.198415
45.585           -0.019941       -1.142552
45.600           -0.018965       -1.086592
45.615           -0.017987       -1.030558
45.630           -0.017008       -0.974473
45.645           -0.016028       -0.918360
45.660           -0.015049       -0.862240
45.675           -0.014070       -0.806137
45.690           -0.013091       -0.750073
45.705           -0.012114       -0.694069
45.720           -0.011138       -0.638146
45.735           -0.010164       -0.582327
45.750           -0.009191       -0.526632
45.765           -0.008222       -0.471081
45.780           -0.007255       -0.415695
45.795           -0.006292       -0.360494
45.810           -0.005332       -0.305497
45.825           -0.004376       -0.250722
45.840           -0.003424       -0.196189
45.855           -0.002477       -0.141915
45.870           -0.001534       -0.087917
45.885           -0.000597       -0.034213
45.900            0.000335        0.019180
45.915            0.001261        0.072248
45.930            0.002181        0.124975
45.945            0.003095        0.177347
45.960            0.004003        0.229349
45.975            0.004904        0.280967
45.990            0.005798        0.332191
46.005            0.006685        0.383006
46.020            0.007564        0.433402
46.035            0.008436        0.483369
46.050            0.009301        0.532896
46.065            0.010157        0.581974
46.080            0.011006        0.630594
46.095            0.011846        0.678749
46.110            0.012679        0.726431
46.125            0.013502        0.773635
46.140            0.014318        0.820353
46.155            0.015125        0.866582
46.170            0.015923        0.912317
46.185            0.016712        0.957555
46.200            0.017493        1.002293
46.215            0.018265        1.046528
46.230            0.019029        1.090259
46.245            0.019783        1.133486
46.260            0.020529        1.176208
46.275            0.021266        1.218426
46.290            0.021994        1.260142
46.305            0.022713        1.301357
46.320            0.023424        1.342074
46.335            0.024126        1.382295
46.350            0.024819        1.422026
46.365            0.025504        1.461270
46.380            0.026180        1.500032
46.395            0.026849        1.538317
46.410            0.027509        1.576132
46.425            0.028161        1.613483
46.440            0.028805        1.650377
46.455            0.029441        1.686820
46.470            0.030069        1.722822
46.485            0.030690        1.758390
46.500            0.031303        1.793533
46.515            0.031909        1.828260
46.530            0.032508        1.862579
46.545            0.033100        1.896501
46.560            0.033685        1.930035
46.575            0.034264        1.963191
46.590            0.034836        1.995980
46.605            0.035402        2.028412
46.620            0.035962        2.060498
46.635            0.036517        2.092248
46.650            0.037065        2.123673
46.665            0.037608        2.154784
46.680            0.038146        2.185592
46.695            0.038678        2.216108
46.710            0.039206        2.246343
46.725            0.039729        2.276308
46.740            0.040248        2.306014
46.755            0.040762        2.335471
46.770            0.041272        2.364692
46.785            0.041778        2.393685
46.800            0.042280        2.422463
46.815            0.042779        2.451035
46.830            0.043274        2.479411
46.845            0.043766        2.507601
46.860            0.044255        2.535616
46.875            0.044741        2.563465
46.890            0.045224        2.591157
46.905            0.045705        2.618702
46.920            0.046183        2.646108
46.935            0.046659        2.673384
46.950            0.047133        2.700539
46.965            0.047605        2.727581
46.980            0.048075        2.754516
46.995            0.048544        2.781354
47.010            0.049011        2.808102
47.025            0.049476        2.834765
47.040            0.049940        2.861351
47.055            0.050403        2.887867
47.070            0.050864        2.914318
47.085            0.051325        2.940711
47.100            0.051785        2.967050
47.115            0.052244        2.993342
47.130            0.052702        3.019590
47.145            0.053159        3.045801
47.160            0.053616        3.071978
47.175            0.054073        3.098126
47.190            0.054528        3.124249
47.205            0.054984        3.150350
47.220            0.055439        3.176434
47.235            0.055894        3.202504
47.250            0.056349        3.228562
47.265            0.056804        3.254613
47.280            0.057258        3.280658
47.295            0.057713        3.306702
47.310            0.058167        3.332746
47.325            0.058622        3.358793
47.340            0.059077        3.384846
47.355            0.059532        3.410907
47.370            0.059987        3.436979
47.385            0.060442        3.463063
47.400            0.060897        3.489162
47.415            0.061353        3.515278
47.430            0.061809        3.541414
47.445            0.062266        3.567572
47.460            0.062723        3.593754
47.475            0.063180        3.619961
47.490            0.063638        3.646198
47.505            0.064097        3.672465
47.520            0.064556        3.698765
47.535            0.065015        3.725101
47.550            0.065476        3.751475
47.565            0.065937        3.777890
47.580            0.066398        3.804348
47.595            0.066861        3.830852
47.610            0.067324        3.857405
47.625            0.067789        3.884010
47.640            0.068254        3.910669
47.655            0.068720        3.937386
47.670            0.069188        3.964163
47.685            0.069656        3.991003
47.700            0.070126        4.017910
47.715            0.070597        4.044887
47.730            0.071069        4.071937
47.745            0.071542        4.099063
47.760            0.072017        4.126268
47.775            0.072493        4.153555
47.790            0.072971        4.180928
47.805            0.073450        4.208389
47.820            0.073931        4.235942
47.835            0.074414        4.263589
47.850            0.074898        4.291334
47.865            0.075384        4.319178
47.880            0.075872        4.347124
47.895            0.076361        4.375175
47.910            0.076853        4.403333
47.925            0.077346        4.431599
47.940            0.077841        4.459976
47.955            0.078338        4.488465
47.970            0.078838        4.517067
47.985            0.079339        4.545782
48.000            0.079842        4.574612
48.015            0.080347        4.603556
48.030            0.080854        4.632615
48.045            0.081364        4.661787
48.060            0.081875        4.691071
48.075            0.082388        4.720466
48.090            0.082903        4.749971
48.105            0.083419        4.779581
48.120            0.083938        4.809296
48.135            0.084458        4.839110
48.150            0.084980        4.869020
48.165            0.085504        4.899021
48.180            0.086029        4.929108
48.195            0.086556        4.959275
48.210            0.087083        4.989516
48.225            0.087612        5.019824
48.240            0.088142        5.050190
48.255            0.088673        5.080607
48.270            0.089205        5.111066
48.285            0.089737        5.141558
48.300            0.090270        5.172071
48.315            0.090802        5.202595
48.330            0.091335        5.233118
48.345            0.091868        5.263629
48.360            0.092400        5.294114
48.375            0.092931        5.324560
48.390            0.093462        5.354952
48.405            0.093991        5.385277
48.420            0.094519        5.415518
48.435            0.095045        5.445660
48.450            0.095569        5.475685
48.465            0.096090        5.505577
48.480            0.096610        5.535318
48.495            0.097126        5.564890
48.510            0.097639        5.594274
48.525            0.098148        5.623450
48.540            0.098653        5.652400
48.555            0.099154        5.681101
48.570            0.099650        5.709534
48.585            0.100141        5.737678
48.600            0.100627        5.765512
48.615            0.101107        5.793012
48.630            0.101581        5.820157
48.645            0.102048        5.846925
48.660            0.102508        5.873293
48.675            0.102961        5.899238
48.690            0.103406        5.924736
48.705            0.103843        5.949764
48.720            0.104271        5.974298
48.735            0.104690        5.998316
48.750            0.105100        6.021792
48.765            0.105500        6.044704
48.780            0.105890        6.067027
48.795            0.106269        6.088737
48.810            0.106636        6.109811
48.825            0.106993        6.130225
48.840            0.107337        6.149955
48.855            0.107669        6.168978
48.870            0.107988        6.187270
48.885            0.108294        6.204808
48.900            0.108587        6.221569
48.915            0.108865        6.237531
48.930            0.109130        6.252671
48.945            0.109379        6.266966
48.960            0.109614        6.280396
48.975            0.109832        6.292938
48.990            0.110036        6.304571
49.005            0.110222        6.315275
49.020            0.110393        6.325030
49.035            0.110546        6.333815
49.050            0.110682        6.341612
49.065            0.110800        6.348401
49.080            0.110901        6.354163
49.095            0.110983        6.358882
49.110            0.111047        6.362540
49.125            0.111092        6.365120
49.140            0.111118        6.366605
49.155            0.111125        6.366981
49.170            0.111112        6.366232
49.185            0.111079        6.364343
49.200            0.111026        6.361301
49.215            0.110952        6.357093
49.230            0.110858        6.351706
49.245            0.110743        6.345127
49.260            0.110608        6.337347
49.275            0.110451        6.328353
49.290            0.110272        6.318137
49.305            0.110072        6.306688
49.320            0.109851        6.293998
49.335            0.109608        6.280058
49.350            0.109342        6.264862
49.365            0.109055        6.248403
49.380            0.108746        6.230674
49.395            0.108414        6.211670
49.410            0.108060        6.191385
49.425            0.107684        6.169817
49.440            0.107285        6.146960
49.455            0.106863        6.122813
49.470            0.106419        6.097372
49.485            0.105953        6.070636
49.500            0.105463        6.042603
49.515            0.104951        6.013274
49.530            0.104417        5.982647
49.545            0.103860        5.950724
49.560            0.103280        5.917505
49.575            0.102678        5.882993
49.590            0.102053        5.847188
49.605            0.101405        5.810093
49.620            0.100735        5.771713
49.635            0.100043        5.732049
49.650            0.099329        5.691107
49.665            0.098592        5.648890
49.680            0.097833        5.605404
49.695            0.097052        5.560653
49.710            0.096249        5.514644
49.725            0.095424        5.467382
49.740            0.094577        5.418874
49.755            0.093709        5.369127
49.770            0.092819        5.318148
49.785            0.091908        5.265944
49.800            0.090976        5.212523
49.815            0.090022        5.157893
49.830            0.089048        5.102062
49.845            0.088053        5.045039
49.860            0.087037        4.986833
49.875            0.086000        4.927452
49.890            0.084944        4.866906
49.905            0.083867        4.805205
49.920            0.082770        4.742357
49.935            0.081653        4.678372
49.950            0.080517        4.613262
49.965            0.079361        4.547034
49.980            0.078186        4.479701
49.995            0.076991        4.411272
50.010            0.075778        4.341757
50.025            0.074546        4.271167
50.040            0.073295        4.199514
50.055            0.072026        4.126806
50.070            0.070739        4.053056
50.085            0.069434        3.978274
50.100            0.068111        3.902472
50.115            0.066770        3.825660
50.130            0.065412        3.747848
50.145            0.064037        3.669050
50.160            0.062645        3.589275
50.175            0.061235        3.508535
50.190            0.059810        3.426841
50.205            0.058367        3.344205
50.220            0.056909        3.260638
50.235            0.055434        3.176151
50.250            0.053944        3.090756
50.265            0.052438        3.004465
50.280            0.050916        2.917289
50.295            0.049380        2.829240
50.310            0.047828        2.740330
50.325            0.046261        2.650570
50.340            0.044680        2.559973
50.355            0.043084        2.468550
50.370            0.041475        2.376314
50.385            0.039851        2.283277
50.400            0.038213        2.189450
50.415            0.036562        2.094848
50.430            0.034898        1.999481
50.445            0.033220        1.903363
50.460            0.031529        1.806507
50.475            0.029826        1.708925
50.490            0.028111        1.610630
50.505            0.026383        1.511636
50.520            0.024643        1.411956
50.535            0.022892        1.311603
50.550            0.021129        1.210592
50.565            0.019355        1.108936
50.580            0.017569        1.006649
50.595            0.015773        0.903745
50.610            0.013967        0.800239
50.625            0.012150        0.696145
50.640            0.010323        0.591479
50.655            0.008487        0.486254
50.670            0.006641        0.380488
50.685            0.004786        0.274194
50.700            0.002921        0.167388
50.715            0.001049        0.060087
50.730           -0.000832       -0.047693
50.745           -0.002722       -0.155937
50.760           -0.004619       -0.264627
50.775           -0.006523       -0.373748
50.790           -0.008435       -0.483281
50.805           -0.010353       -0.593210
50.820           -0.012279       -0.703518
50.835           -0.014210       -0.814186
50.850           -0.016148       -0.925198
50.865           -0.018091       -1.036534
50.880           -0.020039       -1.148178
50.895           -0.021993       -1.260109
50.910           -0.023951       -1.372311
50.925           -0.025914       -1.484763
50.940           -0.027881       -1.597448
50.955           -0.029851       -1.710345
50.970           -0.031825       -1.823435
50.985           -0.033802       -1.936699
51.000           -0.035781       -2.050117
51.015           -0.037763       -2.163669
51.030           -0.039747       -2.277335
51.045           -0.041732       -2.391095
51.060           -0.043719       -2.504929
51.075           -0.045707       -2.618815
51.090           -0.047695       -2.732733
51.105           -0.049684       -2.846662
51.120           -0.051672       -2.960582
51.135           -0.053660       -3.074471
51.150           -0.055646       -3.188308
51.165           -0.057632       -3.302072
51.180           -0.059616       -3.415740
51.195           -0.061598       -3.529292
51.210           -0.063577       -3.642706
51.225           -0.065554       -3.755959
51.240           -0.067527       -3.869030
51.255           -0.069497       -3.981898
51.270           -0.071463       -4.094538
51.285           -0.073425       -4.206931
51.300           -0.075382       -4.319052
51.315           -0.077333       -4.430879
51.330           -0.079280       -4.542391
51.345           -0.081220       -4.653564
51.360           -0.083154       -4.764375
51.375           -0.085081       -4.874802
51.390           -0.087002       -4.984822
51.405           -0.088914       -5.094412
51.420           -0.090819       -5.203548
51.435           -0.092716       -5.312208
51.450           -0.094603       -5.420368
51.465           -0.096482       -5.528006
51.480           -0.098351       -5.635097
51.495           -0.100210       -5.741619
51.510           -0.102059       -5.847548
51.525           -0.103897       -5.952860
51.540           -0.105724       -6.057532
51.555           -0.107539       -6.161541
51.570           -0.109342       -6.264863
51.585           -0.111133       -6.367475
51.600           -0.112912       -6.469352
51.615           -0.114676       -6.570472
51.630           -0.116428       -6.670811
51.645           -0.118165       -6.770346
51.660           -0.119888       -6.869052
51.675           -0.121595       -6.966907
51.690           -0.123288       -7.063888
51.705           -0.124965       -7.159971
51.720           -0.126626       -7.255132
51.735           -0.128270       -7.349351
51.750           -0.129898       -7.442602
51.765           -0.131508       -7.534864
51.780           -0.133101       -7.626114
51.795           -0.134675       -7.716330
51.810           -0.136231       -7.805490
51.825           -0.137769       -7.893571
51.840           -0.139287       -7.980553
51.855           -0.140785       -8.066413
51.870           -0.142264       -8.151131
51.885           -0.143722       -8.234686
51.900           -0.145160       -8.317057
51.915           -0.146577       -8.398225
51.930           -0.147972       -8.478169
51.945           -0.149346       -8.556870
51.960           -0.150697       -8.634310
51.975           -0.152026       -8.710469
51.990           -0.153333       -8.785330
52.005           -0.154617       -8.858874
52.020           -0.155877       -8.931086
52.035           -0.157114       -9.001947
52.050           -0.158327       -9.071442
52.065           -0.159515       -9.139556
52.080           -0.160680       -9.206273
52.095           -0.161820       -9.271579
52.110           -0.162934       -9.335459
52.125           -0.164024       -9.397901
52.140           -0.165089       -9.458891
52.155           -0.166128       -9.518418
52.170           -0.167141       -9.576470
52.185           -0.168128       -9.633036
52.200           -0.169089       -9.688105
52.215           -0.170024       -9.741668
52.230           -0.170933       -9.793716
52.245           -0.171814       -9.844240
52.260           -0.172669       -9.893233
52.275           -0.173498       -9.940687
52.290           -0.174299       -9.986596
52.305           -0.175073      -10.030953
52.320           -0.175820      -10.073755
52.335           -0.176540      -10.114994
52.350           -0.177232      -10.154669
52.365           -0.177897      -10.192774
52.380           -0.178535      -10.229307
52.395           -0.179145      -10.264267
52.410           -0.179728      -10.297650
52.425           -0.180283      -10.329455
52.440           -0.180811      -10.359682
52.455           -0.181311      -10.388331
52.470           -0.181783      -10.415401
52.485           -0.182228      -10.440893
52.500           -0.182645      -10.464809
52.515           -0.183035      -10.487150
52.530           -0.183398      -10.507918
52.545           -0.183733      -10.527116
52.560           -0.184041      -10.544746
52.575           -0.184321      -10.560811
52.590           -0.184574      -10.575315
52.605           -0.184800      -10.588262
52.620           -0.184999      -10.599655
52.635           -0.185171      -10.609500
52.650           -0.185316      -10.617801
52.665           -0.185434      -10.624562
52.680           -0.185525      -10.629790
52.695           -0.185589      -10.633488
52.710           -0.185627      -10.635664
52.725           -0.185639      -10.636322
52.740           -0.185624      -10.635469
52.755           -0.185583      -10.633111
52.770           -0.185515      -10.629253
52.785           -0.185422      -10.623903
52.800           -0.185303      -10.617066
52.815           -0.185158      -10.608749
52.830           -0.184987      -10.598960
52.845           -0.184790      -10.587704
52.860           -0.184568      -10.574988
52.875           -0.184321      -10.560820
52.890           -0.184049      -10.545206
52.905           -0.183751      -10.528154
52.920           -0.183428      -10.509670
52.935           -0.183081      -10.489761
52.950           -0.182709      -10.468435
52.965           -0.182312      -10.445700
52.980           -0.181891      -10.421562
52.995           -0.181445      -10.396028
53.010           -0.180975      -10.369106
53.025           -0.180481      -10.340804
53.040           -0.179963      -10.311129
53.055           -0.179421      -10.280088
53.070           -0.178856      -10.247690
53.085           -0.178267      -10.213941
53.100           -0.177654      -10.178849
53.115           -0.177019      -10.142423
53.130           -0.176360      -10.104669
53.145           -0.175678      -10.065596
53.160           -0.174973      -10.025212
53.175           -0.174245       -9.983524
53.190           -0.173495       -9.940541
53.205           -0.172723       -9.896270
53.220           -0.171928       -9.850721
53.235           -0.171110       -9.803901
53.250           -0.170271       -9.755818
53.265           -0.169410       -9.706480
53.280           -0.168527       -9.655897
53.295           -0.167623       -9.604077
53.310           -0.166697       -9.551027
53.325           -0.165750       -9.496758
53.340           -0.164781       -9.441277
53.355           -0.163792       -9.384593
53.370           -0.162782       -9.326715
53.385           -0.161751       -9.267651
53.400           -0.160700       -9.207411
53.415           -0.159628       -9.146004
53.430           -0.158536       -9.083438
53.445           -0.157424       -9.019721
53.460           -0.156292       -8.954864
53.475           -0.155140       -8.888875
53.490           -0.153969       -8.821763
53.505           -0.152778       -8.753537
53.520           -0.151568       -8.684206
53.535           -0.150339       -8.613779
53.550           -0.149091       -8.542264
53.565           -0.147824       -8.469670
53.580           -0.146538       -8.396008
53.595           -0.145234       -8.321284
53.610           -0.143911       -8.245508
53.625           -0.142571       -8.168689
53.640           -0.141212       -8.090835
53.655           -0.139835       -8.011954
53.670           -0.138440       -7.932056
53.685           -0.137028       -7.851149
53.700           -0.135599       -7.769241
53.715           -0.134152       -7.686340
53.730           -0.132688       -7.602455
53.745           -0.131207       -7.517593
53.760           -0.129709       -7.431764
53.775           -0.128194       -7.344974
53.790           -0.126663       -7.257232
53.805           -0.125115       -7.168546
53.820           -0.123551       -7.078924
53.835           -0.121970       -6.988373
53.850           -0.120374       -6.896901
53.865           -0.118761       -6.804517
53.880           -0.117133       -6.711226
53.895           -0.115489       -6.617038
53.910           -0.113830       -6.521961
53.925           -0.112155       -6.426000
53.940           -0.110465       -6.329166
53.955           -0.108760       -6.231464
53.970           -0.107039       -6.132904
53.985           -0.105304       -6.033493
54.000           -0.103555       -5.933238
54.015           -0.101790       -5.832149
54.030           -0.100011       -5.730232
54.045           -0.098218       -5.627497
54.060           -0.096411       -5.523952
54.075           -0.094590       -5.419606
54.090           -0.092755       -5.314467
54.105           -0.090906       -5.208545
54.120           -0.089044       -5.101848
54.135           -0.087168       -4.994386
54.150           -0.085280       -4.886170
54.165           -0.083378       -4.777208
54.180           -0.081463       -4.667511
54.195           -0.079536       -4.557090
54.210           -0.077597       -4.445956
54.225           -0.075645       -4.334120
54.240           -0.073681       -4.221594
54.255           -0.071705       -4.108389
54.270           -0.069717       -3.994518
54.285           -0.067719       -3.879994
54.300           -0.065709       -3.764829
54.315           -0.063688       -3.649038
54.330           -0.061656       -3.532634
54.345           -0.059614       -3.415631
54.360           -0.057562       -3.298045
54.375           -0.055500       -3.179890
54.390           -0.053428       -3.061183
54.405           -0.051347       -2.941939
54.420           -0.049256       -2.822174
54.435           -0.047157       -2.701907
54.450           -0.045050       -2.581153
54.465           -0.042934       -2.459931
54.480           -0.040810       -2.338260
54.495           -0.038679       -2.216157
54.510           -0.036541       -2.093642
54.525           -0.034396       -1.970735
54.540           -0.032244       -1.847454
54.555           -0.030086       -1.723821
54.570           -0.027923       -1.599857
54.585           -0.025754       -1.475581
54.600           -0.023580       -1.351016
54.615           -0.021401       -1.226183
54.630           -0.019218       -1.101104
54.645           -0.017031       -0.975801
54.660           -0.014840       -0.850298
54.675           -0.012647       -0.724617
54.690           -0.010451       -0.598781
54.705           -0.008252       -0.472814
54.720           -0.006052       -0.346739
54.735           -0.003850       -0.220580
54.750           -0.001647       -0.094362
54.765            0.000557        0.031891
54.780            0.002760        0.158155
54.795            0.004964        0.284405
54.810            0.007167        0.410616
54.825            0.009368        0.536764
54.840            0.011568        0.662823
54.855            0.013767        0.788768
54.870            0.015962        0.914574
54.885            0.018155        1.040216
54.900            0.020345        1.165669
54.915            0.022531        1.290906
54.930            0.024712        1.415903
54.945            0.026889        1.540633
54.960            0.029061        1.665072
54.975            0.031227        1.789195
54.990            0.033388        1.912974
55.005            0.035542        2.036386
55.020            0.037689        2.159405
55.035            0.039828        2.282005
55.050            0.041961        2.404161
55.065            0.044084        2.525847
55.080            0.046200        2.647039
55.095            0.048306        2.767711
55.110            0.050402        2.887838
55.125            0.052489        3.007395
55.140            0.054565        3.126358
55.155            0.056631        3.244700
55.170            0.058685        3.362398
55.185            0.060727        3.479427
55.200            0.062758        3.595762
55.215            0.064776        3.711379
55.230            0.066781        3.826253
55.245            0.068772        3.940360
55.260            0.070750        4.053677
55.275            0.072714        4.166178
55.290            0.074662        4.277841
55.305            0.076596        4.388642
55.320            0.078515        4.498557
55.335            0.080417        4.607562
55.350            0.082303        4.715635
55.365            0.084173        4.822753
55.380            0.086025        4.928893
55.395            0.087860        5.034032
55.410            0.089678        5.138147
55.425            0.091476        5.241217
55.440            0.093257        5.343219
55.455            0.095018        5.444132
55.470            0.096760        5.543934
55.485            0.098482        5.642604
55.500            0.100184        5.740121
55.515            0.101866        5.836464
55.530            0.103526        5.931613
55.545            0.105166        6.025547
55.560            0.106784        6.118247
55.575            0.108380        6.209693
55.590            0.109953        6.299866
55.605            0.111505        6.388747
55.620            0.113033        6.476318
55.635            0.114538        6.562560
55.650            0.116020        6.647456
55.665            0.117478        6.730988
55.680            0.118912        6.813140
55.695            0.120321        6.893895
55.710            0.121706        6.973238
55.725            0.123066        7.051151
55.740            0.124400        7.127621
55.755            0.125710        7.202633
55.770            0.126993        7.276172
55.785            0.128251        7.348225
55.800            0.129482        7.418778
55.815            0.130687        7.487819
55.830            0.131865        7.555336
55.845            0.133017        7.621316
55.860            0.134142        7.685750
55.875            0.135239        7.748625
55.890            0.136309        7.809931
55.905            0.137351        7.869660
55.920            0.138366        7.927803
55.935            0.139353        7.984349
55.950            0.140312        8.039292
55.965            0.141243        8.092624
55.980            0.142146        8.144338
55.995            0.143020        8.194428
56.010            0.143866        8.242887
56.025            0.144683        8.289710
56.040            0.145471        8.334893
56.055            0.146231        8.378430
56.070            0.146962        8.420317
56.085            0.147664        8.460552
56.100            0.148338        8.499131
56.115            0.148982        8.536052
56.130            0.149598        8.571313
56.145            0.150184        8.604911
56.160            0.150741        8.636846
56.175            0.151270        8.667117
56.190            0.151769        8.695723
56.205            0.152239        8.722664
56.220            0.152680        8.747942
56.235            0.153093        8.771555
56.250            0.153476        8.793506
56.265            0.153830        8.813797
56.280            0.154155        8.832427
56.295            0.154451        8.849401
56.310            0.154719        8.864719
56.325            0.154957        8.878385
56.340            0.155167        8.890402
56.355            0.155348        8.900772
56.370            0.155500        8.909500
56.385            0.155624        8.916588
56.400            0.155719        8.922041
56.415            0.155786        8.925863
56.430            0.155824        8.928059
56.445            0.155834        8.928632
56.460            0.155816        8.927588
56.475            0.155769        8.924931
56.490            0.155695        8.920668
56.505            0.155593        8.914802
56.520            0.155462        8.907340
56.535            0.155304        8.898287
56.550            0.155119        8.887649
56.565            0.154906        8.875433
56.580            0.154665        8.861643
56.595            0.154397        8.846288
56.610            0.154102        8.829373
56.625            0.153779        8.810905
56.640            0.153430        8.790890
56.655            0.153054        8.769336
56.670            0.152651        8.746251
56.685            0.152221        8.721640
56.700            0.151765        8.695513
56.715            0.151283        8.667876
56.730            0.150774        8.638738
56.745            0.150240        8.608106
56.760            0.149679        8.575989
56.775            0.149093        8.542395
56.790            0.148481        8.507333
56.805            0.147844        8.470811
56.820            0.147181        8.432840
56.835            0.146493        8.393427
56.850            0.145780        8.352583
56.865            0.145042        8.310317
56.880            0.144280        8.266639
56.895            0.143493        8.221558
56.910            0.142682        8.175087
56.925            0.141847        8.127234
56.940            0.140988        8.078011
56.955            0.140105        8.027429
56.970            0.139199        7.975499
56.985            0.138269        7.922233
57.000            0.137316        7.867642
57.015            0.136341        7.811739
57.030            0.135342        7.754536
57.045            0.134321        7.696045
57.060            0.133278        7.636280
57.075            0.132213        7.575253
57.090            0.131126        7.512978
57.105            0.130018        7.449468
57.120            0.128888        7.384737
57.135            0.127737        7.318800
57.150            0.126566        7.251671
57.165            0.125373        7.183365
57.180            0.124161        7.113896
57.195            0.122928        7.043281
57.210            0.121676        6.971534
57.225            0.120405        6.898671
57.240            0.119114        6.824709
57.255            0.117804        6.749665
57.270            0.116475        6.673554
57.285            0.115129        6.596393
57.300            0.113764        6.518201
57.315            0.112382        6.438995
57.330            0.110982        6.358792
57.345            0.109565        6.277610
57.360            0.108131        6.195469
57.375            0.106681        6.112387
57.390            0.105215        6.028384
57.405            0.103733        5.943477
57.420            0.102236        5.857688
57.435            0.100724        5.771036
57.450            0.099197        5.683542
57.465            0.097655        5.595226
57.480            0.096100        5.506109
57.495            0.094531        5.416212
57.510            0.092949        5.325558
57.525            0.091353        5.234168
57.540            0.089746        5.142065
57.555            0.088126        5.049270
57.570            0.086495        4.955808
57.585            0.084853        4.861702
57.600            0.083199        4.766974
57.615            0.081536        4.671650
57.630            0.079862        4.575754
57.645            0.078179        4.479310
57.660            0.076486        4.382343
57.675            0.074785        4.284880
57.690            0.073076        4.186947
57.705            0.071359        4.088568
57.720            0.069635        3.989772
57.735            0.067904        3.890584
57.750            0.066166        3.791033
57.765            0.064423        3.691147
57.780            0.062674        3.590952
57.795            0.060920        3.490479
57.810            0.059162        3.389755
57.825            0.057401        3.288809
57.840            0.055635        3.187673
57.855            0.053867        3.086374
57.870            0.052097        2.984945
57.885            0.050325        2.883414
57.900            0.048552        2.781813
57.915            0.046778        2.680174
57.930            0.045004        2.578528
57.945            0.043230        2.476907
57.960            0.041458        2.375342
57.975            0.039686        2.273867
57.990            0.037918        2.172513
58.005            0.036151        2.071314
58.020            0.034388        1.970303
58.035            0.032629        1.869514
58.050            0.030875        1.768979
58.065            0.029125        1.668732
58.080            0.027381        1.568808
58.095            0.025643        1.469239
58.110            0.023912        1.370061
58.125            0.022189        1.271308
58.140            0.020473        1.173012
58.155            0.018766        1.075210
58.170            0.017068        0.977935
58.185            0.015380        0.881221
58.200            0.013703        0.785103
58.215            0.012036        0.689615
58.230            0.010381        0.594791
58.245            0.008738        0.500664
58.260            0.007108        0.407270
58.275            0.005492        0.314641
58.290            0.003889        0.222811
58.305            0.002301        0.131814
58.320            0.000727        0.041682
58.335           -0.000830       -0.047552
58.350           -0.002371       -0.135855
58.365           -0.003895       -0.223195
58.380           -0.005402       -0.309540
58.395           -0.006892       -0.394858
58.410           -0.008362       -0.479119
58.425           -0.009814       -0.562292
58.440           -0.011246       -0.644346
58.455           -0.012658       -0.725251
58.470           -0.014050       -0.804979
58.485           -0.015420       -0.883501
58.500           -0.016769       -0.960788
58.515           -0.018096       -1.036812
58.530           -0.019400       -1.111546
58.545           -0.020682       -1.184964
58.560           -0.021939       -1.257040
58.575           -0.023174       -1.327748
58.590           -0.024383       -1.397064
58.605           -0.025568       -1.464964
58.620           -0.026728       -1.531424
58.635           -0.027863       -1.596422
58.650           -0.028971       -1.659935
58.665           -0.030054       -1.721944
58.680           -0.031109       -1.782426
58.695           -0.032138       -1.841364
58.710           -0.033139       -1.898737
58.725           -0.034113       -1.954527
58.740           -0.035059       -2.008718
58.755           -0.035976       -2.061293
58.770           -0.036865       -2.112237
58.785           -0.037726       -2.161533
58.800           -0.038557       -2.209170
58.815           -0.039359       -2.255132
58.830           -0.040132       -2.299409
58.845           -0.040875       -2.341989
58.860           -0.041589       -2.382861
58.875           -0.042272       -2.422016
58.890           -0.042925       -2.459445
58.905           -0.043548       -2.495140
58.920           -0.044141       -2.529095
58.935           -0.044703       -2.561303
58.950           -0.045235       -2.591760
58.965           -0.045736       -2.620461
58.980           -0.046206       -2.647404
58.995           -0.046645       -2.672586
59.010           -0.047054       -2.696006
59.025           -0.047432       -2.717663
59.040           -0.047779       -2.737559
59.055           -0.048096       -2.755695
59.070           -0.048382       -2.772073
59.085           -0.048637       -2.786697
59.100           -0.048862       -2.799571
59.115           -0.049056       -2.810701
59.130           -0.049220       -2.820093
59.145           -0.049354       -2.827755
59.160           -0.049457       -2.833694
59.175           -0.049531       -2.837920
59.190           -0.049575       -2.840444
59.205           -0.049590       -2.841276
59.220           -0.049575       -2.840428
59.235           -0.049531       -2.837913
59.250           -0.049458       -2.833746
59.265           -0.049357       -2.827941
59.280           -0.049227       -2.820513
59.295           -0.049070       -2.811479
59.310           -0.048884       -2.800858
59.325           -0.048671       -2.788666
59.340           -0.048432       -2.774924
59.355           -0.048165       -2.759651
59.370           -0.047872       -2.742869
59.385           -0.047553       -2.724598
59.400           -0.047209       -2.704862
59.415           -0.046839       -2.683684
59.430           -0.046445       -2.661088
59.445           -0.046026       -2.637099
59.460           -0.045583       -2.611742
59.475           -0.045118       -2.585043
59.490           -0.044629       -2.557030
59.505           -0.044117       -2.527730
59.520           -0.043584       -2.497171
59.535           -0.043029       -2.465382
59.550           -0.042453       -2.432393
59.565           -0.041857       -2.398234
59.580           -0.041241       -2.362934
59.595           -0.040606       -2.326526
59.610           -0.039951       -2.289041
59.625           -0.039279       -2.250510
59.640           -0.038589       -2.210966
59.655           -0.037881       -2.170443
59.670           -0.037158       -2.128973
59.685           -0.036418       -2.086590
59.700           -0.035663       -2.043328
59.715           -0.034893       -1.999221
59.730           -0.034109       -1.954304
59.745           -0.033312       -1.908611
59.760           -0.032501       -1.862177
59.775           -0.031678       -1.815038
59.790           -0.030844       -1.767229
59.805           -0.029998       -1.718785
59.820           -0.029142       -1.669741
59.835           -0.028277       -1.620134
59.850           -0.027402       -1.570000
59.865           -0.026518       -1.519373
59.880           -0.025627       -1.468291
59.895           -0.024728       -1.416787
59.910           -0.023822       -1.364899
59.925           -0.022910       -1.312662
59.940           -0.021993       -1.260112
59.955           -0.021071       -1.207283
59.970           -0.020145       -1.154212
59.985           -0.019215       -1.100935
60.000           -0.018282       -1.047485
60.015           -0.017347       -0.993898
60.030           -0.016410       -0.940209
60.045           -0.015472       -0.886452
60.060           -0.014533       -0.832663
60.075           -0.013594       -0.778874
60.090           -0.012656       -0.725121
60.105           -0.011719       -0.671437
60.120           -0.010784       -0.617855
60.135           -0.009851       -0.564409
60.150           -0.008921       -0.511132
60.165           -0.007995       -0.458056
60.180           -0.007072       -0.405213
60.195           -0.006155       -0.352637
60.210           -0.005242       -0.300359
60.225           -0.004336       -0.248410
60.240           -0.003435       -0.196822
60.255           -0.002542       -0.145625
60.270           -0.001655       -0.094850
60.285           -0.000777       -0.044527
60.300            0.000093        0.005313
60.315            0.000954        0.054642
60.330            0.001805        0.103429
60.345            0.002647        0.151647
60.360            0.003478        0.199266
60.375            0.004298        0.246259
60.390            0.005107        0.292597
60.405            0.005904        0.338254
60.420            0.006688        0.383202
60.435            0.007460        0.427414
60.450            0.008218        0.470865
60.465            0.008963        0.513528
60.480            0.009693        0.555378
60.495            0.010409        0.596390
60.510            0.011110        0.636539
60.525            0.011795        0.675801
60.540            0.012464        0.714153
60.555            0.013117        0.751571
60.570            0.013754        0.788032
60.585            0.014373        0.823513
60.600            0.014975        0.857994
60.615            0.015559        0.891452
60.630            0.016125        0.923867
60.645            0.016672        0.955218
60.660            0.017200        0.985485
60.675            0.017709        1.014649
60.690            0.018198        1.042691
60.705            0.018668        1.069593
60.720            0.019117        1.095337
60.735            0.019546        1.119906
60.750            0.019954        1.143284
60.765            0.020341        1.165454
60.780            0.020707        1.186402
60.795            0.021051        1.206112
60.810            0.021373        1.224571
60.825            0.021673        1.241765
60.840            0.021951        1.257682
60.855            0.022206        1.272310
60.870            0.022439        1.285636
60.885            0.022648        1.297652
60.900            0.022835        1.308346
60.915            0.022998        1.317709
60.930            0.023138        1.325733
60.945            0.023255        1.332411
60.960            0.023348        1.337735
60.975            0.023417        1.341698
60.990            0.023462        1.344296
61.005            0.023484        1.345524
61.020            0.023481        1.345378
61.035            0.023455        1.343853
61.050            0.023404        1.340949
61.065            0.023329        1.336664
61.080            0.023230        1.330996
61.095            0.023107        1.323945
61.110            0.022960        1.315512
61.125            0.022789        1.305699
61.140            0.022593        1.294507
61.155            0.022374        1.281940
61.170            0.022131        1.268002
61.185            0.021864        1.252696
61.200            0.021573        1.236029
61.215            0.021258        1.218006
61.230            0.020920        1.198634
61.245            0.020559        1.177920
61.260            0.020174        1.155873
61.275            0.019766        1.132502
61.290            0.019335        1.107816
61.305            0.018881        1.081827
61.320            0.018405        1.054543
61.335            0.017907        1.025979
61.350            0.017386        0.996145
61.365            0.016843        0.965056
61.380            0.016279        0.932724
61.395            0.015693        0.899164
61.410            0.015086        0.864391
61.425            0.014459        0.828420
61.440            0.013810        0.791268
61.455            0.013141        0.752951
61.470            0.012453        0.713487
61.485            0.011744        0.672893
61.500            0.011016        0.631188
61.515            0.010269        0.588389
61.530            0.009504        0.544518
61.545            0.008720        0.499592
61.560            0.007917        0.453634
61.575            0.007098        0.406663
61.590            0.006260        0.358700
61.605            0.005406        0.309767
61.620            0.004536        0.259885
61.635            0.003649        0.209078
61.650            0.002747        0.157368
61.665            0.001829        0.104777
61.680            0.000896        0.051330
61.695           -0.000052       -0.002951
61.710           -0.001013       -0.058041
61.725           -0.001988       -0.113916
61.740           -0.002977       -0.170551
61.755           -0.003978       -0.227921
61.770           -0.004992       -0.286002
61.785           -0.006017       -0.344769
61.800           -0.007055       -0.404195
61.815           -0.008103       -0.464254
61.830           -0.009162       -0.524922
61.845           -0.010231       -0.586171
61.860           -0.011309       -0.647976
61.875           -0.012397       -0.710310
61.890           -0.013494       -0.773146
61.905           -0.014599       -0.836458
61.920           -0.015712       -0.900219
61.935           -0.016832       -0.964401
61.950           -0.017959       -1.028977
61.965           -0.019093       -1.093921
61.980           -0.020232       -1.159205
61.995           -0.021377       -1.224802
62.010           -0.022527       -1.290683
62.025           -0.023681       -1.356823
62.040           -0.024839       -1.423192
62.055           -0.026001       -1.489764
62.070           -0.027166       -1.556510
62.085           -0.028334       -1.623404
62.100           -0.029503       -1.690417
62.115           -0.030675       -1.757522
62.130           -0.031847       -1.824690
62.145           -0.033020       -1.891895
62.160           -0.034193       -1.959109
62.175           -0.035366       -2.026303
62.190           -0.036538       -2.093451
62.205           -0.037708       -2.160524
62.220           -0.038877       -2.227496
62.235           -0.040044       -2.294338
62.250           -0.041208       -2.361023
62.265           -0.042368       -2.427523
62.280           -0.043525       -2.493812
62.295           -0.044678       -2.559861
62.310           -0.045826       -2.625644
62.325           -0.046969       -2.691134
62.340           -0.048107       -2.756302
62.355           -0.049238       -2.821123
62.370           -0.050363       -2.885569
62.385           -0.051480       -2.949613
62.400           -0.052591       -3.013229
62.415           -0.053693       -3.076390
62.430           -0.054787       -3.139069
62.445           -0.055872       -3.201240
62.460           -0.056948       -3.262877
62.475           -0.058014       -3.323953
62.490           -0.059070       -3.384442
62.505           -0.060115       -3.444318
62.520           -0.061149       -3.503556
62.535           -0.062171       -3.562129
62.550           -0.063181       -3.620013
62.565           -0.064179       -3.677181
62.580           -0.065164       -3.733608
62.595           -0.066135       -3.789269
62.610           -0.067093       -3.844140
62.625           -0.068036       -3.898195
62.640           -0.068965       -3.951410
62.655           -0.069879       -4.003761
62.670           -0.070777       -4.055223
62.685           -0.071659       -4.105772
62.700           -0.072525       -4.155385
62.715           -0.073374       -4.204038
62.730           -0.074206       -4.251708
62.745           -0.075021       -4.298371
62.760           -0.075817       -4.344005
62.775           -0.076595       -4.388588
62.790           -0.077355       -4.432097
62.805           -0.078095       -4.474510
62.820           -0.078816       -4.515806
62.835           -0.079517       -4.555964
62.850           -0.080197       -4.594963
62.865           -0.080857       -4.632781
62.880           -0.081496       -4.669400
62.895           -0.082114       -4.704799
62.910           -0.082710       -4.738959
62.925           -0.083285       -4.771861
62.940           -0.083837       -4.803487
62.955           -0.084366       -4.833819
62.970           -0.084873       -4.862840
62.985           -0.085356       -4.890532
63.000           -0.085816       -4.916879
63.015           -0.086252       -4.941866
63.030           -0.086664       -4.965477
63.045           -0.087052       -4.987698
63.060           -0.087415       -5.008514
63.075           -0.087754       -5.027913
63.090           -0.088067       -5.045881
63.105           -0.088356       -5.062408
63.120           -0.088619       -5.077480
63.135           -0.088856       -5.091088
63.150           -0.089068       -5.103222
63.165           -0.089254       -5.113873
63.180           -0.089414       -5.123033
63.195           -0.089548       -5.130694
63.210           -0.089655       -5.136849
63.225           -0.089736       -5.141493
63.240           -0.089791       -5.144620
63.255           -0.089819       -5.146227
63.270           -0.089820       -5.146310
63.285           -0.089795       -5.144867
63.300           -0.089743       -5.141895
63.315           -0.089664       -5.137396
63.330           -0.089559       -5.131368
63.345           -0.089427       -5.123813
63.360           -0.089269       -5.114733
63.375           -0.089084       -5.104131
63.390           -0.088872       -5.092011
63.405           -0.088634       -5.078378
63.420           -0.088370       -5.063238
63.435           -0.088080       -5.046597
63.450           -0.087763       -5.028463
63.465           -0.087421       -5.008845
63.480           -0.087053       -4.987751
63.495           -0.086659       -4.965193
63.510           -0.086240       -4.941180
63.525           -0.085796       -4.915727
63.540           -0.085326       -4.888844
63.555           -0.084833       -4.860547
63.570           -0.084314       -4.830848
63.585           -0.083772       -4.799765
63.600           -0.083205       -4.767313
63.615           -0.082615       -4.733508
63.630           -0.082002       -4.698369
63.645           -0.081366       -4.661914
63.660           -0.080707       -4.624161
63.675           -0.080026       -4.585130
63.690           -0.079322       -4.544843
63.705           -0.078598       -4.503319
63.720           -0.077852       -4.460579
63.735           -0.077085       -4.416647
63.750           -0.076298       -4.371545
63.765           -0.075491       -4.325295
63.780           -0.074664       -4.277921
63.795           -0.073818       -4.229447
63.810           -0.072953       -4.179897
63.825           -0.072070       -4.129296
63.840           -0.071169       -4.077669
63.855           -0.070250       -4.025041
63.870           -0.069315       -3.971438
63.885           -0.068363       -3.916885
63.900           -0.067394       -3.861408
63.915           -0.066410       -3.805034
63.930           -0.065411       -3.747788
63.945           -0.064397       -3.689697
63.960           -0.063369       -3.630788
63.975           -0.062327       -3.571086
63.990           -0.061272       -3.510619
64.005           -0.060204       -3.449413
64.020           -0.059123       -3.387494
64.035           -0.058030       -3.324888
64.050           -0.056926       -3.261622
64.065           -0.055811       -3.197723
64.080           -0.054685       -3.133215
64.095           -0.053549       -3.068125
64.110           -0.052403       -3.002479
64.125           -0.051248       -2.936302
64.140           -0.050084       -2.869620
64.155           -0.048912       -2.802457
64.170           -0.047732       -2.734838
64.185           -0.046544       -2.666788
64.200           -0.045349       -2.598331
64.215           -0.044148       -2.529492
64.230           -0.042940       -2.460293
64.245           -0.041727       -2.390758
64.260           -0.040508       -2.320911
64.275           -0.039283       -2.250774
64.290           -0.038055       -2.180369
64.305           -0.036822       -2.109719
64.320           -0.035585       -2.038846
64.335           -0.034344       -1.967770
64.350           -0.033100       -1.896513
64.365           -0.031854       -1.825097
64.380           -0.030605       -1.753541
64.395           -0.029354       -1.681865
64.410           -0.028101       -1.610090
64.425           -0.026847       -1.538234
64.440           -0.025592       -1.466318
64.455           -0.024336       -1.394360
64.470           -0.023080       -1.322378
64.485           -0.021823       -1.250391
64.500           -0.020567       -1.178418
64.515           -0.019312       -1.106475
64.530           -0.018057       -1.034580
64.545           -0.016803       -0.962751
64.560           -0.015551       -0.891005
64.575           -0.014300       -0.819357
64.590           -0.013052       -0.747826
64.605           -0.011806       -0.676427
64.620           -0.010562       -0.605177
64.635           -0.009322       -0.534090
64.650           -0.008084       -0.463184
64.665           -0.006850       -0.392474
64.680           -0.005620       -0.321975
64.695           -0.004393       -0.251702
64.710           -0.003171       -0.181671
64.725           -0.001953       -0.111897
64.740           -0.000740       -0.042395
64.755            0.000468        0.026820
64.770            0.001671        0.095734
64.785            0.002868        0.164331
64.800            0.004060        0.232598
64.815            0.005245        0.300520
64.830            0.006424        0.368081
64.845            0.007597        0.435268
64.860            0.008763        0.502066
64.875            0.009922        0.568461
64.890            0.011073        0.634438
64.905            0.012217        0.699983
64.920            0.013353        0.765082
64.935            0.014481        0.829720
64.950            0.015601        0.893883
64.965            0.016713        0.957557
64.980            0.017815        1.020727
64.995            0.018909        1.083379
65.010            0.019993        1.145499
65.025            0.021067        1.207073
65.040            0.022132        1.268086
65.055            0.023187        1.328525
65.070            0.024232        1.388374
65.085            0.025266        1.447620
65.100            0.026289        1.506248
65.115            0.027301        1.564246
65.130            0.028302        1.621597
65.145            0.029292        1.678290
65.160            0.030269        1.734309
65.175            0.031235        1.789641
65.190            0.032189        1.844272
65.205            0.033130        1.898188
65.220            0.034058        1.951377
65.235            0.034973        2.003824
65.250            0.035876        2.055516
65.265            0.036764        2.106441
65.280            0.037640        2.156586
65.295            0.038501        2.205937
65.310            0.039348        2.254482
65.325            0.040181        2.302209
65.340            0.041000        2.349106
65.355            0.041803        2.395161
65.370            0.042592        2.440363
65.385            0.043366        2.484700
65.400            0.044125        2.528162
65.415            0.044868        2.570737
65.430            0.045595        2.612416
65.445            0.046307        2.653189
65.460            0.047003        2.693046
65.475            0.047682        2.731978
65.490            0.048345        2.769976
65.505            0.048992        2.807033
65.520            0.049622        2.843140
65.535            0.050236        2.878290
65.550            0.050832        2.912476
65.565            0.051412        2.945691
65.580            0.051975        2.977930
65.595            0.052520        3.009187
65.610            0.053049        3.039458
65.625            0.053560        3.068737
65.640            0.054053        3.097022
65.655            0.054529        3.124309
65.670            0.054988        3.150595
65.685            0.055430        3.175878
65.700            0.055853        3.200156
65.715            0.056259        3.223429
65.730            0.056648        3.245696
65.745            0.057019        3.266958
65.760            0.057373        3.287214
65.775            0.057709        3.306466
65.790            0.058027        3.324717
65.805            0.058328        3.341968
65.820            0.058612        3.358223
65.835            0.058878        3.373485
65.850            0.059128        3.387758
65.865            0.059359        3.401047
65.880            0.059574        3.413357
65.895            0.059772        3.424694
65.910            0.059953        3.435065
65.925            0.060117        3.444475
65.940            0.060265        3.452932
65.955            0.060396        3.460445
65.970            0.060511        3.467020
65.985            0.060609        3.472667
66.000            0.060692        3.477394
66.015            0.060759        3.481212
66.030            0.060810        3.484129
66.045            0.060845        3.486157
66.060            0.060865        3.487305
66.075            0.060870        3.487584
66.090            0.060860        3.487006
66.105            0.060835        3.485582
66.120            0.060795        3.483324
66.135            0.060742        3.480244
66.150            0.060674        3.476353
66.165            0.060592        3.471665
66.180            0.060496        3.466191
66.195            0.060387        3.459945
66.210            0.060265        3.452940
66.225            0.060130        3.445188
66.240            0.059982        3.436702
66.255            0.059821        3.427496
66.270            0.059648        3.417584
66.285            0.059463        3.406977
66.300            0.059266        3.395690
66.315            0.059057        3.383736
66.330            0.058837        3.371129
66.345            0.058606        3.357881
66.360            0.058364        3.344006
66.375            0.058111        3.329518
66.390            0.057848        3.314429
66.405            0.057574        3.298753
66.420            0.057290        3.282502
66.435            0.056997        3.265691
66.450            0.056694        3.248331
66.465            0.056382        3.230436
66.480            0.056060        3.212019
66.495            0.055730        3.193091
66.510            0.055391        3.173666
66.525            0.055043        3.153756
66.540            0.054688        3.133374
66.555            0.054324        3.112530
66.570            0.053952        3.091238
66.585            0.053573        3.069510
66.600            0.053186        3.047356
66.615            0.052793        3.024789
66.630            0.052392        3.001821
66.645            0.051984        2.978462
66.660            0.051570        2.954724
66.675            0.051149        2.930618
66.690            0.050722        2.906155
66.705            0.050289        2.881347
66.720            0.049850        2.856202
66.735            0.049406        2.830734
66.750            0.048956        2.804951
66.765            0.048500        2.778864
66.780            0.048040        2.752484
66.795            0.047575        2.725820
66.810            0.047104        2.698883
66.825            0.046630        2.671683
66.840            0.046151        2.644229
66.855            0.045667        2.616532
66.870            0.045180        2.588600
66.885            0.044688        2.560443
66.900            0.044193        2.532071
66.915            0.043694        2.503492
66.930            0.043192        2.474716
66.945            0.042686        2.445752
66.960            0.042178        2.416608
66.975            0.041666        2.387294
66.990            0.041152        2.357817
67.005            0.040635        2.328186
67.020            0.040115        2.298410
67.035            0.039593        2.268497
67.050            0.039068        2.238453
67.065            0.038542        2.208288
67.080            0.038013        2.178009
67.095            0.037483        2.147623
67.110            0.036951        2.117137
67.125            0.036417        2.086559
67.140            0.035882        2.055895
67.155            0.035346        2.025152
67.170            0.034808        1.994337
67.185            0.034269        1.963455
67.200            0.033729        1.932512
67.215            0.033188        1.901515
67.230            0.032646        1.870468
67.245            0.032103        1.839378
67.260            0.031560        1.808248
67.275            0.031016        1.777084
67.290            0.030472        1.745890
67.305            0.029927        1.714670
67.320            0.029381        1.683429
67.335            0.028836        1.652170
67.350            0.028290        1.620895
67.365            0.027744        1.589609
67.380            0.027198        1.558315
67.395            0.026651        1.527014
67.410            0.026105        1.495709
67.425            0.025559        1.464402
67.440            0.025012        1.433095
67.455            0.024466        1.401788
67.470            0.023919        1.370484
67.485            0.023373        1.339183
67.500            0.022827        1.307886
67.515            0.022281        1.276593
67.530            0.021735        1.245305
67.545            0.021189        1.214020
67.560            0.020643        1.182740
67.575            0.020097        1.151462
67.590            0.019551        1.120187
67.605            0.019005        1.088914
67.620            0.018459        1.057641
67.635            0.017913        1.026367
67.650            0.017368        0.995091
67.665            0.016822        0.963811
67.680            0.016276        0.932524
67.695            0.015729        0.901230
67.710            0.015183        0.869926
67.725            0.014636        0.838609
67.740            0.014090        0.807278
67.755            0.013543        0.775931
67.770            0.012995        0.744564
67.785            0.012447        0.713176
67.800            0.011899        0.681763
67.815            0.011350        0.650324
67.830            0.010801        0.618856
67.845            0.010251        0.587356
67.860            0.009701        0.555822
67.875            0.009150        0.524250
67.890            0.008598        0.492640
67.905            0.008046        0.460988
67.920            0.007493        0.429292
67.935            0.006939        0.397549
67.950            0.006384        0.365757
67.965            0.005828        0.333915
67.980            0.005271        0.302020
67.995            0.004714        0.270069
68.010            0.004155        0.238061
68.025            0.003595        0.205995
68.040            0.003035        0.173868
68.055            0.002473        0.141679
68.070            0.001910        0.109426
68.085            0.001346        0.077108
68.100            0.000781        0.044724
68.115            0.000214        0.012273
68.130           -0.000353       -0.020247
68.145           -0.000922       -0.052837
68.160           -0.001492       -0.085497
68.175           -0.002063       -0.118227
68.190           -0.002636       -0.151029
68.205           -0.003210       -0.183903
68.220           -0.003785       -0.216849
68.235           -0.004361       -0.249867
68.250           -0.004939       -0.282958
68.265           -0.005517       -0.316121
68.280           -0.006097       -0.349356
68.295           -0.006679       -0.382664
68.310           -0.007261       -0.416043
68.325           -0.007845       -0.449493
68.340           -0.008430       -0.483014
68.355           -0.009016       -0.516605
68.370           -0.009604       -0.550265
68.385           -0.010193       -0.583993
68.400           -0.010782       -0.617789
68.415           -0.011373       -0.651651
68.430           -0.011966       -0.685578
68.445           -0.012559       -0.719569
68.460           -0.013153       -0.753623
68.475           -0.013749       -0.787737
68.490           -0.014345       -0.821911
68.505           -0.014942       -0.856142
68.520           -0.015541       -0.890429
68.535           -0.016140       -0.924770
68.550           -0.016741       -0.959162
68.565           -0.017342       -0.993604
68.580           -0.017944       -1.028094
68.595           -0.018546       -1.062627
68.610           -0.019150       -1.097203
68.625           -0.019754       -1.131819
68.640           -0.020359       -1.166470
68.655           -0.020964       -1.201155
68.670           -0.021570       -1.235869
68.685           -0.022176       -1.270610
68.700           -0.022783       -1.305373
68.715           -0.023390       -1.340155
68.730           -0.023997       -1.374951
68.745           -0.024605       -1.409758
68.760           -0.025213       -1.444570
68.775           -0.025820       -1.479383
68.790           -0.026428       -1.514191
68.805           -0.027035       -1.548990
68.820           -0.027642       -1.583774
68.835           -0.028249       -1.618536
68.850           -0.028855       -1.653270
68.865           -0.029461       -1.687971
68.880           -0.030066       -1.722631
68.895           -0.030670       -1.757243
68.910           -0.031273       -1.791800
68.925           -0.031875       -1.826294
68.940           -0.032476       -1.860717
68.955           -0.033075       -1.895060
68.970           -0.033673       -1.929315
68.985           -0.034269       -1.963472
69.000           -0.034863       -1.997523
69.015           -0.035456       -2.031457
69.030           -0.036046       -2.065265
69.045           -0.036633       -2.098935
69.060           -0.037218       -2.132458
69.075           -0.037801       -2.165822
69.090           -0.038380       -2.199015
69.105           -0.038956       -2.232027
69.120           -0.039529       -2.264844
69.135           -0.040098       -2.297454
69.150           -0.040663       -2.329845
69.165           -0.041225       -2.362004
69.180           -0.041782       -2.393917
69.195           -0.042334       -2.425571
69.210           -0.042882       -2.456952
69.225           -0.043425       -2.488046
69.240           -0.043962       -2.518839
69.255           -0.044494       -2.549315
69.270           -0.045020       -2.579461
69.285           -0.045540       -2.609260
69.300           -0.046054       -2.638699
69.315           -0.046561       -2.667761
69.330           -0.047062       -2.696432
69.345           -0.047555       -2.724695
69.360           -0.048041       -2.752534
69.375           -0.048519       -2.779935
69.390           -0.048989       -2.806880
69.405           -0.049451       -2.833354
69.420           -0.049905       -2.859340
69.435           -0.050350       -2.884823
69.450           -0.050785       -2.909787
69.465           -0.051212       -2.934214
69.480           -0.051628       -2.958090
69.495           -0.052035       -2.981398
69.510           -0.052432       -3.004121
69.525           -0.052818       -3.026244
69.540           -0.053193       -3.047751
69.555           -0.053558       -3.068627
69.570           -0.053911       -3.088854
69.585           -0.054252       -3.108418
69.600           -0.054582       -3.127304
69.615           -0.054899       -3.145496
69.630           -0.055204       -3.162979
69.645           -0.055497       -3.179738
69.660           -0.055777       -3.195759
69.675           -0.056043       -3.211026
69.690           -0.056296       -3.225527
69.705           -0.056536       -3.239246
69.720           -0.056761       -3.252170
69.735           -0.056973       -3.264286
69.750           -0.057170       -3.275580
69.765           -0.057352       -3.286040
69.780           -0.057520       -3.295653
69.795           -0.057673       -3.304407
69.810           -0.057810       -3.312289
69.825           -0.057933       -3.319288
69.840           -0.058039       -3.325393
69.855           -0.058130       -3.330593
69.870           -0.058205       -3.334877
69.885           -0.058263       -3.338236
69.900           -0.058305       -3.340658
69.915           -0.058331       -3.342134
69.930           -0.058340       -3.342656
69.945           -0.058333       -3.342214
69.960           -0.058308       -3.340801
69.975           -0.058266       -3.338408
69.990           -0.058207       -3.335027
70.005           -0.058131       -3.330651
70.020           -0.058037       -3.325273
70.035           -0.057926       -3.318888
70.050           -0.057796       -3.311488
70.065           -0.057649       -3.303068
70.080           -0.057485       -3.293623
70.095           -0.057302       -3.283148
70.110           -0.057101       -3.271638
70.125           -0.056882       -3.259090
70.140           -0.056645       -3.245500
70.155           -0.056389       -3.230864
70.170           -0.056115       -3.215180
70.185           -0.055823       -3.198445
70.200           -0.055513       -3.180657
70.215           -0.055184       -3.161814
70.230           -0.054837       -3.141916
70.245           -0.054471       -3.120961
70.260           -0.054087       -3.098949
70.275           -0.053684       -3.075880
70.290           -0.053263       -3.051755
70.305           -0.052824       -3.026573
70.320           -0.052366       -3.000336
70.335           -0.051889       -2.973046
70.350           -0.051395       -2.944704
70.365           -0.050882       -2.915313
70.380           -0.050351       -2.884876
70.395           -0.049801       -2.853395
70.410           -0.049234       -2.820874
70.425           -0.048648       -2.787317
70.440           -0.048044       -2.752728
70.455           -0.047423       -2.717111
70.470           -0.046783       -2.680472
70.485           -0.046126       -2.642815
70.500           -0.045451       -2.604147
70.515           -0.044758       -2.564472
70.530           -0.044049       -2.523799
70.545           -0.043321       -2.482133
70.560           -0.042577       -2.439481
70.575           -0.041815       -2.395851
70.590           -0.041037       -2.351250
70.605           -0.040242       -2.305687
70.620           -0.039430       -2.259170
70.635           -0.038602       -2.211708
70.650           -0.037757       -2.163310
70.665           -0.036896       -2.113985
70.680           -0.036019       -2.063743
70.695           -0.035126       -2.012595
70.710           -0.034218       -1.960550
70.725           -0.033294       -1.907620
70.740           -0.032355       -1.853816
70.755           -0.031401       -1.799149
70.770           -0.030432       -1.743631
70.785           -0.029448       -1.687274
70.800           -0.028450       -1.630091
70.815           -0.027438       -1.572094
70.830           -0.026412       -1.513297
70.845           -0.025372       -1.453713
70.860           -0.024319       -1.393356
70.875           -0.023252       -1.332241
70.890           -0.022172       -1.270382
70.905           -0.021080       -1.207794
70.920           -0.019975       -1.144492
70.935           -0.018858       -1.080492
70.950           -0.017729       -1.015809
70.965           -0.016589       -0.950462
70.980           -0.015437       -0.884465
70.995           -0.014274       -0.817837
71.010           -0.013100       -0.750595
71.025           -0.011916       -0.682757
71.040           -0.010722       -0.614341
71.055           -0.009518       -0.545366
71.070           -0.008305       -0.475851
71.085           -0.007083       -0.405816
71.100           -0.005852       -0.335280
71.115           -0.004612       -0.264264
71.130           -0.003365       -0.192789
71.145           -0.002110       -0.120875
71.160           -0.000847       -0.048545
71.175            0.000422        0.024181
71.190            0.001698        0.097279
71.205            0.002980        0.170728
71.220            0.004267        0.244503
71.235            0.005560        0.318583
71.250            0.006858        0.392942
71.265            0.008160        0.467557
71.280            0.009467        0.542403
71.295            0.010777        0.617455
71.310            0.012090        0.692689
71.325            0.013405        0.768078
71.340            0.014724        0.843598
71.355            0.016043        0.919221
71.370            0.017365        0.994922
71.385            0.018687        1.070674
71.400            0.020009        1.146450
71.415            0.021332        1.222223
71.430            0.022654        1.297965
71.445            0.023975        1.373650
71.460            0.025294        1.449249
71.475            0.026612        1.524736
71.490            0.027927        1.600081
71.505            0.029239        1.675257
71.520            0.030547        1.750236
71.535            0.031852        1.824991
71.550            0.033152        1.899492
71.565            0.034448        1.973711
71.580            0.035738        2.047622
71.595            0.037022        2.121196
71.610            0.038300        2.194405
71.625            0.039570        2.267221
71.640            0.040834        2.339617
71.655            0.042090        2.411566
71.670            0.043337        2.483040
71.685            0.044576        2.554013
71.700            0.045805        2.624458
71.715            0.047025        2.694349
71.730            0.048235        2.763660
71.745            0.049434        2.832365
71.760            0.050622        2.900440
71.775            0.051799        2.967859
71.790            0.052964        3.034599
71.805            0.054116        3.100634
71.820            0.055256        3.165943
71.835            0.056383        3.230503
71.850            0.057496        3.294290
71.865            0.058596        3.357283
71.880            0.059681        3.419462
71.895            0.060752        3.480805
71.910            0.061807        3.541292
71.925            0.062848        3.600904
71.940            0.063872        3.659623
71.955            0.064881        3.717430
71.970            0.065874        3.774308
71.985            0.066850        3.830239
72.000            0.067810        3.885209
72.015            0.068752        3.939200
72.030            0.069677        3.992199
72.045            0.070584        4.044191
72.060            0.071474        4.095163
72.075            0.072346        4.145101
72.090            0.073199        4.193994
72.105            0.074034        4.241830
72.120            0.074850        4.288599
72.135            0.075648        4.334288
72.150            0.076426        4.378891
72.165            0.077185        4.422396
72.180            0.077925        4.464796
72.195            0.078646        4.506082
72.210            0.079347        4.546249
72.225            0.080028        4.585288
72.240            0.080690        4.623195
72.255            0.081332        4.659962
72.270            0.081953        4.695586
72.285            0.082555        4.730062
72.300            0.083137        4.763386
72.315            0.083698        4.795554
72.330            0.084239        4.826563
72.345            0.084760        4.856411
72.360            0.085261        4.885095
72.375            0.085741        4.912614
72.390            0.086201        4.938967
72.405            0.086641        4.964153
72.420            0.087060        4.988170
72.435            0.087459        5.011020
72.450            0.087837        5.032703
72.465            0.088195        5.053218
72.480            0.088533        5.072567
72.495            0.088850        5.090753
72.510            0.089147        5.107775
72.525            0.089424        5.123636
72.540            0.089681        5.138339
72.555            0.089917        5.151887
72.570            0.090134        5.164281
72.585            0.090330        5.175527
72.600            0.090506        5.185627
72.615            0.090663        5.194585
72.630            0.090799        5.202406
72.645            0.090916        5.209095
72.660            0.091013        5.214656
72.675            0.091090        5.219094
72.690            0.091148        5.222416
72.705            0.091187        5.224628
72.720            0.091206        5.225735
72.735            0.091206        5.225745
72.750            0.091188        5.224664
72.765            0.091150        5.222500
72.780            0.091093        5.219260
72.795            0.091018        5.214954
72.810            0.090924        5.209589
72.825            0.090813        5.203174
72.840            0.090682        5.195718
72.855            0.090534        5.187233
72.870            0.090368        5.177726
72.885            0.090185        5.167210
72.900            0.089984        5.155695
72.915            0.089766        5.143191
72.930            0.089530        5.129712
72.945            0.089278        5.115270
72.960            0.089010        5.099876
72.975            0.088725        5.083544
72.990            0.088423        5.066288
73.005            0.088106        5.048121
73.020            0.087774        5.029057
73.035            0.087425        5.009111
73.050            0.087062        4.988299
73.065            0.086684        4.966636
73.080            0.086291        4.944137
73.095            0.085884        4.920819
73.110            0.085464        4.896698
73.125            0.085029        4.871791
73.140            0.084581        4.846116
73.155            0.084119        4.819690
73.170            0.083645        4.792531
73.185            0.083159        4.764657
73.200            0.082660        4.736087
73.215            0.082150        4.706838
73.230            0.081628        4.676931
73.245            0.081095        4.646383
73.260            0.080551        4.615215
73.275            0.079996        4.583445
73.290            0.079432        4.551094
73.305            0.078857        4.518180
73.320            0.078273        4.484724
73.335            0.077680        4.450744
73.350            0.077078        4.416262
73.365            0.076468        4.381296
73.380            0.075850        4.345866
73.395            0.075224        4.309993
73.410            0.074590        4.273695
73.425            0.073949        4.236992
73.440            0.073302        4.199904
73.455            0.072648        4.162449
73.470            0.071989        4.124647
73.485            0.071323        4.086516
73.500            0.070652        4.048076
73.515            0.069976        4.009343
73.530            0.069295        3.970336
73.545            0.068610        3.931074
73.560            0.067921        3.891573
73.575            0.067227        3.851850
73.590            0.066531        3.811922
73.605            0.065830        3.771806
73.620            0.065127        3.731517
73.635            0.064421        3.691071
73.650            0.063713        3.650483
73.665            0.063002        3.609767
73.680            0.062290        3.568938
73.695            0.061575        3.528009
73.710            0.060860        3.486994
73.725            0.060142        3.445906
73.740            0.059424        3.404757
73.755            0.058705        3.363558
73.770            0.057985        3.322321
73.785            0.057265        3.281057
73.800            0.056545        3.239776
73.815            0.055824        3.198487
73.830            0.055104        3.157201
73.845            0.054383        3.115926
73.860            0.053663        3.074669
73.875            0.052944        3.033440
73.890            0.052225        2.992245
73.905            0.051506        2.951090
73.920            0.050789        2.909983
73.935            0.050072        2.868928
73.950            0.049357        2.827931
73.965            0.048642        2.786997
73.980            0.047929        2.746129
73.995            0.047217        2.705332
74.010            0.046506        2.664608
74.025            0.045797        2.623961
74.040            0.045089        2.583392
74.055            0.044382        2.542904
74.070            0.043677        2.502498
74.085            0.042973        2.462174
74.100            0.042271        2.421932
74.115            0.041570        2.381774
74.130            0.040870        2.341697
74.145            0.040172        2.301702
74.160            0.039476        2.261786
74.175            0.038780        2.221947
74.190            0.038086        2.182184
74.205            0.037394        2.142493
74.220            0.036702        2.102872
74.235            0.036012        2.063315
74.250            0.035322        2.023820
74.265            0.034634        1.984381
74.280            0.033947        1.944994
74.295            0.033260        1.905654
74.310            0.032574        1.866353
74.325            0.031889        1.827086
74.340            0.031204        1.787847
74.355            0.030519        1.748628
74.370            0.029835        1.709421
74.385            0.029151        1.670220
74.400            0.028467        1.631015
74.415            0.027782        1.591798
74.430            0.027097        1.552559
74.445            0.026412        1.513290
74.460            0.025726        1.473980
74.475            0.025039        1.434620
74.490            0.024351        1.395199
74.505            0.023662        1.355707
74.520            0.022971        1.316131
74.535            0.022278        1.276461
74.550            0.021584        1.236685
74.565            0.020888        1.196790
74.580            0.020189        1.156766
74.595            0.019488        1.116599
74.610            0.018785        1.076277
74.625            0.018078        1.035786
74.640            0.017368        0.995114
74.655            0.016655        0.954248
74.670            0.015938        0.913174
74.685            0.015217        0.871878
74.700            0.014492        0.830348
74.715            0.013763        0.788569
74.730            0.013029        0.746528
74.745            0.012291        0.704212
74.760            0.011547        0.661606
74.775            0.010798        0.618697
74.790            0.010044        0.575472
74.805            0.009284        0.531917
74.820            0.008518        0.488019
74.835            0.007745        0.443765
74.850            0.006966        0.399143
74.865            0.006181        0.354139
74.880            0.005389        0.308741
74.895            0.004589        0.262937
74.910            0.003782        0.216716
74.925            0.002968        0.170066
74.940            0.002146        0.122975
74.955            0.001317        0.075435
74.970            0.000479        0.027434
74.985           -0.000367       -0.021038
75.000           -0.001222       -0.069988
75.015           -0.002084       -0.119427
75.030           -0.002956       -0.169362
75.045           -0.003836       -0.219800
75.060           -0.004725       -0.270748
75.075           -0.005624       -0.322214
75.090           -0.006531       -0.374201
75.105           -0.007448       -0.426715
75.120           -0.008373       -0.479762
75.135           -0.009309       -0.533343
75.150           -0.010253       -0.587462
75.165           -0.011207       -0.642121
75.180           -0.012171       -0.697321
75.195           -0.013143       -0.753064
75.210           -0.014126       -0.809349
75.225           -0.015118       -0.866175
75.240           -0.016119       -0.923540
75.255           -0.017129       -0.981443
75.270           -0.018149       -1.039880
75.285           -0.019179       -1.098848
75.300           -0.020217       -1.158341
75.315           -0.021264       -1.218355
75.330           -0.022321       -1.278883
75.345           -0.023386       -1.339918
75.360           -0.024460       -1.401453
75.375           -0.025543       -1.463480
75.390           -0.026634       -1.525989
75.405           -0.027733       -1.588972
75.420           -0.028840       -1.652417
75.435           -0.029955       -1.716313
75.450           -0.031078       -1.780650
75.465           -0.032209       -1.845414
75.480           -0.033346       -1.910593
75.495           -0.034491       -1.976174
75.510           -0.035642       -2.042142
75.525           -0.036800       -2.108483
75.540           -0.037964       -2.175182
75.555           -0.039134       -2.242224
75.570           -0.040310       -2.309592
75.585           -0.041491       -2.377270
75.600           -0.042678       -2.445241
75.615           -0.043869       -2.513489
75.630           -0.045064       -2.581994
75.645           -0.046264       -2.650741
75.660           -0.047468       -2.719709
75.675           -0.048675       -2.788881
75.690           -0.049886       -2.858238
75.705           -0.051099       -2.927761
75.720           -0.052315       -2.997430
75.735           -0.053533       -3.067225
75.750           -0.054753       -3.137128
75.765           -0.055975       -3.207118
75.780           -0.057197       -3.277175
75.795           -0.058421       -3.347279
75.810           -0.059645       -3.417409
75.825           -0.060869       -3.487546
75.840           -0.062093       -3.557669
75.855           -0.063316       -3.627756
75.870           -0.064539       -3.697788
75.885           -0.065760       -3.767745
75.900           -0.066979       -3.837604
75.915           -0.068196       -3.907346
75.930           -0.069411       -3.976951
75.945           -0.070623       -4.046396
75.960           -0.071832       -4.115663
75.975           -0.073037       -4.184730
75.990           -0.074239       -4.253576
76.005           -0.075436       -4.322182
76.020           -0.076629       -4.390527
76.035           -0.077817       -4.458590
76.050           -0.079000       -4.526352
76.065           -0.080177       -4.593791
76.080           -0.081348       -4.660889
76.095           -0.082513       -4.727625
76.110           -0.083671       -4.793979
76.125           -0.084822       -4.859931
76.140           -0.085966       -4.925462
76.155           -0.087102       -4.990552
76.170           -0.088230       -5.055182
76.185           -0.089349       -5.119332
76.200           -0.090460       -5.182984
76.215           -0.091562       -5.246117
76.230           -0.092655       -5.308713
76.245           -0.093737       -5.370754
76.260           -0.094810       -5.432221
76.275           -0.095873       -5.493094
76.290           -0.096924       -5.553356
76.305           -0.097965       -5.612989
76.320           -0.098995       -5.671974
76.335           -0.100012       -5.730293
76.350           -0.101018       -5.787929
76.365           -0.102012       -5.844865
76.380           -0.102993       -5.901082
76.395           -0.103962       -5.956563
76.410           -0.104917       -6.011292
76.425           -0.105859       -6.065251
76.440           -0.106787       -6.118425
76.455           -0.107701       -6.170795
76.470           -0.108600       -6.222347
76.485           -0.109486       -6.273064
76.500           -0.110356       -6.322931
76.515           -0.111211       -6.371931
76.530           -0.112051       -6.420049
76.545           -0.112875       -6.467271
76.560           -0.113683       -6.513581
76.575           -0.114476       -6.558965
76.590           -0.115251       -6.603409
76.605           -0.116010       -6.646898
76.620           -0.116752       -6.689419
76.635           -0.117477       -6.730958
76.650           -0.118185       -6.771502
76.665           -0.118875       -6.811039
76.680           -0.119547       -6.849555
76.695           -0.120202       -6.887039
76.710           -0.120837       -6.923478
76.725           -0.121455       -6.958862
76.740           -0.122054       -6.993178
76.755           -0.122634       -7.026417
76.770           -0.123195       -7.058567
76.785           -0.123737       -7.089618
76.800           -0.124260       -7.119562
76.815           -0.124763       -7.148388
76.830           -0.125246       -7.176088
76.845           -0.125710       -7.202653
76.860           -0.126154       -7.228076
76.875           -0.126577       -7.252347
76.890           -0.126981       -7.275461
76.905           -0.127364       -7.297411
76.920           -0.127726       -7.318189
76.935           -0.128069       -7.337791
76.950           -0.128390       -7.356210
76.965           -0.128691       -7.373442
76.980           -0.128971       -7.389482
76.995           -0.129230       -7.404326
77.010           -0.129468       -7.417970
77.025           -0.129685       -7.430412
77.040           -0.129881       -7.441648
77.055           -0.130056       -7.451676
77.070           -0.130210       -7.460495
77.085           -0.130343       -7.468103
77.100           -0.130455       -7.474499
77.115           -0.130545       -7.479684
77.130           -0.130614       -7.483657
77.145           -0.130663       -7.486420
77.160           -0.130690       -7.487972
77.175           -0.130696       -7.488316
77.190           -0.130681       -7.487453
77.205           -0.130645       -7.485387
77.220           -0.130588       -7.482120
77.235           -0.130510       -7.477656
77.250           -0.130411       -7.471999
77.265           -0.130291       -7.465152
77.280           -0.130151       -7.457122
77.295           -0.129991       -7.447912
77.310           -0.129809       -7.437529
77.325           -0.129608       -7.425978
77.340           -0.129386       -7.413266
77.355           -0.129144       -7.399401
77.370           -0.128882       -7.384388
77.385           -0.128600       -7.368236
77.400           -0.128298       -7.350953
77.415           -0.127977       -7.332547
77.430           -0.127636       -7.313026
77.445           -0.127276       -7.292400
77.460           -0.126897       -7.270677
77.475           -0.126499       -7.247867
77.490           -0.126082       -7.223980
77.505           -0.125647       -7.199026
77.520           -0.125193       -7.173015
77.535           -0.124720       -7.145956
77.550           -0.124230       -7.117862
77.565           -0.123722       -7.088742
77.580           -0.123196       -7.058607
77.595           -0.122652       -7.027468
77.610           -0.122092       -6.995336
77.625           -0.121514       -6.962222
77.640           -0.120919       -6.928138
77.655           -0.120307       -6.893093
77.670           -0.119679       -6.857100
77.685           -0.119034       -6.820169
77.700           -0.118374       -6.782311
77.715           -0.117697       -6.743537
77.730           -0.117004       -6.703857
77.745           -0.116296       -6.663282
77.760           -0.115573       -6.621823
77.775           -0.114834       -6.579490
77.790           -0.114080       -6.536292
77.805           -0.113311       -6.492238
77.820           -0.112527       -6.447340
77.835           -0.111729       -6.401605
77.850           -0.110916       -6.355042
77.865           -0.110089       -6.307660
77.880           -0.109248       -6.259467
77.895           -0.108393       -6.210470
77.910           -0.107524       -6.160677
77.925           -0.106641       -6.110094
77.940           -0.105745       -6.058728
77.955           -0.104835       -6.006585
77.970           -0.103911       -5.953671
77.985           -0.102974       -5.899989
78.000           -0.102024       -5.845546
78.015           -0.101061       -5.790344
78.030           -0.100084       -5.734388
78.045           -0.099094       -5.677680
78.060           -0.098091       -5.620223
78.075           -0.097076       -5.562020
78.090           -0.096047       -5.503070
78.105           -0.095005       -5.443377
78.120           -0.093950       -5.382939
78.135           -0.092882       -5.321758
78.150           -0.091801       -5.259833
78.165           -0.090708       -5.197162
78.180           -0.089601       -5.133745
78.195           -0.088481       -5.069580
78.210           -0.087348       -5.004665
78.225           -0.086202       -4.938997
78.240           -0.085042       -4.872574
78.255           -0.083870       -4.805392
78.270           -0.082684       -4.737448
78.285           -0.081485       -4.668737
78.300           -0.080272       -4.599257
78.315           -0.079046       -4.529002
78.330           -0.077806       -4.457969
78.345           -0.076553       -4.386152
78.360           -0.075286       -4.313548
78.375           -0.074005       -4.240151
78.390           -0.072710       -4.165957
78.405           -0.071401       -4.090960
78.420           -0.070078       -4.015157
78.435           -0.068741       -3.938543
78.450           -0.067389       -3.861113
78.465           -0.066023       -3.782863
78.480           -0.064643       -3.703789
78.495           -0.063249       -3.623888
78.510           -0.061840       -3.543156
78.525           -0.060416       -3.461590
78.540           -0.058978       -3.379187
78.555           -0.057525       -3.295945
78.570           -0.056058       -3.211864
78.585           -0.054575       -3.126940
78.600           -0.053079       -3.041175
78.615           -0.051567       -2.954568
78.630           -0.050041       -2.867120
78.645           -0.048500       -2.778832
78.660           -0.046944       -2.689706
78.675           -0.045374       -2.599746
78.690           -0.043790       -2.508956
78.705           -0.042191       -2.417339
78.720           -0.040577       -2.324902
78.735           -0.038950       -2.231651
78.750           -0.037308       -2.137592
78.765           -0.035652       -2.042735
78.780           -0.033983       -1.947089
78.795           -0.032300       -1.850664
78.810           -0.030604       -1.753470
78.825           -0.028894       -1.655521
78.840           -0.027172       -1.556829
78.855           -0.025437       -1.457409
78.870           -0.023689       -1.357276
78.885           -0.021929       -1.256446
78.900           -0.020157       -1.154937
78.915           -0.018374       -1.052767
78.930           -0.016580       -0.949956
78.945           -0.014775       -0.846524
78.960           -0.012959       -0.742492
78.975           -0.011133       -0.637884
78.990           -0.009298       -0.532722
79.005           -0.007453       -0.427032
79.020           -0.005600       -0.320838
79.035           -0.003738       -0.214167
79.050           -0.001868       -0.107046
79.065            0.000009        0.000496
79.080            0.001892        0.108431
79.095            0.003783        0.216728
79.110            0.005679        0.325358
79.125            0.007580        0.434288
79.140            0.009486        0.543487
79.155            0.011396        0.652922
79.170            0.013309        0.762559
79.185            0.015226        0.872364
79.200            0.017144        0.982303
79.215            0.019065        1.092341
79.230            0.020987        1.202441
79.245            0.022909        1.312569
79.260            0.024831        1.422686
79.275            0.026752        1.532758
79.290            0.028671        1.642745
79.305            0.030589        1.752612
79.320            0.032504        1.862321
79.335            0.034415        1.971833
79.350            0.036322        2.081111
79.365            0.038225        2.190117
79.380            0.040122        2.298813
79.395            0.042013        2.407161
79.410            0.043897        2.515124
79.425            0.045774        2.622662
79.440            0.047643        2.729739
79.455            0.049503        2.836317
79.470            0.051354        2.942359
79.485            0.053195        3.047828
79.500            0.055025        3.152686
79.515            0.056844        3.256899
79.530            0.058651        3.360429
79.545            0.060445        3.463242
79.560            0.062226        3.565301
79.575            0.063994        3.666573
79.590            0.065747        3.767023
79.605            0.067485        3.866618
79.620            0.069208        3.965324
79.635            0.070915        4.063110
79.650            0.072605        4.159942
79.665            0.074278        4.255791
79.680            0.075933        4.350625
79.695            0.077570        4.444414
79.710            0.079188        4.537130
79.725            0.080787        4.628744
79.740            0.082366        4.719228
79.755            0.083925        4.808555
79.770            0.085464        4.896699
79.785            0.086981        4.983634
79.800            0.088477        5.069335
79.815            0.089950        5.153779
79.830            0.091402        5.236942
79.845            0.092831        5.318803
79.860            0.094236        5.399338
79.875            0.095618        5.478528
79.890            0.096977        5.556352
79.905            0.098311        5.632792
79.920            0.099620        5.707827
79.935            0.100905        5.781442
79.950            0.102165        5.853618
79.965            0.103399        5.924340
79.980            0.104608        5.993593
79.995            0.105791        6.061360
80.010            0.106947        6.127629
80.025            0.108078        6.192387
80.040            0.109181        6.255620
80.055            0.110258        6.317317
80.070            0.111308        6.377468
80.085            0.112330        6.436060
80.100            0.113326        6.493086
80.115            0.114294        6.548535
80.130            0.115234        6.602400
80.145            0.116146        6.654672
80.160            0.117030        6.705345
80.175            0.117887        6.754411
80.190            0.118715        6.801866
80.205            0.119515        6.847703
80.220            0.120287        6.891918
80.235            0.121030        6.934507
80.250            0.121745        6.975466
80.265            0.122431        7.014792
80.280            0.123089        7.052482
80.295            0.123718        7.088534
80.310            0.124319        7.122947
80.325            0.124891        7.155719
80.340            0.125434        7.186851
80.355            0.125949        7.216341
80.370            0.126435        7.244191
80.385            0.126892        7.270401
80.400            0.127321        7.294972
80.415            0.127722        7.317906
80.430            0.128093        7.339205
80.445            0.128437        7.358871
80.460            0.128751        7.376909
80.475            0.129038        7.393320
80.490            0.129296        7.408109
80.505            0.129526        7.421280
80.520            0.129727        7.432838
80.535            0.129901        7.442787
80.550            0.130047        7.451133
80.565            0.130165        7.457883
80.580            0.130255        7.463042
80.595            0.130317        7.466616
80.610            0.130352        7.468614
80.625            0.130359        7.469042
80.640            0.130340        7.467908
80.655            0.130293        7.465221
80.670            0.130219        7.460989
80.685            0.130118        7.455222
80.700            0.129991        7.447928
80.715            0.129837        7.439119
80.730            0.129657        7.428804
80.745            0.129451        7.416995
80.760            0.129219        7.403702
80.775            0.128961        7.388937
80.790            0.128678        7.372713
80.805            0.128370        7.355041
80.820            0.128036        7.335936
80.835            0.127678        7.315411
80.850            0.127295        7.293480
80.865            0.126888        7.270157
80.880            0.126457        7.245458
80.895            0.126002        7.219397
80.910            0.125524        7.191991
80.925            0.125022        7.163257
80.940            0.124498        7.133210
80.955            0.123951        7.101870
80.970            0.123382        7.069253
80.985            0.122791        7.035378
81.000            0.122178        7.000265
81.015            0.121544        6.963932
81.030            0.120888        6.926399
81.045            0.120213        6.887688
81.060            0.119517        6.847819
81.075            0.118801        6.806813
81.090            0.118066        6.764694
81.105            0.117312        6.721482
81.120            0.116539        6.677202
81.135            0.115748        6.631877
81.150            0.114939        6.585531
81.165            0.114113        6.538188
81.180            0.113270        6.489874
81.195            0.112410        6.440613
81.210            0.111534        6.390433
81.225            0.110643        6.339360
81.240            0.109736        6.287419
81.255            0.108815        6.234640
81.270            0.107880        6.181049
81.285            0.106931        6.126676
81.300            0.105968        6.071548
81.315            0.104994        6.015695
81.330            0.104007        5.959146
81.345            0.103008        5.901931
81.360            0.101998        5.844081
81.375            0.100978        5.785627
81.390            0.099948        5.726598
81.405            0.098908        5.667028
81.420            0.097860        5.606947
81.435            0.096803        5.546387
81.450            0.095738        5.485382
81.465            0.094666        5.423963
81.480            0.093587        5.362163
81.495            0.092503        5.300016
81.510            0.091413        5.237554
81.525            0.090318        5.174813
81.540            0.089218        5.111825
81.555            0.088115        5.048624
81.570            0.087009        4.985245
81.585            0.085900        4.921722
81.600            0.084790        4.858089
81.615            0.083678        4.794381
81.630            0.082565        4.730633
81.645            0.081452        4.666880
81.660            0.080340        4.603155
81.675            0.079229        4.539495
81.690            0.078120        4.475933
81.705            0.077013        4.412505
81.720            0.075909        4.349246
81.735            0.074808        4.286189
81.750            0.073712        4.223371
81.765            0.072620        4.160824
81.780            0.071534        4.098585
81.795            0.070453        4.036686
81.810            0.069380        3.975162
81.825            0.068313        3.914047
81.840            0.067254        3.853375
81.855            0.066203        3.793179
81.870            0.065162        3.733491
81.885            0.064129        3.674346
81.900            0.063107        3.615774
81.915            0.062095        3.557809
81.930            0.061095        3.500481
81.945            0.060106        3.443823
81.960            0.059129        3.387865
81.975            0.058165        3.332637
81.990            0.057215        3.278169
82.005            0.056278        3.224491
82.020            0.055355        3.171630
82.035            0.054448        3.119616
82.050            0.053555        3.068475
82.065            0.052678        3.018234
82.080            0.051817        2.968919
82.095            0.050973        2.920556
82.110            0.050146        2.873169
82.125            0.049337        2.826782
82.140            0.048545        2.781418
82.155            0.047771        2.737098
82.170            0.047016        2.693845
82.185            0.046280        2.651677
82.200            0.045564        2.610615
82.215            0.044867        2.570676
82.230            0.044190        2.531879
82.245            0.043533        2.494238
82.260            0.042896        2.457769
82.275            0.042280        2.422487
82.290            0.041686        2.388404
82.305            0.041112        2.355531
82.320            0.040559        2.323880
82.335            0.040028        2.293459
82.350            0.039519        2.264276
82.365            0.039031        2.236340
82.380            0.038566        2.209654
82.395            0.038122        2.184223
82.410            0.037700        2.160050
82.425            0.037300        2.137137
82.440            0.036922        2.115484
82.455            0.036566        2.095090
82.470            0.036232        2.075952
82.485            0.035920        2.058066
82.500            0.035630        2.041428
82.515            0.035361        2.026030
82.530            0.035114        2.011865
82.545            0.034888        1.998924
82.560            0.034683        1.987195
82.575            0.034499        1.976666
82.590            0.034336        1.967324
82.605            0.034194        1.959154
82.620            0.034071        1.952140
82.635            0.033969        1.946263
82.650            0.033886        1.941507
82.665            0.033822        1.937849
82.680            0.033777        1.935269
82.695            0.033750        1.933744
82.710            0.033742        1.933250
82.725            0.033751        1.933762
82.740            0.033777        1.935254
82.755            0.033819        1.937697
82.770            0.033878        1.941065
82.785            0.033952        1.945326
82.800            0.034042        1.950451
82.815            0.034146        1.956407
82.830            0.034264        1.963163
82.845            0.034395        1.970684
82.860            0.034539        1.978936
82.875            0.034695        1.987885
82.890            0.034863        1.997494
82.905            0.035041        2.007727
82.920            0.035230        2.018547
82.935            0.035429        2.029915
82.950            0.035636        2.041793
82.965            0.035852        2.054142
82.980            0.036075        2.066923
82.995            0.036305        2.080096
83.010            0.036541        2.093620
83.025            0.036782        2.107456
83.040            0.037028        2.121563
83.055            0.037278        2.135899
83.070            0.037532        2.150424
83.085            0.037788        2.165096
83.100            0.038046        2.179875
83.115            0.038305        2.194718
83.130            0.038565        2.209586
83.145            0.038824        2.224437
83.160            0.039082        2.239231
83.175            0.039338        2.253926
83.190            0.039592        2.268482
83.205            0.039843        2.282860
83.220            0.040091        2.297019
83.235            0.040333        2.310920
83.250            0.040571        2.324524
83.265            0.040802        2.337793
83.280            0.041027        2.350689
83.295            0.041245        2.363174
83.310            0.041455        2.375211
83.325            0.041657        2.386764
83.340            0.041849        2.397796
83.355            0.042032        2.408274
83.370            0.042205        2.418161
83.385            0.042367        2.427426
83.400            0.042517        2.436033
83.415            0.042655        2.443951
83.430            0.042781        2.451148
83.445            0.042893        2.457592
83.460            0.042992        2.463255
83.475            0.043077        2.468105
83.490            0.043147        2.472114
83.505            0.043201        2.475255
83.520            0.043241        2.477499
83.535            0.043264        2.478820
83.550            0.043270        2.479193
83.565            0.043260        2.478591
83.580            0.043232        2.476992
83.595            0.043186        2.474371
83.610            0.043122        2.470705
83.625            0.043039        2.465972
83.640            0.042938        2.460152
83.655            0.042817        2.453222
83.670            0.042676        2.445164
83.685            0.042515        2.435958
83.700            0.042334        2.425584
83.715            0.042133        2.414026
83.730            0.041910        2.401266
83.745            0.041666        2.387286
83.760            0.041400        2.372072
83.775            0.041113        2.355607
83.790            0.040804        2.337877
83.805            0.040472        2.318867
83.820            0.040118        2.298564
83.835            0.039740        2.276953
83.850            0.039340        2.254024
83.865            0.038917        2.229763
83.880            0.038470        2.204159
83.895            0.037999        2.177200
83.910            0.037505        2.148877
83.925            0.036987        2.119179
83.940            0.036444        2.088096
83.955            0.035877        2.055619
83.970            0.035286        2.021739
83.985            0.034670        1.986449
84.000            0.034029        1.949739
84.015            0.033364        1.911604
84.030            0.032673        1.872035
84.045            0.031957        1.831026
84.060            0.031216        1.788571
84.075            0.030450        1.744665
84.090            0.029658        1.699302
84.105            0.028841        1.652477
84.120            0.027998        1.604186
84.135            0.027130        1.554425
84.150            0.026236        1.503191
84.165            0.025316        1.450480
84.180            0.024370        1.396289
84.195            0.023398        1.340617
84.210            0.022401        1.283462
84.225            0.021377        1.224822
84.240            0.020328        1.164697
84.255            0.019252        1.103087
84.270            0.018151        1.039991
84.285            0.017024        0.975411
84.300            0.015871        0.909348
84.315            0.014692        0.841804
84.330            0.013488        0.772781
84.345            0.012257        0.702281
84.360            0.011001        0.630310
84.375            0.009719        0.556870
84.390            0.008412        0.481966
84.405            0.007079        0.405604
84.420            0.005721        0.327790
84.435            0.004338        0.248530
84.450            0.002929        0.167833
84.465            0.001496        0.085704
84.480            0.000038        0.002155
84.495           -0.001445       -0.082807
84.510           -0.002953       -0.169171
84.525           -0.004484       -0.256926
84.540           -0.006040       -0.346061
84.555           -0.007619       -0.436563
84.570           -0.009223       -0.528419
84.585           -0.010849       -0.621614
84.600           -0.012499       -0.716135
84.615           -0.014171       -0.811965
84.630           -0.015867       -0.909089
84.645           -0.017584       -1.007488
84.660           -0.019323       -1.107145
84.675           -0.021084       -1.208041
84.690           -0.022867       -1.310156
84.705           -0.024670       -1.413468
84.720           -0.026493       -1.517958
84.735           -0.028337       -1.623601
84.750           -0.030201       -1.730375
84.765           -0.032084       -1.838255
84.780           -0.033985       -1.947216
84.795           -0.035905       -2.057232
84.810           -0.037844       -2.168275
84.825           -0.039799       -2.280319
84.840           -0.041772       -2.393334
84.855           -0.043760       -2.507290
84.870           -0.045765       -2.622156
84.885           -0.047785       -2.737902
84.900           -0.049820       -2.854494
84.915           -0.051869       -2.971899
84.930           -0.053932       -3.090084
84.945           -0.056008       -3.209012
84.960           -0.058096       -3.328647
84.975           -0.060196       -3.448954
84.990           -0.062306       -3.569894
85.005           -0.064428       -3.691428
85.020           -0.066558       -3.813518
85.035           -0.068698       -3.936122
85.050           -0.070846       -4.059201
85.065           -0.073002       -4.182712
85.080           -0.075165       -4.306612
85.095           -0.077333       -4.430860
85.110           -0.079507       -4.555409
85.125           -0.081685       -4.680217
85.140           -0.083867       -4.805236
85.155           -0.086052       -4.930423
85.170           -0.088239       -5.055729
85.185           -0.090427       -5.181108
85.200           -0.092616       -5.306511
85.215           -0.094804       -5.431891
85.230           -0.096991       -5.557198
85.245           -0.099176       -5.682384
85.260           -0.101358       -5.807397
85.275           -0.103536       -5.932189
85.290           -0.105710       -6.056709
85.305           -0.107877       -6.180904
85.320           -0.110038       -6.304725
85.335           -0.112192       -6.428120
85.350           -0.114337       -6.551035
85.365           -0.116473       -6.673421
85.380           -0.118599       -6.795224
85.395           -0.120714       -6.916391
85.410           -0.122817       -7.036871
85.425           -0.124906       -7.156611
85.440           -0.126982       -7.275558
85.455           -0.129044       -7.393660
85.470           -0.131089       -7.510863
85.485           -0.133118       -7.627117
85.500           -0.135130       -7.742367
85.515           -0.137123       -7.856563
85.530           -0.139097       -7.969652
85.545           -0.141050       -8.081583
85.560           -0.142983       -8.192304
85.575           -0.144893       -8.301764
85.590           -0.146781       -8.409912
85.605           -0.148644       -8.516700
85.620           -0.150484       -8.622075
85.635           -0.152297       -8.725990
85.650           -0.154085       -8.828396
85.665           -0.155845       -8.929244
85.680           -0.157577       -9.028487
85.695           -0.159280       -9.126078
85.710           -0.160954       -9.221971
85.725           -0.162597       -9.316120
85.740           -0.164209       -9.408480
85.755           -0.165789       -9.499008
85.770           -0.167336       -9.587661
85.785           -0.168850       -9.674396
85.800           -0.170330       -9.759172
85.815           -0.171774       -9.841948
85.830           -0.173184       -9.922685
85.845           -0.174556      -10.001345
85.860           -0.175892      -10.077889
85.875           -0.177191      -10.152282
85.890           -0.178451      -10.224487
85.905           -0.179672      -10.294471
85.920           -0.180855      -10.362200
85.935           -0.181997      -10.427643
85.950           -0.183098      -10.490767
85.965           -0.184159      -10.551543
85.980           -0.185178      -10.609943
85.995           -0.186156      -10.665939
86.010           -0.187091      -10.719504
86.025           -0.187983      -10.770614
86.040           -0.188831      -10.819244
86.055           -0.189637      -10.865372
86.070           -0.190398      -10.908977
86.085           -0.191114      -10.950038
86.100           -0.191786      -10.988537
86.115           -0.192413      -11.024455
86.130           -0.192995      -11.057777
86.145           -0.193531      -11.088487
86.160           -0.194021      -11.116572
86.175           -0.194465      -11.142019
86.190           -0.194863      -11.164816
86.205           -0.195214      -11.184953
86.220           -0.195519      -11.202423
86.235           -0.195777      -11.217216
86.250           -0.195989      -11.229328
86.265           -0.196153      -11.238752
86.280           -0.196271      -11.245486
86.295           -0.196341      -11.249526
86.310           -0.196365      -11.250871
86.325           -0.196341      -11.249521
86.340           -0.196271      -11.245478
86.355           -0.196153      -11.238742
86.370           -0.195989      -11.229319
86.385           -0.195777      -11.217211
86.400           -0.195519      -11.202426
86.415           -0.195215      -11.184970
86.430           -0.194863      -11.164851
86.445           -0.194466      -11.142077
86.460           -0.194022      -11.116661
86.475           -0.193533      -11.088611
86.490           -0.192997      -11.057942
86.505           -0.192417      -11.024666
86.520           -0.191791      -10.988798
86.535           -0.191120      -10.950353
86.550           -0.190404      -10.909348
86.565           -0.189644      -10.865799
86.580           -0.188840      -10.819726
86.595           -0.187992      -10.771148
86.610           -0.187101      -10.720084
86.625           -0.186167      -10.666557
86.640           -0.185190      -10.610587
86.655           -0.184171      -10.552198
86.670           -0.183110      -10.491414
86.685           -0.182007      -10.428258
86.700           -0.180864      -10.362757
86.715           -0.179681      -10.294936
86.730           -0.178457      -10.224823
86.745           -0.177194      -10.152444
86.760           -0.175891      -10.077828
86.775           -0.174550      -10.001004
86.790           -0.173172       -9.922002
86.805           -0.171755       -9.840852
86.820           -0.170302       -9.757585
86.835           -0.168812       -9.672232
86.850           -0.167287       -9.584826
86.865           -0.165726       -9.495399
86.880           -0.164130       -9.403984
86.895           -0.162501       -9.310616
86.910           -0.160838       -9.215328
86.925           -0.159142       -9.118156
86.940           -0.157414       -9.019134
86.955           -0.155654       -8.918297
86.970           -0.153863       -8.815683
86.985           -0.152041       -8.711327
87.000           -0.150190       -8.605267
87.015           -0.148310       -8.497538
87.030           -0.146401       -8.388179
87.045           -0.144465       -8.277228
87.060           -0.142501       -8.164722
87.075           -0.140511       -8.050699
87.090           -0.138495       -7.935198
87.105           -0.136454       -7.818258
87.120           -0.134389       -7.699917
87.135           -0.132300       -7.580215
87.150           -0.130187       -7.459190
87.165           -0.128053       -7.336882
87.180           -0.125896       -7.213330
87.195           -0.123719       -7.088574
87.210           -0.121521       -6.962652
87.225           -0.119304       -6.835605
87.240           -0.117067       -6.707472
87.255           -0.114813       -6.578292
87.270           -0.112541       -6.448105
87.285           -0.110252       -6.316950
87.300           -0.107946       -6.184867
87.315           -0.105625       -6.051894
87.330           -0.103290       -5.918071
87.345           -0.100940       -5.783437
87.360           -0.098577       -5.648031
87.375           -0.096201       -5.511890
87.390           -0.093812       -5.375055
87.405           -0.091413       -5.237562
87.420           -0.089002       -5.099450
87.435           -0.086582       -4.960757
87.450           -0.084151       -4.821520
87.465           -0.081712       -4.681777
87.480           -0.079265       -4.541565
87.495           -0.076811       -4.400920
87.510           -0.074349       -4.259879
87.525           -0.071881       -4.118477
87.540           -0.069407       -3.976751
87.555           -0.066929       -3.834736
87.570           -0.064446       -3.692467
87.585           -0.061959       -3.549978
87.600           -0.059469       -3.407305
87.615           -0.056976       -3.264480
87.630           -0.054481       -3.121537
87.645           -0.051985       -2.978509
87.660           -0.049488       -2.835430
87.675           -0.046990       -2.692330
87.690           -0.044493       -2.549242
87.705           -0.041996       -2.406197
87.720           -0.039501       -2.263227
87.735           -0.037007       -2.120360
87.750           -0.034516       -1.977629
87.765           -0.032028       -1.835060
87.780           -0.029543       -1.692685
87.795           -0.027062       -1.550531
87.810           -0.024585       -1.408627
87.825           -0.022113       -1.266999
87.840           -0.019647       -1.125676
87.855           -0.017186       -0.984683
87.870           -0.014731       -0.844047
87.885           -0.012284       -0.703793
87.900           -0.009843       -0.563947
87.915           -0.007409       -0.424533
87.930           -0.004984       -0.285575
87.945           -0.002567       -0.147097
87.960           -0.000159       -0.009121
87.975            0.002240        0.128328
87.990            0.004629        0.265230
88.005            0.007009        0.401562
88.020            0.009378        0.537303
88.035            0.011736        0.672432
88.050            0.014084        0.806930
88.065            0.016420        0.940776
88.080            0.018744        1.073951
88.095            0.021056        1.206436
88.110            0.023356        1.338213
88.125            0.025643        1.469263
88.140            0.027918        1.599570
88.155            0.030179        1.729115
88.170            0.032426        1.857883
88.185            0.034660        1.985856
88.200            0.036879        2.113019
88.215            0.039084        2.239357
88.230            0.041274        2.364854
88.245            0.043450        2.489496
88.260            0.045610        2.613269
88.275            0.047755        2.736158
88.290            0.049884        2.858149
88.305            0.051997        2.979230
88.320            0.054095        3.099388
88.335            0.056175        3.218609
88.350            0.058240        3.336883
88.365            0.060287        3.454196
88.380            0.062318        3.570537
88.395            0.064331        3.685894
88.410            0.066327        3.800258
88.425            0.068305        3.913615
88.440            0.070266        4.025957
88.455            0.072209        4.137273
88.470            0.074134        4.247552
88.485            0.076040        4.356784
88.500            0.077928        4.464961
88.515            0.079798        4.572072
88.530            0.081648        4.678108
88.545            0.083480        4.783059
88.560            0.085293        4.886918
88.575            0.087086        4.989675
88.590            0.088860        5.091321
88.605            0.090615        5.191848
88.620            0.092350        5.291248
88.635            0.094065        5.389512
88.650            0.095760        5.486632
88.665            0.097435        5.582599
88.680            0.099089        5.677407
88.695            0.100724        5.771046
88.710            0.102338        5.863510
88.725            0.103931        5.954790
88.740            0.105503        6.044878
88.755            0.107054        6.133768
88.770            0.108585        6.221450
88.785            0.110094        6.307919
88.800            0.111582        6.393165
88.815            0.113048        6.477183
88.830            0.114493        6.559963
88.845            0.115916        6.641498
88.860            0.117317        6.721782
88.875            0.118696        6.800807
88.890            0.120054        6.878564
88.905            0.121388        6.955048
88.920            0.122701        7.030249
88.935            0.123991        7.104162
88.950            0.125258        7.176777
88.965            0.126503        7.248089
88.980            0.127725        7.318089
88.995            0.128923        7.386769
89.010            0.130099        7.454124
89.025            0.131251        7.520144
89.040            0.132380        7.584822
89.055            0.133485        7.648152
89.070            0.134567        7.710125
89.085            0.135625        7.770734
89.100            0.136659        7.829971
89.115            0.137669        7.887830
89.130            0.138654        7.944303
89.145            0.139616        7.999381
89.160            0.140552        8.053059
89.175            0.141465        8.105328
89.190            0.142352        8.156181
89.205            0.143215        8.205611
89.220            0.144053        8.253611
89.235            0.144865        8.300173
89.250            0.145653        8.345291
89.265            0.146415        8.388956
89.280            0.147152        8.431163
89.295            0.147863        8.471903
89.310            0.148548        8.511171
89.325            0.149207        8.548959
89.340            0.149841        8.585261
89.355            0.150449        8.620070
89.370            0.151030        8.653380
89.385            0.151585        8.685184
89.400            0.152114        8.715476
89.415            0.152616        8.744249
89.430            0.153092        8.771498
89.445            0.153540        8.797218
89.460            0.153962        8.821401
89.475            0.154358        8.844043
89.490            0.154726        8.865138
89.505            0.155067        8.884681
89.520            0.155381        8.902667
89.535            0.155668        8.919091
89.550            0.155927        8.933948
89.565            0.156159        8.947235
89.580            0.156363        8.958946
89.595            0.156540        8.969078
89.610            0.156689        8.977627
89.625            0.156811        8.984589
89.640            0.156904        8.989962
89.655            0.156970        8.993741
89.670            0.157009        8.995925
89.685            0.157019        8.996511
89.700            0.157001        8.995497
89.715            0.156955        8.992880
89.730            0.156882        8.988659
89.745            0.156780        8.982833
89.760            0.156650        8.975400
89.775            0.156493        8.966361
89.790            0.156307        8.955714
89.805            0.156093        8.943460
89.820            0.155851        8.929599
89.835            0.155581        8.914131
89.850            0.155283        8.897058
89.865            0.154957        8.878381
89.880            0.154603        8.858101
89.895            0.154221        8.836222
89.910            0.153811        8.812744
89.925            0.153374        8.787672
89.940            0.152908        8.761009
89.955            0.152415        8.732757
89.970            0.151895        8.702922
89.985            0.151346        8.671508
90.000            0.150771        8.638519
90.015            0.150167        8.603961
90.030            0.149537        8.567840
90.045            0.148879        8.530162
90.060            0.148195        8.490934
90.075            0.147483        8.450162
90.090            0.146745        8.407854
90.105            0.145980        8.364017
90.120            0.145188        8.318661
90.135            0.144370        8.271794
90.150            0.143526        8.223425
90.165            0.142656        8.173563
90.180            0.141759        8.122220
90.195            0.140838        8.069404
90.210            0.139890        8.015127
90.225            0.138918        7.959400
90.240            0.137920        7.902235
90.255            0.136897        7.843645
90.270            0.135850        7.783640
90.285            0.134778        7.722235
90.300            0.133682        7.659442
90.315            0.132563        7.595276
90.330            0.131419        7.529750
90.345            0.130252        7.462878
90.360            0.129061        7.394676
90.375            0.127848        7.325159
90.390            0.126612        7.254341
90.405            0.125354        7.182238
90.420            0.124073        7.108867
90.435            0.122771        7.034245
90.450            0.121447        6.958386
90.465            0.120102        6.881310
90.480            0.118735        6.803032
90.495            0.117348        6.723570
90.510            0.115941        6.642942
90.525            0.114514        6.561165
90.540            0.113067        6.478259
90.555            0.111601        6.394241
90.570            0.110115        6.309129
90.585            0.108611        6.222943
90.600            0.107088        6.135702
90.615            0.105547        6.047423
90.630            0.103989        5.958127
90.645            0.102413        5.867833
90.660            0.100820        5.776561
90.675            0.099210        5.684329
90.690            0.097584        5.591157
90.705            0.095942        5.497065
90.720            0.094284        5.402074
90.735            0.092611        5.306202
90.750            0.090922        5.209470
90.765            0.089219        5.111898
90.780            0.087502        5.013505
90.795            0.085771        4.914312
90.810            0.084026        4.814339
90.825            0.082268        4.713606
90.840            0.080497        4.612134
90.855            0.078713        4.509941
90.870            0.076918        4.407049
90.885            0.075110        4.303478
90.900            0.073291        4.199248
90.915            0.071460        4.094380
90.930            0.069619        3.988892
90.945            0.067768        3.882807
90.960            0.065906        3.776144
90.975            0.064035        3.668923
90.990            0.062154        3.561166
91.005            0.060264        3.452891
91.020            0.058366        3.344121
91.035            0.056459        3.234875
91.050            0.054545        3.125173
91.065            0.052622        3.015038
91.080            0.050693        2.904488
91.095            0.048757        2.793546
91.110            0.046814        2.682232
91.125            0.044865        2.570566
91.140            0.042910        2.458571
91.155            0.040950        2.346268
91.170            0.038985        2.233677
91.185            0.037015        2.120820
91.200            0.035041        2.007720
91.215            0.033063        1.894397
91.230            0.031082        1.780875
91.245            0.029098        1.667175
91.260            0.027111        1.553321
91.275            0.025121        1.439333
91.290            0.023130        1.325237
91.305            0.021137        1.211055
91.320            0.019143        1.096810
91.335            0.017148        0.982526
91.350            0.015153        0.868228
91.365            0.013159        0.753939
91.380            0.011165        0.639685
91.395            0.009172        0.525491
91.410            0.007180        0.411381
91.425            0.005190        0.297382
91.440            0.003203        0.183520
91.455            0.001219        0.069821
91.470           -0.000763       -0.043688
91.485           -0.002740       -0.156981
91.500           -0.004713       -0.270028
91.515           -0.006681       -0.382804
91.530           -0.008644       -0.495279
91.545           -0.010602       -0.607424
91.560           -0.012553       -0.719211
91.575           -0.014497       -0.830611
91.590           -0.016434       -0.941593
91.605           -0.018363       -1.052128
91.620           -0.020284       -1.162185
91.635           -0.022196       -1.271732
91.650           -0.024098       -1.380740
91.665           -0.025991       -1.489176
91.680           -0.027873       -1.597009
91.695           -0.029744       -1.704206
91.710           -0.031603       -1.810734
91.725           -0.033450       -1.916562
91.740           -0.035285       -2.021655
91.755           -0.037105       -2.125981
91.770           -0.038912       -2.229506
91.785           -0.040705       -2.332196
91.800           -0.042482       -2.434017
91.815           -0.044243       -2.534935
91.830           -0.045988       -2.634915
91.845           -0.047716       -2.733922
91.860           -0.049426       -2.831923
91.875           -0.051119       -2.928881
91.890           -0.052792       -3.024763
91.905           -0.054446       -3.119533
91.920           -0.056080       -3.213157
91.935           -0.057694       -3.305598
91.950           -0.059286       -3.396823
91.965           -0.060856       -3.486797
91.980           -0.062404       -3.575484
91.995           -0.063929       -3.662849
92.010           -0.065430       -3.748859
92.025           -0.066907       -3.833479
92.040           -0.068359       -3.916675
92.055           -0.069785       -3.998413
92.070           -0.071186       -4.078658
92.085           -0.072560       -4.157379
92.100           -0.073907       -4.234541
92.115           -0.075226       -4.310113
92.130           -0.076516       -4.384061
92.145           -0.077778       -4.456355
92.160           -0.079010       -4.526962
92.175           -0.080213       -4.595853
92.190           -0.081385       -4.662996
92.205           -0.082526       -4.728363
92.220           -0.083635       -4.791924
92.235           -0.084712       -4.853651
92.250           -0.085757       -4.913515
92.265           -0.086769       -4.971491
92.280           -0.087747       -5.027551
92.295           -0.088692       -5.081670
92.310           -0.089602       -5.133824
92.325           -0.090478       -5.183989
92.340           -0.091318       -5.232141
92.355           -0.092123       -5.278259
92.370           -0.092892       -5.322321
92.385           -0.093625       -5.364308
92.400           -0.094321       -5.404199
92.415           -0.094980       -5.441977
92.430           -0.095603       -5.477624
92.445           -0.096187       -5.511125
92.460           -0.096734       -5.542464
92.475           -0.097243       -5.571627
92.490           -0.097714       -5.598601
92.505           -0.098146       -5.623376
92.520           -0.098540       -5.645939
92.535           -0.098895       -5.666281
92.550           -0.099211       -5.684396
92.565           -0.099489       -5.700274
92.580           -0.099727       -5.713911
92.595           -0.099925       -5.725302
92.610           -0.100085       -5.734443
92.625           -0.100205       -5.741332
92.640           -0.100286       -5.745969
92.655           -0.100328       -5.748353
92.670           -0.100330       -5.748487
92.685           -0.100293       -5.746372
92.700           -0.100217       -5.742013
92.715           -0.100102       -5.735416
92.730           -0.099948       -5.726586
92.745           -0.099755       -5.715531
92.760           -0.099523       -5.702261
92.775           -0.099253       -5.686785
92.790           -0.098945       -5.669114
92.805           -0.098598       -5.649261
92.820           -0.098214       -5.627240
92.835           -0.097792       -5.603065
92.850           -0.097333       -5.576751
92.865           -0.096836       -5.548317
92.880           -0.096303       -5.517780
92.895           -0.095734       -5.485158
92.910           -0.095129       -5.450473
92.925           -0.094488       -5.413744
92.940           -0.093811       -5.374995
92.955           -0.093100       -5.334247
92.970           -0.092355       -5.291525
92.985           -0.091575       -5.246853
93.000           -0.090762       -5.200257
93.015           -0.089915       -5.151763
93.030           -0.089036       -5.101398
93.045           -0.088125       -5.049190
93.060           -0.087182       -4.995167
93.075           -0.086208       -4.939359
93.090           -0.085203       -4.881795
93.105           -0.084169       -4.822506
93.120           -0.083104       -4.761522
93.135           -0.082011       -4.698875
93.150           -0.080889       -4.634597
93.165           -0.079739       -4.568719
93.180           -0.078562       -4.501275
93.195           -0.077358       -4.432298
93.210           -0.076128       -4.361821
93.225           -0.074872       -4.289877
93.240           -0.073592       -4.216500
93.255           -0.072287       -4.141725
93.270           -0.070958       -4.065586
93.285           -0.069606       -3.988116
93.300           -0.068231       -3.909352
93.315           -0.066834       -3.829327
93.330           -0.065416       -3.748076
93.345           -0.063977       -3.665634
93.360           -0.062518       -3.582035
93.375           -0.061040       -3.497315
93.390           -0.059542       -3.411508
93.405           -0.058026       -3.324649
93.420           -0.056492       -3.236772
93.435           -0.054941       -3.147912
93.450           -0.053374       -3.058103
93.465           -0.051791       -2.967381
93.480           -0.050192       -2.875778
93.495           -0.048578       -2.783329
93.510           -0.046951       -2.690068
93.525           -0.045309       -2.596028
93.540           -0.043655       -2.501244
93.555           -0.041988       -2.405748
93.570           -0.040310       -2.309575
93.585           -0.038620       -2.212757
93.600           -0.036919       -2.115327
93.615           -0.035209       -2.017318
93.630           -0.033489       -1.918763
93.645           -0.031760       -1.819694
93.660           -0.030022       -1.720144
93.675           -0.028277       -1.620145
93.690           -0.026524       -1.519729
93.705           -0.024765       -1.418928
93.720           -0.023000       -1.317775
93.735           -0.021228       -1.216301
93.750           -0.019452       -1.114538
93.765           -0.017672       -1.012518
93.780           -0.015887       -0.910272
93.795           -0.014099       -0.807832
93.810           -0.012309       -0.705230
93.825           -0.010516       -0.602498
93.840           -0.008721       -0.499666
93.855           -0.006925       -0.396768
93.870           -0.005128       -0.293834
93.885           -0.003332       -0.190896
93.900           -0.001536       -0.087986
93.915            0.000259        0.014864
93.930            0.002053        0.117621
93.945            0.003844        0.220255
93.960            0.005633        0.322733
93.975            0.007418        0.425022
93.990            0.009199        0.527091
94.005            0.010976        0.628906
94.020            0.012749        0.730436
94.035            0.014515        0.831647
94.050            0.016275        0.932507
94.065            0.018029        1.032982
94.080            0.019775        1.133040
94.095            0.021514        1.232648
94.110            0.023244        1.331772
94.125            0.024965        1.430378
94.140            0.026676        1.528433
94.155            0.028377        1.625904
94.170            0.030068        1.722757
94.185            0.031747        1.818958
94.200            0.033414        1.914473
94.215            0.035068        2.009268
94.230            0.036710        2.103309
94.245            0.038337        2.196563
94.260            0.039951        2.288996
94.275            0.041549        2.380572
94.290            0.043132        2.471260
94.305            0.044698        2.561024
94.320            0.046248        2.649832
94.335            0.047781        2.737649
94.350            0.049296        2.824442
94.365            0.050792        2.910177
94.380            0.052270        2.994822
94.395            0.053727        3.078344
94.410            0.055165        3.160709
94.425            0.056582        3.241886
94.440            0.057977        3.321842
94.455            0.059351        3.400546
94.470            0.060702        3.477965
94.485            0.062030        3.554068
94.500            0.063335        3.628826
94.515            0.064616        3.702207
94.530            0.065872        3.774182
94.545            0.067103        3.844720
94.560            0.068309        3.913794
94.575            0.069488        3.981375
94.590            0.070641        4.047434
94.605            0.071767        4.111944
94.620            0.072865        4.174879
94.635            0.073936        4.236213
94.650            0.074978        4.295919
94.665            0.075991        4.353974
94.680            0.076975        4.410352
94.695            0.077929        4.465030
94.710            0.078854        4.517986
94.725            0.079748        4.569197
94.740            0.080611        4.618643
94.755            0.081442        4.666301
94.770            0.082243        4.712154
94.785            0.083011        4.756180
94.800            0.083747        4.798363
94.815            0.084451        4.838685
94.830            0.085122        4.877129
94.845            0.085760        4.913679
94.860            0.086364        4.948320
94.875            0.086936        4.981039
94.890            0.087473        5.011822
94.905            0.087976        5.040657
94.920            0.088445        5.067532
94.935            0.088880        5.092436
94.950            0.089280        5.115360
94.965            0.089645        5.136295
94.980            0.089976        5.155233
94.995            0.090271        5.172167
95.010            0.090532        5.187091
95.025            0.090757        5.200000
95.040            0.090947        5.210888
95.055            0.091102        5.219754
95.070            0.091221        5.226594
95.085            0.091305        5.231407
95.100            0.091354        5.234192
95.115            0.091367        5.234950
95.130            0.091345        5.233681
95.145            0.091288        5.230389
95.160            0.091195        5.225076
95.175            0.091067        5.217746
95.190            0.090904        5.208404
95.205            0.090706        5.197056
95.220            0.090473        5.183710
95.235            0.090205        5.168373
95.250            0.089903        5.151053
95.265            0.089566        5.131761
95.280            0.089195        5.110507
95.295            0.088790        5.087303
95.310            0.088351        5.062161
95.325            0.087879        5.035095
95.340            0.087373        5.006120
95.355            0.086835        4.975251
95.370            0.086263        4.942503
95.385            0.085659        4.907896
95.400            0.085023        4.871446
95.415            0.084355        4.833173
95.430            0.083655        4.793097
95.445            0.082925        4.751238
95.460            0.082163        4.707620
95.475            0.081372        4.662264
95.490            0.080550        4.615195
95.505            0.079699        4.566436
95.520            0.078819        4.516014
95.535            0.077911        4.463954
95.550            0.076974        4.410284
95.565            0.076010        4.355031
95.580            0.075018        4.298224
95.595            0.074000        4.239893
95.610            0.072956        4.180068
95.625            0.071886        4.118780
95.640            0.070792        4.056061
95.655            0.069673        3.991943
95.670            0.068530        3.926459
95.685            0.067363        3.859643
95.700            0.066175        3.791530
95.715            0.064964        3.722154
95.730            0.063732        3.651550
95.745            0.062479        3.579756
95.760            0.061205        3.506807
95.775            0.059913        3.432741
95.790            0.058601        3.357595
95.805            0.057271        3.281407
95.820            0.055924        3.204214
95.835            0.054560        3.126057
95.850            0.053180        3.046973
95.865            0.051784        2.967001
95.880            0.050373        2.886182
95.895            0.048949        2.804554
95.910            0.047511        2.722157
95.925            0.046060        2.639030
95.940            0.044597        2.555214
95.955            0.043123        2.470748
95.970            0.041638        2.385672
95.985            0.040143        2.300026
96.000            0.038639        2.213849
96.015            0.037126        2.127180
96.030            0.035606        2.040059
96.045            0.034078        1.952525
96.060            0.032544        1.864616
96.075            0.031004        1.776371
96.090            0.029458        1.687828
96.105            0.027908        1.599024
96.120            0.026354        1.509998
96.135            0.024797        1.420785
96.150            0.023238        1.331422
96.165            0.021676        1.241945
96.180            0.020113        1.152390
96.195            0.018549        1.062790
96.210            0.016985        0.973180
96.225            0.015422        0.883594
96.240            0.013859        0.794064
96.255            0.012298        0.704622
96.270            0.010739        0.615300
96.285            0.009183        0.526129
96.300            0.007630        0.437139
96.315            0.006080        0.348358
96.330            0.004535        0.259815
96.345            0.002994        0.171538
96.360            0.001458        0.083553
96.375           -0.000072       -0.004113
96.390           -0.001596       -0.091436
96.405           -0.003113       -0.178390
96.420           -0.004624       -0.264954
96.435           -0.006128       -0.351103
96.450           -0.007624       -0.436817
96.465           -0.009112       -0.522075
96.480           -0.010592       -0.606856
96.495           -0.012063       -0.691142
96.510           -0.013525       -0.774915
96.525           -0.014978       -0.858156
96.540           -0.016421       -0.940850
96.555           -0.017854       -1.022982
96.570           -0.019278       -1.104536
96.585           -0.020691       -1.185498
96.600           -0.022093       -1.265856
96.615           -0.023485       -1.345597
96.630           -0.024866       -1.424711
96.645           -0.026236       -1.503186
96.660           -0.027594       -1.581013
96.675           -0.028941       -1.658183
96.690           -0.030276       -1.734688
96.705           -0.031600       -1.810522
96.720           -0.032911       -1.885676
96.735           -0.034211       -1.960146
96.750           -0.035499       -2.033927
96.765           -0.036774       -2.107013
96.780           -0.038038       -2.179403
96.795           -0.039289       -2.251092
96.810           -0.040528       -2.322078
96.825           -0.041755       -2.392361
96.840           -0.042969       -2.461939
96.855           -0.044171       -2.530811
96.870           -0.045361       -2.598978
96.885           -0.046538       -2.666442
96.900           -0.047703       -2.733202
96.915           -0.048856       -2.799262
96.930           -0.049997       -2.864623
96.945           -0.051126       -2.929289
96.960           -0.052242       -2.993263
96.975           -0.053347       -3.056549
96.990           -0.054439       -3.119152
97.005           -0.055520       -3.181075
97.020           -0.056589       -3.242323
97.035           -0.057647       -3.302904
97.050           -0.058692       -3.362821
97.065           -0.059727       -3.422081
97.080           -0.060749       -3.480690
97.095           -0.061761       -3.538655
97.110           -0.062762       -3.595982
97.125           -0.063751       -3.652678
97.140           -0.064730       -3.708751
97.155           -0.065698       -3.764207
97.170           -0.066655       -3.819054
97.185           -0.067602       -3.873299
97.200           -0.068538       -3.926949
97.215           -0.069464       -3.980012
97.230           -0.070380       -4.032494
97.245           -0.071286       -4.084404
97.260           -0.072182       -4.135749
97.275           -0.073069       -4.186535
97.290           -0.073946       -4.236770
97.305           -0.074813       -4.286460
97.320           -0.075671       -4.335612
97.335           -0.076519       -4.384232
97.350           -0.077359       -4.432327
97.365           -0.078189       -4.479902
97.380           -0.079010       -4.526963
97.395           -0.079823       -4.573515
97.410           -0.080627       -4.619564
97.425           -0.081422       -4.665112
97.440           -0.082208       -4.710166
97.455           -0.082986       -4.754728
97.470           -0.083755       -4.798802
97.485           -0.084516       -4.842391
97.500           -0.085268       -4.885497
97.515           -0.086012       -4.928121
97.530           -0.086748       -4.970266
97.545           -0.087475       -5.011933
97.560           -0.088194       -5.053121
97.575           -0.088904       -5.093831
97.590           -0.089606       -5.134062
97.605           -0.090300       -5.173812
97.620           -0.090985       -5.213081
97.635           -0.091662       -5.251866
97.650           -0.092331       -5.290164
97.665           -0.092991       -5.327971
97.680           -0.093642       -5.365285
97.695           -0.094284       -5.402100
97.710           -0.094918       -5.438412
97.725           -0.095543       -5.474215
97.740           -0.096159       -5.509503
97.755           -0.096766       -5.544271
97.770           -0.097363       -5.578511
97.785           -0.097952       -5.612216
97.800           -0.098530       -5.645378
97.815           -0.099100       -5.677989
97.830           -0.099659       -5.710041
97.845           -0.100209       -5.741524
97.860           -0.100748       -5.772431
97.875           -0.101277       -5.802750
97.890           -0.101796       -5.832472
97.905           -0.102304       -5.861587
97.920           -0.102801       -5.890085
97.935           -0.103288       -5.917955
97.950           -0.103763       -5.945186
97.965           -0.104227       -5.971768
97.980           -0.104679       -5.997689
97.995           -0.105120       -6.022939
98.010           -0.105549       -6.047506
98.025           -0.105966       -6.071379
98.040           -0.106370       -6.094546
98.055           -0.106762       -6.116997
98.070           -0.107141       -6.138721
98.085           -0.107507       -6.159706
98.100           -0.107860       -6.179941
98.115           -0.108200       -6.199416
98.130           -0.108527       -6.218120
98.145           -0.108839       -6.236042
98.160           -0.109138       -6.253172
98.175           -0.109423       -6.269499
98.190           -0.109694       -6.285015
98.205           -0.109951       -6.299710
98.220           -0.110193       -6.313573
98.235           -0.110420       -6.326597
98.250           -0.110632       -6.338772
98.265           -0.110830       -6.350091
98.280           -0.111012       -6.360544
98.295           -0.111180       -6.370124
98.310           -0.111331       -6.378824
98.325           -0.111468       -6.386638
98.340           -0.111589       -6.393557
98.355           -0.111694       -6.399576
98.370           -0.111783       -6.404689
98.385           -0.111856       -6.408890
98.400           -0.111914       -6.412175
98.415           -0.111955       -6.414538
98.430           -0.111980       -6.415974
98.445           -0.111989       -6.416480
98.460           -0.111981       -6.416051
98.475           -0.111957       -6.414685
98.490           -0.111917       -6.412378
98.505           -0.111860       -6.409127
98.520           -0.111787       -6.404929
98.535           -0.111697       -6.399783
98.550           -0.111591       -6.393686
98.565           -0.111468       -6.386636
98.580           -0.111328       -6.378633
98.595           -0.111172       -6.369675
98.610           -0.110999       -6.359761
98.625           -0.110809       -6.348890
98.640           -0.110603       -6.337062
98.655           -0.110379       -6.324276
98.670           -0.110140       -6.310533
98.685           -0.109883       -6.295832
98.700           -0.109610       -6.280174
98.715           -0.109320       -6.263559
98.730           -0.109013       -6.245988
98.745           -0.108690       -6.227461
98.760           -0.108350       -6.207979
98.775           -0.107993       -6.187543
98.790           -0.107620       -6.166155
98.805           -0.107230       -6.143815
98.820           -0.106823       -6.120526
98.835           -0.106400       -6.096288
98.850           -0.105961       -6.071103
98.865           -0.105505       -6.044974
98.880           -0.105032       -6.017901
98.895           -0.104543       -5.989888
98.910           -0.104038       -5.960937
98.925           -0.103516       -5.931049
98.940           -0.102978       -5.900228
98.955           -0.102424       -5.868475
98.970           -0.101854       -5.835796
98.985           -0.101267       -5.802191
99.000           -0.100665       -5.767665
99.015           -0.100046       -5.732221
99.030           -0.099412       -5.695863
99.045           -0.098761       -5.658595
99.060           -0.098095       -5.620421
99.075           -0.097413       -5.581346
99.090           -0.096715       -5.541374
99.105           -0.096002       -5.500512
99.120           -0.095273       -5.458763
99.135           -0.094529       -5.416135
99.150           -0.093770       -5.372632
99.165           -0.092996       -5.328262
99.180           -0.092206       -5.283032
99.195           -0.091402       -5.236948
99.210           -0.090583       -5.190018
99.225           -0.089749       -5.142251
99.240           -0.088901       -5.093654
99.255           -0.088039       -5.044237
99.270           -0.087162       -4.994008
99.285           -0.086271       -4.942978
99.300           -0.085367       -4.891157
99.315           -0.084449       -4.838555
99.330           -0.083517       -4.785184
99.345           -0.082572       -4.731054
99.360           -0.081615       -4.676179
99.375           -0.080644       -4.620569
99.390           -0.079661       -4.564239
99.405           -0.078666       -4.507202
99.420           -0.077658       -4.449471
99.435           -0.076638       -4.391061
99.450           -0.075607       -4.331986
99.465           -0.074565       -4.272262
99.480           -0.073512       -4.211903
99.495           -0.072447       -4.150927
99.510           -0.071373       -4.089349
99.525           -0.070288       -4.027185
99.540           -0.069193       -3.964454
99.555           -0.068088       -3.901172
99.570           -0.066975       -3.837357
99.585           -0.065852       -3.773026
99.600           -0.064720       -3.708199
99.615           -0.063580       -3.642894
99.630           -0.062433       -3.577130
99.645           -0.061277       -3.510924
99.660           -0.060114       -3.444298
99.675           -0.058944       -3.377270
99.690           -0.057768       -3.309859
99.705           -0.056585       -3.242085
99.720           -0.055396       -3.173968
99.735           -0.054202       -3.105528
99.750           -0.053002       -3.036784
99.765           -0.051797       -2.967756
99.780           -0.050588       -2.898464
99.795           -0.049374       -2.828929
99.810           -0.048157       -2.759168
99.825           -0.046935       -2.689203
99.840           -0.045711       -2.619053
99.855           -0.044484       -2.548737
99.870           -0.043254       -2.478275
99.885           -0.042022       -2.407685
99.900           -0.040788       -2.336986
99.915           -0.039553       -2.266197
99.930           -0.038316       -2.195338
99.945           -0.037078       -2.124425
99.960           -0.035840       -2.053476
99.975           -0.034601       -1.982510
99.990           -0.033363       -1.911544
100.005          -0.032124       -1.840594
100.020          -0.030887       -1.769678
100.035          -0.029650       -1.698811
100.050          -0.028414       -1.628010
100.065          -0.027180       -1.557290
100.080          -0.025947       -1.486666
100.095          -0.024717       -1.416154
100.110          -0.023488       -1.345767
100.125          -0.022262       -1.275519
100.140          -0.021039       -1.205425
100.155          -0.019818       -1.135496
100.170          -0.018601       -1.065746
100.185          -0.017387       -0.996188
100.200          -0.016176       -0.926832
100.215          -0.014970       -0.857690
100.230          -0.013767       -0.788772
100.245          -0.012568       -0.720090
100.260          -0.011374       -0.651654
100.275          -0.010183       -0.583471
100.290          -0.008998       -0.515552
100.305          -0.007817       -0.447906
100.320          -0.006642       -0.380539
100.335          -0.005471       -0.313459
100.350          -0.004305       -0.246674
100.365          -0.003145       -0.180190
100.380          -0.001990       -0.114014
100.395          -0.000840       -0.048150
100.410           0.000304        0.017396
100.425           0.001442        0.082620
100.440           0.002575        0.147517
100.455           0.003702        0.212083
100.470           0.004823        0.276317
100.485           0.005938        0.340213
100.500           0.007047        0.403772
100.515           0.008151        0.466990
100.530           0.009248        0.529867
100.545           0.010339        0.592402
100.560           0.011425        0.654593
100.575           0.012504        0.716443
100.590           0.013578        0.777950
100.605           0.014645        0.839116
100.620           0.015707        0.899943
100.635           0.016763        0.960432
100.650           0.017813        1.020585
100.665           0.018857        1.080406
100.680           0.019895        1.139898
100.695           0.020928        1.199064
100.710           0.021955        1.257908
100.725           0.022976        1.316435
100.740           0.023992        1.374649
100.755           0.025003        1.432555
100.770           0.026008        1.490160
100.785           0.027008        1.547468
100.800           0.028004        1.604486
100.815           0.028994        1.661221
100.830           0.029979        1.717679
100.845           0.030960        1.773867
100.860           0.031936        1.829793
100.875           0.032908        1.885465
100.890           0.033875        1.940889
100.905           0.034838        1.996075
100.920           0.035797        2.051030
100.935           0.036753        2.105763
100.950           0.037704        2.160283
100.965           0.038652        2.214597
100.980           0.039597        2.268716
100.995           0.040538        2.322647
101.010           0.041476        2.376400
101.025           0.042411        2.429983
101.040           0.043344        2.483406
101.055           0.044273        2.536678
101.070           0.045201        2.589807
101.085           0.046126        2.642802
101.100           0.047048        2.695673
101.115           0.047969        2.748427
101.130           0.048888        2.801073
101.145           0.049805        2.853620
101.160           0.050721        2.906076
101.175           0.051635        2.958448
101.190           0.052547        3.010745
101.205           0.053459        3.062973
101.220           0.054369        3.115140
101.235           0.055279        3.167253
101.250           0.056188        3.219318
101.265           0.057096        3.271342
101.280           0.058003        3.323329
101.295           0.058910        3.375287
101.310           0.059816        3.427219
101.325           0.060722        3.479131
101.340           0.061628        3.531026
101.355           0.062534        3.582909
101.370           0.063439        3.634782
101.385           0.064344        3.686650
101.400           0.065249        3.738513
101.415           0.066155        3.790374
101.430           0.067060        3.842235
101.445           0.067965        3.894097
101.460           0.068870        3.945960
101.475           0.069775        3.997823
101.490           0.070680        4.049688
101.505           0.071586        4.101552
101.520           0.072491        4.153415
101.535           0.073396        4.205275
101.550           0.074301        4.257129
101.565           0.075206        4.308974
101.580           0.076110        4.360808
101.595           0.077015        4.412626
101.610           0.077919        4.464425
101.625           0.078823        4.516200
101.640           0.079726        4.567947
101.655           0.080628        4.619659
101.670           0.081530        4.671332
101.685           0.082431        4.722958
101.700           0.083331        4.774533
101.715           0.084230        4.826049
101.730           0.085128        4.877499
101.745           0.086025        4.928876
101.760           0.086920        4.980172
101.775           0.087814        5.031380
101.790           0.088706        5.082490
101.805           0.089596        5.133496
101.820           0.090485        5.184388
101.835           0.091371        5.235157
101.850           0.092255        5.285795
101.865           0.093136        5.336293
101.880           0.094015        5.386640
101.895           0.094891        5.436829
101.910           0.095764        5.486848
101.925           0.096633        5.536689
101.940           0.097500        5.586341
101.955           0.098363        5.635795
101.970           0.099223        5.685041
101.985           0.100078        5.734068
102.000           0.100930        5.782867
102.015           0.101778        5.831427
102.030           0.102621        5.879738
102.045           0.103459        5.927790
102.060           0.104293        5.975572
102.075           0.105122        6.023074
102.090           0.105946        6.070285
102.105           0.106765        6.117196
102.120           0.107579        6.163795
102.135           0.108386        6.210071
102.150           0.109188        6.256015
102.165           0.109984        6.301616
102.180           0.110774        6.346862
102.195           0.111557        6.391743
102.210           0.112334        6.436249
102.225           0.113104        6.480368
102.240           0.113867        6.524089
102.255           0.114623        6.567402
102.270           0.115371        6.610295
102.285           0.116113        6.652758
102.300           0.116846        6.694778
102.315           0.117571        6.736346
102.330           0.118289        6.777448
102.345           0.118998        6.818074
102.360           0.119698        6.858213
102.375           0.120390        6.897851
102.390           0.121073        6.936979
102.405           0.121747        6.975582
102.420           0.122411        7.013650
102.435           0.123066        7.051171
102.450           0.123711        7.088130
102.465           0.124346        7.124518
102.480           0.124971        7.160319
102.495           0.125586        7.195522
102.510           0.126189        7.230114
102.525           0.126782        7.264081
102.540           0.127364        7.297410
102.555           0.127934        7.330087
102.570           0.128493        7.362100
102.585           0.129040        7.393433
102.600           0.129575        7.424074
102.615           0.130097        7.454008
102.630           0.130607        7.483220
102.645           0.131104        7.511697
102.660           0.131588        7.539423
102.675           0.132058        7.566384
102.690           0.132515        7.592566
102.705           0.132958        7.617952
102.720           0.133387        7.642528
102.735           0.133802        7.666279
102.750           0.134202        7.689190
102.765           0.134587        7.711244
102.780           0.134956        7.732427
102.795           0.135311        7.752722
102.810           0.135649        7.772115
102.825           0.135971        7.790588
102.840           0.136278        7.808127
102.855           0.136567        7.824716
102.870           0.136840        7.840339
102.885           0.137095        7.854979
102.900           0.137333        7.868621
102.915           0.137554        7.881249
102.930           0.137756        7.892847
102.945           0.137940        7.903399
102.960           0.138106        7.912890
102.975           0.138253        7.921303
102.990           0.138381        7.928624
103.005           0.138489        7.934836
103.020           0.138578        7.939923
103.035           0.138647        7.943872
103.050           0.138695        7.946665
103.065           0.138724        7.948289
103.080           0.138731        7.948728
103.095           0.138718        7.947968
103.110           0.138684        7.945994
103.125           0.138628        7.942791
103.140           0.138550        7.938346
103.155           0.138451        7.932645
103.170           0.138329        7.925673
103.185           0.138185        7.917419
103.200           0.138018        7.907868
103.215           0.137829        7.897007
103.230           0.137616        7.884826
103.245           0.137380        7.871310
103.260           0.137121        7.856449
103.275           0.136838        7.840232
103.290           0.136531        7.822646
103.305           0.136200        7.803683
103.320           0.135845        7.783330
103.335           0.135465        7.761580
103.350           0.135061        7.738423
103.365           0.134632        7.713849
103.380           0.134178        7.687852
103.395           0.133700        7.660422
103.410           0.133196        7.631553
103.425           0.132667        7.601239
103.440           0.132112        7.569472
103.455           0.131532        7.536249
103.470           0.130927        7.501564
103.485           0.130296        7.465413
103.500           0.129639        7.427793
103.515           0.128957        7.388700
103.530           0.128249        7.348133
103.545           0.127515        7.306090
103.560           0.126756        7.262571
103.575           0.125970        7.217576
103.590           0.125159        7.171105
103.605           0.124323        7.123161
103.620           0.123460        7.073746
103.635           0.122572        7.022862
103.650           0.121658        6.970515
103.665           0.120719        6.916709
103.680           0.119755        6.861451
103.695           0.118765        6.804746
103.710           0.117750        6.746602
103.725           0.116711        6.687028
103.740           0.115646        6.626034
103.755           0.114557        6.563629
103.770           0.113443        6.499824
103.785           0.112306        6.434633
103.800           0.111144        6.368068
103.815           0.109958        6.300142
103.830           0.108749        6.230872
103.845           0.107517        6.160272
103.860           0.106262        6.088359
103.875           0.104984        6.015152
103.890           0.103684        5.940667
103.905           0.102362        5.864926
103.920           0.101019        5.787948
103.935           0.099654        5.709755
103.950           0.098268        5.630368
103.965           0.096862        5.549811
103.980           0.095436        5.468106
103.995           0.093991        5.385280
104.010           0.092526        5.301356
104.025           0.091043        5.216361
104.040           0.089541        5.130321
104.055           0.088022        5.043265
104.070           0.086485        4.955220
104.085           0.084931        4.866215
104.100           0.083362        4.776280
104.115           0.081776        4.685444
104.130           0.080176        4.593739
104.145           0.078561        4.501194
104.160           0.076931        4.407842
104.175           0.075289        4.313715
104.190           0.073633        4.218845
104.205           0.071965        4.123264
104.220           0.070285        4.027007
104.235           0.068593        3.930106
104.250           0.066891        3.832595
104.265           0.065179        3.734507
104.280           0.063458        3.635878
104.295           0.061728        3.536740
104.310           0.059989        3.437129
104.325           0.058243        3.337078
104.340           0.056490        3.236623
104.355           0.054730        3.135796
104.370           0.052964        3.034633
104.385           0.051193        2.933168
104.400           0.049418        2.831434
104.415           0.047638        2.729466
104.430           0.045855        2.627297
104.445           0.044069        2.524961
104.460           0.042280        2.422490
104.475           0.040490        2.319919
104.490           0.038699        2.217278
104.505           0.036907        2.114601
104.520           0.035115        2.011919
104.535           0.033323        1.909264
104.550           0.031532        1.806667
104.565           0.029743        1.704158
104.580           0.027956        1.601768
104.595           0.026172        1.499526
104.610           0.024390        1.397461
104.625           0.022613        1.295602
104.640           0.020839        1.193978
104.655           0.019070        1.092615
104.670           0.017306        0.991541
104.685           0.015547        0.890782
104.700           0.013794        0.790365
104.715           0.012048        0.690315
104.730           0.010309        0.590656
104.745           0.008577        0.491414
104.760           0.006852        0.392612
104.775           0.005136        0.294273
104.790           0.003428        0.196420
104.805           0.001729        0.099075
104.820           0.000039        0.002261
104.835          -0.001641       -0.094003
104.850          -0.003311       -0.189696
104.865          -0.004971       -0.284796
104.880          -0.006620       -0.379286
104.895          -0.008258       -0.473145
104.910          -0.009885       -0.566355
104.925          -0.011500       -0.658898
104.940          -0.013103       -0.750756
104.955          -0.014694       -0.841913
104.970          -0.016273       -0.932350
104.985          -0.017838       -1.022053
105.000          -0.019391       -1.111005
105.015          -0.020930       -1.199190
105.030          -0.022455       -1.286594
105.045          -0.023967       -1.373202
105.060          -0.025464       -1.459000
105.075          -0.026947       -1.543973
105.090          -0.028416       -1.628109
105.105          -0.029869       -1.711393
105.120          -0.031308       -1.793815
105.135          -0.032731       -1.875360
105.150          -0.034139       -1.956017
105.165          -0.035531       -2.035775
105.180          -0.036907       -2.114622
105.195          -0.038267       -2.192547
105.210          -0.039611       -2.269540
105.225          -0.040938       -2.345591
105.240          -0.042249       -2.420689
105.255          -0.043543       -2.494825
105.270          -0.044820       -2.567991
105.285          -0.046080       -2.640178
105.300          -0.047322       -2.711377
105.315          -0.048548       -2.781581
105.330          -0.049756       -2.850782
105.345          -0.050946       -2.918974
105.360          -0.052118       -2.986149
105.375          -0.053273       -3.052303
105.390          -0.054409       -3.117428
105.405          -0.055528       -3.181521
105.420          -0.056629       -3.244576
105.435          -0.057711       -3.306589
105.450          -0.058775       -3.367557
105.465          -0.059821       -3.427477
105.480          -0.060848       -3.486346
105.495          -0.061857       -3.544163
105.510          -0.062848       -3.600926
105.525          -0.063820       -3.656634
105.540          -0.064774       -3.711287
105.555          -0.065710       -3.764886
105.570          -0.066627       -3.817432
105.585          -0.067526       -3.868927
105.600          -0.068406       -3.919372
105.615          -0.069268       -3.968772
105.630          -0.070112       -4.017130
105.645          -0.070938       -4.064451
105.660          -0.071746       -4.110739
105.675          -0.072536       -4.156002
105.690          -0.073308       -4.200244
105.705          -0.074063       -4.243474
105.720          -0.074800       -4.285700
105.735          -0.075519       -4.326931
105.750          -0.076222       -4.367175
105.765          -0.076907       -4.406444
105.780          -0.077575       -4.444748
105.795          -0.078227       -4.482099
105.810          -0.078863       -4.518508
105.825          -0.079482       -4.553990
105.840          -0.080085       -4.588557
105.855          -0.080673       -4.622224
105.870          -0.081245       -4.655006
105.885          -0.081802       -4.686919
105.900          -0.082344       -4.717978
105.915          -0.082872       -4.748201
105.930          -0.083385       -4.777604
105.945          -0.083884       -4.806207
105.960          -0.084370       -4.834026
105.975          -0.084842       -4.861081
105.990          -0.085301       -4.887392
106.005          -0.085748       -4.912978
106.020          -0.086182       -4.937859
106.035          -0.086604       -4.962056
106.050          -0.087015       -4.985589
106.065          -0.087414       -5.008480
106.080          -0.087803       -5.030750
106.095          -0.088181       -5.052421
106.110          -0.088550       -5.073515
106.125          -0.088908       -5.094053
106.140          -0.089257       -5.114057
106.155          -0.089597       -5.133550
106.170          -0.089929       -5.152554
106.185          -0.090253       -5.171090
106.200          -0.090568       -5.189181
106.215          -0.090877       -5.206849
106.230          -0.091178       -5.224115
106.245          -0.091473       -5.241000
106.260          -0.091761       -5.257527
106.275          -0.092044       -5.273717
106.290          -0.092321       -5.289589
106.305          -0.092593       -5.305165
106.320          -0.092860       -5.320464
106.335          -0.093122       -5.335507
106.350          -0.093381       -5.350311
106.365          -0.093635       -5.364896
106.380          -0.093886       -5.379281
106.395          -0.094134       -5.393481
106.410          -0.094379       -5.407516
106.425          -0.094621       -5.421400
106.440          -0.094861       -5.435149
106.455          -0.095099       -5.448779
106.470          -0.095335       -5.462304
106.485          -0.095570       -5.475738
106.500          -0.095803       -5.489093
106.515          -0.096035       -5.502382
106.530          -0.096266       -5.515616
106.545          -0.096496       -5.528805
106.560          -0.096725       -5.541961
106.575          -0.096955       -5.555091
106.590          -0.097183       -5.568204
106.605          -0.097412       -5.581307
106.620          -0.097641       -5.594408
106.635          -0.097870       -5.607512
106.650          -0.098098       -5.620624
106.665          -0.098327       -5.633748
106.680          -0.098557       -5.646889
106.695          -0.098786       -5.660048
106.710          -0.099017       -5.673229
106.725          -0.099247       -5.686432
106.740          -0.099478       -5.699657
106.755          -0.099709       -5.712906
106.770          -0.099941       -5.726176
106.785          -0.100173       -5.739466
106.800          -0.100405       -5.752775
106.815          -0.100637       -5.766100
106.830          -0.100870       -5.779437
106.845          -0.101103       -5.792783
106.860          -0.101336       -5.806132
106.875          -0.101569       -5.819482
106.890          -0.101802       -5.832825
106.905          -0.102035       -5.846156
106.920          -0.102267       -5.859470
106.935          -0.102499       -5.872759
106.950          -0.102730       -5.886018
106.965          -0.102961       -5.899238
106.980          -0.103191       -5.912412
106.995          -0.103420       -5.925533
107.010          -0.103648       -5.938593
107.025          -0.103875       -5.951585
107.040          -0.104100       -5.964499
107.055          -0.104324       -5.977328
107.070          -0.104546       -5.990064
107.085          -0.104767       -6.002698
107.100          -0.104985       -6.015222
107.115          -0.105202       -6.027628
107.130          -0.105416       -6.039908
107.145          -0.105628       -6.052053
107.160          -0.105838       -6.064056
107.175          -0.106045       -6.075910
107.190          -0.106249       -6.087605
107.205          -0.106450       -6.099135
107.220          -0.106648       -6.110493
107.235          -0.106843       -6.121671
107.250          -0.107035       -6.132663
107.265          -0.107224       -6.143462
107.280          -0.107409       -6.154061
107.295          -0.107590       -6.164455
107.310          -0.107768       -6.174638
107.325          -0.107942       -6.184604
107.340          -0.108112       -6.194347
107.355          -0.108278       -6.203864
107.370          -0.108440       -6.213149
107.385          -0.108598       -6.222197
107.400          -0.108752       -6.231005
107.415          -0.108901       -6.239569
107.430          -0.109046       -6.247885
107.445          -0.109187       -6.255949
107.460          -0.109323       -6.263759
107.475          -0.109455       -6.271311
107.490          -0.109582       -6.278603
107.505          -0.109705       -6.285633
107.520          -0.109823       -6.292397
107.535          -0.109936       -6.298894
107.550          -0.110045       -6.305121
107.565          -0.110149       -6.311077
107.580          -0.110248       -6.316760
107.595          -0.110343       -6.322168
107.610          -0.110432       -6.327298
107.625          -0.110517       -6.332151
107.640          -0.110597       -6.336723
107.655          -0.110672       -6.341014
107.670          -0.110742       -6.345021
107.685          -0.110806       -6.348742
107.700          -0.110866       -6.352177
107.715          -0.110921       -6.355322
107.730          -0.110971       -6.358176
107.745          -0.111016       -6.360736
107.760          -0.111055       -6.363000
107.775          -0.111090       -6.364965
107.790          -0.111119       -6.366629
107.805          -0.111142       -6.367988
107.820          -0.111161       -6.369039
107.835          -0.111174       -6.369778
107.850          -0.111181       -6.370202
107.865          -0.111183       -6.370306
107.880          -0.111179       -6.370086
107.895          -0.111169       -6.369537
107.910          -0.111154       -6.368654
107.925          -0.111133       -6.367432
107.940          -0.111105       -6.365863
107.955          -0.111072       -6.363943
107.970          -0.111032       -6.361665
107.985          -0.110986       -6.359021
108.000          -0.110933       -6.356004
108.015          -0.110874       -6.352607
108.030          -0.110808       -6.348822
108.045          -0.110735       -6.344639
108.060          -0.110655       -6.340050
108.075          -0.110567       -6.335045
108.090          -0.110473       -6.329616
108.105          -0.110370       -6.323751
108.120          -0.110260       -6.317441
108.135          -0.110142       -6.310674
108.150          -0.110016       -6.303440
108.165          -0.109881       -6.295727
108.180          -0.109738       -6.287522
108.195          -0.109586       -6.278815
108.210          -0.109425       -6.269592
108.225          -0.109255       -6.259840
108.240          -0.109075       -6.249547
108.255          -0.108886       -6.238698
108.270          -0.108687       -6.227281
108.285          -0.108477       -6.215280
108.300          -0.108257       -6.202683
108.315          -0.108027       -6.189473
108.330          -0.107785       -6.175637
108.345          -0.107533       -6.161159
108.360          -0.107268       -6.146024
108.375          -0.106992       -6.130216
108.390          -0.106705       -6.113720
108.405          -0.106404       -6.096521
108.420          -0.106092       -6.078601
108.435          -0.105766       -6.059945
108.450          -0.105427       -6.040537
108.465          -0.105075       -6.020359
108.480          -0.104709       -5.999395
108.495          -0.104329       -5.977629
108.510          -0.103935       -5.955044
108.525          -0.103526       -5.931623
108.540          -0.103103       -5.907348
108.555          -0.102664       -5.882202
108.570          -0.102209       -5.856169
108.585          -0.101739       -5.829231
108.600          -0.101253       -5.801371
108.615          -0.100750       -5.772572
108.630          -0.100231       -5.742816
108.645          -0.099695       -5.712087
108.660          -0.099141       -5.680366
108.675          -0.098570       -5.647636
108.690          -0.097981       -5.613881
108.705          -0.097373       -5.579084
108.720          -0.096748       -5.543227
108.735          -0.096103       -5.506293
108.750          -0.095439       -5.468266
108.765          -0.094756       -5.429129
108.780          -0.094053       -5.388866
108.795          -0.093331       -5.347459
108.810          -0.092588       -5.304894
108.825          -0.091824       -5.261154
108.840          -0.091040       -5.216224
108.855          -0.090235       -5.170088
108.870          -0.089409       -5.122732
108.885          -0.088560       -5.074140
108.900          -0.087691       -5.024298
108.915          -0.086799       -4.973193
108.930          -0.085884       -4.920811
108.945          -0.084948       -4.867138
108.960          -0.083988       -4.812163
108.975          -0.083006       -4.755873
108.990          -0.082000       -4.698257
109.005          -0.080971       -4.639305
109.020          -0.079919       -4.579004
109.035          -0.078843       -4.517348
109.050          -0.077743       -4.454325
109.065          -0.076619       -4.389929
109.080          -0.075471       -4.324152
109.095          -0.074298       -4.256987
109.110          -0.073102       -4.188429
109.125          -0.071881       -4.118473
109.140          -0.070635       -4.047116
109.155          -0.069366       -3.974354
109.170          -0.068071       -3.900185
109.185          -0.066752       -3.824609
109.200          -0.065408       -3.747627
109.215          -0.064040       -3.669238
109.230          -0.062648       -3.589447
109.245          -0.061231       -3.508256
109.260          -0.059789       -3.425671
109.275          -0.058324       -3.341698
109.290          -0.056834       -3.256344
109.305          -0.055320       -3.169617
109.320          -0.053783       -3.081528
109.335          -0.052222       -2.992088
109.350          -0.050637       -2.901310
109.365          -0.049030       -2.809207
109.380          -0.047400       -2.715795
109.395          -0.045747       -2.621090
109.410          -0.044072       -2.525111
109.425          -0.042374       -2.427878
109.440          -0.040656       -2.329410
109.455          -0.038916       -2.229730
109.470          -0.037156       -2.128862
109.485          -0.035375       -2.026830
109.500          -0.033574       -1.923662
109.515          -0.031754       -1.819384
109.530          -0.029915       -1.714026
109.545          -0.028058       -1.607618
109.560          -0.026183       -1.500191
109.575          -0.024291       -1.391779
109.590          -0.022382       -1.282415
109.605          -0.020458       -1.172135
109.620          -0.018518       -1.060975
109.635          -0.016563       -0.948972
109.650          -0.014594       -0.836166
109.665          -0.012612       -0.722596
109.680          -0.010617       -0.608302
109.695          -0.008610       -0.493326
109.710          -0.006592       -0.377712
109.725          -0.004564       -0.261501
109.740          -0.002526       -0.144739
109.755          -0.000479       -0.027471
109.770           0.001575        0.090259
109.785           0.003637        0.208403
109.800           0.005706        0.326915
109.815           0.007780        0.445747
109.830           0.009859        0.564852
109.845           0.011941        0.684181
109.860           0.014027        0.803685
109.875           0.016115        0.923315
109.890           0.018204        1.043023
109.905           0.020294        1.162758
109.920           0.022383        1.282471
109.935           0.024471        1.402113
109.950           0.026558        1.521633
109.965           0.028641        1.640983
109.980           0.030720        1.760112
109.995           0.032794        1.878971
110.010           0.034863        1.997510
110.025           0.036926        2.115682
110.040           0.038981        2.233436
110.055           0.041028        2.350725
110.070           0.043066        2.467500
110.085           0.045094        2.583713
110.100           0.047112        2.699319
110.115           0.049118        2.814268
110.130           0.051112        2.928516
110.145           0.053093        3.042017
110.160           0.055060        3.154725
110.175           0.057013        3.266595
110.190           0.058950        3.377585
110.205           0.060871        3.487650
110.220           0.062775        3.596748
110.235           0.064662        3.704837
110.250           0.066530        3.811875
110.265           0.068379        3.917823
110.280           0.070208        4.022639
110.295           0.072017        4.126286
110.310           0.073805        4.228725
110.325           0.075571        4.329918
110.340           0.077315        4.429829
110.355           0.079036        4.528421
110.370           0.080733        4.625659
110.385           0.082406        4.721509
110.400           0.084054        4.815937
110.415           0.085677        4.908910
110.430           0.087273        5.000396
110.445           0.088844        5.090363
110.460           0.090387        5.178782
110.475           0.091902        5.265622
110.490           0.093390        5.350854
110.505           0.094849        5.434450
110.520           0.096279        5.516383
110.535           0.097680        5.596626
110.550           0.099050        5.675152
110.565           0.100390        5.751938
110.580           0.101700        5.826958
110.595           0.102978        5.900189
110.610           0.104224        5.971608
110.625           0.105439        6.041193
110.640           0.106621        6.108923
110.655           0.107770        6.174778
110.670           0.108887        6.238738
110.685           0.109969        6.300783
110.700           0.111019        6.360896
110.715           0.112034        6.419060
110.730           0.113015        6.475257
110.745           0.113961        6.529474
110.760           0.114872        6.581694
110.775           0.115749        6.631903
110.790           0.116590        6.680090
110.805           0.117395        6.726240
110.820           0.118165        6.770344
110.835           0.118899        6.812390
110.850           0.119596        6.852369
110.865           0.120258        6.890272
110.880           0.120883        6.926092
110.895           0.121472        6.959821
110.910           0.122024        6.991454
110.925           0.122539        7.020987
110.940           0.123018        7.048414
110.955           0.123460        7.073733
110.970           0.123865        7.096942
110.985           0.124233        7.118041
111.000           0.124565        7.137028
111.015           0.124859        7.153907
111.030           0.125117        7.168678
111.045           0.125338        7.181346
111.060           0.125523        7.191913
111.075           0.125670        7.200387
111.090           0.125782        7.206773
111.105           0.125857        7.211078
111.120           0.125896        7.213312
111.135           0.125899        7.213485
111.150           0.125866        7.211606
111.165           0.125798        7.207689
111.180           0.125694        7.201745
111.195           0.125555        7.193789
111.210           0.125382        7.183836
111.225           0.125173        7.171902
111.240           0.124931        7.158004
111.255           0.124654        7.142161
111.270           0.124344        7.124391
111.285           0.124001        7.104715
111.300           0.123624        7.083154
111.315           0.123216        7.059730
111.330           0.122775        7.034465
111.345           0.122302        7.007384
111.360           0.121798        6.978512
111.375           0.121263        6.947873
111.390           0.120698        6.915495
111.405           0.120103        6.881403
111.420           0.119479        6.845628
111.435           0.118825        6.808195
111.450           0.118144        6.769136
111.465           0.117434        6.728479
111.480           0.116697        6.686256
111.495           0.115933        6.642496
111.510           0.115143        6.597233
111.525           0.114328        6.550496
111.540           0.113487        6.502320
111.555           0.112621        6.452736
111.570           0.111732        6.401779
111.585           0.110819        6.349480
111.600           0.109884        6.295875
111.615           0.108926        6.240996
111.630           0.107946        6.184879
111.645           0.106946        6.127557
111.660           0.105925        6.069064
111.675           0.104884        6.009437
111.690           0.103825        5.948708
111.705           0.102746        5.886913
111.720           0.101649        5.824087
111.735           0.100536        5.760263
111.750           0.099405        5.695477
111.765           0.098258        5.629762
111.780           0.097095        5.563153
111.795           0.095918        5.495685
111.810           0.094726        5.427391
111.825           0.093520        5.358306
111.840           0.092301        5.288462
111.855           0.091069        5.217893
111.870           0.089826        5.146633
111.885           0.088570        5.074714
111.900           0.087304        5.002170
111.915           0.086028        4.929031
111.930           0.084742        4.855332
111.945           0.083446        4.781104
111.960           0.082142        4.706378
111.975           0.080829        4.631186
111.990           0.079510        4.555560
112.005           0.078183        4.479529
112.020           0.076849        4.403125
112.035           0.075510        4.326379
112.050           0.074165        4.249320
112.065           0.072815        4.171978
112.080           0.071460        4.094384
112.095           0.070102        4.016566
112.110           0.068741        3.938554
112.125           0.067376        3.860378
112.140           0.066010        3.782067
112.155           0.064641        3.703648
112.170           0.063271        3.625152
112.185           0.061900        3.546607
112.200           0.060529        3.468040
112.215           0.059158        3.389482
112.230           0.057787        3.310959
112.245           0.056418        3.232501
112.260           0.055050        3.154136
112.275           0.053684        3.075892
112.290           0.052321        2.997797
112.305           0.050962        2.919879
112.320           0.049605        2.842167
112.335           0.048253        2.764689
112.350           0.046905        2.687473
112.365           0.045563        2.610548
112.380           0.044226        2.533941
112.395           0.042895        2.457682
112.410           0.041570        2.381798
112.425           0.040253        2.306318
112.440           0.038943        2.231271
112.455           0.037641        2.156686
112.470           0.036348        2.082590
112.485           0.035064        2.009012
112.500           0.033789        1.935982
112.515           0.032525        1.863527
112.530           0.031271        1.791677
112.545           0.030028        1.720461
112.560           0.028796        1.649906
112.575           0.027577        1.580042
112.590           0.026370        1.510897
112.605           0.025176        1.442499
112.620           0.023996        1.374878
112.635           0.022830        1.308061
112.650           0.021678        1.242077
112.665           0.020542        1.176954
112.680           0.019421        1.112719
112.695           0.018315        1.049400
112.710           0.017227        0.987025
112.725           0.016155        0.925621
112.740           0.015101        0.865214
112.755           0.014064        0.805830
112.770           0.013046        0.747497
112.785           0.012047        0.690239
112.800           0.011067        0.634083
112.815           0.010106        0.579051
112.830           0.009166        0.525170
112.845           0.008246        0.472462
112.860           0.007347        0.420951
112.875           0.006469        0.370659
112.890           0.005613        0.321608
112.905           0.004779        0.273819
112.920           0.003967        0.227313
112.935           0.003178        0.182110
112.950           0.002413        0.138228
112.965           0.001670        0.095686
112.980           0.000951        0.054501
112.995           0.000256        0.014689
113.010          -0.000414       -0.023733
113.025          -0.001060       -0.060752
113.040          -0.001682       -0.096353
113.055          -0.002278       -0.130524
113.070          -0.002849       -0.163253
113.085          -0.003395       -0.194529
113.100          -0.003916       -0.224343
113.115          -0.004410       -0.252685
113.130          -0.004879       -0.279548
113.145          -0.005322       -0.304926
113.160          -0.005739       -0.328812
113.175          -0.006130       -0.351203
113.190          -0.006494       -0.372096
113.205          -0.006833       -0.391487
113.220          -0.007145       -0.409377
113.235          -0.007431       -0.425764
113.250          -0.007691       -0.440650
113.265          -0.007924       -0.454038
113.280          -0.008132       -0.465931
113.295          -0.008314       -0.476333
113.310          -0.008469       -0.485250
113.325          -0.008599       -0.492688
113.340          -0.008703       -0.498656
113.355          -0.008782       -0.503162
113.370          -0.008835       -0.506217
113.385          -0.008863       -0.507831
113.400          -0.008867       -0.508016
113.415          -0.008845       -0.506786
113.430          -0.008799       -0.504154
113.445          -0.008729       -0.500137
113.460          -0.008635       -0.494749
113.475          -0.008517       -0.488009
113.490          -0.008376       -0.479933
113.505          -0.008213       -0.470542
113.520          -0.008026       -0.459855
113.535          -0.007817       -0.447892
113.550          -0.007587       -0.434676
113.565          -0.007334       -0.420229
113.580          -0.007061       -0.404575
113.595          -0.006767       -0.387737
113.610          -0.006453       -0.369741
113.625          -0.006119       -0.350612
113.640          -0.005766       -0.330377
113.655          -0.005394       -0.309062
113.670          -0.005004       -0.286697
113.685          -0.004596       -0.263309
113.700          -0.004170       -0.238928
113.715          -0.003728       -0.213583
113.730          -0.003269       -0.187305
113.745          -0.002795       -0.160125
113.760          -0.002305       -0.132075
113.775          -0.001801       -0.103188
113.790          -0.001283       -0.073495
113.805          -0.000751       -0.043030
113.820          -0.000206       -0.011827
113.835           0.000350        0.020081
113.850           0.000919        0.052657
113.865           0.001499        0.085867
113.880           0.002089        0.119676
113.895           0.002689        0.154047
113.910           0.003298        0.188944
113.925           0.003915        0.224331
113.940           0.004541        0.260171
113.955           0.005174        0.296425
113.970           0.005813        0.333057
113.985           0.006458        0.370028
114.000           0.007109        0.407300
114.015           0.007764        0.444834
114.030           0.008423        0.482593
114.045           0.009085        0.520537
114.060           0.009750        0.558627
114.075           0.010417        0.596823
114.090           0.011084        0.635086
114.105           0.011753        0.673377
114.120           0.012421        0.711657
114.135           0.013088        0.749884
114.150           0.013754        0.788020
114.165           0.014417        0.826025
114.180           0.015077        0.863859
114.195           0.015734        0.901482
114.210           0.016386        0.938854
114.225           0.017033        0.975937
114.240           0.017675        1.012689
114.255           0.018310        1.049072
114.270           0.018938        1.085047
114.285           0.019558        1.120575
114.300           0.020169        1.155616
114.315           0.020772        1.190132
114.330           0.021364        1.224085
114.345           0.021946        1.257437
114.360           0.022517        1.290150
114.375           0.023077        1.322187
114.390           0.023623        1.353511
114.405           0.024157        1.384086
114.420           0.024677        1.413875
114.435           0.025182        1.442844
114.450           0.025673        1.470957
114.465           0.026148        1.498181
114.480           0.026607        1.524481
114.495           0.027050        1.549825
114.510           0.027475        1.574181
114.525           0.027882        1.597516
114.540           0.028271        1.619801
114.555           0.028641        1.641005
114.570           0.028992        1.661099
114.585           0.029322        1.680055
114.600           0.029633        1.697845
114.615           0.029923        1.714443
114.630           0.030191        1.729823
114.645           0.030438        1.743961
114.660           0.030663        1.756833
114.675           0.030865        1.768418
114.690           0.031044        1.778693
114.705           0.031200        1.787638
114.720           0.031333        1.795233
114.735           0.031441        1.801462
114.750           0.031526        1.806307
114.765           0.031586        1.809752
114.780           0.031622        1.811783
114.795           0.031632        1.812386
114.810           0.031618        1.811550
114.825           0.031578        1.809263
114.840           0.031512        1.805516
114.855           0.031421        1.800301
114.870           0.031304        1.793610
114.885           0.031162        1.785438
114.900           0.030993        1.775781
114.915           0.030799        1.764634
114.930           0.030578        1.751997
114.945           0.030332        1.737868
114.960           0.030059        1.722249
114.975           0.029760        1.705141
114.990           0.029436        1.686547
115.005           0.029085        1.666472
115.020           0.028709        1.644921
115.035           0.028308        1.621903
115.050           0.027880        1.597424
115.065           0.027428        1.571494
115.080           0.026950        1.544125
115.095           0.026447        1.515327
115.110           0.025920        1.485115
115.125           0.025368        1.453501
115.140           0.024792        1.420503
115.155           0.024193        1.386135
115.170           0.023569        1.350417
115.185           0.022923        1.313366
115.200           0.022253        1.275003
115.215           0.021561        1.235348
115.230           0.020847        1.194424
115.245           0.020111        1.152253
115.260           0.019353        1.108859
115.275           0.018575        1.064267
115.290           0.017776        1.018503
115.305           0.016958        0.971593
115.320           0.016119        0.923566
115.335           0.015262        0.874450
115.350           0.014386        0.824273
115.365           0.013493        0.773067
115.380           0.012581        0.720862
115.395           0.011653        0.667689
115.410           0.010709        0.613582
115.425           0.009749        0.558573
115.440           0.008774        0.502697
115.455           0.007784        0.445987
115.470           0.006780        0.388479
115.485           0.005763        0.330208
115.500           0.004734        0.271211
115.515           0.003692        0.211525
115.530           0.002639        0.151187
115.545           0.001575        0.090235
115.560           0.000501        0.028707
115.575          -0.000582       -0.033357
115.590          -0.001674       -0.095920
115.605          -0.002774       -0.158940
115.620          -0.003881       -0.222378
115.635          -0.004995       -0.286194
115.650          -0.006115       -0.350347
115.665          -0.007240       -0.414796
115.680          -0.008369       -0.479500
115.695          -0.009502       -0.544418
115.710          -0.010638       -0.609507
115.725          -0.011776       -0.674728
115.740          -0.012916       -0.740036
115.755          -0.014057       -0.805392
115.770          -0.015197       -0.870752
115.785          -0.016338       -0.936074
115.800          -0.017476       -1.001317
115.815          -0.018613       -1.066439
115.830          -0.019747       -1.131398
115.845          -0.020877       -1.196152
115.860          -0.022003       -1.260659
115.875          -0.023123       -1.324878
115.890          -0.024239       -1.388767
115.905          -0.025347       -1.452287
115.920          -0.026449       -1.515396
115.935          -0.027542       -1.578054
115.950          -0.028627       -1.640220
115.965          -0.029703       -1.701857
115.980          -0.030769       -1.762923
115.995          -0.031824       -1.823381
116.010          -0.032868       -1.883194
116.025          -0.033900       -1.942322
116.040          -0.034919       -2.000730
116.055          -0.035926       -2.058382
116.070          -0.036918       -2.115241
116.085          -0.037896       -2.171274
116.100          -0.038859       -2.226445
116.115          -0.039806       -2.280723
116.130          -0.040737       -2.334074
116.145          -0.041652       -2.386467
116.160          -0.042549       -2.437872
116.175          -0.043428       -2.488258
116.190          -0.044289       -2.537598
116.205          -0.045132       -2.585864
116.220          -0.045955       -2.633028
116.235          -0.046759       -2.679067
116.250          -0.047542       -2.723954
116.265          -0.048305       -2.767667
116.280          -0.049047       -2.810184
116.295          -0.049768       -2.851484
116.310          -0.050467       -2.891547
116.325          -0.051144       -2.930354
116.340          -0.051799       -2.967888
116.355          -0.052432       -3.004132
116.370          -0.053042       -3.039073
116.385          -0.053629       -3.072696
116.400          -0.054192       -3.104990
116.415          -0.054733       -3.135942
116.430          -0.055249       -3.165543
116.445          -0.055742       -3.193784
116.460          -0.056211       -3.220659
116.475          -0.056656       -3.246160
116.490          -0.057077       -3.270285
116.505          -0.057474       -3.293028
116.520          -0.057847       -3.314387
116.535          -0.058196       -3.334362
116.550          -0.058520       -3.352952
116.565          -0.058820       -3.370160
116.580          -0.059097       -3.385986
116.595          -0.059349       -3.400436
116.610          -0.059577       -3.413514
116.625          -0.059781       -3.425225
116.640          -0.059962       -3.435576
116.655          -0.060119       -3.444576
116.670          -0.060253       -3.452233
116.685          -0.060363       -3.458557
116.700          -0.060451       -3.463560
116.715          -0.060515       -3.467252
116.730          -0.060557       -3.469647
116.745          -0.060576       -3.470758
116.760          -0.060573       -3.470599
116.775          -0.060549       -3.469185
116.790          -0.060502       -3.466532
116.805          -0.060435       -3.462656
116.820          -0.060346       -3.457575
116.835          -0.060237       -3.451306
116.850          -0.060107       -3.443867
116.865          -0.059957       -3.435278
116.880          -0.059787       -3.425556
116.895          -0.059598       -3.414723
116.910          -0.059390       -3.402797
116.925          -0.059163       -3.389800
116.940          -0.058918       -3.375752
116.955          -0.058655       -3.360675
116.970          -0.058374       -3.344589
116.985          -0.058076       -3.327517
117.000          -0.057761       -3.309480
117.015          -0.057430       -3.290499
117.030          -0.057083       -3.270598
117.045          -0.056720       -3.249798
117.060          -0.056341       -3.228122
117.075          -0.055948       -3.205591
117.090          -0.055540       -3.182229
117.105          -0.055118       -3.158057
117.120          -0.054683       -3.133098
117.135          -0.054234       -3.107374
117.150          -0.053772       -3.080908
117.165          -0.053297       -3.053721
117.180          -0.052811       -3.025835
117.195          -0.052312       -2.997273
117.210          -0.051802       -2.968057
117.225          -0.051281       -2.938206
117.240          -0.050750       -2.907745
117.255          -0.050208       -2.876693
117.270          -0.049656       -2.845071
117.285          -0.049094       -2.812902
117.300          -0.048524       -2.780205
117.315          -0.047944       -2.747000
117.330          -0.047356       -2.713310
117.345          -0.046760       -2.679153
117.360          -0.046156       -2.644549
117.375          -0.045545       -2.609518
117.390          -0.044926       -2.574080
117.405          -0.044301       -2.538254
117.420          -0.043669       -2.502058
117.435          -0.043031       -2.465513
117.450          -0.042388       -2.428635
117.465          -0.041739       -2.391445
117.480          -0.041084       -2.353958
117.495          -0.040425       -2.316195
117.510          -0.039762       -2.278172
117.525          -0.039094       -2.239906
117.540          -0.038422       -2.201415
117.555          -0.037747       -2.162716
117.570          -0.037068       -2.123825
117.585          -0.036386       -2.084760
117.600          -0.035701       -2.045536
117.615          -0.035014       -2.006169
117.630          -0.034325       -1.966676
117.645          -0.033634       -1.927072
117.660          -0.032941       -1.887372
117.675          -0.032247       -1.847591
117.690          -0.031551       -1.807745
117.705          -0.030855       -1.767848
117.720          -0.030158       -1.727915
117.735          -0.029460       -1.687960
117.750          -0.028763       -1.647997
117.765          -0.028066       -1.608041
117.780          -0.027369       -1.568104
117.795          -0.026672       -1.528200
117.810          -0.025976       -1.488343
117.825          -0.025282       -1.448545
117.840          -0.024589       -1.408820
117.855          -0.023897       -1.369179
117.870          -0.023207       -1.329636
117.885          -0.022518       -1.290202
117.900          -0.021832       -1.250890
117.915          -0.021148       -1.211711
117.930          -0.020467       -1.172677
117.945          -0.019789       -1.133800
117.960          -0.019113       -1.095089
117.975          -0.018440       -1.056557
117.990          -0.017771       -1.018214
118.005          -0.017105       -0.980071
118.020          -0.016443       -0.942138
118.035          -0.015785       -0.904425
118.050          -0.015131       -0.866943
118.065          -0.014481       -0.829701
118.080          -0.013835       -0.792709
118.095          -0.013194       -0.755976
118.110          -0.012558       -0.719512
118.125          -0.011926       -0.683327
118.140          -0.011300       -0.647428
118.155          -0.010678       -0.611825
118.170          -0.010062       -0.576527
118.185          -0.009452       -0.541543
118.200          -0.008847       -0.506880
118.215          -0.008248       -0.472548
118.230          -0.007654       -0.438555
118.245          -0.007067       -0.404908
118.260          -0.006486       -0.371616
118.275          -0.005911       -0.338687
118.290          -0.005343       -0.306129
118.305          -0.004781       -0.273950
118.320          -0.004226       -0.242157
118.335          -0.003678       -0.210759
118.350          -0.003137       -0.179762
118.365          -0.002604       -0.149175
118.380          -0.002077       -0.119004
118.395          -0.001558       -0.089258
118.410          -0.001046       -0.059945
118.425          -0.000542       -0.031071
118.440          -0.000046       -0.002643
118.455           0.000442        0.025329
118.470           0.000922        0.052840
118.485           0.001394        0.079882
118.500           0.001858        0.106447
118.515           0.002313        0.132528
118.530           0.002760        0.158118
118.545           0.003198        0.183208
118.560           0.003627        0.207793
118.575           0.004047        0.231863
118.590           0.004458        0.255413
118.605           0.004860        0.278434
118.620           0.005252        0.300919
118.635           0.005635        0.322861
118.650           0.006008        0.344252
118.665           0.006372        0.365085
118.680           0.006726        0.385352
118.695           0.007069        0.405047
118.710           0.007403        0.424161
118.725           0.007726        0.442687
118.740           0.008039        0.460619
118.755           0.008342        0.477948
118.770           0.008634        0.494668
118.785           0.008915        0.510771
118.800           0.009185        0.526250
118.815           0.009444        0.541099
118.830           0.009692        0.555309
118.845           0.009929        0.568875
118.860           0.010154        0.581788
118.875           0.010368        0.594043
118.890           0.010570        0.605633
118.905           0.010761        0.616552
118.920           0.010940        0.626791
118.935           0.011106        0.636347
118.950           0.011261        0.645211
118.965           0.011404        0.653378
118.980           0.011534        0.660843
118.995           0.011652        0.667599
119.010           0.011757        0.673641
119.025           0.011850        0.678963
119.040           0.011930        0.683561
119.055           0.011998        0.687429
119.070           0.012053        0.690562
119.085           0.012094        0.692955
119.100           0.012123        0.694605
119.115           0.012139        0.695507
119.130           0.012142        0.695658
119.145           0.012131        0.695053
119.160           0.012107        0.693689
119.175           0.012070        0.691563
119.190           0.012020        0.688672
119.205           0.011956        0.685014
119.220           0.011878        0.680586
119.235           0.011788        0.675386
119.250           0.011683        0.669413
119.265           0.011566        0.662665
119.280           0.011434        0.655142
119.295           0.011290        0.646842
119.310           0.011131        0.637765
119.325           0.010959        0.627912
119.340           0.010774        0.617283
119.355           0.010575        0.605878
119.370           0.010362        0.593699
119.385           0.010136        0.580747
119.400           0.009896        0.567025
119.415           0.009644        0.552534
119.430           0.009377        0.537279
119.445           0.009098        0.521261
119.460           0.008805        0.504485
119.475           0.008499        0.486955
119.490           0.008180        0.468675
119.505           0.007848        0.449651
119.520           0.007503        0.429889
119.535           0.007145        0.409394
119.550           0.006775        0.388173
119.565           0.006392        0.366233
119.580           0.005997        0.343583
119.595           0.005589        0.320230
119.610           0.005169        0.296183
119.625           0.004738        0.271452
119.640           0.004294        0.246045
119.655           0.003839        0.219975
119.670           0.003373        0.193251
119.685           0.002895        0.165886
119.700           0.002407        0.137891
119.715           0.001907        0.109279
119.730           0.001397        0.080065
119.745           0.000877        0.050260
119.760           0.000347        0.019882
119.775          -0.000193       -0.011057
119.790          -0.000742       -0.042540
119.805          -0.001301       -0.074550
119.820          -0.001869       -0.107070
119.835          -0.002445       -0.140084
119.850          -0.003029       -0.173573
119.865          -0.003622       -0.207519
119.880          -0.004222       -0.241901
119.895          -0.004829       -0.276701
119.910          -0.005444       -0.311898
119.925          -0.006064       -0.347470
119.940          -0.006692       -0.383398
119.955          -0.007324       -0.419658
119.970          -0.007963       -0.456228
119.985          -0.008606       -0.493085
120.000          -0.009254       -0.530206
120.015          -0.009906       -0.567567
120.030          -0.010562       -0.605144
120.045          -0.011221       -0.642912
120.060          -0.011883       -0.680845
120.075          -0.012548       -0.718919
120.090          -0.013214       -0.757108
120.105          -0.013882       -0.795385
120.120          -0.014551       -0.833724
120.135          -0.015221       -0.872098
120.150          -0.015891       -0.910481
120.165          -0.016560       -0.948845
120.180          -0.017229       -0.987162
120.195          -0.017897       -1.025407
120.210          -0.018562       -1.063550
120.225          -0.019226       -1.101565
120.240          -0.019887       -1.139423
120.255          -0.020544       -1.177097
120.270          -0.021198       -1.214560
120.285          -0.021848       -1.251782
120.300          -0.022493       -1.288737
120.315          -0.023133       -1.325397
120.330          -0.023767       -1.361735
120.345          -0.024395       -1.397723
120.360          -0.025016       -1.433335
120.375          -0.025631       -1.468543
120.390          -0.026238       -1.503320
120.405          -0.026837       -1.537641
120.420          -0.027427       -1.571479
120.435          -0.028009       -1.604808
120.450          -0.028582       -1.637604
120.465          -0.029144       -1.669840
120.480          -0.029697       -1.701492
120.495          -0.030238       -1.732537
120.510          -0.030769       -1.762949
120.525          -0.031289       -1.792706
120.540          -0.031796       -1.821784
120.555          -0.032291       -1.850161
120.570          -0.032774       -1.877816
120.585          -0.033244       -1.904726
120.600          -0.033700       -1.930871
120.615          -0.034143       -1.956230
120.630          -0.034571       -1.980783
120.645          -0.034985       -2.004511
120.660          -0.035385       -2.027395
120.675          -0.035769       -2.049417
120.690          -0.036138       -2.070559
120.705          -0.036491       -2.090804
120.720          -0.036829       -2.110136
120.735          -0.037150       -2.128538
120.750          -0.037455       -2.145994
120.765          -0.037743       -2.162491
120.780          -0.038014       -2.178013
120.795          -0.038267       -2.192548
120.810          -0.038503       -2.206081
120.825          -0.038722       -2.218600
120.840          -0.038922       -2.230093
120.855          -0.039105       -2.240549
120.870          -0.039269       -2.249956
120.885          -0.039415       -2.258304
120.900          -0.039542       -2.265584
120.915          -0.039650       -2.271785
120.930          -0.039739       -2.276898
120.945          -0.039810       -2.280916
120.960          -0.039860       -2.283831
120.975          -0.039892       -2.285635
120.990          -0.039904       -2.286321
121.005          -0.039896       -2.285883
121.020          -0.039869       -2.284315
121.035          -0.039822       -2.281612
121.050          -0.039755       -2.277768
121.065          -0.039667       -2.272780
121.080          -0.039560       -2.266643
121.095          -0.039433       -2.259354
121.110          -0.039286       -2.250910
121.125          -0.039118       -2.241309
121.140          -0.038930       -2.230548
121.155          -0.038722       -2.218626
121.170          -0.038494       -2.205542
121.185          -0.038245       -2.191295
121.200          -0.037976       -2.175885
121.215          -0.037687       -2.159313
121.230          -0.037378       -2.141579
121.245          -0.037048       -2.122685
121.260          -0.036698       -2.102633
121.275          -0.036328       -2.081426
121.290          -0.035937       -2.059065
121.305          -0.035527       -2.035555
121.320          -0.035097       -2.010899
121.335          -0.034647       -1.985103
121.350          -0.034177       -1.958171
121.365          -0.033687       -1.930109
121.380          -0.033177       -1.900923
121.395          -0.032648       -1.870619
121.410          -0.032100       -1.839206
121.425          -0.031533       -1.806690
121.440          -0.030946       -1.773081
121.455          -0.030341       -1.738388
121.470          -0.029716       -1.702620
121.485          -0.029073       -1.665787
121.500          -0.028412       -1.627901
121.515          -0.027733       -1.588973
121.530          -0.027035       -1.549015
121.545          -0.026320       -1.508040
121.560          -0.025588       -1.466061
121.575          -0.024838       -1.423092
121.590          -0.024071       -1.379148
121.605          -0.023287       -1.334245
121.620          -0.022487       -1.288397
121.635          -0.021670       -1.241621
121.650          -0.020838       -1.193936
121.665          -0.019990       -1.145357
121.680          -0.019127       -1.095905
121.695          -0.018249       -1.045596
121.710          -0.017356       -0.994453
121.725          -0.016450       -0.942493
121.740          -0.015529       -0.889739
121.755          -0.014595       -0.836211
121.770          -0.013647       -0.781931
121.785          -0.012687       -0.726923
121.800          -0.011715       -0.671208
121.815          -0.010730       -0.614810
121.830          -0.009735       -0.557754
121.845          -0.008728       -0.500064
121.860          -0.007710       -0.441765
121.875          -0.006683       -0.382882
121.890          -0.005645       -0.323442
121.905          -0.004598       -0.263471
121.920          -0.003543       -0.202996
121.935          -0.002479       -0.142045
121.950          -0.001408       -0.080644
121.965          -0.000329       -0.018822
121.980           0.000757        0.043392
121.995           0.001850        0.105970
122.010           0.002948        0.168883
122.025           0.004051        0.232100
122.040           0.005159        0.295593
122.055           0.006272        0.359331
122.070           0.007388        0.423285
122.085           0.008507        0.487422
122.100           0.009629        0.551714
122.115           0.010753        0.616128
122.130           0.011879        0.680634
122.145           0.013006        0.745201
122.160           0.014134        0.809796
122.175           0.015261        0.874388
122.190           0.016388        0.938946
122.205           0.017513        1.003437
122.220           0.018637        1.067830
122.235           0.019759        1.132092
122.250           0.020877        1.196192
122.265           0.021993        1.260097
122.280           0.023104        1.323776
122.295           0.024211        1.387195
122.310           0.025313        1.450323
122.325           0.026409        1.513128
122.340           0.027499        1.575577
122.355           0.028582        1.637639
122.370           0.029658        1.699280
122.385           0.030726        1.760470
122.400           0.031786        1.821177
122.415           0.032836        1.881368
122.430           0.033877        1.941011
122.445           0.034908        2.000077
122.460           0.035928        2.058532
122.475           0.036937        2.116345
122.490           0.037934        2.173486
122.505           0.038920        2.229924
122.520           0.039892        2.285627
122.535           0.040851        2.340566
122.550           0.041796        2.394710
122.565           0.042726        2.448029
122.580           0.043642        2.500493
122.595           0.044542        2.552073
122.610           0.045426        2.602740
122.625           0.046294        2.652465
122.640           0.047145        2.701218
122.655           0.047979        2.748974
122.670           0.048794        2.795702
122.685           0.049591        2.841377
122.700           0.050370        2.885970
122.715           0.051129        2.929457
122.730           0.051868        2.971809
122.745           0.052587        3.013003
122.760           0.053285        3.053012
122.775           0.053962        3.091813
122.790           0.054618        3.129380
122.805           0.055252        3.165691
122.820           0.055863        3.200723
122.835           0.056452        3.234454
122.850           0.057017        3.266862
122.865           0.057560        3.297925
122.880           0.058078        3.327624
122.895           0.058572        3.355939
122.910           0.059042        3.382851
122.925           0.059487        3.408341
122.940           0.059907        3.432394
122.955           0.060301        3.454991
122.970           0.060670        3.476117
122.985           0.061012        3.495758
123.000           0.061329        3.513898
123.015           0.061619        3.530526
123.030           0.061883        3.545628
123.045           0.062120        3.559193
123.060           0.062329        3.571210
123.075           0.062512        3.581671
123.090           0.062667        3.590565
123.105           0.062795        3.597887
123.120           0.062895        3.603629
123.135           0.062968        3.607785
123.150           0.063013        3.610351
123.165           0.063029        3.611323
123.180           0.063019        3.610699
123.195           0.062980        3.608478
123.210           0.062913        3.604658
123.225           0.062819        3.599242
123.240           0.062696        3.592229
123.255           0.062546        3.583624
123.270           0.062368        3.573430
123.285           0.062163        3.561652
123.300           0.061929        3.548297
123.315           0.061669        3.533371
123.330           0.061381        3.516884
123.345           0.061066        3.498844
123.360           0.060725        3.479262
123.375           0.060356        3.458149
123.390           0.059961        3.435519
123.405           0.059540        3.411386
123.420           0.059093        3.385763
123.435           0.058620        3.358668
123.450           0.058122        3.330117
123.465           0.057598        3.300129
123.480           0.057050        3.268722
123.495           0.056477        3.235917
123.510           0.055881        3.201735
123.525           0.055261        3.166199
123.540           0.054617        3.129330
123.555           0.053951        3.091155
123.570           0.053262        3.051697
123.585           0.052552        3.010984
123.600           0.051820        2.969041
123.615           0.051067        2.925897
123.630           0.050293        2.881581
123.645           0.049500        2.836122
123.660           0.048687        2.789551
123.675           0.047855        2.741899
123.690           0.047005        2.693198
123.705           0.046137        2.643481
123.720           0.045253        2.592782
123.735           0.044351        2.541134
123.750           0.043434        2.488573
123.765           0.042501        2.435134
123.780           0.041554        2.380854
123.795           0.040592        2.325768
123.810           0.039617        2.269914
123.825           0.038630        2.213331
123.840           0.037630        2.156056
123.855           0.036619        2.098128
123.870           0.035597        2.039586
123.885           0.034566        1.980469
123.900           0.033525        1.920817
123.915           0.032475        1.860671
123.930           0.031417        1.800070
123.945           0.030352        1.739056
123.960           0.029281        1.677668
123.975           0.028204        1.615947
123.990           0.027121        1.553936
124.005           0.026035        1.491673
124.020           0.024944        1.429202
124.035           0.023851        1.366561
124.050           0.022755        1.303793
124.065           0.021658        1.240938
124.080           0.020561        1.178037
124.095           0.019463        1.115129
124.110           0.018365        1.052256
124.125           0.017269        0.989457
124.140           0.016175        0.926771
124.155           0.015084        0.864239
124.170           0.013996        0.801898
124.185           0.012912        0.739788
124.200           0.011832        0.677945
124.215           0.010758        0.616408
124.230           0.009690        0.555213
124.245           0.008629        0.494396
124.260           0.007575        0.433994
124.275           0.006528        0.374041
124.290           0.005490        0.314572
124.305           0.004461        0.255619
124.320           0.003442        0.197216
124.335           0.002433        0.139396
124.350           0.001434        0.082188
124.365           0.000447        0.025625
124.380          -0.000528       -0.030266
124.395          -0.001491       -0.085454
124.410          -0.002442       -0.139913
124.425          -0.003379       -0.193614
124.440          -0.004303       -0.246533
124.455          -0.005212       -0.298644
124.470          -0.006107       -0.349923
124.485          -0.006987       -0.400347
124.500          -0.007852       -0.449894
124.515          -0.008701       -0.498542
124.530          -0.009534       -0.546271
124.545          -0.010351       -0.593063
124.560          -0.011151       -0.638898
124.575          -0.011934       -0.683759
124.590          -0.012700       -0.727631
124.605          -0.013448       -0.770497
124.620          -0.014178       -0.812344
124.635          -0.014890       -0.853157
124.650          -0.015584       -0.892926
124.665          -0.016260       -0.931637
124.680          -0.016917       -0.969281
124.695          -0.017555       -1.005848
124.710          -0.018175       -1.041329
124.725          -0.018775       -1.075716
124.740          -0.019356       -1.109001
124.755          -0.019917       -1.141180
124.770          -0.020460       -1.172246
124.785          -0.020982       -1.202195
124.800          -0.021485       -1.231023
124.815          -0.021969       -1.258727
124.830          -0.022433       -1.285304
124.845          -0.022877       -1.310753
124.860          -0.023301       -1.335074
124.875          -0.023706       -1.358265
124.890          -0.024091       -1.380327
124.905          -0.024457       -1.401261
124.920          -0.024802       -1.421069
124.935          -0.025128       -1.439753
124.950          -0.025435       -1.457316
124.965          -0.025722       -1.473760
124.980          -0.025990       -1.489089
124.995          -0.026238       -1.503309
125.010          -0.026467       -1.516422
125.025          -0.026676       -1.528436
125.040          -0.026867       -1.539354
125.055          -0.027038       -1.549184
125.070          -0.027191       -1.557931
125.085          -0.027325       -1.565603
125.100          -0.027440       -1.572206
125.115          -0.027537       -1.577748
125.130          -0.027615       -1.582237
125.145          -0.027675       -1.585682
125.160          -0.027717       -1.588090
125.175          -0.027742       -1.589471
125.190          -0.027748       -1.589834
125.205          -0.027737       -1.589188
125.220          -0.027708       -1.587544
125.235          -0.027662       -1.584911
125.250          -0.027599       -1.581301
125.265          -0.027519       -1.576723
125.280          -0.027422       -1.571188
125.295          -0.027309       -1.564709
125.310          -0.027180       -1.557297
125.325          -0.027035       -1.548964
125.340          -0.026873       -1.539722
125.355          -0.026696       -1.529584
125.370          -0.026504       -1.518562
125.385          -0.026296       -1.506670
125.400          -0.026074       -1.493921
125.415          -0.025837       -1.480330
125.430          -0.025585       -1.465909
125.445          -0.025319       -1.450675
125.460          -0.025039       -1.434640
125.475          -0.024746       -1.417822
125.490          -0.024439       -1.400233
125.505          -0.024119       -1.381892
125.520          -0.023786       -1.362812
125.535          -0.023440       -1.343012
125.550          -0.023082       -1.322506
125.565          -0.022712       -1.301312
125.580          -0.022331       -1.279448
125.595          -0.021938       -1.256929
125.610          -0.021533       -1.233775
125.625          -0.021119       -1.210002
125.640          -0.020693       -1.185630
125.655          -0.020258       -1.160676
125.670          -0.019812       -1.135159
125.685          -0.019357       -1.109097
125.700          -0.018893       -1.082511
125.715          -0.018421       -1.055417
125.730          -0.017939       -1.027837
125.745          -0.017450       -0.999790
125.760          -0.016952       -0.971294
125.775          -0.016447       -0.942370
125.790          -0.015935       -0.913037
125.805          -0.015417       -0.883314
125.820          -0.014892       -0.853223
125.835          -0.014360       -0.822782
125.850          -0.013823       -0.792011
125.865          -0.013281       -0.760929
125.880          -0.012733       -0.729557
125.895          -0.012181       -0.697915
125.910          -0.011624       -0.666020
125.925          -0.011064       -0.633893
125.940          -0.010499       -0.601553
125.955          -0.009931       -0.569018
125.970          -0.009360       -0.536308
125.985          -0.008787       -0.503440
126.000          -0.008211       -0.470434
126.015          -0.007632       -0.437307
126.030          -0.007052       -0.404076
126.045          -0.006471       -0.370759
126.060          -0.005888       -0.337374
126.075          -0.005305       -0.303936
126.090          -0.004720       -0.270463
126.105          -0.004136       -0.236970
126.120          -0.003551       -0.203472
126.135          -0.002967       -0.169986
126.150          -0.002383       -0.136525
126.165          -0.001800       -0.103105
126.180          -0.001217       -0.069739
126.195          -0.000636       -0.036441
126.210          -0.000056       -0.003225
126.225           0.000522        0.029898
126.240           0.001098        0.062915
126.255           0.001672        0.095813
126.270           0.002244        0.128582
126.285           0.002814        0.161209
126.300           0.003380        0.193685
126.315           0.003944        0.225998
126.330           0.004505        0.258139
126.345           0.005063        0.290098
126.360           0.005618        0.321866
126.375           0.006169        0.353434
126.390           0.006716        0.384793
126.405           0.007259        0.415934
126.420           0.007799        0.446850
126.435           0.008335        0.477533
126.450           0.008866        0.507975
126.465           0.009393        0.538169
126.480           0.009915        0.568108
126.495           0.010433        0.597785
126.510           0.010947        0.627193
126.525           0.011455        0.656325
126.540           0.011959        0.685176
126.555           0.012457        0.713739
126.570           0.012950        0.742007
126.585           0.013439        0.769976
126.600           0.013921        0.797638
126.615           0.014399        0.824989
126.630           0.014871        0.852021
126.645           0.015337        0.878731
126.660           0.015797        0.905111
126.675           0.016252        0.931156
126.690           0.016700        0.956861
126.705           0.017143        0.982220
126.720           0.017579        1.007228
126.735           0.018010        1.031879
126.750           0.018434        1.056167
126.765           0.018851        1.080087
126.780           0.019262        1.103634
126.795           0.019666        1.126802
126.810           0.020064        1.149586
126.825           0.020455        1.171981
126.840           0.020839        1.193981
126.855           0.021216        1.215581
126.870           0.021586        1.236775
126.885           0.021949        1.257560
126.900           0.022304        1.277929
126.915           0.022652        1.297878
126.930           0.022993        1.317403
126.945           0.023326        1.336498
126.960           0.023652        1.355160
126.975           0.023970        1.373383
126.990           0.024280        1.391165
127.005           0.024583        1.408500
127.020           0.024878        1.425387
127.035           0.025165        1.441820
127.050           0.025443        1.457798
127.065           0.025714        1.473318
127.080           0.025977        1.488376
127.095           0.026232        1.502972
127.110           0.026478        1.517103
127.125           0.026717        1.530767
127.140           0.026947        1.543965
127.155           0.027169        1.556695
127.170           0.027383        1.568957
127.185           0.027589        1.580751
127.200           0.027787        1.592079
127.215           0.027977        1.602941
127.230           0.028158        1.613339
127.245           0.028332        1.623276
127.260           0.028497        1.632753
127.275           0.028654        1.641773
127.290           0.028804        1.650342
127.305           0.028946        1.658462
127.320           0.029080        1.666138
127.335           0.029206        1.673375
127.350           0.029325        1.680180
127.365           0.029436        1.686557
127.380           0.029540        1.692513
127.395           0.029637        1.698056
127.410           0.029726        1.703193
127.425           0.029809        1.707932
127.440           0.029885        1.712281
127.455           0.029954        1.716249
127.470           0.030017        1.719846
127.485           0.030073        1.723080
127.500           0.030124        1.725962
127.515           0.030168        1.728501
127.530           0.030207        1.730710
127.545           0.030240        1.732597
127.560           0.030267        1.734176
127.575           0.030289        1.735456
127.590           0.030307        1.736450
127.605           0.030319        1.737169
127.620           0.030327        1.737625
127.635           0.030331        1.737831
127.650           0.030330        1.737799
127.665           0.030326        1.737540
127.680           0.030318        1.737067
127.695           0.030306        1.736392
127.710           0.030291        1.735528
127.725           0.030272        1.734486
127.740           0.030251        1.733280
127.755           0.030228        1.731920
127.770           0.030201        1.730418
127.785           0.030173        1.728787
127.800           0.030142        1.727037
127.815           0.030110        1.725179
127.830           0.030076        1.723226
127.845           0.030040        1.721186
127.860           0.030003        1.719071
127.875           0.029965        1.716889
127.890           0.029926        1.714652
127.905           0.029886        1.712368
127.920           0.029846        1.710045
127.935           0.029805        1.707692
127.950           0.029763        1.705316
127.965           0.029722        1.702925
127.980           0.029680        1.700526
127.995           0.029638        1.698125
128.010           0.029596        1.695727
128.025           0.029554        1.693337
128.040           0.029513        1.690961
128.055           0.029472        1.688602
128.070           0.029431        1.686263
128.085           0.029390        1.683947
128.100           0.029350        1.681657
128.115           0.029311        1.679394
128.130           0.029272        1.677158
128.145           0.029233        1.674951
128.160           0.029195        1.672771
128.175           0.029158        1.670617
128.190           0.029121        1.668489
128.205           0.029084        1.666384
128.220           0.029047        1.664298
128.235           0.029011        1.662228
128.250           0.028975        1.660170
128.265           0.028940        1.658119
128.280           0.028904        1.656070
128.295           0.028868        1.654017
128.310           0.028832        1.651952
128.325           0.028796        1.649869
128.340           0.028759        1.647760
128.355           0.028721        1.645616
128.370           0.028683        1.643428
128.385           0.028644        1.641187
128.400           0.028604        1.638882
128.415           0.028562        1.636503
128.430           0.028519        1.634040
128.445           0.028475        1.631479
128.460           0.028428        1.628809
128.475           0.028379        1.626018
128.490           0.028328        1.623092
128.505           0.028275        1.620019
128.520           0.028218        1.616783
128.535           0.028159        1.613372
128.550           0.028096        1.609771
128.565           0.028029        1.605964
128.580           0.027959        1.601937
128.595           0.027885        1.597674
128.610           0.027806        1.593159
128.625           0.027722        1.588378
128.640           0.027634        1.583312
128.655           0.027540        1.577948
128.670           0.027441        1.572267
128.685           0.027336        1.566253
128.700           0.027225        1.559891
128.715           0.027108        1.553163
128.730           0.026984        1.546052
128.745           0.026853        1.538543
128.760           0.026714        1.530617
128.775           0.026568        1.522260
128.790           0.026415        1.513454
128.805           0.026253        1.504184
128.820           0.026083        1.494433
128.835           0.025904        1.484185
128.850           0.025716        1.473424
128.865           0.025519        1.462136
128.880           0.025313        1.450305
128.895           0.025096        1.437917
128.910           0.024870        1.424956
128.925           0.024634        1.411409
128.940           0.024387        1.397262
128.955           0.024129        1.382503
128.970           0.023861        1.367117
128.985           0.023581        1.351094
129.000           0.023290        1.334422
129.015           0.022988        1.317088
129.030           0.022673        1.299084
129.045           0.022347        1.280398
129.060           0.022009        1.261021
129.075           0.021659        1.240946
129.090           0.021296        1.220162
129.105           0.020921        1.198664
129.120           0.020533        1.176445
129.135           0.020132        1.153498
129.150           0.019719        1.129818
129.165           0.019293        1.105401
129.180           0.018854        1.080242
129.195           0.018402        1.054340
129.210           0.017937        1.027690
129.225           0.017458        1.000292
129.240           0.016967        0.972146
129.255           0.016463        0.943250
129.270           0.015945        0.913605
129.285           0.015415        0.883214
129.300           0.014872        0.852077
129.315           0.014315        0.820199
129.330           0.013746        0.787582
129.345           0.013164        0.754232
129.360           0.012569        0.720152
129.375           0.011962        0.685350
129.390           0.011342        0.649831
129.405           0.010709        0.613603
129.420           0.010065        0.576673
129.435           0.009408        0.539050
129.450           0.008740        0.500743
129.465           0.008059        0.461762
129.480           0.007367        0.422117
129.495           0.006664        0.381819
129.510           0.005949        0.340879
129.525           0.005224        0.299309
129.540           0.004488        0.257122
129.555           0.003741        0.214330
129.570           0.002984        0.170947
129.585           0.002216        0.126987
129.600           0.001439        0.082464
129.615           0.000653        0.037392
129.630          -0.000143       -0.008214
129.645          -0.000948       -0.054339
129.660          -0.001762       -0.100966
129.675          -0.002584       -0.148081
129.690          -0.003415       -0.195666
129.705          -0.004253       -0.243707
129.720          -0.005100       -0.292185
129.735          -0.005953       -0.341085
129.750          -0.006814       -0.390389
129.765          -0.007681       -0.440080
129.780          -0.008555       -0.490141
129.795          -0.009434       -0.540555
129.810          -0.010320       -0.591303
129.825          -0.011211       -0.642369
129.840          -0.012108       -0.693735
129.855          -0.013009       -0.745383
129.870          -0.013915       -0.797294
129.885          -0.014826       -0.849452
129.900          -0.015740       -0.901838
129.915          -0.016658       -0.954434
129.930          -0.017579       -1.007222
129.945          -0.018504       -1.060184
129.960          -0.019431       -1.113303
129.975          -0.020360       -1.166560
129.990          -0.021292       -1.219936
130.005          -0.022225       -1.273415
130.020          -0.023160       -1.326978
130.035          -0.024096       -1.380607
130.050          -0.025033       -1.434284
130.065          -0.025970       -1.487992
130.080          -0.026908       -1.541711
130.095          -0.027845       -1.595425
130.110          -0.028782       -1.649115
130.125          -0.029719       -1.702764
130.140          -0.030654       -1.756353
130.155          -0.031588       -1.809865
130.170          -0.032520       -1.863282
130.185          -0.033451       -1.916586
130.200          -0.034379       -1.969760
130.215          -0.035304       -2.022785
130.230          -0.036227       -2.075645
130.245          -0.037146       -2.128321
130.260          -0.038062       -2.180795
130.275          -0.038974       -2.233051
130.290          -0.039882       -2.285070
130.305          -0.040785       -2.336836
130.320          -0.041684       -2.388330
130.335          -0.042578       -2.439536
130.350          -0.043466       -2.490436
130.365          -0.044349       -2.541013
130.380          -0.045226       -2.591250
130.395          -0.046096       -2.641130
130.410          -0.046960       -2.690636
130.425          -0.047818       -2.739751
130.440          -0.048668       -2.788459
130.455          -0.049511       -2.836743
130.470          -0.050346       -2.884587
130.485          -0.051173       -2.931974
130.500          -0.051991       -2.978889
130.515          -0.052802       -3.025316
130.530          -0.053603       -3.071239
130.545          -0.054396       -3.116643
130.560          -0.055179       -3.161514
130.575          -0.055952       -3.205835
130.590          -0.056716       -3.249593
130.605          -0.057470       -3.292774
130.620          -0.058213       -3.335363
130.635          -0.058946       -3.377348
130.650          -0.059668       -3.418714
130.665          -0.060379       -3.459449
130.680          -0.061079       -3.499540
130.695          -0.061767       -3.538977
130.710          -0.062443       -3.577746
130.725          -0.063108       -3.615836
130.740          -0.063761       -3.653238
130.755          -0.064402       -3.689940
130.770          -0.065030       -3.725933
130.785          -0.065645       -3.761207
130.800          -0.066248       -3.795754
130.815          -0.066839       -3.829566
130.830          -0.067416       -3.862634
130.845          -0.067980       -3.894951
130.860          -0.068531       -3.926511
130.875          -0.069068       -3.957307
130.890          -0.069592       -3.987333
130.905          -0.070103       -4.016586
130.920          -0.070600       -4.045059
130.935          -0.071083       -4.072750
130.950          -0.071552       -4.099654
130.965          -0.072008       -4.125770
130.980          -0.072450       -4.151094
130.995          -0.072878       -4.175624
131.010          -0.073293       -4.199360
131.025          -0.073693       -4.222302
131.040          -0.074080       -4.244448
131.055          -0.074452       -4.265799
131.070          -0.074811       -4.286357
131.085          -0.075156       -4.306122
131.100          -0.075487       -4.325097
131.115          -0.075805       -4.343284
131.130          -0.076108       -4.360685
131.145          -0.076398       -4.377305
131.160          -0.076675       -4.393147
131.175          -0.076938       -4.408215
131.190          -0.077187       -4.422514
131.205          -0.077424       -4.436049
131.220          -0.077647       -4.448826
131.235          -0.077857       -4.460849
131.250          -0.078053       -4.472126
131.265          -0.078237       -4.482662
131.280          -0.078408       -4.492464
131.295          -0.078567       -4.501540
131.310          -0.078713       -4.509896
131.325          -0.078846       -4.517540
131.340          -0.078967       -4.524480
131.355          -0.079076       -4.530723
131.370          -0.079173       -4.536278
131.385          -0.079258       -4.541153
131.400          -0.079331       -4.545356
131.415          -0.079393       -4.548895
131.430          -0.079444       -4.551780
131.445          -0.079483       -4.554019
131.460          -0.079511       -4.555620
131.475          -0.079528       -4.556592
131.490          -0.079534       -4.556945
131.505          -0.079529       -4.556686
131.520          -0.079514       -4.555824
131.535          -0.079489       -4.554368
131.550          -0.079453       -4.552327
131.565          -0.079407       -4.549708
131.580          -0.079352       -4.546521
131.595          -0.079286       -4.542773
131.610          -0.079211       -4.538474
131.625          -0.079127       -4.533629
131.640          -0.079033       -4.528249
131.655          -0.078930       -4.522339
131.670          -0.078817       -4.515908
131.685          -0.078696       -4.508962
131.700          -0.078566       -4.501509
131.715          -0.078427       -4.493555
131.730          -0.078280       -4.485107
131.745          -0.078124       -4.476171
131.760          -0.077960       -4.466753
131.775          -0.077787       -4.456858
131.790          -0.077606       -4.446491
131.805          -0.077417       -4.435659
131.820          -0.077220       -4.424364
131.835          -0.077015       -4.412612
131.850          -0.076802       -4.400406
131.865          -0.076581       -4.387749
131.880          -0.076352       -4.374646
131.895          -0.076116       -4.361099
131.910          -0.075871       -4.347109
131.925          -0.075620       -4.332679
131.940          -0.075360       -4.317811
131.955          -0.075093       -4.302505
131.970          -0.074818       -4.286763
131.985          -0.074536       -4.270584
132.000          -0.074246       -4.253968
132.015          -0.073948       -4.236914
132.030          -0.073643       -4.219422
132.045          -0.073330       -4.201489
132.060          -0.073009       -4.183114
132.075          -0.072681       -4.164294
132.090          -0.072344       -4.145026
132.105          -0.072000       -4.125307
132.120          -0.071648       -4.105132
132.135          -0.071288       -4.084498
132.150          -0.070920       -4.063399
132.165          -0.070543       -4.041831
132.180          -0.070159       -4.019786
132.195          -0.069765       -3.997260
132.210          -0.069364       -3.974245
132.225          -0.068953       -3.950734
132.240          -0.068534       -3.926721
132.255          -0.068106       -3.902196
132.270          -0.067669       -3.877151
132.285          -0.067223       -3.851579
132.300          -0.066767       -3.825469
132.315          -0.066302       -3.798813
132.330          -0.065827       -3.771600
132.345          -0.065342       -3.743820
132.360          -0.064847       -3.715463
132.375          -0.064342       -3.686519
132.390          -0.063826       -3.656975
132.405          -0.063300       -3.626822
132.420          -0.062763       -3.596047
132.435          -0.062215       -3.564640
132.450          -0.061655       -3.532588
132.465          -0.061084       -3.499879
132.480          -0.060502       -3.466501
132.495          -0.059907       -3.432442
132.510          -0.059301       -3.397691
132.525          -0.058682       -3.362235
132.540          -0.058051       -3.326061
132.555          -0.057407       -3.289158
132.570          -0.056750       -3.251514
132.585          -0.056079       -3.213117
132.600          -0.055396       -3.173955
132.615          -0.054699       -3.134016
132.630          -0.053988       -3.093290
132.645          -0.053263       -3.051765
132.660          -0.052524       -3.009429
132.675          -0.051771       -2.966274
132.690          -0.051004       -2.922289
132.705          -0.050221       -2.877463
132.720          -0.049424       -2.831788
132.735          -0.048612       -2.785254
132.750          -0.047785       -2.737854
132.765          -0.046942       -2.689580
132.780          -0.046084       -2.640423
132.795          -0.045211       -2.590378
132.810          -0.044322       -2.539437
132.825          -0.043417       -2.487597
132.840          -0.042496       -2.434851
132.855          -0.041560       -2.381196
132.870          -0.040607       -2.326628
132.885          -0.039639       -2.271144
132.900          -0.038655       -2.214743
132.915          -0.037654       -2.157423
132.930          -0.036638       -2.099183
132.945          -0.035605       -2.040025
132.960          -0.034557       -1.979949
132.975          -0.033492       -1.918957
132.990          -0.032412       -1.857053
133.005          -0.031315       -1.794239
133.020          -0.030203       -1.730522
133.035          -0.029076       -1.665905
133.050          -0.027932       -1.600396
133.065          -0.026773       -1.534002
133.080          -0.025599       -1.466731
133.095          -0.024410       -1.398591
133.110          -0.023206       -1.329594
133.125          -0.021987       -1.259750
133.140          -0.020753       -1.189070
133.155          -0.019505       -1.117568
133.170          -0.018243       -1.045256
133.185          -0.016967       -0.972149
133.200          -0.015678       -0.898262
133.215          -0.014375       -0.823612
133.230          -0.013059       -0.748215
133.245          -0.011730       -0.672088
133.260          -0.010389       -0.595251
133.275          -0.009036       -0.517722
133.290          -0.007671       -0.439523
133.305          -0.006295       -0.360672
133.320          -0.004908       -0.281193
133.335          -0.003510       -0.201107
133.350          -0.002102       -0.120438
133.365          -0.000684       -0.039209
133.380           0.000743        0.042556
133.395           0.002179        0.124832
133.410           0.003623        0.207592
133.425           0.005076        0.290812
133.440           0.006536        0.374464
133.455           0.008003        0.458520
133.470           0.009476        0.542954
133.485           0.010956        0.627736
133.500           0.012441        0.712838
133.515           0.013932        0.798231
133.530           0.015427        0.883885
133.545           0.016926        0.969770
133.560           0.018428        1.055856
133.575           0.019934        1.142112
133.590           0.021441        1.228506
133.605           0.022951        1.315008
133.620           0.024462        1.401586
133.635           0.025974        1.488208
133.650           0.027486        1.574842
133.665           0.028998        1.661456
133.680           0.030509        1.748017
133.695           0.032018        1.834492
133.710           0.033525        1.920850
133.725           0.035030        2.007057
133.740           0.036531        2.093080
133.755           0.038029        2.178888
133.770           0.039522        2.264446
133.785           0.041010        2.349722
133.800           0.042493        2.434683
133.815           0.043970        2.519297
133.830           0.045440        2.603532
133.845           0.046903        2.687354
133.860           0.048358        2.770731
133.875           0.049805        2.853631
133.890           0.051243        2.936023
133.905           0.052672        3.017875
133.920           0.054090        3.099155
133.935           0.055499        3.179832
133.950           0.056896        3.259875
133.965           0.058281        3.339254
133.980           0.059654        3.417939
133.995           0.061015        3.495900
134.010           0.062362        3.573107
134.025           0.063696        3.649532
134.040           0.065016        3.725147
134.055           0.066321        3.799922
134.070           0.067611        3.873831
134.085           0.068885        3.946847
134.100           0.070144        4.018944
134.115           0.071386        4.090095
134.130           0.072610        4.160274
134.145           0.073818        4.229459
134.160           0.075008        4.297623
134.175           0.076179        4.364745
134.190           0.077332        4.430801
134.205           0.078466        4.495769
134.220           0.079581        4.559627
134.235           0.080675        4.622356
134.250           0.081750        4.683934
134.265           0.082804        4.744343
134.280           0.083838        4.803564
134.295           0.084851        4.861579
134.310           0.085842        4.918372
134.325           0.086811        4.973925
134.340           0.087759        5.028225
134.355           0.088685        5.081255
134.370           0.089588        5.133002
134.385           0.090468        5.183453
134.400           0.091326        5.232595
134.415           0.092161        5.280418
134.430           0.092972        5.326910
134.445           0.093760        5.372061
134.460           0.094525        5.415863
134.475           0.095265        5.458306
134.490           0.095982        5.499384
134.505           0.096675        5.539089
134.520           0.097344        5.577416
134.535           0.097989        5.614360
134.550           0.098610        5.649915
134.565           0.099206        5.684078
134.580           0.099778        5.716846
134.595           0.100325        5.748217
134.610           0.100848        5.778190
134.625           0.101347        5.806762
134.640           0.101821        5.833935
134.655           0.102271        5.859709
134.670           0.102697        5.884084
134.685           0.103098        5.907063
134.700           0.103474        5.928648
134.715           0.103827        5.948841
134.730           0.104155        5.967647
134.745           0.104459        5.985070
134.760           0.104739        6.001114
134.775           0.104995        6.015785
134.790           0.105227        6.029088
134.805           0.105436        6.041029
134.820           0.105621        6.051615
134.835           0.105782        6.060854
134.850           0.105920        6.068752
134.865           0.106034        6.075318
134.880           0.106126        6.080561
134.895           0.106194        6.084488
134.910           0.106240        6.087110
134.925           0.106263        6.088435
134.940           0.106264        6.088474
134.955           0.106242        6.087237
134.970           0.106199        6.084734
134.985           0.106133        6.080975
135.000           0.106046        6.075973
135.015           0.105937        6.069738
135.030           0.105807        6.062281
135.045           0.105656        6.053615
135.060           0.105483        6.043752
135.075           0.105291        6.032703
135.090           0.105077        6.020482
135.105           0.104844        6.007100
135.120           0.104590        5.992570
135.135           0.104317        5.976907
135.150           0.104024        5.960121
135.165           0.103711        5.942228
135.180           0.103380        5.923241
135.195           0.103030        5.903172
135.210           0.102661        5.882036
135.225           0.102274        5.859846
135.240           0.101868        5.836618
135.255           0.101445        5.812364
135.270           0.101004        5.787099
135.285           0.100546        5.760838
135.300           0.100070        5.733594
135.315           0.099578        5.705384
135.330           0.099069        5.676220
135.345           0.098543        5.646119
135.360           0.098002        5.615095
135.375           0.097445        5.583163
135.390           0.096872        5.550338
135.405           0.096283        5.516636
135.420           0.095680        5.482071
135.435           0.095062        5.446660
135.450           0.094430        5.410417
135.465           0.093783        5.373359
135.480           0.093122        5.335501
135.495           0.092448        5.296858
135.510           0.091760        5.257446
135.525           0.091059        5.217282
135.540           0.090345        5.176381
135.555           0.089618        5.134759
135.570           0.088880        5.092432
135.585           0.088129        5.049415
135.600           0.087366        5.005726
135.615           0.086592        4.961380
135.630           0.085807        4.916393
135.645           0.085011        4.870782
135.660           0.084204        4.824562
135.675           0.083387        4.777749
135.690           0.082560        4.730360
135.705           0.081723        4.682410
135.720           0.080877        4.633916
135.735           0.080021        4.584894
135.750           0.079157        4.535359
135.765           0.078284        4.485328
135.780           0.077402        4.434816
135.795           0.076512        4.383838
135.810           0.075615        4.332411
135.825           0.074710        4.280551
135.840           0.073797        4.228272
135.855           0.072878        4.175589
135.870           0.071952        4.122519
135.885           0.071019        4.069076
135.900           0.070080        4.015275
135.915           0.069135        3.961131
135.930           0.068184        3.906658
135.945           0.067228        3.851871
135.960           0.066266        3.796785
135.975           0.065300        3.741412
135.990           0.064329        3.685768
136.005           0.063353        3.629866
136.020           0.062373        3.573720
136.035           0.061389        3.517342
136.050           0.060401        3.460747
136.065           0.059410        3.403946
136.080           0.058415        3.346953
136.095           0.057418        3.289781
136.110           0.056417        3.232440
136.125           0.055413        3.174945
136.140           0.054407        3.117306
136.155           0.053399        3.059535
136.170           0.052389        3.001643
136.185           0.051376        2.943642
136.200           0.050362        2.885543
136.215           0.049347        2.827356
136.230           0.048330        2.769092
136.245           0.047312        2.710761
136.260           0.046293        2.652374
136.275           0.045273        2.593939
136.290           0.044252        2.535468
136.305           0.043231        2.476970
136.320           0.042210        2.418453
136.335           0.041189        2.359927
136.350           0.040167        2.301402
136.365           0.039146        2.242884
136.380           0.038125        2.184385
136.395           0.037104        2.125910
136.410           0.036084        2.067470
136.425           0.035065        2.009072
136.440           0.034047        1.950724
136.455           0.033029        1.892433
136.470           0.032013        1.834208
136.485           0.030998        1.776057
136.500           0.029984        1.717985
136.515           0.028972        1.660002
136.530           0.027962        1.602113
136.545           0.026954        1.544327
136.560           0.025947        1.486649
136.575           0.024942        1.429088
136.590           0.023940        1.371650
136.605           0.022940        1.314341
136.620           0.021942        1.257168
136.635           0.020946        1.200138
136.650           0.019954        1.143258
136.665           0.018964        1.086533
136.680           0.017976        1.029971
136.695           0.016992        0.973577
136.710           0.016011        0.917358
136.725           0.015033        0.861321
136.740           0.014058        0.805471
136.755           0.013087        0.749814
136.770           0.012119        0.694358
136.785           0.011155        0.639108
136.800           0.010194        0.584069
136.815           0.009237        0.529250
136.830           0.008284        0.474654
136.845           0.007335        0.420289
136.860           0.006391        0.366160
136.875           0.005450        0.312274
136.890           0.004514        0.258637
136.905           0.003582        0.205254
136.920           0.002655        0.152132
136.935           0.001733        0.099276
136.950           0.000815        0.046694
136.965          -0.000098       -0.005611
136.980          -0.001006       -0.057630
136.995          -0.001909       -0.109359
137.010          -0.002806       -0.160792
137.025          -0.003699       -0.211921
137.040          -0.004586       -0.262743
137.055          -0.005467       -0.313249
137.070          -0.006343       -0.363435
137.085          -0.007213       -0.413295
137.100          -0.008078       -0.462822
137.115          -0.008936       -0.512011
137.130          -0.009789       -0.560856
137.145          -0.010635       -0.609350
137.160          -0.011475       -0.657488
137.175          -0.012309       -0.705263
137.190          -0.013137       -0.752671
137.205          -0.013957       -0.799705
137.220          -0.014772       -0.846358
137.235          -0.015579       -0.892626
137.250          -0.016380       -0.938503
137.265          -0.017174       -0.983982
137.280          -0.017960       -1.029057
137.295          -0.018740       -1.073723
137.310          -0.019512       -1.117975
137.325          -0.020277       -1.161806
137.340          -0.021035       -1.205211
137.355          -0.021785       -1.248183
137.370          -0.022527       -1.290718
137.385          -0.023262       -1.332810
137.400          -0.023989       -1.374453
137.415          -0.024708       -1.415642
137.430          -0.025418       -1.456372
137.445          -0.026121       -1.496636
137.460          -0.026816       -1.536431
137.475          -0.027502       -1.575750
137.490          -0.028180       -1.614589
137.505          -0.028849       -1.652942
137.520          -0.029510       -1.690805
137.535          -0.030162       -1.728173
137.550          -0.030806       -1.765042
137.565          -0.031440       -1.801406
137.580          -0.032066       -1.837261
137.595          -0.032683       -1.872604
137.610          -0.033291       -1.907430
137.625          -0.033890       -1.941735
137.640          -0.034479       -1.975515
137.655          -0.035060       -2.008767
137.670          -0.035631       -2.041487
137.685          -0.036192       -2.073672
137.700          -0.036745       -2.105319
137.715          -0.037288       -2.136426
137.730          -0.037821       -2.166990
137.745          -0.038345       -2.197008
137.760          -0.038859       -2.226478
137.775          -0.039364       -2.255399
137.790          -0.039859       -2.283770
137.805          -0.040345       -2.311588
137.820          -0.040821       -2.338853
137.835          -0.041287       -2.365564
137.850          -0.041743       -2.391722
137.865          -0.042190       -2.417325
137.880          -0.042627       -2.442374
137.895          -0.043055       -2.466870
137.910          -0.043473       -2.490814
137.925          -0.043881       -2.514207
137.940          -0.044280       -2.537050
137.955          -0.044669       -2.559347
137.970          -0.045049       -2.581098
137.985          -0.045419       -2.602307
138.000          -0.045780       -2.622976
138.015          -0.046131       -2.643111
138.030          -0.046473       -2.662713
138.045          -0.046806       -2.681788
138.060          -0.047130       -2.700340
138.075          -0.047445       -2.718374
138.090          -0.047750       -2.735896
138.105          -0.048047       -2.752911
138.120          -0.048336       -2.769426
138.135          -0.048615       -2.785447
138.150          -0.048886       -2.800981
138.165          -0.049149       -2.816036
138.180          -0.049404       -2.830618
138.195          -0.049650       -2.844738
138.210          -0.049889       -2.858402
138.225          -0.050119       -2.871619
138.240          -0.050342       -2.884400
138.255          -0.050558       -2.896752
138.270          -0.050766       -2.908688
138.285          -0.050967       -2.920215
138.300          -0.051162       -2.931346
138.315          -0.051349       -2.942091
138.330          -0.051530       -2.952460
138.345          -0.051705       -2.962467
138.360          -0.051873       -2.972121
138.375          -0.052036       -2.981436
138.390          -0.052193       -2.990424
138.405          -0.052344       -2.999096
138.420          -0.052490       -3.007467
138.435          -0.052631       -3.015548
138.450          -0.052767       -3.023354
138.465          -0.052899       -3.030897
138.480          -0.053026       -3.038191
138.495          -0.053150       -3.045249
138.510          -0.053269       -3.052086
138.525          -0.053385       -3.058716
138.540          -0.053497       -3.065152
138.555          -0.053606       -3.071409
138.570          -0.053713       -3.077501
138.585          -0.053816       -3.083442
138.600          -0.053918       -3.089247
138.615          -0.054017       -3.094929
138.630          -0.054114       -3.100504
138.645          -0.054210       -3.105986
138.660          -0.054304       -3.111388
138.675          -0.054397       -3.116726
138.690          -0.054489       -3.122013
138.705          -0.054581       -3.127264
138.720          -0.054672       -3.132492
138.735          -0.054763       -3.137711
138.750          -0.054855       -3.142935
138.765          -0.054946       -3.148178
138.780          -0.055038       -3.153453
138.795          -0.055131       -3.158773
138.810          -0.055225       -3.164150
138.825          -0.055320       -3.169598
138.840          -0.055416       -3.175129
138.855          -0.055515       -3.180756
138.870          -0.055615       -3.186489
138.885          -0.055717       -3.192341
138.900          -0.055821       -3.198322
138.915          -0.055928       -3.204444
138.930          -0.056038       -3.210716
138.945          -0.056150       -3.217150
138.960          -0.056265       -3.223754
138.975          -0.056384       -3.230539
138.990          -0.056505       -3.237512
139.005          -0.056630       -3.244682
139.020          -0.056759       -3.252057
139.035          -0.056892       -3.259644
139.050          -0.057028       -3.267451
139.065          -0.057168       -3.275483
139.080          -0.057312       -3.283746
139.095          -0.057461       -3.292247
139.110          -0.057613       -3.300989
139.125          -0.057770       -3.309977
139.140          -0.057931       -3.319214
139.155          -0.058097       -3.328704
139.170          -0.058267       -3.338448
139.185          -0.058441       -3.348450
139.200          -0.058621       -3.358709
139.215          -0.058804       -3.369227
139.230          -0.058992       -3.380004
139.245          -0.059185       -3.391039
139.260          -0.059382       -3.402330
139.275          -0.059583       -3.413877
139.290          -0.059789       -3.425675
139.305          -0.060000       -3.437723
139.320          -0.060214       -3.450016
139.335          -0.060433       -3.462550
139.350          -0.060656       -3.475320
139.365          -0.060883       -3.488319
139.380          -0.061113       -3.501543
139.395          -0.061348       -3.514983
139.410          -0.061586       -3.528632
139.425          -0.061828       -3.542482
139.440          -0.062073       -3.556524
139.455          -0.062321       -3.570748
139.470          -0.062573       -3.585145
139.485          -0.062827       -3.599704
139.500          -0.063083       -3.614415
139.515          -0.063343       -3.629264
139.530          -0.063604       -3.644240
139.545          -0.063867       -3.659330
139.560          -0.064133       -3.674522
139.575          -0.064399       -3.689801
139.590          -0.064667       -3.705153
139.605          -0.064936       -3.720564
139.620          -0.065206       -3.736018
139.635          -0.065476       -3.751501
139.650          -0.065746       -3.766996
139.665          -0.066017       -3.782487
139.680          -0.066287       -3.797959
139.695          -0.066556       -3.813393
139.710          -0.066825       -3.828774
139.725          -0.067092       -3.844083
139.740          -0.067358       -3.859304
139.755          -0.067621       -3.874418
139.770          -0.067883       -3.889408
139.785          -0.068142       -3.904255
139.800          -0.068398       -3.918942
139.815          -0.068652       -3.933451
139.830          -0.068901       -3.947762
139.845          -0.069147       -3.961858
139.860          -0.069389       -3.975720
139.875          -0.069627       -3.989331
139.890          -0.069860       -4.002670
139.905          -0.070088       -4.015722
139.920          -0.070310       -4.028466
139.935          -0.070527       -4.040886
139.950          -0.070738       -4.052963
139.965          -0.070942       -4.064680
139.980          -0.071140       -4.076018
139.995          -0.071331       -4.086962
140.010          -0.071515       -4.097493
140.025          -0.071691       -4.107595
140.040          -0.071860       -4.117251
140.055          -0.072020       -4.126445
140.070          -0.072172       -4.135160
140.085          -0.072316       -4.143382
140.100          -0.072450       -4.151095
140.115          -0.072576       -4.158284
140.130          -0.072692       -4.164934
140.145          -0.072798       -4.171031
140.160          -0.072895       -4.176562
140.175          -0.072981       -4.181512
140.190          -0.073057       -4.185869
140.205          -0.073123       -4.189621
140.220          -0.073177       -4.192754
140.235          -0.073221       -4.195257
140.250          -0.073254       -4.197120
140.265          -0.073275       -4.198330
140.280          -0.073284       -4.198878
140.295          -0.073282       -4.198753
140.310          -0.073268       -4.197946
140.325          -0.073242       -4.196448
140.340          -0.073203       -4.194251
140.355          -0.073153       -4.191344
140.370          -0.073090       -4.187722
140.385          -0.073014       -4.183376
140.400          -0.072925       -4.178299
140.415          -0.072824       -4.172485
140.430          -0.072709       -4.165928
140.445          -0.072582       -4.158621
140.460          -0.072441       -4.150559
140.475          -0.072287       -4.141737
140.490          -0.072120       -4.132150
140.505          -0.071939       -4.121794
140.520          -0.071745       -4.110665
140.535          -0.071537       -4.098759
140.550          -0.071315       -4.086071
140.565          -0.071080       -4.072600
140.580          -0.070831       -4.058343
140.595          -0.070569       -4.043296
140.610          -0.070292       -4.027457
140.625          -0.070002       -4.010824
140.640          -0.069698       -3.993395
140.655          -0.069380       -3.975168
140.670          -0.069048       -3.956143
140.685          -0.068702       -3.936316
140.700          -0.068342       -3.915688
140.715          -0.067968       -3.894257
140.730          -0.067580       -3.872022
140.745          -0.067177       -3.848982
140.760          -0.066761       -3.825138
140.775          -0.066331       -3.800487
140.790          -0.065887       -3.775030
140.805          -0.065428       -3.748766
140.820          -0.064956       -3.721695
140.835          -0.064469       -3.693817
140.850          -0.063969       -3.665131
140.865          -0.063454       -3.635637
140.880          -0.062925       -3.605335
140.895          -0.062382       -3.574225
140.910          -0.061825       -3.542306
140.925          -0.061254       -3.509579
140.940          -0.060668       -3.476044
140.955          -0.060069       -3.441700
140.970          -0.059455       -3.406548
140.985          -0.058828       -3.370587
141.000          -0.058186       -3.333817
141.015          -0.057530       -3.296239
141.030          -0.056860       -3.257852
141.045          -0.056176       -3.218656
141.060          -0.055478       -3.178652
141.075          -0.054766       -3.137839
141.090          -0.054039       -3.096218
141.105          -0.053299       -3.053788
141.120          -0.052544       -3.010550
141.135          -0.051775       -2.966503
141.150          -0.050992       -2.921650
141.165          -0.050195       -2.875989
141.180          -0.049384       -2.829521
141.195          -0.048559       -2.782247
141.210          -0.047720       -2.734167
141.225          -0.046867       -2.685283
141.240          -0.046000       -2.635595
141.255          -0.045119       -2.585105
141.270          -0.044223       -2.533814
141.285          -0.043314       -2.481723
141.300          -0.042391       -2.428835
141.315          -0.041454       -2.375152
141.330          -0.040503       -2.320675
141.345          -0.039539       -2.265408
141.360          -0.038560       -2.209353
141.375          -0.037568       -2.152514
141.390          -0.036563       -2.094895
141.405          -0.035544       -2.036499
141.420          -0.034511       -1.977331
141.435          -0.033465       -1.917396
141.450          -0.032406       -1.856700
141.465          -0.031333       -1.795247
141.480          -0.030247       -1.733045
141.495          -0.029149       -1.670100
141.510          -0.028037       -1.606420
141.525          -0.026913       -1.542013
141.540          -0.025777       -1.476886
141.555          -0.024627       -1.411050
141.570          -0.023466       -1.344514
141.585          -0.022293       -1.277289
141.600          -0.021108       -1.209385
141.615          -0.019911       -1.140814
141.630          -0.018703       -1.071589
141.645          -0.017483       -1.001723
141.660          -0.016253       -0.931230
141.675          -0.015012       -0.860124
141.690          -0.013761       -0.788420
141.705          -0.012499       -0.716135
141.720          -0.011227       -0.643286
141.735          -0.009946       -0.569890
141.750          -0.008656       -0.495964
141.765          -0.007357       -0.421530
141.780          -0.006049       -0.346605
141.795          -0.004734       -0.271211
141.810          -0.003410       -0.195369
141.825          -0.002079       -0.119101
141.840          -0.000741       -0.042430
141.855           0.000604        0.034621
141.870           0.001955        0.112028
141.885           0.003312        0.189765
141.900           0.004674        0.267808
141.915           0.006041        0.346130
141.930           0.007413        0.424705
141.945           0.008788        0.503505
141.960           0.010167        0.582503
141.975           0.011548        0.661670
141.990           0.012932        0.740977
142.005           0.014319        0.820395
142.020           0.015706        0.899894
142.035           0.017095        0.979443
142.050           0.018483        1.059014
142.065           0.019872        1.138574
142.080           0.021260        1.218093
142.095           0.022646        1.297539
142.110           0.024031        1.376881
142.125           0.025414        1.456087
142.140           0.026793        1.535126
142.155           0.028169        1.613966
142.170           0.029541        1.692575
142.185           0.030908        1.770922
142.200           0.032271        1.848974
142.215           0.033627        1.926701
142.230           0.034978        2.004072
142.245           0.036321        2.081055
142.260           0.037658        2.157619
142.275           0.038986        2.233736
142.290           0.040306        2.309374
142.305           0.041617        2.384504
142.320           0.042919        2.459098
142.335           0.044211        2.533127
142.350           0.045493        2.606562
142.365           0.046764        2.679378
142.380           0.048024        2.751546
142.395           0.049271        2.823043
142.410           0.050507        2.893841
142.425           0.051730        2.963917
142.440           0.052940        3.033248
142.455           0.054137        3.101811
142.470           0.055320        3.169583
142.485           0.056488        3.236544
142.500           0.057643        3.302674
142.515           0.058782        3.367953
142.530           0.059906        3.432364
142.545           0.061015        3.495889
142.560           0.062108        3.558512
142.575           0.063185        3.620218
142.590           0.064245        3.680993
142.605           0.065290        3.740822
142.620           0.066317        3.799695
142.635           0.067328        3.857600
142.650           0.068321        3.914527
142.665           0.069298        3.970466
142.680           0.070257        4.025410
142.695           0.071198        4.079351
142.710           0.072122        4.132282
142.725           0.073028        4.184200
142.740           0.073916        4.235098
142.755           0.074787        4.284975
142.770           0.075640        4.333827
142.785           0.076474        4.381653
142.800           0.077291        4.428452
142.815           0.078090        4.474225
142.830           0.078871        4.518971
142.845           0.079634        4.562694
142.860           0.080379        4.605395
142.875           0.081107        4.647078
142.890           0.081817        4.687746
142.905           0.082509        4.727405
142.920           0.083183        4.766059
142.935           0.083841        4.803714
142.950           0.084481        4.840377
142.965           0.085103        4.876055
142.980           0.085709        4.910754
142.995           0.086298        4.944484
143.010           0.086869        4.977252
143.025           0.087425        5.009067
143.040           0.087964        5.039939
143.055           0.088486        5.069877
143.070           0.088992        5.098891
143.085           0.089483        5.126991
143.100           0.089958        5.154188
143.115           0.090417        5.180492
143.130           0.090860        5.205915
143.145           0.091289        5.230467
143.160           0.091702        5.254161
143.175           0.092101        5.277007
143.190           0.092485        5.299018
143.205           0.092855        5.320204
143.220           0.093211        5.340579
143.235           0.093552        5.360153
143.250           0.093880        5.378940
143.265           0.094195        5.396952
143.280           0.094496        5.414199
143.295           0.094784        5.430696
143.310           0.095059        5.446454
143.325           0.095321        5.461485
143.340           0.095571        5.475802
143.355           0.095808        5.489418
143.370           0.096034        5.502344
143.385           0.096248        5.514592
143.400           0.096450        5.526177
143.415           0.096641        5.537108
143.430           0.096820        5.547400
143.445           0.096989        5.557064
143.460           0.097147        5.566113
143.475           0.097294        5.574558
143.490           0.097431        5.582412
143.505           0.097558        5.589688
143.520           0.097676        5.596397
143.535           0.097783        5.602552
143.550           0.097881        5.608165
143.565           0.097970        5.613247
143.580           0.098049        5.617811
143.595           0.098120        5.621869
143.610           0.098182        5.625432
143.625           0.098236        5.628513
143.640           0.098282        5.631122
143.655           0.098319        5.633272
143.670           0.098349        5.634975
143.685           0.098371        5.636241
143.700           0.098386        5.637082
143.715           0.098393        5.637508
143.730           0.098393        5.637532
143.745           0.098387        5.637163
143.760           0.098374        5.636413
143.775           0.098354        5.635291
143.790           0.098329        5.633809
143.805           0.098297        5.631975
143.820           0.098259        5.629800
143.835           0.098215        5.627293
143.850           0.098165        5.624463
143.865           0.098111        5.621319
143.880           0.098050        5.617869
143.895           0.097985        5.614122
143.910           0.097914        5.610084
143.925           0.097839        5.605764
143.940           0.097759        5.601167
143.955           0.097674        5.596301
143.970           0.097584        5.591171
143.985           0.097490        5.585783
144.000           0.097392        5.580141
144.015           0.097289        5.574249
144.030           0.097182        5.568111
144.045           0.097070        5.561730
144.060           0.096955        5.555108
144.075           0.096835        5.548247
144.090           0.096711        5.541149
144.105           0.096583        5.533813
144.120           0.096451        5.526239
144.135           0.096315        5.518426
144.150           0.096174        5.510372
144.165           0.096029        5.502076
144.180           0.095880        5.493532
144.195           0.095727        5.484739
144.210           0.095569        5.475690
144.225           0.095406        5.466380
144.240           0.095239        5.456804
144.255           0.095067        5.446953
144.270           0.094890        5.436820
144.285           0.094708        5.426397
144.300           0.094521        5.415673
144.315           0.094329        5.404640
144.330           0.094131        5.393287
144.345           0.093927        5.381601
144.360           0.093717        5.369571
144.375           0.093500        5.357183
144.390           0.093278        5.344425
144.405           0.093048        5.331283
144.420           0.092812        5.317740
144.435           0.092568        5.303783
144.450           0.092317        5.289396
144.465           0.092058        5.274561
144.480           0.091791        5.259263
144.495           0.091516        5.243485
144.510           0.091232        5.227207
144.525           0.090939        5.210413
144.540           0.090636        5.193084
144.555           0.090324        5.175202
144.570           0.090002        5.156747
144.585           0.089670        5.137702
144.600           0.089327        5.118045
144.615           0.088973        5.097759
144.630           0.088607        5.076824
144.645           0.088230        5.055220
144.660           0.087841        5.032928
144.675           0.087440        5.009930
144.690           0.087026        4.986205
144.705           0.086599        4.961734
144.720           0.086158        4.936500
144.735           0.085704        4.910483
144.750           0.085236        4.883665
144.765           0.084754        4.856028
144.780           0.084257        4.827555
144.795           0.083745        4.798229
144.810           0.083218        4.768032
144.825           0.082675        4.736949
144.840           0.082117        4.704965
144.855           0.081543        4.672063
144.870           0.080952        4.638230
144.885           0.080345        4.603451
144.900           0.079722        4.567714
144.915           0.079081        4.531006
144.930           0.078423        4.493315
144.945           0.077748        4.454630
144.960           0.077055        4.414941
144.975           0.076345        4.374238
144.990           0.075617        4.332512
145.005           0.074870        4.289756
145.020           0.074106        4.245962
145.035           0.073323        4.201124
145.050           0.072523        4.155237
145.065           0.071703        4.108296
145.080           0.070866        4.060298
145.095           0.070009        4.011238
145.110           0.069135        3.961116
145.125           0.068241        3.909931
145.140           0.067329        3.857681
145.155           0.066399        3.804368
145.170           0.065450        3.749993
145.185           0.064482        3.694559
145.200           0.063496        3.638068
145.215           0.062492        3.580524
145.230           0.061469        3.521933
145.245           0.060429        3.462299
145.260           0.059370        3.401630
145.275           0.058293        3.339932
145.290           0.057198        3.277214
145.305           0.056086        3.213484
145.320           0.054956        3.148752
145.335           0.053809        3.083027
145.350           0.052645        3.016322
145.365           0.051464        2.948647
145.380           0.050266        2.880015
145.395           0.049051        2.810439
145.410           0.047821        2.739931
145.425           0.046574        2.668508
145.440           0.045312        2.596182
145.455           0.044034        2.522971
145.470           0.042741        2.448889
145.485           0.041433        2.373953
145.500           0.040111        2.298180
145.515           0.038774        2.221588
145.530           0.037423        2.144194
145.545           0.036059        2.066017
145.560           0.034681        1.987076
145.575           0.033290        1.907390
145.590           0.031887        1.826979
145.605           0.030471        1.745863
145.620           0.029043        1.664063
145.635           0.027604        1.581599
145.650           0.026154        1.498492
145.665           0.024692        1.414763
145.680           0.023220        1.330436
145.695           0.021739        1.245530
145.710           0.020247        1.160070
145.725           0.018746        1.074077
145.740           0.017236        0.987575
145.755           0.015718        0.900585
145.770           0.014192        0.813132
145.785           0.012658        0.725238
145.800           0.011116        0.636928
145.815           0.009568        0.548225
145.830           0.008014        0.459153
145.845           0.006453        0.369735
145.860           0.004887        0.279996
145.875           0.003315        0.189961
145.890           0.001739        0.099652
145.905           0.000159        0.009095
145.920          -0.001426       -0.081685
145.935          -0.003014       -0.172665
145.950          -0.004605       -0.263821
145.965          -0.006198       -0.355126
145.980          -0.007794       -0.446558
145.995          -0.009391       -0.538091
146.010          -0.010990       -0.629701
146.025          -0.012590       -0.721363
146.040          -0.014190       -0.813053
146.055          -0.015791       -0.904747
146.070          -0.017391       -0.996420
146.085          -0.018990       -1.088048
146.100          -0.020588       -1.179607
146.115          -0.022184       -1.271073
146.130          -0.023779       -1.362421
146.145          -0.025371       -1.453628
146.160          -0.026960       -1.544670
146.175          -0.028545       -1.635523
146.190          -0.030127       -1.726165
146.205          -0.031705       -1.816570
146.220          -0.033278       -1.906717
146.235          -0.034847       -1.996582
146.250          -0.036410       -2.086142
146.265          -0.037967       -2.175374
146.280          -0.039519       -2.264256
146.295          -0.041064       -2.352766
146.310          -0.042601       -2.440882
146.325          -0.044132       -2.528580
146.340          -0.045655       -2.615840
146.355          -0.047170       -2.702640
146.370          -0.048677       -2.788958
146.385          -0.050174       -2.874774
146.400          -0.051663       -2.960066
146.415          -0.053142       -3.044814
146.430          -0.054611       -3.128996
146.445          -0.056070       -3.212593
146.460          -0.057519       -3.295585
146.475          -0.058956       -3.377951
146.490          -0.060383       -3.459672
146.505          -0.061797       -3.540728
146.520          -0.063200       -3.621100
146.535          -0.064591       -3.700769
146.550          -0.065968       -3.779716
146.565          -0.067333       -3.857923
146.580          -0.068685       -3.935371
146.595          -0.070023       -4.012041
146.610          -0.071348       -4.087916
146.625          -0.072658       -4.162978
146.640          -0.073953       -4.237210
146.655          -0.075234       -4.310593
146.670          -0.076500       -4.383111
146.685          -0.077750       -4.454746
146.700          -0.078985       -4.525483
146.715          -0.080203       -4.595303
146.730          -0.081406       -4.664192
146.745          -0.082591       -4.732132
146.760          -0.083760       -4.799108
146.775          -0.084912       -4.865103
146.790          -0.086047       -4.930103
146.805          -0.087163       -4.994091
146.820          -0.088262       -5.057054
146.835          -0.089343       -5.118975
146.850          -0.090405       -5.179840
146.865          -0.091449       -5.239634
146.880          -0.092474       -5.298344
146.895          -0.093479       -5.355955
146.910          -0.094465       -5.412453
146.925          -0.095432       -5.467825
146.940          -0.096378       -5.522058
146.955          -0.097305       -5.575138
146.970          -0.098211       -5.627053
146.985          -0.099096       -5.677791
147.000          -0.099961       -5.727338
147.015          -0.100805       -5.775685
147.030          -0.101627       -5.822818
147.045          -0.102429       -5.868727
147.060          -0.103208       -5.913401
147.075          -0.103966       -5.956830
147.090          -0.104702       -5.999004
147.105          -0.105416       -6.039912
147.120          -0.106108       -6.079547
147.135          -0.106777       -6.117899
147.150          -0.107424       -6.154960
147.165          -0.108048       -6.190723
147.180          -0.108650       -6.225179
147.195          -0.109228       -6.258322
147.210          -0.109784       -6.290146
147.225          -0.110316       -6.320646
147.240          -0.110825       -6.349816
147.255          -0.111311       -6.377651
147.270          -0.111773       -6.404147
147.285          -0.112212       -6.429302
147.300          -0.112628       -6.453112
147.315          -0.113020       -6.475576
147.330          -0.113389       -6.496692
147.345          -0.113734       -6.516459
147.360          -0.114055       -6.534877
147.375          -0.114353       -6.551946
147.390          -0.114627       -6.567669
147.405          -0.114878       -6.582047
147.420          -0.115106       -6.595083
147.435          -0.115310       -6.606780
147.450          -0.115491       -6.617143
147.465          -0.115649       -6.626177
147.480          -0.115783       -6.633886
147.495          -0.115895       -6.640278
147.510          -0.115983       -6.645360
147.525          -0.116049       -6.649140
147.540          -0.116093       -6.651626
147.555          -0.116114       -6.652827
147.570          -0.116112       -6.652755
147.585          -0.116089       -6.651418
147.600          -0.116044       -6.648830
147.615          -0.115977       -6.645002
147.630          -0.115889       -6.639946
147.645          -0.115780       -6.633677
147.660          -0.115649       -6.626208
147.675          -0.115498       -6.617555
147.690          -0.115327       -6.607731
147.705          -0.115135       -6.596754
147.720          -0.114924       -6.584639
147.735          -0.114693       -6.571404
147.750          -0.114442       -6.557065
147.765          -0.114173       -6.541641
147.780          -0.113885       -6.525150
147.795          -0.113579       -6.507611
147.810          -0.113255       -6.489042
147.825          -0.112913       -6.469463
147.840          -0.112554       -6.448894
147.855          -0.112179       -6.427355
147.870          -0.111786       -6.404865
147.885          -0.111377       -6.381445
147.900          -0.110953       -6.357116
147.915          -0.110512       -6.331898
147.930          -0.110057       -6.305812
147.945          -0.109587       -6.278878
147.960          -0.109103       -6.251118
147.975          -0.108604       -6.222553
147.990          -0.108092       -6.193202
148.005          -0.107566       -6.163086
148.020          -0.107028       -6.132227
148.035          -0.106476       -6.100643
148.050          -0.105913       -6.068356
148.065          -0.105337       -6.035385
148.080          -0.104750       -6.001750
148.095          -0.104152       -5.967470
148.110          -0.103543       -5.932564
148.125          -0.102923       -5.897050
148.140          -0.102293       -5.860948
148.155          -0.101653       -5.824274
148.170          -0.101003       -5.787046
148.185          -0.100344       -5.749281
148.200          -0.099676       -5.710996
148.215          -0.098999       -5.672207
148.230          -0.098313       -5.632928
148.245          -0.097619       -5.593176
148.260          -0.096918       -5.552964
148.275          -0.096208       -5.512307
148.290          -0.095491       -5.471217
148.305          -0.094766       -5.429708
148.320          -0.094035       -5.387791
148.335          -0.093296       -5.345479
148.350          -0.092551       -5.302782
148.365          -0.091799       -5.259711
148.380          -0.091041       -5.216275
148.395          -0.090277       -5.172485
148.410          -0.089507       -5.128348
148.425          -0.088730       -5.083873
148.440          -0.087948       -5.039068
148.455          -0.087161       -4.993939
148.470          -0.086367       -4.948493
148.485          -0.085569       -4.902736
148.500          -0.084765       -4.856673
148.515          -0.083956       -4.810310
148.530          -0.083141       -4.763652
148.545          -0.082322       -4.716701
148.560          -0.081497       -4.669462
148.575          -0.080668       -4.621937
148.590          -0.079834       -4.574131
148.605          -0.078994       -4.526044
148.620          -0.078150       -4.477679
148.635          -0.077301       -4.429038
148.650          -0.076448       -4.380122
148.665          -0.075589       -4.330932
148.680          -0.074726       -4.281469
148.695          -0.073858       -4.231734
148.710          -0.072985       -4.181726
148.725          -0.072107       -4.131447
148.740          -0.071225       -4.080895
148.755          -0.070338       -4.030071
148.770          -0.069446       -3.978974
148.785          -0.068550       -3.927604
148.800          -0.067648       -3.875961
148.815          -0.066742       -3.824044
148.830          -0.065831       -3.771852
148.845          -0.064916       -3.719384
148.860          -0.063995       -3.666641
148.875          -0.063070       -3.613622
148.890          -0.062139       -3.560325
148.905          -0.061204       -3.506751
148.920          -0.060264       -3.452899
148.935          -0.059320       -3.398770
148.950          -0.058370       -3.344362
148.965          -0.057416       -3.289676
148.980          -0.056456       -3.234712
148.995          -0.055492       -3.179471
149.010          -0.054523       -3.123953
149.025          -0.053549       -3.068158
149.040          -0.052571       -3.012089
149.055          -0.051587       -2.955745
149.070          -0.050599       -2.899128
149.085          -0.049606       -2.842241
149.100          -0.048609       -2.785084
149.115          -0.047607       -2.727661
149.130          -0.046600       -2.669974
149.145          -0.045588       -2.612025
149.160          -0.044573       -2.553817
149.175          -0.043552       -2.495355
149.190          -0.042527       -2.436641
149.205          -0.041498       -2.377680
149.220          -0.040465       -2.318476
149.235          -0.039428       -2.259034
149.250          -0.038386       -2.199358
149.265          -0.037341       -2.139455
149.280          -0.036291       -2.079329
149.295          -0.035238       -2.018988
149.310          -0.034181       -1.958436
149.325          -0.033121       -1.897682
149.340          -0.032057       -1.836732
149.355          -0.030990       -1.775593
149.370          -0.029920       -1.714274
149.385          -0.028846       -1.652782
149.400          -0.027770       -1.591127
149.415          -0.026692       -1.529317
149.430          -0.025610       -1.467361
149.445          -0.024527       -1.405270
149.460          -0.023441       -1.343053
149.475          -0.022353       -1.280721
149.490          -0.021263       -1.218285
149.505          -0.020172       -1.155756
149.520          -0.019079       -1.093146
149.535          -0.017985       -1.030466
149.550          -0.016890       -0.967730
149.565          -0.015794       -0.904949
149.580          -0.014698       -0.842138
149.595          -0.013602       -0.779310
149.610          -0.012505       -0.716478
149.625          -0.011408       -0.653657
149.640          -0.010312       -0.590863
149.655          -0.009217       -0.528109
149.670          -0.008123       -0.465412
149.685          -0.007030       -0.402788
149.700          -0.005939       -0.340252
149.715          -0.004849       -0.277822
149.730          -0.003761       -0.215514
149.745          -0.002676       -0.153346
149.760          -0.001594       -0.091335
149.775          -0.000515       -0.029501
149.790           0.000561        0.032141
149.805           0.001633        0.093569
149.820           0.002701        0.154766
149.835           0.003765        0.215712
149.850           0.004824        0.276388
149.865           0.005878        0.336773
149.880           0.006926        0.396848
149.895           0.007969        0.456593
149.910           0.009006        0.515986
149.925           0.010036        0.575008
149.940           0.011059        0.633637
149.955           0.012075        0.691853
149.970           0.013084        0.749634
149.985           0.014084        0.806958
150.000           0.015076        0.863806
150.015           0.016060        0.920155
150.030           0.017034        0.975984
150.045           0.017999        1.031272
150.060           0.018954        1.085997
150.075           0.019899        1.140138
150.090           0.020834        1.193674
150.105           0.021757        1.246585
150.120           0.022669        1.298849
150.135           0.023570        1.350445
150.150           0.024458        1.401354
150.165           0.025334        1.451554
150.180           0.026198        1.501027
150.195           0.027048        1.549753
150.210           0.027885        1.597713
150.225           0.028709        1.644888
150.240           0.029518        1.691260
150.255           0.030313        1.736810
150.270           0.031093        1.781523
150.285           0.031859        1.825381
150.300           0.032609        1.868368
150.315           0.033344        1.910468
150.330           0.034063        1.951667
150.345           0.034766        1.991950
150.360           0.035453        2.031304
150.375           0.036123        2.069716
150.390           0.036777        2.107174
150.405           0.037414        2.143667
150.420           0.038034        2.179184
150.435           0.038637        2.213716
150.450           0.039222        2.247253
150.465           0.039790        2.279788
150.480           0.040340        2.311314
150.495           0.040873        2.341825
150.510           0.041387        2.371315
150.525           0.041884        2.399780
150.540           0.042363        2.427216
150.555           0.042824        2.453621
150.570           0.043267        2.478993
150.585           0.043691        2.503332
150.600           0.044098        2.526637
150.615           0.044487        2.548910
150.630           0.044858        2.570153
150.645           0.045210        2.590369
150.660           0.045545        2.609562
150.675           0.045863        2.627736
150.690           0.046162        2.644896
150.705           0.046444        2.661051
150.720           0.046709        2.676205
150.735           0.046956        2.690369
150.750           0.047186        2.703549
150.765           0.047399        2.715757
150.780           0.047595        2.727003
150.795           0.047775        2.737296
150.810           0.047938        2.746650
150.825           0.048085        2.755077
150.840           0.048216        2.762588
150.855           0.048332        2.769199
150.870           0.048432        2.774922
150.885           0.048516        2.779773
150.900           0.048586        2.783767
150.915           0.048641        2.786918
150.930           0.048681        2.789244
150.945           0.048708        2.790759
150.960           0.048721        2.791481
150.975           0.048720        2.791426
150.990           0.048705        2.790611
151.005           0.048678        2.789054
151.020           0.048638        2.786772
151.035           0.048586        2.783782
151.050           0.048522        2.780102
151.065           0.048446        2.775750
151.080           0.048359        2.770743
151.095           0.048260        2.765099
151.110           0.048151        2.758835
151.125           0.048031        2.751970
151.140           0.047901        2.744520
151.155           0.047761        2.736503
151.170           0.047611        2.727935
151.185           0.047453        2.718834
151.200           0.047285        2.709217
151.215           0.047108        2.699099
151.230           0.046923        2.688498
151.245           0.046730        2.677428
151.260           0.046529        2.665907
151.275           0.046320        2.653947
151.290           0.046104        2.641566
151.305           0.045881        2.628778
151.320           0.045651        2.615596
151.335           0.045414        2.602035
151.350           0.045171        2.588108
151.365           0.044922        2.573828
151.380           0.044667        2.559210
151.395           0.044406        2.544264
151.410           0.044139        2.529003
151.425           0.043868        2.513439
151.440           0.043591        2.497583
151.455           0.043309        2.481446
151.470           0.043023        2.465039
151.485           0.042732        2.448373
151.500           0.042437        2.431457
151.515           0.042138        2.414302
151.530           0.041834        2.396916
151.545           0.041527        2.379309
151.560           0.041216        2.361489
151.575           0.040901        2.343466
151.590           0.040583        2.325248
151.605           0.040262        2.306842
151.620           0.039938        2.288258
151.635           0.039610        2.269503
151.650           0.039280        2.250583
151.665           0.038947        2.231508
151.680           0.038612        2.212284
151.695           0.038274        2.192919
151.710           0.037933        2.173419
151.725           0.037591        2.153793
151.740           0.037246        2.134046
151.755           0.036900        2.114186
151.770           0.036551        2.094221
151.785           0.036201        2.074156
151.800           0.035849        2.054000
151.815           0.035496        2.033759
151.830           0.035141        2.013441
151.845           0.034785        1.993052
151.860           0.034428        1.972601
151.875           0.034070        1.952095
151.890           0.033712        1.931541
151.905           0.033352        1.910947
151.920           0.032992        1.890321
151.935           0.032632        1.869672
151.950           0.032271        1.849007
151.965           0.031910        1.828335
151.980           0.031550        1.807664
151.995           0.031189        1.787005
152.010           0.030829        1.766364
152.025           0.030469        1.745753
152.040           0.030110        1.725181
152.055           0.029752        1.704657
152.070           0.029395        1.684191
152.085           0.029039        1.663794
152.100           0.028684        1.643476
152.115           0.028331        1.623248
152.130           0.027980        1.603120
152.145           0.027630        1.583105
152.160           0.027283        1.563213
152.175           0.026938        1.543457
152.190           0.026596        1.523848
152.205           0.026257        1.504398
152.220           0.025920        1.485120
152.235           0.025587        1.466026
152.250           0.025257        1.447129
152.265           0.024931        1.428442
152.280           0.024609        1.409978
152.295           0.024291        1.391750
152.310           0.023977        1.373773
152.325           0.023668        1.356058
152.340           0.023363        1.338621
152.355           0.023064        1.321475
152.370           0.022770        1.304634
152.385           0.022482        1.288112
152.400           0.022199        1.271923
152.415           0.021923        1.256081
152.430           0.021653        1.240600
152.445           0.021389        1.225496
152.460           0.021132        1.210781
152.475           0.020882        1.196470
152.490           0.020640        1.182577
152.505           0.020405        1.169116
152.520           0.020178        1.156102
152.535           0.019959        1.143547
152.550           0.019748        1.131466
152.565           0.019545        1.119873
152.580           0.019352        1.108780
152.595           0.019167        1.098201
152.610           0.018992        1.088150
152.625           0.018826        1.078638
152.640           0.018669        1.069678
152.655           0.018523        1.061282
152.670           0.018386        1.053463
152.685           0.018260        1.046232
152.700           0.018144        1.039599
152.715           0.018039        1.033577
152.730           0.017945        1.028174
152.745           0.017862        1.023402
152.760           0.017790        1.019269
152.775           0.017729        1.015784
152.790           0.017679        1.012957
152.805           0.017642        1.010795
152.820           0.017616        1.009306
152.835           0.017602        1.008496
152.850           0.017599        1.008372
152.865           0.017609        1.008939
152.880           0.017631        1.010203
152.895           0.017666        1.012168
152.910           0.017712        1.014839
152.925           0.017771        1.018217
152.940           0.017843        1.022306
152.955           0.017926        1.027108
152.970           0.018023        1.032623
152.985           0.018131        1.038852
153.000           0.018253        1.045795
153.015           0.018386        1.053451
153.030           0.018532        1.061818
153.045           0.018691        1.070893
153.060           0.018861        1.080673
153.075           0.019044        1.091155
153.090           0.019239        1.102333
153.105           0.019446        1.114202
153.120           0.019666        1.126756
153.135           0.019897        1.139989
153.150           0.020139        1.153892
153.165           0.020393        1.168457
153.180           0.020659        1.183675
153.195           0.020936        1.199536
153.210           0.021224        1.216031
153.225           0.021522        1.233147
153.240           0.021832        1.250874
153.255           0.022152        1.269198
153.270           0.022482        1.288108
153.285           0.022822        1.307588
153.300           0.023171        1.327626
153.315           0.023531        1.348207
153.330           0.023899        1.369314
153.345           0.024276        1.390934
153.360           0.024662        1.413048
153.375           0.025057        1.435642
153.390           0.025459        1.458697
153.405           0.025869        1.482196
153.420           0.026287        1.506122
153.435           0.026711        1.530456
153.450           0.027143        1.555180
153.465           0.027581        1.580274
153.480           0.028025        1.605720
153.495           0.028475        1.631499
153.510           0.028930        1.657591
153.525           0.029391        1.683976
153.540           0.029856        1.710636
153.555           0.030326        1.737549
153.570           0.030800        1.764696
153.585           0.031277        1.792057
153.600           0.031758        1.819611
153.615           0.032242        1.847340
153.630           0.032729        1.875223
153.645           0.033218        1.903240
153.660           0.033709        1.931371
153.675           0.034201        1.959596
153.690           0.034695        1.987896
153.705           0.035190        2.016252
153.720           0.035686        2.044644
153.735           0.036182        2.073054
153.750           0.036677        2.101461
153.765           0.037173        2.129848
153.780           0.037668        2.158196
153.795           0.038161        2.186488
153.810           0.038654        2.214705
153.825           0.039145        2.242829
153.840           0.039634        2.270844
153.855           0.040120        2.298733
153.870           0.040605        2.326478
153.885           0.041086        2.354064
153.900           0.041565        2.381475
153.915           0.042040        2.408695
153.930           0.042511        2.435709
153.945           0.042979        2.462501
153.960           0.043442        2.489058
153.975           0.043901        2.515364
153.990           0.044356        2.541407
154.005           0.044806        2.567172
154.020           0.045250        2.592647
154.035           0.045690        2.617819
154.050           0.046123        2.642674
154.065           0.046551        2.667202
154.080           0.046974        2.691390
154.095           0.047390        2.715226
154.110           0.047799        2.738701
154.125           0.048203        2.761802
154.140           0.048599        2.784520
154.155           0.048989        2.806844
154.170           0.049371        2.828765
154.185           0.049747        2.850273
154.200           0.050115        2.871359
154.215           0.050475        2.892014
154.230           0.050828        2.912229
154.245           0.051173        2.931997
154.260           0.051510        2.951310
154.275           0.051839        2.970159
154.290           0.052160        2.988537
154.305           0.052472        3.006438
154.320           0.052776        3.023855
154.335           0.053072        3.040780
154.350           0.053358        3.057209
154.365           0.053636        3.073134
154.380           0.053905        3.088551
154.395           0.054165        3.103454
154.410           0.054417        3.117838
154.425           0.054658        3.131698
154.440           0.054891        3.145029
154.455           0.055114        3.157828
154.470           0.055329        3.170090
154.485           0.055533        3.181813
154.500           0.055728        3.192991
154.515           0.055914        3.203623
154.530           0.056090        3.213706
154.545           0.056256        3.223237
154.560           0.056413        3.232214
154.575           0.056560        3.240635
154.590           0.056697        3.248498
154.605           0.056824        3.255803
154.620           0.056942        3.262548
154.635           0.057050        3.268732
154.650           0.057148        3.274355
154.665           0.057237        3.279418
154.680           0.057315        3.283919
154.695           0.057384        3.287860
154.710           0.057443        3.291242
154.725           0.057492        3.294065
154.740           0.057532        3.296332
154.755           0.057562        3.298043
154.770           0.057582        3.299200
154.785           0.057592        3.299806
154.800           0.057593        3.299863
154.815           0.057585        3.299375
154.830           0.057567        3.298343
154.845           0.057540        3.296772
154.860           0.057503        3.294664
154.875           0.057457        3.292024
154.890           0.057401        3.288855
154.905           0.057337        3.285162
154.920           0.057263        3.280949
154.935           0.057181        3.276220
154.950           0.057089        3.270981
154.965           0.056989        3.265235
154.980           0.056880        3.258989
154.995           0.056762        3.252247
155.010           0.056636        3.245014
155.025           0.056501        3.237296
155.040           0.056358        3.229098
155.055           0.056207        3.220426
155.070           0.056048        3.211285
155.085           0.055880        3.201682
155.100           0.055704        3.191620
155.115           0.055521        3.181107
155.130           0.055330        3.170148
155.145           0.055131        3.158748
155.160           0.054924        3.146913
155.175           0.054710        3.134648
155.190           0.054488        3.121958
155.205           0.054260        3.108850
155.220           0.054024        3.095328
155.235           0.053781        3.081398
155.250           0.053530        3.067064
155.265           0.053273        3.052331
155.280           0.053009        3.037204
155.295           0.052738        3.021687
155.310           0.052461        3.005785
155.325           0.052177        2.989501
155.340           0.051886        2.972841
155.355           0.051589        2.955808
155.370           0.051285        2.938404
155.385           0.050975        2.920635
155.400           0.050658        2.902502
155.415           0.050335        2.884010
155.430           0.050006        2.865160
155.445           0.049671        2.845955
155.460           0.049330        2.826398
155.475           0.048983        2.806491
155.490           0.048629        2.786235
155.505           0.048269        2.765633
155.520           0.047904        2.744686
155.535           0.047532        2.723395
155.550           0.047155        2.701761
155.565           0.046771        2.679787
155.580           0.046382        2.657471
155.595           0.045986        2.634815
155.610           0.045585        2.611820
155.625           0.045178        2.588485
155.640           0.044764        2.564811
155.655           0.044345        2.540798
155.670           0.043920        2.516446
155.685           0.043489        2.491754
155.700           0.043052        2.466723
155.715           0.042610        2.441351
155.730           0.042161        2.415638
155.745           0.041706        2.389585
155.760           0.041245        2.363189
155.775           0.040779        2.336451
155.790           0.040306        2.309369
155.805           0.039827        2.281944
155.820           0.039343        2.254173
155.835           0.038852        2.226056
155.850           0.038355        2.197593
155.865           0.037852        2.168783
155.880           0.037343        2.139624
155.895           0.036828        2.110117
155.910           0.036307        2.080259
155.925           0.035780        2.050051
155.940           0.035247        2.019492
155.955           0.034707        1.988581
155.970           0.034162        1.957317
155.985           0.033610        1.925700
156.000           0.033052        1.893729
156.015           0.032488        1.861404
156.030           0.031917        1.828725
156.045           0.031341        1.795691
156.060           0.030758        1.762301
156.075           0.030169        1.728557
156.090           0.029574        1.694457
156.105           0.028972        1.660001
156.120           0.028365        1.625191
156.135           0.027751        1.590024
156.150           0.027131        1.554503
156.165           0.026505        1.518627
156.180           0.025873        1.482397
156.195           0.025234        1.445813
156.210           0.024590        1.408876
156.225           0.023939        1.371586
156.240           0.023282        1.333943
156.255           0.022619        1.295950
156.270           0.021949        1.257607
156.285           0.021274        1.218915
156.300           0.020593        1.179874
156.315           0.019905        1.140487
156.330           0.019212        1.100754
156.345           0.018512        1.060678
156.360           0.017807        1.020259
156.375           0.017095        0.979499
156.390           0.016378        0.938401
156.405           0.015655        0.896965
156.420           0.014926        0.855195
156.435           0.014191        0.813092
156.450           0.013451        0.770659
156.465           0.012704        0.727898
156.480           0.011952        0.684812
156.495           0.011195        0.641404
156.510           0.010431        0.597677
156.525           0.009663        0.553634
156.540           0.008889        0.509279
156.555           0.008109        0.464614
156.570           0.007324        0.419645
156.585           0.006534        0.374375
156.600           0.005739        0.328807
156.615           0.004938        0.282948
156.630           0.004133        0.236801
156.645           0.003323        0.190371
156.660           0.002507        0.143664
156.675           0.001687        0.096685
156.690           0.000863        0.049440
156.705           0.000034        0.001935
156.720          -0.000800       -0.045824
156.735          -0.001638       -0.093830
156.750          -0.002480       -0.142076
156.765          -0.003326       -0.190555
156.780          -0.004176       -0.239260
156.795          -0.005030       -0.288184
156.810          -0.005887       -0.337317
156.825          -0.006748       -0.386651
156.840          -0.007613       -0.436179
156.855          -0.008480       -0.485890
156.870          -0.009351       -0.535777
156.885          -0.010225       -0.585829
156.900          -0.011101       -0.636036
156.915          -0.011980       -0.686389
156.930          -0.012861       -0.736878
156.945          -0.013744       -0.787492
156.960          -0.014630       -0.838219
156.975          -0.015517       -0.889050
156.990          -0.016406       -0.939973
157.005          -0.017296       -0.990977
157.020          -0.018187       -1.042050
157.035          -0.019080       -1.093180
157.050          -0.019973       -1.144356
157.065          -0.020867       -1.195566
157.080          -0.021761       -1.246797
157.095          -0.022655       -1.298038
157.110          -0.023549       -1.349277
157.125          -0.024443       -1.400500
157.140          -0.025337       -1.451696
157.155          -0.026230       -1.502853
157.170          -0.027122       -1.553958
157.185          -0.028013       -1.604999
157.200          -0.028902       -1.655964
157.215          -0.029790       -1.706842
157.230          -0.030676       -1.757619
157.245          -0.031561       -1.808286
157.260          -0.032443       -1.858829
157.275          -0.033322       -1.909238
157.290          -0.034200       -1.959502
157.305          -0.035074       -2.009610
157.320          -0.035946       -2.059551
157.335          -0.036814       -2.109315
157.350          -0.037680       -2.158892
157.365          -0.038542       -2.208272
157.380          -0.039400       -2.257447
157.395          -0.040254       -2.306406
157.410          -0.041105       -2.355143
157.425          -0.041952       -2.403648
157.440          -0.042794       -2.451914
157.455          -0.043632       -2.499934
157.470          -0.044466       -2.547700
157.485          -0.045295       -2.595207
157.500          -0.046119       -2.642449
157.515          -0.046939       -2.689420
157.530          -0.047754       -2.736115
157.545          -0.048564       -2.782530
157.560          -0.049369       -2.828661
157.575          -0.050170       -2.874504
157.590          -0.050965       -2.920057
157.605          -0.051755       -2.965316
157.620          -0.052539       -3.010281
157.635          -0.053319       -3.054948
157.650          -0.054093       -3.099318
157.665          -0.054862       -3.143389
157.680          -0.055626       -3.187162
157.695          -0.056385       -3.230637
157.710          -0.057139       -3.273813
157.725          -0.057887       -3.316694
157.740          -0.058630       -3.359279
157.755          -0.059369       -3.401571
157.770          -0.060102       -3.443572
157.785          -0.060830       -3.485284
157.800          -0.061553       -3.526712
157.815          -0.062271       -3.567857
157.830          -0.062984       -3.608723
157.845          -0.063693       -3.649315
157.860          -0.064396       -3.689636
157.875          -0.065095       -3.729690
157.890          -0.065790       -3.769482
157.905          -0.066480       -3.809016
157.920          -0.067165       -3.848298
157.935          -0.067847       -3.887332
157.950          -0.068524       -3.926124
157.965          -0.069197       -3.964678
157.980          -0.069866       -4.002999
157.995          -0.070530       -4.041093
158.010          -0.071191       -4.078965
158.025          -0.071849       -4.116621
158.040          -0.072502       -4.154065
158.055          -0.073152       -4.191302
158.070          -0.073798       -4.228338
158.085          -0.074441       -4.265178
158.100          -0.075081       -4.301826
158.115          -0.075717       -4.338288
158.130          -0.076351       -4.374567
158.145          -0.076981       -4.410669
158.160          -0.077608       -4.446597
158.175          -0.078232       -4.482356
158.190          -0.078853       -4.517950
158.205          -0.079471       -4.553381
158.220          -0.080087       -4.588654
158.235          -0.080700       -4.623771
158.250          -0.081310       -4.658735
158.265          -0.081918       -4.693550
158.280          -0.082523       -4.728216
158.295          -0.083125       -4.762736
158.310          -0.083725       -4.797112
158.325          -0.084323       -4.831345
158.340          -0.084918       -4.865436
158.355          -0.085510       -4.899385
158.370          -0.086100       -4.933193
158.385          -0.086688       -4.966860
158.400          -0.087273       -5.000384
158.415          -0.087856       -5.033767
158.430          -0.088436       -5.067005
158.445          -0.089014       -5.100099
158.460          -0.089589       -5.133044
158.475          -0.090161       -5.165841
158.490          -0.090731       -5.198485
158.505          -0.091298       -5.230974
158.520          -0.091862       -5.263304
158.535          -0.092423       -5.295471
158.550          -0.092982       -5.327471
158.565          -0.093537       -5.359299
158.580          -0.094090       -5.390951
158.595          -0.094639       -5.422420
158.610          -0.095185       -5.453702
158.625          -0.095728       -5.484789
158.640          -0.096267       -5.515675
158.655          -0.096802       -5.546353
158.670          -0.097334       -5.576815
158.685          -0.097862       -5.607054
158.700          -0.098385       -5.637061
158.715          -0.098905       -5.666829
158.730          -0.099420       -5.696346
158.745          -0.099931       -5.725606
158.760          -0.100437       -5.754597
158.775          -0.100938       -5.783309
158.790          -0.101434       -5.811732
158.805          -0.101925       -5.839855
158.820          -0.102410       -5.867666
158.835          -0.102890       -5.895155
158.850          -0.103364       -5.922309
158.865          -0.103832       -5.949115
158.880          -0.104293       -5.975561
158.895          -0.104748       -6.001635
158.910          -0.105197       -6.027322
158.925          -0.105638       -6.052610
158.940          -0.106072       -6.077484
158.955          -0.106499       -6.101929
158.970          -0.106918       -6.125933
158.985          -0.107329       -6.149479
159.000          -0.107731       -6.172553
159.015          -0.108126       -6.195140
159.030          -0.108511       -6.217224
159.045          -0.108887       -6.238790
159.060          -0.109254       -6.259821
159.075          -0.109612       -6.280303
159.090          -0.109960       -6.300218
159.105          -0.110297       -6.319551
159.120          -0.110624       -6.338285
159.135          -0.110940       -6.356403
159.150          -0.111245       -6.373890
159.165          -0.111539       -6.390729
159.180          -0.111822       -6.406903
159.195          -0.112092       -6.422395
159.210          -0.112350       -6.437190
159.225          -0.112596       -6.451270
159.240          -0.112829       -6.464620
159.255          -0.113049       -6.477222
159.270          -0.113255       -6.489062
159.285          -0.113449       -6.500122
159.300          -0.113628       -6.510387
159.315          -0.113793       -6.519842
159.330          -0.113943       -6.528470
159.345          -0.114079       -6.536258
159.360          -0.114200       -6.543189
159.375          -0.114306       -6.549250
159.390          -0.114396       -6.554425
159.405          -0.114471       -6.558702
159.420          -0.114530       -6.562067
159.435          -0.114572       -6.564506
159.450          -0.114598       -6.566007
159.465          -0.114608       -6.566557
159.480          -0.114601       -6.566145
159.495          -0.114577       -6.564760
159.510          -0.114535       -6.562389
159.525          -0.114477       -6.559023
159.540          -0.114400       -6.554652
159.555          -0.114306       -6.549267
159.570          -0.114194       -6.542858
159.585          -0.114065       -6.535418
159.600          -0.113917       -6.526938
159.615          -0.113750       -6.517412
159.630          -0.113566       -6.506832
159.645          -0.113363       -6.495193
159.660          -0.113141       -6.482489
159.675          -0.112900       -6.468716
159.690          -0.112641       -6.453867
159.705          -0.112363       -6.437941
159.720          -0.112066       -6.420933
159.735          -0.111751       -6.402842
159.750          -0.111416       -6.383664
159.765          -0.111062       -6.363397
159.780          -0.110690       -6.342042
159.795          -0.110298       -6.319597
159.810          -0.109887       -6.296062
159.825          -0.109457       -6.271437
159.840          -0.109008       -6.245723
159.855          -0.108541       -6.218922
159.870          -0.108054       -6.191035
159.885          -0.107548       -6.162063
159.900          -0.107024       -6.132010
159.915          -0.106480       -6.100878
159.930          -0.105918       -6.068670
159.945          -0.105337       -6.035390
159.960          -0.104738       -6.001042
159.975          -0.104120       -5.965628
159.990          -0.103483       -5.929154
160.005          -0.102828       -5.891624
160.020          -0.102155       -5.853042
160.035          -0.101463       -5.813413
160.050          -0.100753       -5.772743
160.065          -0.100025       -5.731035
160.080          -0.099279       -5.688296
160.095          -0.098516       -5.644530
160.110          -0.097734       -5.599742
160.125          -0.096935       -5.553938
160.140          -0.096117       -5.507123
160.155          -0.095283       -5.459302
160.170          -0.094431       -5.410480
160.185          -0.093561       -5.360663
160.200          -0.092674       -5.309855
160.215          -0.091770       -5.258061
160.230          -0.090849       -5.205287
160.245          -0.089911       -5.151536
160.260          -0.088956       -5.096814
160.275          -0.087984       -5.041125
160.290          -0.086995       -4.984473
160.305          -0.085990       -4.926863
160.320          -0.084968       -4.868298
160.335          -0.083929       -4.808782
160.350          -0.082874       -4.748320
160.365          -0.081802       -4.686914
160.380          -0.080714       -4.624568
160.395          -0.079609       -4.561286
160.410          -0.078489       -4.497070
160.425          -0.077352       -4.431924
160.440          -0.076198       -4.365850
160.455          -0.075029       -4.298851
160.470          -0.073844       -4.230930
160.485          -0.072642       -4.162089
160.500          -0.071425       -4.092332
160.515          -0.070191       -4.021659
160.530          -0.068942       -3.950075
160.545          -0.067677       -3.877581
160.560          -0.066395       -3.804180
160.575          -0.065099       -3.729874
160.590          -0.063786       -3.654666
160.605          -0.062458       -3.578558
160.620          -0.061114       -3.501553
160.635          -0.059754       -3.423655
160.650          -0.058379       -3.344865
160.665          -0.056988       -3.265187
160.680          -0.055582       -3.184625
160.695          -0.054161       -3.103183
160.710          -0.052724       -3.020863
160.725          -0.051272       -2.937671
160.740          -0.049805       -2.853610
160.755          -0.048323       -2.768686
160.770          -0.046826       -2.682904
160.785          -0.045313       -2.596269
160.800          -0.043787       -2.508787
160.815          -0.042245       -2.420466
160.830          -0.040689       -2.331311
160.845          -0.039119       -2.241330
160.860          -0.037534       -2.150532
160.875          -0.035935       -2.058924
160.890          -0.034322       -1.966515
160.905          -0.032696       -1.873315
160.920          -0.031055       -1.779335
160.935          -0.029402       -1.684584
160.950          -0.027735       -1.589075
160.965          -0.026055       -1.492819
160.980          -0.024362       -1.395829
160.995          -0.022656       -1.298118
161.010          -0.020939       -1.199701
161.025          -0.019209       -1.100590
161.040          -0.017467       -1.000803
161.055          -0.015714       -0.900355
161.070          -0.013950       -0.799262
161.085          -0.012174       -0.697541
161.100          -0.010388       -0.595212
161.115          -0.008592       -0.492291
161.130          -0.006786       -0.388799
161.145          -0.004970       -0.284756
161.160          -0.003145       -0.180181
161.175          -0.001311       -0.075097
161.190           0.000532        0.030475
161.205           0.002383        0.136512
161.220           0.004241        0.242992
161.235           0.006107        0.349890
161.250           0.007979        0.457183
161.265           0.009858        0.564844
161.280           0.011743        0.672850
161.295           0.013634        0.781174
161.310           0.015530        0.889790
161.325           0.017430        0.998670
161.340           0.019335        1.107787
161.355           0.021243        1.217114
161.370           0.023154        1.326622
161.385           0.025068        1.436282
161.400           0.026984        1.546065
161.415           0.028902        1.655943
161.430           0.030820        1.765884
161.445           0.032740        1.875859
161.460           0.034659        1.985837
161.475           0.036578        2.095788
161.490           0.038496        2.205681
161.505           0.040413        2.315484
161.520           0.042327        2.425166
161.535           0.044239        2.534696
161.550           0.046147        2.644041
161.565           0.048052        2.753170
161.580           0.049952        2.862051
161.595           0.051848        2.970651
161.610           0.053738        3.078938
161.625           0.055622        3.186880
161.640           0.057499        3.294444
161.655           0.059369        3.401599
161.670           0.061232        3.508311
161.685           0.063086        3.614548
161.700           0.064931        3.720278
161.715           0.066767        3.825469
161.730           0.068593        3.930087
161.745           0.070408        4.034101
161.760           0.072213        4.137478
161.775           0.074005        4.240187
161.790           0.075786        4.342195
161.805           0.077553        4.443469
161.820           0.079307        4.543979
161.835           0.081048        4.643693
161.850           0.082774        4.742579
161.865           0.084484        4.840605
161.880           0.086180        4.937740
161.895           0.087859        5.033953
161.910           0.089522        5.129213
161.925           0.091167        5.223488
161.940           0.092795        5.316750
161.955           0.094404        5.408965
161.970           0.095995        5.500106
161.985           0.097566        5.590141
162.000           0.099118        5.679040
162.015           0.100649        5.766773
162.030           0.102160        5.853312
162.045           0.103649        5.938627
162.060           0.105116        6.022689
162.075           0.106561        6.105468
162.090           0.107982        6.186936
162.105           0.109381        6.267066
162.120           0.110756        6.345828
162.135           0.112106        6.423195
162.150           0.113431        6.499139
162.165           0.114732        6.573633
162.180           0.116006        6.646650
162.195           0.117254        6.718163
162.210           0.118475        6.788145
162.225           0.119670        6.856571
162.240           0.120836        6.923414
162.255           0.121975        6.988649
162.270           0.123085        7.052252
162.285           0.124166        7.114196
162.300           0.125218        7.174458
162.315           0.126240        7.233013
162.330           0.127232        7.289839
162.345           0.128193        7.344911
162.360           0.129123        7.398207
162.375           0.130022        7.449704
162.390           0.130889        7.499381
162.405           0.131724        7.547217
162.420           0.132526        7.593189
162.435           0.133296        7.637279
162.450           0.134032        7.679466
162.465           0.134735        7.719730
162.480           0.135404        7.758054
162.495           0.136038        7.794418
162.510           0.136638        7.828806
162.525           0.137204        7.861200
162.540           0.137734        7.891585
162.555           0.138229        7.919944
162.570           0.138688        7.946263
162.585           0.139112        7.970528
162.600           0.139499        7.992725
162.615           0.139850        8.012842
162.630           0.140165        8.030866
162.645           0.140443        8.046787
162.660           0.140684        8.060595
162.675           0.140888        8.072279
162.690           0.141055        8.081832
162.705           0.141184        8.089246
162.720           0.141276        8.094514
162.735           0.141330        8.097629
162.750           0.141347        8.098588
162.765           0.141326        8.097385
162.780           0.141267        8.094019
162.795           0.141171        8.088487
162.810           0.141036        8.080787
162.825           0.140864        8.070921
162.840           0.140654        8.058888
162.855           0.140406        8.044690
162.870           0.140121        8.028332
162.885           0.139798        8.009816
162.900           0.139437        7.989149
162.915           0.139039        7.966336
162.930           0.138603        7.941384
162.945           0.138131        7.914303
162.960           0.137621        7.885101
162.975           0.137074        7.853790
162.990           0.136491        7.820380
163.005           0.135872        7.784886
163.020           0.135216        7.747320
163.035           0.134525        7.707699
163.050           0.133798        7.666038
163.065           0.133035        7.622354
163.080           0.132238        7.576667
163.095           0.131406        7.528996
163.110           0.130539        7.479362
163.125           0.129639        7.427787
163.140           0.128706        7.374293
163.155           0.127739        7.318905
163.170           0.126740        7.261648
163.185           0.125708        7.202549
163.200           0.124645        7.141635
163.215           0.123551        7.078934
163.230           0.122426        7.014477
163.245           0.121271        6.948293
163.260           0.120086        6.880415
163.275           0.118872        6.810875
163.290           0.117630        6.739707
163.305           0.116360        6.666947
163.320           0.115063        6.592629
163.335           0.113739        6.516792
163.350           0.112390        6.439471
163.365           0.111015        6.360708
163.380           0.109616        6.280540
163.395           0.108193        6.199009
163.410           0.106747        6.116156
163.425           0.105279        6.032023
163.440           0.103789        5.946655
163.455           0.102278        5.860095
163.470           0.100747        5.772387
163.485           0.099197        5.683578
163.500           0.097629        5.593713
163.515           0.096043        5.502841
163.530           0.094440        5.411009
163.545           0.092821        5.318266
163.560           0.091188        5.224660
163.575           0.089540        5.130242
163.590           0.087878        5.035061
163.605           0.086205        4.939170
163.620           0.084520        4.842619
163.635           0.082824        4.745461
163.650           0.081118        4.647747
163.665           0.079404        4.549531
163.680           0.077682        4.450866
163.695           0.075953        4.351806
163.710           0.074218        4.252404
163.725           0.072479        4.152715
163.740           0.070735        4.052793
163.755           0.068988        3.952693
163.770           0.067238        3.852469
163.785           0.065488        3.752177
163.800           0.063737        3.651871
163.815           0.061987        3.551607
163.830           0.060239        3.451439
163.845           0.058493        3.351423
163.860           0.056751        3.251612
163.875           0.055014        3.152063
163.890           0.053282        3.052830
163.905           0.051556        2.953966
163.920           0.049838        2.855526
163.935           0.048129        2.757564
163.950           0.046428        2.660133
163.965           0.044738        2.563286
163.980           0.043059        2.467075
163.995           0.041391        2.371553
164.010           0.039737        2.276771
164.025           0.038097        2.182780
164.040           0.036471        2.089630
164.055           0.034861        1.997371
164.070           0.033267        1.906052
164.085           0.031690        1.815720
164.100           0.030132        1.726424
164.115           0.028592        1.638209
164.130           0.027072        1.551121
164.145           0.025573        1.465205
164.160           0.024094        1.380504
164.175           0.022638        1.297061
164.190           0.021204        1.214918
164.205           0.019794        1.134116
164.220           0.018408        1.054692
164.235           0.017046        0.976687
164.250           0.015710        0.900136
164.265           0.014400        0.825076
164.280           0.013117        0.751541
164.295           0.011861        0.679565
164.310           0.010632        0.609178
164.325           0.009432        0.540413
164.340           0.008261        0.473297
164.355           0.007118        0.407859
164.370           0.006006        0.344124
164.385           0.004924        0.282119
164.400           0.003872        0.221866
164.415           0.002852        0.163386
164.430           0.001862        0.106701
164.445           0.000905        0.051829
164.460          -0.000021       -0.001213
164.475          -0.000915       -0.052409
164.490          -0.001776       -0.101746
164.505          -0.002604       -0.149209
164.520          -0.003400       -0.194790
164.535          -0.004162       -0.238478
164.550          -0.004892       -0.280267
164.565          -0.005588       -0.320149
164.580          -0.006250       -0.358121
164.595          -0.006880       -0.394180
164.610          -0.007476       -0.428324
164.625          -0.008038       -0.460555
164.640          -0.008567       -0.490875
164.655          -0.009063       -0.519287
164.670          -0.009526       -0.545797
164.685          -0.009956       -0.570412
164.700          -0.010352       -0.593140
164.715          -0.010716       -0.613992
164.730          -0.011048       -0.632979
164.745          -0.011347       -0.650115
164.760          -0.011614       -0.665415
164.775          -0.011849       -0.678894
164.790          -0.012053       -0.690572
164.805          -0.012225       -0.700466
164.820          -0.012367       -0.708599
164.835          -0.012479       -0.714991
164.850          -0.012561       -0.719668
164.865          -0.012613       -0.722653
164.880          -0.012636       -0.723974
164.895          -0.012630       -0.723657
164.910          -0.012597       -0.721732
164.925          -0.012535       -0.718229
164.940          -0.012447       -0.713179
164.955          -0.012333       -0.706616
164.970          -0.012192       -0.698572
164.985          -0.012027       -0.689082
165.000          -0.011837       -0.678183
165.015          -0.011622       -0.665911
165.030          -0.011385       -0.652304
165.045          -0.011125       -0.637401
165.060          -0.010843       -0.621241
165.075          -0.010539       -0.603866
165.090          -0.010216       -0.585315
165.105          -0.009872       -0.565633
165.120          -0.009510       -0.544860
165.135          -0.009129       -0.523041
165.150          -0.008730       -0.500219
165.165          -0.008315       -0.476440
165.180          -0.007884       -0.451747
165.195          -0.007438       -0.426187
165.210          -0.006978       -0.399805
165.225          -0.006504       -0.372647
165.240          -0.006017       -0.344760
165.255          -0.005519       -0.316191
165.270          -0.005009       -0.286986
165.285          -0.004489       -0.257193
165.300          -0.003959       -0.226858
165.315          -0.003421       -0.196028
165.330          -0.002875       -0.164750
165.345          -0.002323       -0.133072
165.360          -0.001763       -0.101040
165.375          -0.001199       -0.068700
165.390          -0.000630       -0.036099
165.405          -0.000057       -0.003282
165.420           0.000518        0.029704
165.435           0.001096        0.062815
165.450           0.001676        0.096005
165.465           0.002256        0.129231
165.480           0.002835        0.162449
165.495           0.003414        0.195615
165.510           0.003991        0.228687
165.525           0.004566        0.261624
165.540           0.005138        0.294383
165.555           0.005706        0.326926
165.570           0.006269        0.359212
165.585           0.006828        0.391202
165.600           0.007380        0.422859
165.615           0.007926        0.454145
165.630           0.008465        0.485025
165.645           0.008997        0.515463
165.660           0.009519        0.545425
165.675           0.010033        0.574877
165.690           0.010538        0.603788
165.705           0.011033        0.632127
165.720           0.011517        0.659862
165.735           0.011990        0.686966
165.750           0.012451        0.713409
165.765           0.012901        0.739166
165.780           0.013338        0.764209
165.795           0.013762        0.788514
165.810           0.014173        0.812058
165.825           0.014570        0.834818
165.840           0.014953        0.856771
165.855           0.015322        0.877898
165.870           0.015676        0.898179
165.885           0.016015        0.917595
165.900           0.016339        0.936130
165.915           0.016646        0.953766
165.930           0.016938        0.970489
165.945           0.017214        0.986284
165.960           0.017473        1.001138
165.975           0.017716        1.015039
165.990           0.017942        1.027975
166.005           0.018150        1.039935
166.020           0.018342        1.050911
166.035           0.018516        1.060894
166.050           0.018673        1.069875
166.065           0.018812        1.077848
166.080           0.018933        1.084806
166.095           0.019037        1.090746
166.110           0.019123        1.095661
166.125           0.019191        1.099548
166.140           0.019241        1.102404
166.155           0.019272        1.104227
166.170           0.019286        1.105015
166.185           0.019282        1.104767
166.200           0.019259        1.103482
166.215           0.019219        1.101161
166.230           0.019160        1.097804
166.245           0.019084        1.093413
166.260           0.018989        1.087990
166.275           0.018876        1.081536
166.290           0.018746        1.074056
166.305           0.018597        1.065551
166.320           0.018431        1.056026
166.335           0.018247        1.045486
166.350           0.018046        1.033934
166.365           0.017826        1.021375
166.380           0.017590        1.007816
166.395           0.017336        0.993262
166.410           0.017064        0.977719
166.425           0.016776        0.961194
166.440           0.016471        0.943693
166.455           0.016148        0.925225
166.470           0.015809        0.905795
166.485           0.015453        0.885413
166.500           0.015081        0.864086
166.515           0.014693        0.841823
166.530           0.014288        0.818633
166.545           0.013867        0.794525
166.560           0.013430        0.769508
166.575           0.012978        0.743593
166.590           0.012510        0.716788
166.605           0.012027        0.689105
166.620           0.011529        0.660555
166.635           0.011016        0.631147
166.650           0.010488        0.600894
166.665           0.009945        0.569806
166.680           0.009388        0.537897
166.695           0.008817        0.505178
166.710           0.008232        0.471661
166.725           0.007633        0.437359
166.740           0.007021        0.402286
166.755           0.006396        0.366455
166.770           0.005757        0.329880
166.785           0.005106        0.292574
166.800           0.004443        0.254552
166.815           0.003767        0.215829
166.830           0.003079        0.176419
166.845           0.002380        0.136339
166.860           0.001669        0.095602
166.875           0.000946        0.054227
166.890           0.000213        0.012227
166.905          -0.000530       -0.030379
166.920          -0.001284       -0.073576
166.935          -0.002048       -0.117346
166.950          -0.002822       -0.161672
166.965          -0.003605       -0.206537
166.980          -0.004397       -0.251922
166.995          -0.005198       -0.297811
167.010          -0.006007       -0.344184
167.025          -0.006825       -0.391023
167.040          -0.007650       -0.438309
167.055          -0.008483       -0.486025
167.070          -0.009323       -0.534150
167.085          -0.010169       -0.582666
167.100          -0.011023       -0.631553
167.115          -0.011882       -0.680792
167.130          -0.012747       -0.730363
167.145          -0.013618       -0.780246
167.160          -0.014494       -0.830423
167.175          -0.015374       -0.880872
167.190          -0.016259       -0.931575
167.205          -0.017148       -0.982510
167.220          -0.018041       -1.033659
167.235          -0.018937       -1.085001
167.250          -0.019836       -1.136516
167.265          -0.020738       -1.188185
167.280          -0.021642       -1.239986
167.295          -0.022548       -1.291901
167.310          -0.023456       -1.343910
167.325          -0.024365       -1.395992
167.340          -0.025275       -1.448129
167.355          -0.026185       -1.500299
167.370          -0.027096       -1.552485
167.385          -0.028007       -1.604666
167.400          -0.028917       -1.656823
167.415          -0.029827       -1.708937
167.430          -0.030735       -1.760989
167.445          -0.031642       -1.812959
167.460          -0.032547       -1.864830
167.475          -0.033451       -1.916582
167.490          -0.034352       -1.968198
167.505          -0.035250       -2.019657
167.520          -0.036145       -2.070943
167.535          -0.037037       -2.122038
167.550          -0.037925       -2.172922
167.565          -0.038809       -2.223580
167.580          -0.039689       -2.273992
167.595          -0.040564       -2.324141
167.610          -0.041434       -2.374011
167.625          -0.042300       -2.423584
167.640          -0.043159       -2.472842
167.655          -0.044013       -2.521769
167.670          -0.044861       -2.570348
167.685          -0.045703       -2.618562
167.700          -0.046537       -2.666396
167.715          -0.047365       -2.713831
167.730          -0.048186       -2.760852
167.745          -0.048999       -2.807442
167.760          -0.049804       -2.853586
167.775          -0.050602       -2.899267
167.790          -0.051391       -2.944470
167.805          -0.052171       -2.989178
167.820          -0.052942       -3.033375
167.835          -0.053705       -3.077046
167.850          -0.054457       -3.120175
167.865          -0.055200       -3.162747
167.880          -0.055933       -3.204746
167.895          -0.056656       -3.246156
167.910          -0.057368       -3.286963
167.925          -0.058070       -3.327150
167.940          -0.058760       -3.366704
167.955          -0.059439       -3.405608
167.970          -0.060106       -3.443848
167.985          -0.060762       -3.481408
168.000          -0.061405       -3.518275
168.015          -0.062037       -3.554433
168.030          -0.062655       -3.589869
168.045          -0.063261       -3.624566
168.060          -0.063853       -3.658512
168.075          -0.064432       -3.691693
168.090          -0.064998       -3.724093
168.105          -0.065549       -3.755701
168.120          -0.066087       -3.786501
168.135          -0.066610       -3.816481
168.150          -0.067119       -3.845629
168.165          -0.067613       -3.873930
168.180          -0.068092       -3.901373
168.195          -0.068556       -3.927945
168.210          -0.069004       -3.953635
168.225          -0.069437       -3.978431
168.240          -0.069854       -4.002321
168.255          -0.070255       -4.025295
168.270          -0.070639       -4.047342
168.285          -0.071008       -4.068452
168.300          -0.071360       -4.088615
168.315          -0.071695       -4.107822
168.330          -0.072013       -4.126065
168.345          -0.072315       -4.143334
168.360          -0.072599       -4.159622
168.375          -0.072866       -4.174922
168.390          -0.073116       -4.189226
168.405          -0.073348       -4.202528
168.420          -0.073563       -4.214823
168.435          -0.073759       -4.226105
168.450          -0.073939       -4.236369
168.465          -0.074100       -4.245611
168.480          -0.074243       -4.253827
168.495          -0.074369       -4.261014
168.510          -0.074476       -4.267171
168.525          -0.074566       -4.272294
168.540          -0.074637       -4.276383
168.555          -0.074690       -4.279437
168.570          -0.074725       -4.281455
168.585          -0.074743       -4.282439
168.600          -0.074742       -4.282389
168.615          -0.074723       -4.281306
168.630          -0.074686       -4.279194
168.645          -0.074631       -4.276054
168.660          -0.074559       -4.271890
168.675          -0.074468       -4.266705
168.690          -0.074360       -4.260505
168.705          -0.074234       -4.253294
168.720          -0.074091       -4.245077
168.735          -0.073930       -4.235860
168.750          -0.073752       -4.225650
168.765          -0.073556       -4.214453
168.780          -0.073344       -4.202277
168.795          -0.073114       -4.189129
168.810          -0.072868       -4.175017
168.825          -0.072605       -4.159951
168.840          -0.072325       -4.143938
168.855          -0.072030       -4.126989
168.870          -0.071718       -4.109112
168.885          -0.071390       -4.090317
168.900          -0.071046       -4.070616
168.915          -0.070686       -4.050018
168.930          -0.070311       -4.028534
168.945          -0.069921       -4.006176
168.960          -0.069516       -3.982954
168.975          -0.069095       -3.958879
168.990          -0.068661       -3.933965
169.005          -0.068211       -3.908222
169.020          -0.067748       -3.881662
169.035          -0.067270       -3.854299
169.050          -0.066779       -3.826144
169.065          -0.066274       -3.797209
169.080          -0.065755       -3.767508
169.095          -0.065224       -3.737053
169.110          -0.064679       -3.705857
169.125          -0.064122       -3.673932
169.140          -0.063553       -3.641293
169.155          -0.062971       -3.607953
169.170          -0.062377       -3.573923
169.185          -0.061771       -3.539219
169.200          -0.061154       -3.503853
169.215          -0.060525       -3.467838
169.230          -0.059886       -3.431189
169.245          -0.059235       -3.393919
169.260          -0.058574       -3.356041
169.275          -0.057903       -3.317571
169.290          -0.057221       -3.278520
169.305          -0.056530       -3.238905
169.320          -0.055829       -3.198738
169.335          -0.055118       -3.158034
169.350          -0.054399       -3.116808
169.365          -0.053670       -3.075073
169.380          -0.052933       -3.032846
169.395          -0.052188       -2.990139
169.410          -0.051434       -2.946970
169.425          -0.050673       -2.903351
169.440          -0.049904       -2.859300
169.455          -0.049128       -2.814831
169.470          -0.048345       -2.769960
169.485          -0.047555       -2.724703
169.500          -0.046759       -2.679076
169.515          -0.045956       -2.633095
169.530          -0.045148       -2.586778
169.545          -0.044334       -2.540140
169.560          -0.043515       -2.493199
169.575          -0.042690       -2.445972
169.590          -0.041861       -2.398477
169.605          -0.041028       -2.350731
169.620          -0.040191       -2.302753
169.635          -0.039350       -2.254561
169.650          -0.038505       -2.206174
169.665          -0.037657       -2.157611
169.680          -0.036807       -2.108891
169.695          -0.035954       -2.060033
169.710          -0.035100       -2.011058
169.725          -0.034243       -1.961985
169.740          -0.033385       -1.912835
169.755          -0.032526       -1.863629
169.770          -0.031667       -1.814388
169.785          -0.030807       -1.765133
169.800          -0.029948       -1.715885
169.815          -0.029089       -1.666666
169.830          -0.028231       -1.617498
169.845          -0.027374       -1.568404
169.860          -0.026519       -1.519406
169.875          -0.025666       -1.470527
169.890          -0.024815       -1.421790
169.905          -0.023967       -1.373217
169.920          -0.023123       -1.324833
169.935          -0.022282       -1.276660
169.950          -0.021445       -1.228723
169.965          -0.020613       -1.181044
169.980          -0.019786       -1.133649
169.995          -0.018964       -1.086560
170.010          -0.018148       -1.039802
170.025          -0.017338       -0.993400
170.040          -0.016535       -0.947377
170.055          -0.015739       -0.901757
170.070          -0.014950       -0.856564
170.085          -0.014169       -0.811824
170.100          -0.013396       -0.767559
170.115          -0.012633       -0.723795
170.130          -0.011878       -0.680554
170.145          -0.011133       -0.637861
170.160          -0.010398       -0.595740
170.175          -0.009673       -0.554214
170.190          -0.008959       -0.513307
170.205          -0.008256       -0.473041
170.220          -0.007565       -0.433441
170.235          -0.006886       -0.394528
170.250          -0.006219       -0.356325
170.265          -0.005565       -0.318855
170.280          -0.004924       -0.282139
170.295          -0.004297       -0.246199
170.310          -0.003684       -0.211056
170.325          -0.003085       -0.176732
170.340          -0.002500       -0.143246
170.355          -0.001931       -0.110620
170.370          -0.001377       -0.078872
170.385          -0.000838       -0.048022
170.400          -0.000316       -0.018089
170.415           0.000190        0.010909
170.430           0.000680        0.038954
170.445           0.001152        0.066029
170.460           0.001608        0.092117
170.475           0.002046        0.117202
170.490           0.002466        0.141268
170.505           0.002868        0.164300
170.520           0.003251        0.186284
170.535           0.003616        0.207205
170.550           0.003963        0.227051
170.565           0.004290        0.245809
170.580           0.004598        0.263467
170.595           0.004887        0.280014
170.610           0.005156        0.295439
170.625           0.005406        0.309734
170.640           0.005635        0.322887
170.655           0.005845        0.334892
170.670           0.006034        0.345741
170.685           0.006203        0.355427
170.700           0.006352        0.363943
170.715           0.006480        0.371286
170.730           0.006588        0.377449
170.745           0.006675        0.382430
170.760           0.006741        0.386226
170.775           0.006786        0.388834
170.790           0.006811        0.390255
170.805           0.006815        0.390487
170.820           0.006799        0.389530
170.835           0.006761        0.387387
170.850           0.006703        0.384060
170.865           0.006624        0.379552
170.880           0.006525        0.373867
170.895           0.006406        0.367010
170.910           0.006265        0.358986
170.925           0.006105        0.349803
170.940           0.005925        0.339469
170.955           0.005725        0.327991
170.970           0.005504        0.315379
170.985           0.005265        0.301644
171.000           0.005006        0.286797
171.015           0.004727        0.270850
171.030           0.004430        0.253816
171.045           0.004114        0.235708
171.060           0.003779        0.216543
171.075           0.003427        0.196334
171.090           0.003056        0.175100
171.105           0.002668        0.152857
171.120           0.002262        0.129623
171.135           0.001840        0.105419
171.150           0.001401        0.080262
171.165           0.000946        0.054176
171.180           0.000474        0.027180
171.195          -0.000012       -0.000703
171.210          -0.000514       -0.029450
171.225          -0.001030       -0.059037
171.240          -0.001561       -0.089439
171.255          -0.002105       -0.120631
171.270          -0.002663       -0.152588
171.285          -0.003234       -0.185282
171.300          -0.003817       -0.218687
171.315          -0.004412       -0.252774
171.330          -0.005018       -0.287516
171.345          -0.005635       -0.322883
171.360          -0.006263       -0.358845
171.375          -0.006901       -0.395373
171.390          -0.007547       -0.432436
171.405          -0.008203       -0.470003
171.420          -0.008867       -0.508043
171.435          -0.009539       -0.546525
171.450          -0.010217       -0.585415
171.465          -0.010903       -0.624682
171.480          -0.011594       -0.664292
171.495          -0.012291       -0.704213
171.510          -0.012992       -0.744413
171.525          -0.013698       -0.784856
171.540          -0.014408       -0.825510
171.555          -0.015121       -0.866341
171.570          -0.015836       -0.907316
171.585          -0.016553       -0.948400
171.600          -0.017271       -0.989561
171.615          -0.017990       -1.030763
171.630          -0.018709       -1.071973
171.645          -0.019428       -1.113158
171.660          -0.020146       -1.154285
171.675          -0.020862       -1.195319
171.690          -0.021576       -1.236227
171.705          -0.022287       -1.276977
171.720          -0.022995       -1.317536
171.735          -0.023699       -1.357870
171.750          -0.024399       -1.397949
171.765          -0.025093       -1.437740
171.780          -0.025782       -1.477212
171.795          -0.026465       -1.516332
171.810          -0.027141       -1.555072
171.825          -0.027810       -1.593399
171.840          -0.028471       -1.631285
171.855          -0.029124       -1.668700
171.870          -0.029769       -1.705615
171.885          -0.030404       -1.742001
171.900          -0.031029       -1.777831
171.915          -0.031644       -1.813077
171.930          -0.032249       -1.847713
171.945          -0.032842       -1.881712
171.960          -0.033424       -1.915048
171.975          -0.033994       -1.947696
171.990          -0.034551       -1.979632
172.005          -0.035096       -2.010833
172.020          -0.035627       -2.041274
172.035          -0.036145       -2.070933
172.050          -0.036648       -2.099789
172.065          -0.037137       -2.127819
172.080          -0.037612       -2.155004
172.095          -0.038071       -2.181323
172.110          -0.038515       -2.206757
172.125          -0.038943       -2.231286
172.140          -0.039355       -2.254894
172.155          -0.039751       -2.277562
172.170          -0.040130       -2.299273
172.185          -0.040492       -2.320012
172.200          -0.040837       -2.339763
172.215          -0.041164       -2.358512
172.230          -0.041473       -2.376242
172.245          -0.041765       -2.392942
172.260          -0.042038       -2.408598
172.275          -0.042293       -2.423198
172.290          -0.042529       -2.436729
172.305          -0.042746       -2.449181
172.320          -0.042945       -2.460543
172.335          -0.043124       -2.470804
172.350          -0.043283       -2.479955
172.365          -0.043424       -2.487988
172.380          -0.043544       -2.494894
172.395          -0.043645       -2.500664
172.410          -0.043726       -2.505292
172.425          -0.043786       -2.508771
172.440          -0.043827       -2.511094
172.455          -0.043847       -2.512255
172.470          -0.043847       -2.512249
172.485          -0.043826       -2.511072
172.500          -0.043785       -2.508718
172.515          -0.043724       -2.505184
172.530          -0.043641       -2.500466
172.545          -0.043538       -2.494561
172.560          -0.043414       -2.487467
172.575          -0.043270       -2.479181
172.590          -0.043104       -2.469701
172.605          -0.042918       -2.459027
172.620          -0.042711       -2.447156
172.635          -0.042483       -2.434089
172.650          -0.042234       -2.419825
172.665          -0.041964       -2.404364
172.680          -0.041673       -2.387707
172.695          -0.041362       -2.369855
172.710          -0.041029       -2.350809
172.725          -0.040676       -2.330571
172.740          -0.040302       -2.309142
172.755          -0.039907       -2.286526
172.770          -0.039492       -2.262724
172.785          -0.039056       -2.237740
172.800          -0.038599       -2.211577
172.815          -0.038122       -2.184239
172.830          -0.037625       -2.155730
172.845          -0.037107       -2.126054
172.860          -0.036568       -2.095217
172.875          -0.036010       -2.063222
172.890          -0.035432       -2.030077
172.905          -0.034833       -1.995786
172.920          -0.034215       -1.960355
172.935          -0.033577       -1.923792
172.950          -0.032919       -1.886102
172.965          -0.032241       -1.847294
172.980          -0.031545       -1.807373
172.995          -0.030829       -1.766349
173.010          -0.030093       -1.724229
173.025          -0.029339       -1.681022
173.040          -0.028566       -1.636736
173.055          -0.027775       -1.591381
173.070          -0.026965       -1.544967
173.085          -0.026136       -1.497502
173.100          -0.025290       -1.448998
173.115          -0.024425       -1.399464
173.130          -0.023543       -1.348912
173.145          -0.022643       -1.297352
173.160          -0.021726       -1.244797
173.175          -0.020791       -1.191259
173.190          -0.019840       -1.136748
173.205          -0.018872       -1.081279
173.220          -0.017887       -1.024864
173.235          -0.016886       -0.967516
173.250          -0.015869       -0.909248
173.265          -0.014837       -0.850076
173.280          -0.013788       -0.790013
173.295          -0.012725       -0.729073
173.310          -0.011646       -0.667272
173.325          -0.010553       -0.604625
173.340          -0.009445       -0.541148
173.355          -0.008323       -0.476856
173.370          -0.007187       -0.411766
173.385          -0.006037       -0.345894
173.400          -0.004874       -0.279258
173.415          -0.003698       -0.211875
173.430          -0.002509       -0.143761
173.445          -0.001308       -0.074936
173.460          -0.000095       -0.005417
173.475           0.001131        0.064777
173.490           0.002367        0.135628
173.505           0.003615        0.207117
173.520           0.004873        0.279224
173.535           0.006142        0.351929
173.550           0.007421        0.425213
173.565           0.008710        0.499056
173.580           0.010008        0.573437
173.595           0.011316        0.648335
173.610           0.012631        0.723731
173.625           0.013956        0.799602
173.640           0.015288        0.875927
173.655           0.016627        0.952685
173.670           0.017974        1.029854
173.685           0.019328        1.107412
173.700           0.020688        1.185337
173.715           0.022054        1.263607
173.730           0.023426        1.342199
173.745           0.024803        1.421091
173.760           0.026184        1.500260
173.775           0.027571        1.579682
173.790           0.028961        1.659336
173.805           0.030355        1.739197
173.820           0.031752        1.819243
173.835           0.033152        1.899450
173.850           0.034554        1.979795
173.865           0.035958        2.060255
173.880           0.037364        2.140805
173.895           0.038771        2.221422
173.910           0.040179        2.302083
173.925           0.041587        2.382764
173.940           0.042995        2.463442
173.955           0.044403        2.544092
173.970           0.045810        2.624691
173.985           0.047215        2.705216
174.000           0.048619        2.785643
174.015           0.050020        2.865948
174.030           0.051419        2.946108
174.045           0.052815        3.026100
174.060           0.054208        3.105900
174.075           0.055597        3.185485
174.090           0.056982        3.264833
174.105           0.058362        3.343920
174.120           0.059738        3.422723
174.135           0.061108        3.501220
174.150           0.062472        3.579388
174.165           0.063830        3.657204
174.180           0.065182        3.734648
174.195           0.066527        3.811696
174.210           0.067864        3.888326
174.225           0.069194        3.964517
174.240           0.070516        4.040248
174.255           0.071829        4.115498
174.270           0.073134        4.190244
174.285           0.074429        4.264467
174.300           0.075715        4.338146
174.315           0.076991        4.411260
174.330           0.078257        4.483789
174.345           0.079512        4.555714
174.360           0.080757        4.627014
174.375           0.081990        4.697670
174.390           0.083211        4.767663
174.405           0.084421        4.836974
174.420           0.085619        4.905584
174.435           0.086804        4.973475
174.450           0.087976        5.040628
174.465           0.089134        5.107025
174.480           0.090280        5.172648
174.495           0.091411        5.237480
174.510           0.092529        5.301503
174.525           0.093632        5.364699
174.540           0.094720        5.427053
174.555           0.095793        5.488546
174.570           0.096851        5.549163
174.585           0.097894        5.608886
174.600           0.098920        5.667700
174.615           0.099930        5.725588
174.630           0.100924        5.782533
174.645           0.101901        5.838521
174.660           0.102862        5.893536
174.675           0.103805        5.947560
174.690           0.104730        6.000580
174.705           0.105637        6.052580
174.720           0.106527        6.103543
174.735           0.107398        6.153455
174.750           0.108251        6.202301
174.765           0.109084        6.250065
174.780           0.109899        6.296731
174.795           0.110694        6.342285
174.810           0.111469        6.386712
174.825           0.112225        6.429996
174.840           0.112960        6.472122
174.855           0.113675        6.513075
174.870           0.114369        6.552840
174.885           0.115042        6.591401
174.900           0.115693        6.628744
174.915           0.116324        6.664852
174.930           0.116932        6.699711
174.945           0.117518        6.733305
174.960           0.118082        6.765618
174.975           0.118624        6.796636
174.990           0.119142        6.826342
175.005           0.119637        6.854721
175.020           0.120109        6.881757
175.035           0.120557        6.907435
175.050           0.120982        6.931740
175.065           0.121382        6.954654
175.080           0.121757        6.976163
175.095           0.122108        6.996250
175.110           0.122433        7.014901
175.125           0.122733        7.032099
175.140           0.123008        7.047828
175.155           0.123256        7.062073
175.170           0.123479        7.074818
175.185           0.123675        7.086049
175.200           0.123844        7.095748
175.215           0.123986        7.103902
175.230           0.124102        7.110494
175.245           0.124189        7.115510
175.260           0.124249        7.118936
175.275           0.124281        7.120756
175.290           0.124284        7.120956
175.305           0.124259        7.119522
175.320           0.124205        7.116440
175.335           0.124123        7.111698
175.350           0.124011        7.105281
175.365           0.123869        7.097177
175.380           0.123698        7.087374
175.395           0.123497        7.075860
175.410           0.123266        7.062623
175.425           0.123005        7.047653
175.440           0.122713        7.030939
175.455           0.122391        7.012472
175.470           0.122038        6.992243
175.485           0.121654        6.970242
175.500           0.121239        6.946462
175.515           0.120792        6.920896
175.530           0.120315        6.893537
175.545           0.119806        6.864380
175.560           0.119266        6.833419
175.575           0.118694        6.800651
175.590           0.118090        6.766072
175.605           0.117455        6.729679
175.620           0.116788        6.691472
175.635           0.116090        6.651449
175.650           0.115359        6.609610
175.665           0.114598        6.565957
175.680           0.113804        6.520492
175.695           0.112979        6.473217
175.710           0.112122        6.424137
175.725           0.111234        6.373256
175.740           0.110315        6.320581
175.755           0.109364        6.266119
175.770           0.108383        6.209877
175.785           0.107370        6.151865
175.800           0.106327        6.092092
175.815           0.105253        6.030571
175.830           0.104149        5.967312
175.845           0.103015        5.902330
175.860           0.101851        5.835638
175.875           0.100658        5.767252
175.890           0.099435        5.697187
175.905           0.098183        5.625462
175.920           0.096902        5.552094
175.935           0.095593        5.477103
175.950           0.094257        5.400508
175.965           0.092892        5.322333
175.980           0.091501        5.242597
175.995           0.090082        5.161326
176.010           0.088637        5.078542
176.025           0.087166        4.994271
176.040           0.085670        4.908539
176.055           0.084149        4.821372
176.070           0.082603        4.732800
176.085           0.081033        4.642849
176.100           0.079440        4.551549
176.115           0.077823        4.458932
176.130           0.076184        4.365027
176.145           0.074523        4.269867
176.160           0.072841        4.173485
176.175           0.071138        4.075913
176.190           0.069415        3.977185
176.205           0.067672        3.877338
176.220           0.065911        3.776405
176.235           0.064131        3.674423
176.250           0.062333        3.571429
176.265           0.060519        3.467461
176.280           0.058688        3.362556
176.295           0.056841        3.256753
176.310           0.054979        3.150091
176.325           0.053104        3.042609
176.340           0.051214        2.934349
176.355           0.049312        2.825350
176.370           0.047397        2.715655
176.385           0.045471        2.605304
176.400           0.043534        2.494340
176.415           0.041588        2.382806
176.430           0.039632        2.270744
176.445           0.037668        2.158198
176.460           0.035696        2.045211
176.475           0.033717        1.931829
176.490           0.031732        1.818095
176.505           0.029741        1.704054
176.520           0.027746        1.589751
176.535           0.025748        1.475232
176.550           0.023746        1.360542
176.565           0.021742        1.245728
176.580           0.019737        1.130834
176.595           0.017731        1.015909
176.610           0.015725        0.900998
176.625           0.013721        0.786147
176.640           0.011718        0.671404
176.655           0.009718        0.556815
176.670           0.007722        0.442428
176.685           0.005730        0.328289
176.700           0.003743        0.214446
176.715           0.001762        0.100945
176.730          -0.000212       -0.012167
176.745          -0.002179       -0.124843
176.760          -0.004137       -0.237035
176.775          -0.006086       -0.348698
176.790          -0.008025       -0.459785
176.805          -0.009953       -0.570250
176.820          -0.011869       -0.680045
176.835          -0.013773       -0.789127
176.850          -0.015663       -0.897449
176.865          -0.017540       -1.004967
176.880          -0.019402       -1.111635
176.895          -0.021248       -1.217409
176.910          -0.023078       -1.322246
176.925          -0.024890       -1.426102
176.940          -0.026685       -1.528935
176.955          -0.028461       -1.630702
176.970          -0.030218       -1.731363
176.985          -0.031955       -1.830876
177.000          -0.033671       -1.929201
177.015          -0.035366       -2.026300
177.030          -0.037038       -2.122133
177.045          -0.038688       -2.216665
177.060          -0.040315       -2.309857
177.075          -0.041917       -2.401674
177.090          -0.043495       -2.492082
177.105          -0.045048       -2.581047
177.120          -0.046575       -2.668537
177.135          -0.048075       -2.754520
177.150          -0.049549       -2.838967
177.165          -0.050996       -2.921847
177.180          -0.052415       -3.003135
177.195          -0.053805       -3.082802
177.210          -0.055167       -3.160825
177.225          -0.056499       -3.237179
177.240          -0.057803       -3.311841
177.255          -0.059076       -3.384792
177.270          -0.060319       -3.456010
177.285          -0.061531       -3.525479
177.300          -0.062713       -3.593181
177.315          -0.063863       -3.659101
177.330          -0.064983       -3.723226
177.345          -0.066070       -3.785543
177.360          -0.067126       -3.846042
177.375          -0.068150       -3.904713
177.390          -0.069142       -3.961548
177.405          -0.070102       -4.016542
177.420          -0.071029       -4.069690
177.435          -0.071925       -4.120989
177.450          -0.072788       -4.170438
177.465          -0.073619       -4.218035
177.480          -0.074417       -4.263783
177.495          -0.075183       -4.307684
177.510          -0.075917       -4.349743
177.525          -0.076619       -4.389965
177.540          -0.077289       -4.428358
177.555          -0.077928       -4.464929
177.570          -0.078534       -4.499690
177.585          -0.079110       -4.532649
177.600          -0.079654       -4.563821
177.615          -0.080167       -4.593219
177.630          -0.080649       -4.620857
177.645          -0.081101       -4.646752
177.660          -0.081523       -4.670919
177.675          -0.081915       -4.693379
177.690          -0.082277       -4.714149
177.705          -0.082611       -4.733249
177.720          -0.082915       -4.750702
177.735          -0.083192       -4.766527
177.750          -0.083440       -4.780749
177.765          -0.083660       -4.793390
177.780          -0.083854       -4.804475
177.795          -0.084021       -4.814029
177.810          -0.084161       -4.822077
177.825          -0.084276       -4.828644
177.840          -0.084365       -4.833758
177.855          -0.084429       -4.837445
177.870          -0.084469       -4.839733
177.885          -0.084485       -4.840649
177.900          -0.084478       -4.840221
177.915          -0.084447       -4.838478
177.930          -0.084394       -4.835448
177.945          -0.084320       -4.831160
177.960          -0.084223       -4.825641
177.975          -0.084106       -4.818922
177.990          -0.083968       -4.811031
178.005          -0.083811       -4.801996
178.020          -0.083633       -4.791846
178.035          -0.083437       -4.780610
178.050          -0.083223       -4.768317
178.065          -0.082990       -4.754994
178.080          -0.082740       -4.740669
178.095          -0.082473       -4.725371
178.110          -0.082190       -4.709126
178.125          -0.081890       -4.691962
178.140          -0.081575       -4.673907
178.155          -0.081245       -4.654985
178.170          -0.080900       -4.635224
178.185          -0.080541       -4.614649
178.200          -0.080168       -4.593285
178.215          -0.079782       -4.571157
178.230          -0.079383       -4.548289
178.245          -0.078971       -4.524706
178.260          -0.078547       -4.500430
178.275          -0.078112       -4.475484
178.290          -0.077665       -4.449890
178.305          -0.077208       -4.423671
178.320          -0.076739       -4.396846
178.335          -0.076261       -4.369438
178.350          -0.075773       -4.341465
178.365          -0.075275       -4.312947
178.380          -0.074768       -4.283903
178.395          -0.074252       -4.254351
178.410          -0.073728       -4.224308
178.425          -0.073195       -4.193792
178.440          -0.072655       -4.162820
178.455          -0.072107       -4.131406
178.470          -0.071551       -4.099566
178.485          -0.070988       -4.067315
178.500          -0.070418       -4.034666
178.515          -0.069842       -4.001634
178.530          -0.069259       -3.968230
178.545          -0.068669       -3.934467
178.560          -0.068074       -3.900356
178.575          -0.067473       -3.865910
178.590          -0.066866       -3.831137
178.605          -0.066254       -3.796048
178.620          -0.065636       -3.760652
178.635          -0.065013       -3.724958
178.650          -0.064385       -3.688974
178.665          -0.063752       -3.652707
178.680          -0.063114       -3.616165
178.695          -0.062472       -3.579354
178.710          -0.061824       -3.542280
178.725          -0.061173       -3.504948
178.740          -0.060517       -3.467364
178.755          -0.059857       -3.429531
178.770          -0.059192       -3.391455
178.785          -0.058523       -3.353137
178.800          -0.057850       -3.314582
178.815          -0.057173       -3.275791
178.830          -0.056492       -3.236767
178.845          -0.055807       -3.197511
178.860          -0.055118       -3.158026
178.875          -0.054425       -3.118310
178.890          -0.053728       -3.078366
178.905          -0.053026       -3.038193
178.920          -0.052321       -2.997790
178.935          -0.051612       -2.957158
178.950          -0.050899       -2.916295
178.965          -0.050182       -2.875199
178.980          -0.049460       -2.833870
178.995          -0.048735       -2.792306
179.010          -0.048005       -2.750505
179.025          -0.047272       -2.708463
179.040          -0.046534       -2.666180
179.055          -0.045791       -2.623652
179.070          -0.045045       -2.580876
179.085          -0.044294       -2.537850
179.100          -0.043538       -2.494570
179.115          -0.042779       -2.451033
179.130          -0.042014       -2.407237
179.145          -0.041245       -2.363177
179.160          -0.040472       -2.318851
179.175          -0.039693       -2.274255
179.190          -0.038910       -2.229387
179.205          -0.038122       -2.184242
179.220          -0.037329       -2.138817
179.235          -0.036532       -2.093111
179.250          -0.035729       -2.047119
179.265          -0.034921       -2.000839
179.280          -0.034108       -1.954268
179.295          -0.033290       -1.907404
179.310          -0.032467       -1.860245
179.325          -0.031639       -1.812789
179.340          -0.030806       -1.765033
179.355          -0.029967       -1.716978
179.370          -0.029123       -1.668620
179.385          -0.028274       -1.619960
179.400          -0.027419       -1.570997
179.415          -0.026559       -1.521731
179.430          -0.025694       -1.472162
179.445          -0.024824       -1.422291
179.460          -0.023948       -1.372119
179.475          -0.023067       -1.321646
179.490          -0.022181       -1.270875
179.505          -0.021290       -1.219808
179.520          -0.020393       -1.168448
179.535          -0.019492       -1.116798
179.550          -0.018585       -1.064862
179.565          -0.017674       -1.012643
179.580          -0.016758       -0.960146
179.595          -0.015837       -0.907377
179.610          -0.014911       -0.854340
179.625          -0.013981       -0.801043
179.640          -0.013046       -0.747490
179.655          -0.012107       -0.693691
179.670          -0.011164       -0.639652
179.685          -0.010217       -0.585381
179.700          -0.009266       -0.530886
179.715          -0.008311       -0.476178
179.730          -0.007352       -0.421266
179.745          -0.006391       -0.366159
179.760          -0.005426       -0.310868
179.775          -0.004458       -0.255405
179.790          -0.003487       -0.199782
179.805          -0.002513       -0.144009
179.820          -0.001538       -0.088101
179.835          -0.000560       -0.032069
179.850           0.000420        0.024072
179.865           0.001402        0.080308
179.880           0.002385        0.136625
179.895           0.003369        0.193009
179.910           0.004354        0.249442
179.925           0.005339        0.305911
179.940           0.006325        0.362397
179.955           0.007311        0.418886
179.970           0.008297        0.475359
179.985           0.009282        0.531799
180.000           0.010266        0.588188
180.015           0.011249        0.644508
180.030           0.012230        0.700740
180.045           0.013210        0.756865
180.060           0.014187        0.812864
180.075           0.015162        0.868716
180.090           0.016134        0.924402
180.105           0.017103        0.979901
180.120           0.018068        1.035192
180.135           0.019029        1.090255
180.150           0.019985        1.145067
180.165           0.020937        1.199607
180.180           0.021884        1.253854
180.195           0.022825        1.307784
180.210           0.023760        1.361375
180.225           0.024690        1.414604
180.240           0.025612        1.467449
180.255           0.026527        1.519886
180.270           0.027435        1.571892
180.285           0.028334        1.623443
180.300           0.029226        1.674514
180.315           0.030108        1.725083
180.330           0.030982        1.775125
180.345           0.031846        1.824615
180.360           0.032699        1.873529
180.375           0.033542        1.921843
180.390           0.034375        1.969532
180.405           0.035196        2.016570
180.420           0.036005        2.062935
180.435           0.036802        2.108600
180.450           0.037586        2.153540
180.465           0.038358        2.197732
180.480           0.039115        2.241150
180.495           0.039859        2.283769
180.510           0.040589        2.325566
180.525           0.041303        2.366514
180.540           0.042003        2.406590
180.555           0.042687        2.445770
180.570           0.043354        2.484030
180.585           0.044006        2.521344
180.600           0.044640        2.557691
180.615           0.045257        2.593046
180.630           0.045857        2.627386
180.645           0.046438        2.660688
180.660           0.047001        2.692930
180.675           0.047544        2.724090
180.690           0.048069        2.754145
180.705           0.048574        2.783075
180.720           0.049059        2.810858
180.735           0.049523        2.837474
180.750           0.049967        2.862903
180.765           0.050390        2.887125
180.780           0.050791        2.910122
180.795           0.051171        2.931874
180.810           0.051528        2.952365
180.825           0.051864        2.971577
180.840           0.052177        2.989494
180.855           0.052466        3.006099
180.870           0.052733        3.021378
180.885           0.052976        3.035315
180.900           0.053196        3.047899
180.915           0.053392        3.059114
180.930           0.053563        3.068949
180.945           0.053711        3.077394
180.960           0.053834        3.084436
180.975           0.053932        3.090066
180.990           0.054005        3.094275
181.005           0.054054        3.097055
181.020           0.054077        3.098399
181.035           0.054076        3.098300
181.050           0.054049        3.096752
181.065           0.053996        3.093750
181.080           0.053918        3.089291
181.095           0.053815        3.083372
181.110           0.053686        3.075990
181.125           0.053532        3.067144
181.140           0.053352        3.056834
181.155           0.053146        3.045060
181.170           0.052915        3.031823
181.185           0.052659        3.017125
181.200           0.052377        3.000969
181.215           0.052069        2.983360
181.230           0.051737        2.964300
181.245           0.051379        2.943797
181.260           0.050996        2.921856
181.275           0.050588        2.898484
181.290           0.050155        2.873688
181.305           0.049698        2.847478
181.320           0.049216        2.819862
181.335           0.048710        2.790851
181.350           0.048179        2.760454
181.365           0.047625        2.728684
181.380           0.047046        2.695551
181.395           0.046444        2.661069
181.410           0.045819        2.625251
181.425           0.045171        2.588110
181.440           0.044500        2.549661
181.455           0.043806        2.509918
181.470           0.043090        2.468897
181.485           0.042352        2.426614
181.500           0.041593        2.383086
181.515           0.040812        2.338328
181.530           0.040009        2.292358
181.545           0.039186        2.245195
181.560           0.038342        2.196855
181.575           0.037478        2.147357
181.590           0.036595        2.096720
181.605           0.035691        2.044963
181.620           0.034769        1.992106
181.635           0.033827        1.938168
181.650           0.032867        1.883168
181.665           0.031889        1.827128
181.680           0.030893        1.770067
181.695           0.029880        1.712006
181.710           0.028850        1.652966
181.725           0.027803        1.592967
181.740           0.026739        1.532032
181.755           0.025659        1.470181
181.770           0.024564        1.407435
181.785           0.023454        1.343816
181.800           0.022329        1.279345
181.815           0.021189        1.214045
181.830           0.020035        1.147937
181.845           0.018868        1.081042
181.860           0.017687        1.013382
181.875           0.016493        0.944980
181.890           0.015287        0.875858
181.905           0.014068        0.806036
181.920           0.012838        0.735537
181.935           0.011596        0.664383
181.950           0.010343        0.592596
181.965           0.009079        0.520197
181.980           0.007805        0.447209
181.995           0.006521        0.373652
182.010           0.005228        0.299550
182.025           0.003926        0.224923
182.040           0.002614        0.149792
182.055           0.001295        0.074180
182.070          -0.000033       -0.001891
182.085          -0.001368       -0.078402
182.100          -0.002711       -0.155330
182.115          -0.004061       -0.232655
182.130          -0.005417       -0.310354
182.145          -0.006779       -0.388408
182.160          -0.008147       -0.466796
182.175          -0.009521       -0.545496
182.190          -0.010899       -0.624488
182.205          -0.012283       -0.703751
182.220          -0.013671       -0.783266
182.235          -0.015062       -0.863011
182.250          -0.016458       -0.942967
182.265          -0.017857       -1.023114
182.280          -0.019259       -1.103431
182.295          -0.020663       -1.183899
182.310          -0.022070       -1.264498
182.325          -0.023478       -1.345208
182.340          -0.024889       -1.426011
182.355          -0.026300       -1.506886
182.370          -0.027713       -1.587814
182.385          -0.029126       -1.668777
182.400          -0.030539       -1.749755
182.415          -0.031952       -1.830729
182.430          -0.033365       -1.911680
182.445          -0.034777       -1.992590
182.460          -0.036188       -2.073441
182.475          -0.037598       -2.154212
182.490          -0.039006       -2.234886
182.505          -0.040412       -2.315445
182.520          -0.041816       -2.395870
182.535          -0.043217       -2.476142
182.550          -0.044615       -2.556243
182.565          -0.046010       -2.636155
182.580          -0.047401       -2.715860
182.595          -0.048788       -2.795339
182.610          -0.050171       -2.874574
182.625          -0.051549       -2.953547
182.640          -0.052923       -3.032239
182.655          -0.054291       -3.110632
182.670          -0.055653       -3.188707
182.685          -0.057010       -3.266447
182.700          -0.058361       -3.343832
182.715          -0.059705       -3.420844
182.730          -0.061042       -3.497464
182.745          -0.062372       -3.573673
182.760          -0.063695       -3.649452
182.775          -0.065010       -3.724783
182.790          -0.066316       -3.799646
182.805          -0.067614       -3.874022
182.820          -0.068904       -3.947891
182.835          -0.070184       -4.021233
182.850          -0.071454       -4.094030
182.865          -0.072715       -4.166260
182.880          -0.073965       -4.237904
182.895          -0.075205       -4.308942
182.910          -0.076434       -4.379352
182.925          -0.077652       -4.449115
182.940          -0.078858       -4.518210
182.955          -0.080052       -4.586614
182.970          -0.081233       -4.654309
182.985          -0.082402       -4.721271
183.000          -0.083557       -4.787479
183.015          -0.084699       -4.852912
183.030          -0.085827       -4.917548
183.045          -0.086941       -4.981364
183.060          -0.088040       -5.044339
183.075          -0.089124       -5.106450
183.090          -0.090193       -5.167675
183.105          -0.091246       -5.227992
183.120          -0.092282       -5.287377
183.135          -0.093302       -5.345808
183.150          -0.094305       -5.403262
183.165          -0.095290       -5.459717
183.180          -0.096258       -5.515150
183.195          -0.097207       -5.569538
183.210          -0.098137       -5.622857
183.225          -0.099049       -5.675087
183.240          -0.099941       -5.726203
183.255          -0.100813       -5.776183
183.270          -0.101666       -5.825005
183.285          -0.102497       -5.872647
183.300          -0.103308       -5.919087
183.315          -0.104097       -5.964302
183.330          -0.104864       -6.008272
183.345          -0.105609       -6.050974
183.360          -0.106332       -6.092388
183.375          -0.107032       -6.132493
183.390          -0.107709       -6.171269
183.405          -0.108362       -6.208695
183.420          -0.108992       -6.244753
183.435          -0.109597       -6.279423
183.450          -0.110177       -6.312686
183.465          -0.110733       -6.344525
183.480          -0.111263       -6.374921
183.495          -0.111768       -6.403859
183.510          -0.112248       -6.431321
183.525          -0.112701       -6.457291
183.540          -0.113128       -6.481755
183.555          -0.113528       -6.504699
183.570          -0.113902       -6.526107
183.585          -0.114249       -6.545968
183.600          -0.114568       -6.564269
183.615          -0.114860       -6.580999
183.630          -0.115124       -6.596147
183.645          -0.115361       -6.609702
183.660          -0.115570       -6.621657
183.675          -0.115750       -6.632002
183.690          -0.115903       -6.640730
183.705          -0.116027       -6.647835
183.720          -0.116122       -6.653310
183.735          -0.116189       -6.657153
183.750          -0.116228       -6.659357
183.765          -0.116238       -6.659921
183.780          -0.116219       -6.658842
183.795          -0.116171       -6.656120
183.810          -0.116095       -6.651754
183.825          -0.115990       -6.645744
183.840          -0.115857       -6.638093
183.855          -0.115694       -6.628802
183.870          -0.115504       -6.617877
183.885          -0.115285       -6.605319
183.900          -0.115037       -6.591136
183.915          -0.114761       -6.575333
183.930          -0.114457       -6.557918
183.945          -0.114125       -6.538897
183.960          -0.113765       -6.518281
183.975          -0.113378       -6.496078
183.990          -0.112963       -6.472300
184.005          -0.112521       -6.446957
184.020          -0.112051       -6.420063
184.035          -0.111555       -6.391629
184.050          -0.111032       -6.361669
184.065          -0.110483       -6.330199
184.080          -0.109907       -6.297232
184.095          -0.109306       -6.262787
184.110          -0.108680       -6.226878
184.125          -0.108028       -6.189524
184.140          -0.107351       -6.150742
184.155          -0.106649       -6.110552
184.170          -0.105924       -6.068973
184.185          -0.105174       -6.026024
184.200          -0.104401       -5.981726
184.215          -0.103604       -5.936100
184.230          -0.102785       -5.889168
184.245          -0.101944       -5.840952
184.260          -0.101080       -5.791474
184.275          -0.100195       -5.740758
184.290          -0.099289       -5.688827
184.305          -0.098362       -5.635705
184.320          -0.097414       -5.581416
184.335          -0.096447       -5.525984
184.350          -0.095460       -5.469435
184.365          -0.094454       -5.411794
184.380          -0.093429       -5.353085
184.395          -0.092386       -5.293336
184.410          -0.091326       -5.232571
184.425          -0.090248       -5.170818
184.440          -0.089153       -5.108101
184.455          -0.088042       -5.044448
184.470          -0.086915       -4.979884
184.485          -0.085773       -4.914437
184.500          -0.084616       -4.848133
184.515          -0.083444       -4.780998
184.530          -0.082258       -4.713059
184.545          -0.081059       -4.644343
184.560          -0.079847       -4.574875
184.575          -0.078622       -4.504683
184.590          -0.077384       -4.433792
184.605          -0.076135       -4.362228
184.620          -0.074875       -4.290017
184.635          -0.073604       -4.217185
184.650          -0.072322       -4.143757
184.665          -0.071031       -4.069758
184.680          -0.069730       -3.995212
184.695          -0.068419       -3.920145
184.710          -0.067101       -3.844580
184.725          -0.065773       -3.768541
184.740          -0.064438       -3.692052
184.755          -0.063096       -3.615134
184.770          -0.061746       -3.537811
184.785          -0.060390       -3.460104
184.800          -0.059028       -3.382035
184.815          -0.057659       -3.303624
184.830          -0.056285       -3.224892
184.845          -0.054906       -3.145860
184.860          -0.053521       -3.066545
184.875          -0.052132       -2.986967
184.890          -0.050739       -2.907143
184.905          -0.049342       -2.827092
184.920          -0.047941       -2.746829
184.935          -0.046537       -2.666372
184.950          -0.045130       -2.585734
184.965          -0.043719       -2.504932
184.980          -0.042306       -2.423979
184.995          -0.040891       -2.342889
185.010          -0.039474       -2.261674
185.025          -0.038054       -2.180346
185.040          -0.036633       -2.098918
185.055          -0.035210       -2.017399
185.070          -0.033786       -1.935800
185.085          -0.032361       -1.854130
185.100          -0.030934       -1.772397
185.115          -0.029507       -1.690610
185.130          -0.028078       -1.608776
185.145          -0.026649       -1.526902
185.160          -0.025220       -1.444994
185.175          -0.023790       -1.363057
185.190          -0.022359       -1.281097
185.205          -0.020929       -1.199117
185.220          -0.019497       -1.117122
185.235          -0.018066       -1.035114
185.250          -0.016635       -0.953097
185.265          -0.015203       -0.871072
185.280          -0.013771       -0.789041
185.295          -0.012340       -0.707006
185.310          -0.010908       -0.624968
185.325          -0.009476       -0.542927
185.340          -0.008044       -0.460883
185.355          -0.006612       -0.378836
185.370          -0.005180       -0.296785
185.385          -0.003748       -0.214730
185.400          -0.002316       -0.132670
185.415          -0.000883       -0.050604
185.430           0.000549        0.031471
185.445           0.001982        0.113555
185.460           0.003415        0.195650
185.475           0.004848        0.277757
185.490           0.006281        0.359880
185.505           0.007715        0.442019
185.520           0.009149        0.524176
185.535           0.010583        0.606353
185.550           0.012018        0.688553
185.565           0.013453        0.770776
185.580           0.014888        0.853025
185.595           0.016324        0.935300
185.610           0.017761        1.017604
185.625           0.019198        1.099936
185.640           0.020635        1.182299
185.655           0.022073        1.264694
185.670           0.023512        1.347119
185.685           0.024951        1.429577
185.700           0.026391        1.512066
185.715           0.027831        1.594587
185.730           0.029272        1.677140
185.745           0.030713        1.759722
185.760           0.032155        1.842335
185.775           0.033597        1.924975
185.790           0.035040        2.007641
185.805           0.036483        2.090332
185.820           0.037927        2.173045
185.835           0.039371        2.255777
185.850           0.040815        2.338526
185.865           0.042259        2.421288
185.880           0.043704        2.504061
185.895           0.045149        2.586839
185.910           0.046594        2.669620
185.925           0.048038        2.752399
185.940           0.049483        2.835172
185.955           0.050928        2.917934
185.970           0.052372        3.000679
185.985           0.053816        3.083404
186.000           0.055259        3.166102
186.015           0.056702        3.248768
186.030           0.058144        3.331397
186.045           0.059585        3.413982
186.060           0.061026        3.496519
186.075           0.062465        3.579000
186.090           0.063904        3.661420
186.105           0.065341        3.743774
186.120           0.066777        3.826054
186.135           0.068212        3.908255
186.150           0.069645        3.990371
186.165           0.071077        4.072396
186.180           0.072507        4.154323
186.195           0.073935        4.236147
186.210           0.075361        4.317862
186.225           0.076785        4.399462
186.240           0.078207        4.480942
186.255           0.079627        4.562295
186.270           0.081045        4.643518
186.285           0.082460        4.724603
186.300           0.083873        4.805547
186.315           0.085283        4.886344
186.330           0.086690        4.966990
186.345           0.088095        5.047481
186.360           0.089497        5.127811
186.375           0.090896        5.207976
186.390           0.092293        5.287974
186.405           0.093686        5.367799
186.420           0.095076        5.447448
186.435           0.096463        5.526919
186.450           0.097847        5.606207
186.465           0.099227        5.685310
186.480           0.100605        5.764224
186.495           0.101979        5.842947
186.510           0.103349        5.921477
186.525           0.104716        5.999811
186.540           0.106080        6.077946
186.555           0.107440        6.155880
186.570           0.108797        6.233611
186.585           0.110150        6.311136
186.600           0.111500        6.388455
186.615           0.112845        6.465564
186.630           0.114187        6.542461
186.645           0.115526        6.619144
186.660           0.116860        6.695611
186.675           0.118191        6.771859
186.690           0.119518        6.847887
186.705           0.120841        6.923690
186.720           0.122160        6.999268
186.735           0.123475        7.074615
186.750           0.124786        7.149730
186.765           0.126093        7.224608
186.780           0.127396        7.299246
186.795           0.128694        7.373640
186.810           0.129988        7.447784
186.825           0.131278        7.521675
186.840           0.132563        7.595306
186.855           0.133844        7.668673
186.870           0.135119        7.741767
186.885           0.136390        7.814584
186.900           0.137656        7.887115
186.915           0.138917        7.959353
186.930           0.140172        8.031289
186.945           0.141423        8.102914
186.960           0.142667        8.174218
186.975           0.143906        8.245192
186.990           0.145138        8.315823
187.005           0.146365        8.386100
187.020           0.147585        8.456012
187.035           0.148799        8.525544
187.050           0.150006        8.594683
187.065           0.151205        8.663414
187.080           0.152397        8.731722
187.095           0.153582        8.799590
187.110           0.154758        8.867002
187.125           0.155927        8.933941
187.140           0.157086        9.000386
187.155           0.158237        9.066320
187.170           0.159379        9.131723
187.185           0.160510        9.196572
187.200           0.161632        9.260848
187.215           0.162744        9.324527
187.230           0.163844        9.387586
187.245           0.164934        9.450002
187.260           0.166011        9.511750
187.275           0.167077        9.572805
187.290           0.168130        9.633140
187.305           0.169170        9.692730
187.320           0.170197        9.751546
187.335           0.171209        9.809561
187.350           0.172207        9.866746
187.365           0.173190        9.923072
187.380           0.174158        9.978510
187.395           0.175109       10.033029
187.410           0.176044       10.086598
187.425           0.176962       10.139187
187.440           0.177862       10.190763
187.455           0.178744       10.241295
187.470           0.179607       10.290750
187.485           0.180451       10.339095
187.500           0.181275       10.386298
187.515           0.182078       10.432326
187.530           0.182861       10.477144
187.545           0.183621       10.520719
187.560           0.184359       10.563018
187.575           0.185075       10.604006
187.590           0.185767       10.643650
187.605           0.186435       10.681915
187.620           0.187078       10.718768
187.635           0.187696       10.754175
187.650           0.188288       10.788102
187.665           0.188854       10.820516
187.680           0.189392       10.851383
187.695           0.189904       10.880671
187.710           0.190387       10.908345
187.725           0.190841       10.934375
187.740           0.191266       10.958727
187.755           0.191661       10.981370
187.770           0.192026       11.002273
187.785           0.192360       11.021404
187.800           0.192662       11.038733
187.815           0.192933       11.054232
187.830           0.193171       11.067869
187.845           0.193376       11.079618
187.860           0.193547       11.089449
187.875           0.193685       11.097336
187.890           0.193788       11.103253
187.905           0.193857       11.107173
187.920           0.193890       11.109071
187.935           0.193887       11.108923
187.950           0.193849       11.106707
187.965           0.193773       11.102399
187.980           0.193661       11.095978
187.995           0.193512       11.087423
188.010           0.193325       11.076715
188.025           0.193100       11.063834
188.040           0.192837       11.048764
188.055           0.192536       11.031486
188.070           0.192195       11.011986
188.085           0.191816       10.990248
188.100           0.191397       10.966259
188.115           0.190939       10.940007
188.130           0.190441       10.911478
188.145           0.189903       10.880664
188.160           0.189326       10.847554
188.175           0.188707       10.812140
188.190           0.188049       10.774415
188.205           0.187350       10.734373
188.220           0.186611       10.692009
188.235           0.185831       10.647318
188.250           0.185010       10.600298
188.265           0.184149       10.550947
188.280           0.183247       10.499266
188.295           0.182304       10.445253
188.310           0.181321       10.388912
188.325           0.180297       10.330244
188.340           0.179232       10.269255
188.355           0.178127       10.205948
188.370           0.176982       10.140331
188.385           0.175797       10.072410
188.400           0.174571       10.002194
188.415           0.173306        9.929693
188.430           0.172001        9.854917
188.445           0.170656        9.777877
188.460           0.169272        9.698588
188.475           0.167849        9.617062
188.490           0.166388        9.533314
188.505           0.164888        9.447361
188.520           0.163349        9.359219
188.535           0.161773        9.268907
188.550           0.160159        9.176444
188.565           0.158508        9.081850
188.580           0.156820        8.985146
188.595           0.155096        8.886354
188.610           0.153336        8.785497
188.625           0.151540        8.682599
188.640           0.149709        8.577685
188.655           0.147843        8.470782
188.670           0.145943        8.361915
188.685           0.144009        8.251113
188.700           0.142042        8.138405
188.715           0.140042        8.023819
188.730           0.138010        7.907386
188.745           0.135946        7.789138
188.760           0.133851        7.669105
188.775           0.131726        7.547322
188.790           0.129570        7.423821
188.805           0.127385        7.298636
188.820           0.125172        7.171803
188.835           0.122930        7.043358
188.850           0.120660        6.913336
188.865           0.118364        6.781775
188.880           0.116042        6.648712
188.895           0.113694        6.514186
188.910           0.111321        6.378236
188.925           0.108924        6.240900
188.940           0.106504        6.102220
188.955           0.104061        5.962234
188.970           0.101595        5.820986
188.985           0.099109        5.678514
189.000           0.096602        5.534863
189.015           0.094075        5.390073
189.030           0.091528        5.244187
189.045           0.088964        5.097249
189.060           0.086382        4.949301
189.075           0.083783        4.800388
189.090           0.081167        4.650551
189.105           0.078537        4.499837
189.120           0.075892        4.348288
189.135           0.073233        4.195949
189.150           0.070561        4.042865
189.165           0.067877        3.889080
189.180           0.065182        3.734638
189.195           0.062476        3.579584
189.210           0.059759        3.423962
189.225           0.057034        3.267817
189.240           0.054301        3.111194
189.255           0.051559        2.954136
189.270           0.048811        2.796688
189.285           0.046057        2.638893
189.300           0.043298        2.480795
189.315           0.040534        2.322439
189.330           0.037767        2.163866
189.345           0.034996        2.005120
189.360           0.032223        1.846243
189.375           0.029449        1.687278
189.390           0.026673        1.528265
189.405           0.023898        1.369247
189.420           0.021123        1.210265
189.435           0.018350        1.051358
189.450           0.015578        0.892566
189.465           0.012809        0.733929
189.480           0.010044        0.575485
189.495           0.007283        0.417272
189.510           0.004526        0.259328
189.525           0.001775        0.101690
189.540          -0.000971       -0.055606
189.555          -0.003709       -0.212526
189.570          -0.006441       -0.369034
189.585          -0.009165       -0.525095
189.600          -0.011880       -0.680679
189.615          -0.014587       -0.835750
189.630          -0.017284       -0.990279
189.645          -0.019971       -1.144234
189.660          -0.022647       -1.297585
189.675          -0.025313       -1.450303
189.690          -0.027966       -1.602360
189.705          -0.030608       -1.753728
189.720          -0.033238       -1.904381
189.735          -0.035854       -2.054292
189.750          -0.038457       -2.203438
189.765          -0.041047       -2.351793
189.780          -0.043622       -2.499336
189.795          -0.046182       -2.646043
189.810          -0.048728       -2.791894
189.825          -0.051258       -2.936868
189.840          -0.053773       -3.080946
189.855          -0.056271       -3.224108
189.870          -0.058754       -3.366338
189.885          -0.061219       -3.507618
189.900          -0.063668       -3.647933
189.915          -0.066100       -3.787267
189.930          -0.068515       -3.925605
189.945          -0.070912       -4.062936
189.960          -0.073291       -4.199245
189.975          -0.075652       -4.334522
189.990          -0.077995       -4.468756
190.005          -0.080319       -4.601935
190.020          -0.082625       -4.734052
190.035          -0.084912       -4.865098
190.050          -0.087180       -4.995064
190.065          -0.089430       -5.123944
190.080          -0.091660       -5.251731
190.095          -0.093871       -5.378421
190.110          -0.096063       -5.504007
190.125          -0.098236       -5.628486
190.140          -0.100389       -5.751854
190.155          -0.102523       -5.874109
190.170          -0.104637       -5.995247
190.185          -0.106732       -6.115268
190.200          -0.108807       -6.234169
190.215          -0.110862       -6.351951
190.230          -0.112899       -6.468612
190.245          -0.114915       -6.584154
190.260          -0.116912       -6.698577
190.275          -0.118890       -6.811883
190.290          -0.120848       -6.924072
190.305          -0.122786       -7.035148
190.320          -0.124706       -7.145112
190.335          -0.126606       -7.253968
190.350          -0.128486       -7.361718
190.365          -0.130348       -7.468365
190.380          -0.132190       -7.573914
190.395          -0.134013       -7.678368
190.410          -0.135817       -7.781731
190.425          -0.137602       -7.884008
190.440          -0.139368       -7.985202
190.455          -0.141115       -8.085319
190.470          -0.142844       -8.184364
190.485          -0.144554       -8.282340
190.500          -0.146246       -8.379253
190.515          -0.147919       -8.475108
190.530          -0.149573       -8.569909
190.545          -0.151209       -8.663662
190.560          -0.152828       -8.756372
190.575          -0.154427       -8.848043
190.590          -0.156009       -8.938680
190.605          -0.157573       -9.028288
190.620          -0.159119       -9.116871
190.635          -0.160648       -9.204435
190.650          -0.162158       -9.290983
190.665          -0.163651       -9.376521
190.680          -0.165126       -9.461051
190.695          -0.166584       -9.544578
190.710          -0.168025       -9.627105
190.725          -0.169448       -9.708637
190.740          -0.170853       -9.789177
190.755          -0.172242       -9.868727
190.770          -0.173613       -9.947291
190.785          -0.174967      -10.024871
190.800          -0.176304      -10.101469
190.815          -0.177624      -10.177089
190.830          -0.178926      -10.251731
190.845          -0.180212      -10.325397
190.860          -0.181481      -10.398090
190.875          -0.182733      -10.469809
190.890          -0.183967      -10.540556
190.905          -0.185185      -10.610331
190.920          -0.186386      -10.679135
190.935          -0.187570      -10.746967
190.950          -0.188737      -10.813828
190.965          -0.189887      -10.879717
190.980          -0.191020      -10.944632
190.995          -0.192136      -11.008574
191.010          -0.193235      -11.071541
191.025          -0.194317      -11.133531
191.040          -0.195382      -11.194542
191.055          -0.196429      -11.254573
191.070          -0.197460      -11.313621
191.085          -0.198473      -11.371684
191.100          -0.199469      -11.428759
191.115          -0.200448      -11.484844
191.130          -0.201410      -11.539935
191.145          -0.202354      -11.594029
191.160          -0.203281      -11.647122
191.175          -0.204190      -11.699212
191.190          -0.205081      -11.750294
191.205          -0.205955      -11.800364
191.220          -0.206811      -11.849418
191.235          -0.207650      -11.897453
191.250          -0.208470      -11.944464
191.265          -0.209273      -11.990446
191.280          -0.210057      -12.035395
191.295          -0.210824      -12.079306
191.310          -0.211572      -12.122175
191.325          -0.212302      -12.163997
191.340          -0.213013      -12.204766
191.355          -0.213706      -12.244479
191.370          -0.214381      -12.283130
191.385          -0.215037      -12.320714
191.400          -0.215674      -12.357225
191.415          -0.216293      -12.392659
191.430          -0.216892      -12.427010
191.445          -0.217473      -12.460274
191.460          -0.218034      -12.492444
191.475          -0.218577      -12.523515
191.490          -0.219100      -12.553483
191.505          -0.219603      -12.582340
191.520          -0.220087      -12.610083
191.535          -0.220552      -12.636704
191.550          -0.220997      -12.662199
191.565          -0.221422      -12.686562
191.580          -0.221828      -12.709787
191.595          -0.222213      -12.731869
191.610          -0.222578      -12.752800
191.625          -0.222924      -12.772576
191.640          -0.223248      -12.791190
191.655          -0.223553      -12.808636
191.670          -0.223837      -12.824908
191.685          -0.224100      -12.840000
191.700          -0.224343      -12.853904
191.715          -0.224565      -12.866615
191.730          -0.224766      -12.878126
191.745          -0.224946      -12.888430
191.760          -0.225104      -12.897519
191.775          -0.225242      -12.905388
191.790          -0.225357      -12.912028
191.805          -0.225452      -12.917432
191.820          -0.225524      -12.921593
191.835          -0.225575      -12.924503
191.850          -0.225604      -12.926155
191.865          -0.225611      -12.926539
191.880          -0.225595      -12.925649
191.895          -0.225557      -12.923475
191.910          -0.225497      -12.920010
191.925          -0.225414      -12.915244
191.940          -0.225307      -12.909168
191.955          -0.225178      -12.901774
191.970          -0.225026      -12.893052
191.985          -0.224851      -12.882993
192.000          -0.224652      -12.871588
192.015          -0.224429      -12.858826
192.030          -0.224182      -12.844699
192.045          -0.223912      -12.829195
192.060          -0.223617      -12.812306
192.075          -0.223298      -12.794020
192.090          -0.222954      -12.774327
192.105          -0.222586      -12.753218
192.120          -0.222192      -12.730681
192.135          -0.221774      -12.706707
192.150          -0.221330      -12.681283
192.165          -0.220861      -12.654401
192.180          -0.220366      -12.626049
192.195          -0.219845      -12.596216
192.210          -0.219299      -12.564893
192.225          -0.218726      -12.532068
192.240          -0.218127      -12.497730
192.255          -0.217501      -12.461871
192.270          -0.216848      -12.424478
192.285          -0.216169      -12.385543
192.300          -0.215462      -12.345054
192.315          -0.214728      -12.303003
192.330          -0.213967      -12.259380
192.345          -0.213178      -12.214174
192.360          -0.212361      -12.167378
192.375          -0.211516      -12.118981
192.390          -0.210643      -12.068976
192.405          -0.209742      -12.017354
192.420          -0.208813      -11.964107
192.435          -0.207855      -11.909227
192.450          -0.206869      -11.852708
192.465          -0.205854      -11.794543
192.480          -0.204810      -11.734725
192.495          -0.203737      -11.673247
192.510          -0.202635      -11.610106
192.525          -0.201503      -11.545295
192.540          -0.200343      -11.478811
192.555          -0.199153      -11.410649
192.570          -0.197934      -11.340806
192.585          -0.196686      -11.269279
192.600          -0.195408      -11.196065
192.615          -0.194101      -11.121163
192.630          -0.192764      -11.044573
192.645          -0.191398      -10.966292
192.660          -0.190002      -10.886321
192.675          -0.188577      -10.804662
192.690          -0.187122      -10.721314
192.705          -0.185638      -10.636281
192.720          -0.184125      -10.549564
192.735          -0.182582      -10.461167
192.750          -0.181010      -10.371093
192.765          -0.179408      -10.279346
192.780          -0.177778      -10.185933
192.795          -0.176119      -10.090858
192.810          -0.174430       -9.994127
192.825          -0.172713       -9.895748
192.840          -0.170968       -9.795728
192.855          -0.169194       -9.694074
192.870          -0.167391       -9.590797
192.885          -0.165560       -9.485903
192.900          -0.163701       -9.379405
192.915          -0.161815       -9.271311
192.930          -0.159901       -9.161633
192.945          -0.157959       -9.050382
192.960          -0.155990       -8.937570
192.975          -0.153994       -8.823210
192.990          -0.151971       -8.707314
193.005          -0.149922       -8.589896
193.020          -0.147846       -8.470970
193.035          -0.145745       -8.350550
193.050          -0.143617       -8.228651
193.065          -0.141464       -8.105287
193.080          -0.139286       -7.980476
193.095          -0.137082       -7.854232
193.110          -0.134854       -7.726573
193.125          -0.132602       -7.597514
193.140          -0.130325       -7.467074
193.155          -0.128025       -7.335269
193.170          -0.125701       -7.202118
193.185          -0.123354       -7.067639
193.200          -0.120984       -6.931850
193.215          -0.118591       -6.794769
193.230          -0.116176       -6.656417
193.245          -0.113740       -6.516813
193.260          -0.111282       -6.375976
193.275          -0.108803       -6.233926
193.290          -0.106302       -6.090683
193.305          -0.103782       -5.946269
193.320          -0.101241       -5.800703
193.335          -0.098681       -5.654008
193.350          -0.096101       -5.506204
193.365          -0.093503       -5.357313
193.380          -0.090886       -5.207356
193.395          -0.088250       -5.056357
193.410          -0.085597       -4.904337
193.425          -0.082926       -4.751320
193.440          -0.080239       -4.597328
193.455          -0.077534       -4.442384
193.470          -0.074814       -4.286512
193.485          -0.072077       -4.129736
193.500          -0.069326       -3.972080
193.515          -0.066559       -3.813569
193.530          -0.063778       -3.654227
193.545          -0.060983       -3.494079
193.560          -0.058174       -3.333152
193.575          -0.055353       -3.171470
193.590          -0.052518       -3.009060
193.605          -0.049671       -2.845949
193.620          -0.046813       -2.682162
193.635          -0.043943       -2.517729
193.650          -0.041062       -2.352676
193.665          -0.038171       -2.187031
193.680          -0.035270       -2.020823
193.695          -0.032360       -1.854080
193.710          -0.029441       -1.686833
193.725          -0.026513       -1.519110
193.740          -0.023578       -1.350943
193.755          -0.020636       -1.182361
193.770          -0.017687       -1.013395
193.785          -0.014732       -0.844078
193.800          -0.011771       -0.674442
193.815          -0.008805       -0.504518
193.830          -0.005835       -0.334340
193.845          -0.002861       -0.163941
193.860           0.000116        0.006645
193.875           0.003096        0.177384
193.890           0.006078        0.348240
193.905           0.009061        0.519179
193.920           0.012046        0.690165
193.935           0.015030        0.861161
193.950           0.018014        1.032131
193.965           0.020997        1.203037
193.980           0.023978        1.373843
193.995           0.026957        1.544510
194.010           0.029932        1.715000
194.025           0.032904        1.885275
194.040           0.035872        2.055295
194.055           0.038834        2.225020
194.070           0.041790        2.394412
194.085           0.044740        2.563430
194.100           0.047683        2.732033
194.115           0.050618        2.900181
194.130           0.053544        3.067834
194.145           0.056461        3.234950
194.160           0.059367        3.401488
194.175           0.062263        3.567407
194.190           0.065147        3.732664
194.205           0.068019        3.897220
194.220           0.070878        4.061032
194.235           0.073724        4.224058
194.250           0.076555        4.386256
194.265           0.079370        4.547587
194.280           0.082170        4.708007
194.295           0.084953        4.867476
194.310           0.087719        5.025952
194.325           0.090467        5.183395
194.340           0.093196        5.339764
194.355           0.095906        5.495018
194.370           0.098596        5.649119
194.385           0.101264        5.802025
194.400           0.103912        5.953698
194.415           0.106537        6.104099
194.430           0.109139        6.253191
194.445           0.111717        6.400934
194.460           0.114272        6.547293
194.475           0.116801        6.692230
194.490           0.119306        6.835710
194.505           0.121784        6.977698
194.520           0.124235        7.118160
194.535           0.126660        7.257061
194.550           0.129056        7.394370
194.565           0.131424        7.530054
194.580           0.133763        7.664082
194.595           0.136073        7.796424
194.610           0.138353        7.927051
194.625           0.140603        8.055935
194.640           0.142821        8.183049
194.655           0.145008        8.308366
194.670           0.147164        8.431861
194.685           0.149287        8.553511
194.700           0.151377        8.673291
194.715           0.153435        8.791181
194.730           0.155459        8.907159
194.745           0.157450        9.021206
194.760           0.159406        9.133304
194.775           0.161328        9.243434
194.790           0.163216        9.351581
194.805           0.165069        9.457729
194.820           0.166886        9.561865
194.835           0.168668        9.663975
194.850           0.170415        9.764048
194.865           0.172126        9.862073
194.880           0.173801        9.958041
194.895           0.175440       10.051943
194.910           0.177042       10.143773
194.925           0.178609       10.233523
194.940           0.180139       10.321189
194.955           0.181632       10.406766
194.970           0.183089       10.490251
194.985           0.184510       10.571643
195.000           0.185894       10.650939
195.015           0.187241       10.728140
195.030           0.188552       10.803247
195.045           0.189827       10.876260
195.060           0.191064       10.947182
195.075           0.192266       11.016016
195.090           0.193431       11.082765
195.105           0.194559       11.147436
195.120           0.195652       11.210032
195.135           0.196708       11.270560
195.150           0.197729       11.329026
195.165           0.198713       11.385438
195.180           0.199662       11.439802
195.195           0.200575       11.492129
195.210           0.201453       11.542425
195.225           0.202296       11.590700
195.240           0.203103       11.636964
195.255           0.203876       11.681227
195.270           0.204614       11.723499
195.285           0.205317       11.763790
195.300           0.205986       11.802111
195.315           0.206620       11.838474
195.330           0.207221       11.872889
195.345           0.207788       11.905368
195.360           0.208321       11.935922
195.375           0.208821       11.964564
195.390           0.209288       11.991305
195.405           0.209721       12.016156
195.420           0.210122       12.039131
195.435           0.210491       12.060240
195.450           0.210827       12.079497
195.465           0.211131       12.096912
195.480           0.211403       12.112499
195.495           0.211643       12.126268
195.510           0.211852       12.138233
195.525           0.212030       12.148404
195.540           0.212176       12.156795
195.555           0.212292       12.163416
195.570           0.212377       12.168280
195.585           0.212431       12.171399
195.600           0.212455       12.172784
195.615           0.212449       12.172447
195.630           0.212414       12.170400
195.645           0.212348       12.166654
195.660           0.212253       12.161221
195.675           0.212129       12.154113
195.690           0.211976       12.145341
195.705           0.211794       12.134917
195.720           0.211584       12.122852
195.735           0.211345       12.109159
195.750           0.211077       12.093849
195.765           0.210782       12.076933
195.780           0.210459       12.058424
195.795           0.210109       12.038333
195.810           0.209731       12.016673
195.825           0.209325       11.993455
195.840           0.208893       11.968691
195.855           0.208434       11.942394
195.870           0.207949       11.914576
195.885           0.207437       11.885251
195.900           0.206899       11.854429
195.915           0.206335       11.822125
195.930           0.205746       11.788351
195.945           0.205131       11.753121
195.960           0.204491       11.716448
195.975           0.203826       11.678346
195.990           0.203136       11.638828
196.005           0.202422       11.597909
196.020           0.201683       11.555602
196.035           0.200921       11.511923
196.050           0.200135       11.466885
196.065           0.199325       11.420504
196.080           0.198493       11.372794
196.095           0.197637       11.323771
196.110           0.196759       11.273451
196.125           0.195858       11.221848
196.140           0.194935       11.168979
196.155           0.193991       11.114860
196.170           0.193025       11.059506
196.185           0.192037       11.002934
196.200           0.191029       10.945160
196.215           0.190000       10.886201
196.230           0.188951       10.826073
196.245           0.187881       10.764794
196.260           0.186792       10.702379
196.275           0.185683       10.638846
196.290           0.184555       10.574212
196.305           0.183408       10.508493
196.320           0.182242       10.441706
196.335           0.181058       10.373869
196.350           0.179856       10.304998
196.365           0.178636       10.235110
196.380           0.177399       10.164221
196.395           0.176145       10.092349
196.410           0.174873       10.019510
196.425           0.173586        9.945720
196.440           0.172281        9.870996
196.455           0.170961        9.795354
196.470           0.169625        9.718810
196.485           0.168274        9.641379
196.500           0.166907        9.563079
196.515           0.165526        9.483922
196.530           0.164129        9.403927
196.545           0.162719        9.323106
196.560           0.161294        9.241475
196.575           0.159856        9.159048
196.590           0.158403        9.075840
196.605           0.156938        8.991864
196.620           0.155459        8.907135
196.635           0.153967        8.821666
196.650           0.152463        8.735469
196.665           0.150946        8.648559
196.680           0.149417        8.560947
196.695           0.147876        8.472646
196.710           0.146323        8.383667
196.725           0.144758        8.294024
196.740           0.143182        8.203727
196.755           0.141595        8.112787
196.770           0.139997        8.021217
196.785           0.138388        7.929025
196.800           0.136768        7.836224
196.815           0.135138        7.742823
196.830           0.133497        7.648833
196.845           0.131847        7.554262
196.860           0.130186        7.459122
196.875           0.128516        7.363422
196.890           0.126836        7.267170
196.905           0.125147        7.170377
196.920           0.123448        7.073051
196.935           0.121740        6.975200
196.950           0.120023        6.876835
196.965           0.118298        6.777963
196.980           0.116563        6.678592
196.995           0.114821        6.578733
197.010           0.113069        6.478392
197.025           0.111310        6.377578
197.040           0.109542        6.276300
197.055           0.107767        6.174566
197.070           0.105983        6.072384
197.085           0.104192        5.969762
197.100           0.102393        5.866708
197.115           0.100587        5.763232
197.130           0.098774        5.659340
197.145           0.096954        5.555041
197.160           0.095126        5.450344
197.175           0.093292        5.345257
197.190           0.091452        5.239788
197.205           0.089604        5.133946
197.220           0.087751        5.027739
197.235           0.085891        4.921177
197.250           0.084025        4.814267
197.265           0.082153        4.707019
197.280           0.080275        4.599441
197.295           0.078392        4.491542
197.310           0.076504        4.383332
197.325           0.074610        4.274820
197.340           0.072711        4.166015
197.355           0.070807        4.056926
197.370           0.068898        3.947563
197.385           0.066985        3.837935
197.400           0.065067        3.728053
197.415           0.063145        3.617926
197.430           0.061219        3.507564
197.445           0.059288        3.396978
197.460           0.057355        3.286177
197.475           0.055417        3.175172
197.490           0.053476        3.063974
197.505           0.051532        2.952593
197.520           0.049586        2.841040
197.535           0.047636        2.729326
197.550           0.045683        2.617463
197.565           0.043729        2.505461
197.580           0.041772        2.393332
197.595           0.039813        2.281088
197.610           0.037852        2.168741
197.625           0.035889        2.056302
197.640           0.033925        1.943784
197.655           0.031960        1.831200
197.670           0.029995        1.718562
197.685           0.028028        1.605882
197.700           0.026061        1.493175
197.715           0.024093        1.380453
197.730           0.022126        1.267731
197.745           0.020159        1.155021
197.760           0.018192        1.042339
197.775           0.016226        0.929698
197.790           0.014261        0.817114
197.805           0.012298        0.704601
197.820           0.010335        0.592175
197.835           0.008375        0.479851
197.850           0.006417        0.367646
197.865           0.004461        0.255576
197.880           0.002507        0.143658
197.895           0.000557        0.031909
197.910          -0.001390       -0.079654
197.925          -0.003334       -0.191013
197.940          -0.005274       -0.302150
197.955          -0.007209       -0.413046
197.970          -0.009140       -0.523681
197.985          -0.011066       -0.634038
198.000          -0.012987       -0.744095
198.015          -0.014902       -0.853833
198.030          -0.016812       -0.963231
198.045          -0.018715       -1.072269
198.060          -0.020611       -1.180924
198.075          -0.022500       -1.289175
198.090          -0.024382       -1.397001
198.105          -0.026256       -1.504378
198.120          -0.028122       -1.611284
198.135          -0.029979       -1.717695
198.150          -0.031828       -1.823589
198.165          -0.033666       -1.928941
198.180          -0.035495       -2.033728
198.195          -0.037314       -2.137925
198.210          -0.039122       -2.241507
198.225          -0.040918       -2.344450
198.240          -0.042703       -2.446729
198.255          -0.044477       -2.548319
198.270          -0.046237       -2.649194
198.285          -0.047985       -2.749329
198.300          -0.049719       -2.848699
198.315          -0.051440       -2.947277
198.330          -0.053146       -3.045039
198.345          -0.054838       -3.141959
198.360          -0.056514       -3.238011
198.375          -0.058175       -3.333171
198.390          -0.059820       -3.427412
198.405          -0.061448       -3.520711
198.420          -0.063059       -3.613041
198.435          -0.064654       -3.704378
198.450          -0.066230       -3.794699
198.465          -0.067788       -3.883978
198.480          -0.069328       -3.972193
198.495          -0.070849       -4.059320
198.510          -0.072350       -4.145336
198.525          -0.073831       -4.230220
198.540          -0.075293       -4.313948
198.555          -0.076733       -4.396501
198.570          -0.078153       -4.477856
198.585          -0.079552       -4.557995
198.600          -0.080929       -4.636898
198.615          -0.082284       -4.714546
198.630          -0.083617       -4.790921
198.645          -0.084928       -4.866005
198.660          -0.086215       -4.939783
198.675          -0.087480       -5.012238
198.690          -0.088721       -5.083356
198.705          -0.089939       -5.153122
198.720          -0.091133       -5.221524
198.735          -0.092303       -5.288548
198.750          -0.093448       -5.354183
198.765          -0.094569       -5.418419
198.780          -0.095666       -5.481246
198.795          -0.096738       -5.542655
198.810          -0.097784       -5.602637
198.825          -0.098806       -5.661187
198.840          -0.099803       -5.718297
198.855          -0.100775       -5.773963
198.870          -0.101721       -5.828180
198.885          -0.102642       -5.880944
198.900          -0.103537       -5.932253
198.915          -0.104407       -5.982105
198.930          -0.105252       -6.030498
198.945          -0.106071       -6.077434
198.960          -0.106865       -6.122913
198.975          -0.107633       -6.166935
198.990          -0.108376       -6.209504
199.005          -0.109094       -6.250621
199.020          -0.109786       -6.290292
199.035          -0.110453       -6.328519
199.050          -0.111096       -6.365309
199.065          -0.111713       -6.400667
199.080          -0.112305       -6.434598
199.095          -0.112872       -6.467111
199.110          -0.113415       -6.498212
199.125          -0.113934       -6.527909
199.140          -0.114427       -6.556211
199.155          -0.114897       -6.583126
199.170          -0.115343       -6.608664
199.185          -0.115765       -6.632835
199.200          -0.116163       -6.655648
199.215          -0.116538       -6.677114
199.230          -0.116889       -6.697244
199.245          -0.117217       -6.716049
199.260          -0.117522       -6.733540
199.275          -0.117805       -6.749729
199.290          -0.118065       -6.764627
199.305          -0.118303       -6.778247
199.320          -0.118518       -6.790600
199.335          -0.118712       -6.801700
199.350          -0.118884       -6.811557
199.365          -0.119035       -6.820186
199.380          -0.119164       -6.827599
199.395          -0.119272       -6.833808
199.410          -0.119360       -6.838827
199.425          -0.119427       -6.842668
199.440          -0.119474       -6.845345
199.455          -0.119500       -6.846870
199.470          -0.119507       -6.847257
199.485          -0.119494       -6.846519
199.500          -0.119462       -6.844668
199.515          -0.119411       -6.841719
199.530          -0.119340       -6.837684
199.545          -0.119251       -6.832578
199.560          -0.119143       -6.826412
199.575          -0.119018       -6.819201
199.590          -0.118874       -6.810958
199.605          -0.118712       -6.801697
199.620          -0.118533       -6.791430
199.635          -0.118336       -6.780172
199.650          -0.118123       -6.767936
199.665          -0.117892       -6.754736
199.680          -0.117645       -6.740586
199.695          -0.117382       -6.725499
199.710          -0.117103       -6.709489
199.725          -0.116807       -6.692571
199.740          -0.116496       -6.674757
199.755          -0.116170       -6.656064
199.770          -0.115829       -6.636504
199.785          -0.115473       -6.616092
199.800          -0.115102       -6.594843
199.815          -0.114717       -6.572772
199.830          -0.114317       -6.549892
199.845          -0.113904       -6.526218
199.860          -0.113477       -6.501767
199.875          -0.113037       -6.476552
199.890          -0.112584       -6.450589
199.905          -0.112118       -6.423893
199.920          -0.111640       -6.396479
199.935          -0.111149       -6.368364
199.950          -0.110646       -6.339562
199.965          -0.110132       -6.310089
199.980          -0.109606       -6.279961
199.995          -0.109069       -6.249194
200.010          -0.108521       -6.217804
