   Wave #: 	8
Wave amplitude (m): 	0.01
Wave omega (rad/s): 	0.3490658504
Time (s)  Pitch (rads)
0.03            0.0000
0.06            0.0000
0.09            0.0000
0.12            0.0000
0.15            0.0000
0.18            0.0000
0.21            0.0000
0.24            0.0000
0.27            0.0000
0.30            0.0000
0.33            0.0000
0.36            0.0000
0.39            0.0000
0.42            0.0000
0.45           -0.0000
0.48           -0.0000
0.51           -0.0000
0.54           -0.0000
0.57           -0.0000
0.60           -0.0000
0.63           -0.0000
0.66           -0.0000
0.69           -0.0000
0.72           -0.0000
0.75           -0.0000
0.78           -0.0000
0.81           -0.0000
0.84           -0.0000
0.87           -0.0000
0.90           -0.0000
0.93           -0.0000
0.96           -0.0001
0.99           -0.0001
1.02           -0.0001
1.05           -0.0001
1.08           -0.0001
1.11           -0.0001
1.14           -0.0001
1.17           -0.0001
1.20           -0.0001
1.23           -0.0001
1.26           -0.0001
1.29           -0.0001
1.32           -0.0002
1.35           -0.0002
1.38           -0.0002
1.41           -0.0002
1.44           -0.0002
1.47           -0.0002
1.50           -0.0002
1.53           -0.0002
1.56           -0.0002
1.59           -0.0003
1.62           -0.0003
1.65           -0.0003
1.68           -0.0003
1.71           -0.0003
1.74           -0.0003
1.77           -0.0003
1.80           -0.0004
1.83           -0.0004
1.86           -0.0004
1.89           -0.0004
1.92           -0.0004
1.95           -0.0005
1.98           -0.0005
2.01           -0.0005
2.04           -0.0005
2.07           -0.0005
2.10           -0.0005
2.13           -0.0006
2.16           -0.0006
2.19           -0.0006
2.22           -0.0006
2.25           -0.0006
2.28           -0.0007
2.31           -0.0007
2.34           -0.0007
2.37           -0.0007
2.40           -0.0008
2.43           -0.0008
2.46           -0.0008
2.49           -0.0008
2.52           -0.0009
2.55           -0.0009
2.58           -0.0009
2.61           -0.0009
2.64           -0.0010
2.67           -0.0010
2.70           -0.0010
2.73           -0.0010
2.76           -0.0011
2.79           -0.0011
2.82           -0.0011
2.85           -0.0011
2.88           -0.0012
2.91           -0.0012
2.94           -0.0012
2.97           -0.0013
3.00           -0.0013
3.03           -0.0013
3.06           -0.0014
3.09           -0.0014
3.12           -0.0014
3.15           -0.0015
3.18           -0.0015
3.21           -0.0015
3.24           -0.0016
3.27           -0.0016
3.30           -0.0016
3.33           -0.0017
3.36           -0.0017
3.39           -0.0017
3.42           -0.0018
3.45           -0.0018
3.48           -0.0018
3.51           -0.0019
3.54           -0.0019
3.57           -0.0020
3.60           -0.0020
3.63           -0.0020
3.66           -0.0021
3.69           -0.0021
3.72           -0.0022
3.75           -0.0022
3.78           -0.0022
3.81           -0.0023
3.84           -0.0023
3.87           -0.0024
3.90           -0.0024
3.93           -0.0024
3.96           -0.0025
3.99           -0.0025
4.02           -0.0026
4.05           -0.0026
4.08           -0.0027
4.11           -0.0027
4.14           -0.0028
4.17           -0.0028
4.20           -0.0029
4.23           -0.0029
4.26           -0.0029
4.29           -0.0030
4.32           -0.0030
4.35           -0.0031
4.38           -0.0031
4.41           -0.0032
4.44           -0.0032
4.47           -0.0033
4.50           -0.0033
4.53           -0.0034
4.56           -0.0034
4.59           -0.0035
4.62           -0.0035
4.65           -0.0036
4.68           -0.0036
4.71           -0.0037
4.74           -0.0037
4.77           -0.0038
4.80           -0.0039
4.83           -0.0039
4.86           -0.0040
4.89           -0.0040
4.92           -0.0041
4.95           -0.0041
4.98           -0.0042
5.01           -0.0042
5.04           -0.0043
5.07           -0.0043
5.10           -0.0044
5.13           -0.0044
5.16           -0.0045
5.19           -0.0046
5.22           -0.0046
5.25           -0.0047
5.28           -0.0047
5.31           -0.0048
5.34           -0.0048
5.37           -0.0049
5.40           -0.0049
5.43           -0.0050
5.46           -0.0051
5.49           -0.0051
5.52           -0.0052
5.55           -0.0052
5.58           -0.0053
5.61           -0.0053
5.64           -0.0054
5.67           -0.0054
5.70           -0.0055
5.73           -0.0056
5.76           -0.0056
5.79           -0.0057
5.82           -0.0057
5.85           -0.0058
5.88           -0.0058
5.91           -0.0059
5.94           -0.0060
5.97           -0.0060
6.00           -0.0061
6.03           -0.0061
6.06           -0.0062
6.09           -0.0062
6.12           -0.0063
6.15           -0.0064
6.18           -0.0064
6.21           -0.0065
6.24           -0.0065
6.27           -0.0066
6.30           -0.0066
6.33           -0.0067
6.36           -0.0067
6.39           -0.0068
6.42           -0.0069
6.45           -0.0069
6.48           -0.0070
6.51           -0.0070
6.54           -0.0071
6.57           -0.0071
6.60           -0.0072
6.63           -0.0072
6.66           -0.0073
6.69           -0.0073
6.72           -0.0074
6.75           -0.0074
6.78           -0.0075
6.81           -0.0075
6.84           -0.0076
6.87           -0.0077
6.90           -0.0077
6.93           -0.0078
6.96           -0.0078
6.99           -0.0079
7.02           -0.0079
7.05           -0.0079
7.08           -0.0080
7.11           -0.0080
7.14           -0.0081
7.17           -0.0081
7.20           -0.0082
7.23           -0.0082
7.26           -0.0083
7.29           -0.0083
7.32           -0.0084
7.35           -0.0084
7.38           -0.0085
7.41           -0.0085
7.44           -0.0085
7.47           -0.0086
7.50           -0.0086
7.53           -0.0087
7.56           -0.0087
7.59           -0.0088
7.62           -0.0088
7.65           -0.0088
7.68           -0.0089
7.71           -0.0089
7.74           -0.0090
7.77           -0.0090
7.80           -0.0090
7.83           -0.0091
7.86           -0.0091
7.89           -0.0091
7.92           -0.0092
7.95           -0.0092
7.98           -0.0092
8.01           -0.0093
8.04           -0.0093
8.07           -0.0093
8.10           -0.0094
8.13           -0.0094
8.16           -0.0094
8.19           -0.0094
8.22           -0.0095
8.25           -0.0095
8.28           -0.0095
8.31           -0.0095
8.34           -0.0096
8.37           -0.0096
8.40           -0.0096
8.43           -0.0096
8.46           -0.0097
8.49           -0.0097
8.52           -0.0097
8.55           -0.0097
8.58           -0.0097
8.61           -0.0097
8.64           -0.0098
8.67           -0.0098
8.70           -0.0098
8.73           -0.0098
8.76           -0.0098
8.79           -0.0098
8.82           -0.0098
8.85           -0.0098
8.88           -0.0099
8.91           -0.0099
8.94           -0.0099
8.97           -0.0099
9.00           -0.0099
9.03           -0.0099
9.06           -0.0099
9.09           -0.0099
9.12           -0.0099
9.15           -0.0099
9.18           -0.0099
9.21           -0.0099
9.24           -0.0099
9.27           -0.0099
9.30           -0.0099
9.33           -0.0099
9.36           -0.0099
9.39           -0.0099
9.42           -0.0099
9.45           -0.0098
9.48           -0.0098
9.51           -0.0098
9.54           -0.0098
9.57           -0.0098
9.60           -0.0098
9.63           -0.0098
9.66           -0.0097
9.69           -0.0097
9.72           -0.0097
9.75           -0.0097
9.78           -0.0097
9.81           -0.0096
9.84           -0.0096
9.87           -0.0096
9.90           -0.0096
9.93           -0.0095
9.96           -0.0095
9.99           -0.0095
10.02          -0.0094
10.05          -0.0094
10.08          -0.0094
10.11          -0.0094
10.14          -0.0093
10.17          -0.0093
10.20          -0.0092
10.23          -0.0092
10.26          -0.0092
10.29          -0.0091
10.32          -0.0091
10.35          -0.0090
10.38          -0.0090
10.41          -0.0090
10.44          -0.0089
10.47          -0.0089
10.50          -0.0088
10.53          -0.0088
10.56          -0.0087
10.59          -0.0087
10.62          -0.0086
10.65          -0.0085
10.68          -0.0085
10.71          -0.0084
10.74          -0.0084
10.77          -0.0083
10.80          -0.0083
10.83          -0.0082
10.86          -0.0081
10.89          -0.0081
10.92          -0.0080
10.95          -0.0079
10.98          -0.0079
11.01          -0.0078
11.04          -0.0077
11.07          -0.0077
11.10          -0.0076
11.13          -0.0075
11.16          -0.0075
11.19          -0.0074
11.22          -0.0073
11.25          -0.0072
11.28          -0.0072
11.31          -0.0071
11.34          -0.0070
11.37          -0.0069
11.40          -0.0068
11.43          -0.0067
11.46          -0.0067
11.49          -0.0066
11.52          -0.0065
11.55          -0.0064
11.58          -0.0063
11.61          -0.0062
11.64          -0.0061
11.67          -0.0060
11.70          -0.0059
11.73          -0.0059
11.76          -0.0058
11.79          -0.0057
11.82          -0.0056
11.85          -0.0055
11.88          -0.0054
11.91          -0.0053
11.94          -0.0052
11.97          -0.0051
12.00          -0.0050
12.03          -0.0049
12.06          -0.0048
12.09          -0.0046
12.12          -0.0045
12.15          -0.0044
12.18          -0.0043
12.21          -0.0042
12.24          -0.0041
12.27          -0.0040
12.30          -0.0039
12.33          -0.0038
12.36          -0.0036
12.39          -0.0035
12.42          -0.0034
12.45          -0.0033
12.48          -0.0032
12.51          -0.0031
12.54          -0.0029
12.57          -0.0028
12.60          -0.0027
12.63          -0.0026
12.66          -0.0025
12.69          -0.0023
12.72          -0.0022
12.75          -0.0021
12.78          -0.0020
12.81          -0.0018
12.84          -0.0017
12.87          -0.0016
12.90          -0.0014
12.93          -0.0013
12.96          -0.0012
12.99          -0.0011
13.02          -0.0009
13.05          -0.0008
13.08          -0.0007
13.11          -0.0005
13.14          -0.0004
13.17          -0.0003
13.20          -0.0001
13.23           0.0000
13.26           0.0002
13.29           0.0003
13.32           0.0004
13.35           0.0006
13.38           0.0007
13.41           0.0008
13.44           0.0010
13.47           0.0011
13.50           0.0013
13.53           0.0014
13.56           0.0015
13.59           0.0017
13.62           0.0018
13.65           0.0020
13.68           0.0021
13.71           0.0023
13.74           0.0024
13.77           0.0025
13.80           0.0027
13.83           0.0028
13.86           0.0030
13.89           0.0031
13.92           0.0033
13.95           0.0034
13.98           0.0036
14.01           0.0037
14.04           0.0039
14.07           0.0040
14.10           0.0042
14.13           0.0043
14.16           0.0044
14.19           0.0046
14.22           0.0047
14.25           0.0049
14.28           0.0050
14.31           0.0052
14.34           0.0053
14.37           0.0055
14.40           0.0056
14.43           0.0058
14.46           0.0059
14.49           0.0061
14.52           0.0062
14.55           0.0064
14.58           0.0065
14.61           0.0067
14.64           0.0068
14.67           0.0070
14.70           0.0071
14.73           0.0073
14.76           0.0074
14.79           0.0075
14.82           0.0077
14.85           0.0078
14.88           0.0080
14.91           0.0081
14.94           0.0083
14.97           0.0084
15.00           0.0086
15.03           0.0087
15.06           0.0089
15.09           0.0090
15.12           0.0091
15.15           0.0093
15.18           0.0094
15.21           0.0096
15.24           0.0097
15.27           0.0099
15.30           0.0100
15.33           0.0101
15.36           0.0103
15.39           0.0104
15.42           0.0106
15.45           0.0107
15.48           0.0108
15.51           0.0110
15.54           0.0111
15.57           0.0112
15.60           0.0114
15.63           0.0115
15.66           0.0116
15.69           0.0118
15.72           0.0119
15.75           0.0120
15.78           0.0122
15.81           0.0123
15.84           0.0124
15.87           0.0126
15.90           0.0127
15.93           0.0128
15.96           0.0129
15.99           0.0131
16.02           0.0132
16.05           0.0133
16.08           0.0134
16.11           0.0136
16.14           0.0137
16.17           0.0138
16.20           0.0139
16.23           0.0140
16.26           0.0141
16.29           0.0143
16.32           0.0144
16.35           0.0145
16.38           0.0146
16.41           0.0147
16.44           0.0148
16.47           0.0149
16.50           0.0150
16.53           0.0151
16.56           0.0152
16.59           0.0153
16.62           0.0155
16.65           0.0156
16.68           0.0157
16.71           0.0158
16.74           0.0159
16.77           0.0159
16.80           0.0160
16.83           0.0161
16.86           0.0162
16.89           0.0163
16.92           0.0164
16.95           0.0165
16.98           0.0166
17.01           0.0167
17.04           0.0168
17.07           0.0168
17.10           0.0169
17.13           0.0170
17.16           0.0171
17.19           0.0172
17.22           0.0172
17.25           0.0173
17.28           0.0174
17.31           0.0175
17.34           0.0175
17.37           0.0176
17.40           0.0177
17.43           0.0177
17.46           0.0178
17.49           0.0178
17.52           0.0179
17.55           0.0180
17.58           0.0180
17.61           0.0181
17.64           0.0181
17.67           0.0182
17.70           0.0182
17.73           0.0183
17.76           0.0183
17.79           0.0184
17.82           0.0184
17.85           0.0185
17.88           0.0185
17.91           0.0185
17.94           0.0186
17.97           0.0186
18.00           0.0186
18.03           0.0187
18.06           0.0187
18.09           0.0187
18.12           0.0187
18.15           0.0188
18.18           0.0188
18.21           0.0188
18.24           0.0188
18.27           0.0188
18.30           0.0189
18.33           0.0189
18.36           0.0189
18.39           0.0189
18.42           0.0189
18.45           0.0189
18.48           0.0189
18.51           0.0189
18.54           0.0189
18.57           0.0189
18.60           0.0189
18.63           0.0189
18.66           0.0189
18.69           0.0189
18.72           0.0189
18.75           0.0188
18.78           0.0188
18.81           0.0188
18.84           0.0188
18.87           0.0188
18.90           0.0187
18.93           0.0187
18.96           0.0187
18.99           0.0187
19.02           0.0186
19.05           0.0186
19.08           0.0186
19.11           0.0185
19.14           0.0185
19.17           0.0184
19.20           0.0184
19.23           0.0183
19.26           0.0183
19.29           0.0182
19.32           0.0182
19.35           0.0181
19.38           0.0181
19.41           0.0180
19.44           0.0180
19.47           0.0179
19.50           0.0178
19.53           0.0178
19.56           0.0177
19.59           0.0176
19.62           0.0176
19.65           0.0175
19.68           0.0174
19.71           0.0173
19.74           0.0173
19.77           0.0172
19.80           0.0171
19.83           0.0170
19.86           0.0169
19.89           0.0168
19.92           0.0167
19.95           0.0166
19.98           0.0165
20.01           0.0164
20.04           0.0163
20.07           0.0162
20.10           0.0161
20.13           0.0160
20.16           0.0159
20.19           0.0158
20.22           0.0157
20.25           0.0156
20.28           0.0155
20.31           0.0154
20.34           0.0152
20.37           0.0151
20.40           0.0150
20.43           0.0149
20.46           0.0147
20.49           0.0146
20.52           0.0145
20.55           0.0144
20.58           0.0142
20.61           0.0141
20.64           0.0140
20.67           0.0138
20.70           0.0137
20.73           0.0135
20.76           0.0134
20.79           0.0132
20.82           0.0131
20.85           0.0129
20.88           0.0128
20.91           0.0126
20.94           0.0125
20.97           0.0123
21.00           0.0122
21.03           0.0120
21.06           0.0119
21.09           0.0117
21.12           0.0115
21.15           0.0114
21.18           0.0112
21.21           0.0110
21.24           0.0109
21.27           0.0107
21.30           0.0105
21.33           0.0103
21.36           0.0102
21.39           0.0100
21.42           0.0098
21.45           0.0096
21.48           0.0094
21.51           0.0093
21.54           0.0091
21.57           0.0089
21.60           0.0087
21.63           0.0085
21.66           0.0083
21.69           0.0081
21.72           0.0079
21.75           0.0077
21.78           0.0075
21.81           0.0073
21.84           0.0071
21.87           0.0069
21.90           0.0067
21.93           0.0065
21.96           0.0063
21.99           0.0061
22.02           0.0059
22.05           0.0057
22.08           0.0055
22.11           0.0053
22.14           0.0051
22.17           0.0049
22.20           0.0047
22.23           0.0045
22.26           0.0042
22.29           0.0040
22.32           0.0038
22.35           0.0036
22.38           0.0034
22.41           0.0032
22.44           0.0029
22.47           0.0027
22.50           0.0025
22.53           0.0023
22.56           0.0021
22.59           0.0018
22.62           0.0016
22.65           0.0014
22.68           0.0012
22.71           0.0009
22.74           0.0007
22.77           0.0005
22.80           0.0003
22.83           0.0000
22.86          -0.0002
22.89          -0.0004
22.92          -0.0007
22.95          -0.0009
22.98          -0.0011
23.01          -0.0014
23.04          -0.0016
23.07          -0.0018
23.10          -0.0020
23.13          -0.0023
23.16          -0.0025
23.19          -0.0027
23.22          -0.0030
23.25          -0.0032
23.28          -0.0034
23.31          -0.0037
23.34          -0.0039
23.37          -0.0041
23.40          -0.0044
23.43          -0.0046
23.46          -0.0049
23.49          -0.0051
23.52          -0.0053
23.55          -0.0056
23.58          -0.0058
23.61          -0.0060
23.64          -0.0063
23.67          -0.0065
23.70          -0.0067
23.73          -0.0070
23.76          -0.0072
23.79          -0.0074
23.82          -0.0077
23.85          -0.0079
23.88          -0.0081
23.91          -0.0084
23.94          -0.0086
23.97          -0.0088
24.00          -0.0091
24.03          -0.0093
24.06          -0.0095
24.09          -0.0097
24.12          -0.0100
24.15          -0.0102
24.18          -0.0104
24.21          -0.0107
24.24          -0.0109
24.27          -0.0111
24.30          -0.0113
24.33          -0.0116
24.36          -0.0118
24.39          -0.0120
24.42          -0.0122
24.45          -0.0125
24.48          -0.0127
24.51          -0.0129
24.54          -0.0131
24.57          -0.0133
24.60          -0.0136
24.63          -0.0138
24.66          -0.0140
24.69          -0.0142
24.72          -0.0144
24.75          -0.0146
24.78          -0.0149
24.81          -0.0151
24.84          -0.0153
24.87          -0.0155
24.90          -0.0157
24.93          -0.0159
24.96          -0.0161
24.99          -0.0163
25.02          -0.0165
25.05          -0.0167
25.08          -0.0169
25.11          -0.0171
25.14          -0.0173
25.17          -0.0175
25.20          -0.0177
25.23          -0.0179
25.26          -0.0181
25.29          -0.0183
25.32          -0.0185
25.35          -0.0187
25.38          -0.0189
25.41          -0.0190
25.44          -0.0192
25.47          -0.0194
25.50          -0.0196
25.53          -0.0198
25.56          -0.0200
25.59          -0.0201
25.62          -0.0203
25.65          -0.0205
25.68          -0.0206
25.71          -0.0208
25.74          -0.0210
25.77          -0.0211
25.80          -0.0213
25.83          -0.0215
25.86          -0.0216
25.89          -0.0218
25.92          -0.0219
25.95          -0.0221
25.98          -0.0223
26.01          -0.0224
26.04          -0.0226
26.07          -0.0227
26.10          -0.0228
26.13          -0.0230
26.16          -0.0231
26.19          -0.0233
26.22          -0.0234
26.25          -0.0235
26.28          -0.0237
26.31          -0.0238
26.34          -0.0239
26.37          -0.0241
26.40          -0.0242
26.43          -0.0243
26.46          -0.0244
26.49          -0.0245
26.52          -0.0246
26.55          -0.0248
26.58          -0.0249
26.61          -0.0250
26.64          -0.0251
26.67          -0.0252
26.70          -0.0253
26.73          -0.0254
26.76          -0.0255
26.79          -0.0256
26.82          -0.0257
26.85          -0.0258
26.88          -0.0258
26.91          -0.0259
26.94          -0.0260
26.97          -0.0261
27.00          -0.0262
27.03          -0.0262
27.06          -0.0263
27.09          -0.0264
27.12          -0.0264
27.15          -0.0265
27.18          -0.0266
27.21          -0.0266
27.24          -0.0267
27.27          -0.0267
27.30          -0.0268
27.33          -0.0268
27.36          -0.0269
27.39          -0.0269
27.42          -0.0270
27.45          -0.0270
27.48          -0.0270
27.51          -0.0271
27.54          -0.0271
27.57          -0.0271
27.60          -0.0271
27.63          -0.0272
27.66          -0.0272
27.69          -0.0272
27.72          -0.0272
27.75          -0.0272
27.78          -0.0272
27.81          -0.0272
27.84          -0.0272
27.87          -0.0272
27.90          -0.0272
27.93          -0.0272
27.96          -0.0272
27.99          -0.0272
28.02          -0.0272
28.05          -0.0272
28.08          -0.0271
28.11          -0.0271
28.14          -0.0271
28.17          -0.0271
28.20          -0.0270
28.23          -0.0270
28.26          -0.0270
28.29          -0.0269
28.32          -0.0269
28.35          -0.0268
28.38          -0.0268
28.41          -0.0267
28.44          -0.0267
28.47          -0.0266
28.50          -0.0266
28.53          -0.0265
28.56          -0.0264
28.59          -0.0264
28.62          -0.0263
28.65          -0.0262
28.68          -0.0261
28.71          -0.0261
28.74          -0.0260
28.77          -0.0259
28.80          -0.0258
28.83          -0.0257
28.86          -0.0256
28.89          -0.0255
28.92          -0.0254
28.95          -0.0253
28.98          -0.0252
29.01          -0.0251
29.04          -0.0250
29.07          -0.0249
29.10          -0.0248
29.13          -0.0246
29.16          -0.0245
29.19          -0.0244
29.22          -0.0243
29.25          -0.0241
29.28          -0.0240
29.31          -0.0239
29.34          -0.0237
29.37          -0.0236
29.40          -0.0235
29.43          -0.0233
29.46          -0.0232
29.49          -0.0230
29.52          -0.0229
29.55          -0.0227
29.58          -0.0226
29.61          -0.0224
29.64          -0.0222
29.67          -0.0221
29.70          -0.0219
29.73          -0.0217
29.76          -0.0215
29.79          -0.0214
29.82          -0.0212
29.85          -0.0210
29.88          -0.0208
29.91          -0.0206
29.94          -0.0205
29.97          -0.0203
30.00          -0.0201
30.03          -0.0199
30.06          -0.0197
30.09          -0.0195
30.12          -0.0193
30.15          -0.0191
30.18          -0.0189
30.21          -0.0187
30.24          -0.0184
30.27          -0.0182
30.30          -0.0180
30.33          -0.0178
30.36          -0.0176
30.39          -0.0173
30.42          -0.0171
30.45          -0.0169
30.48          -0.0167
30.51          -0.0164
30.54          -0.0162
30.57          -0.0160
30.60          -0.0157
30.63          -0.0155
30.66          -0.0152
30.69          -0.0150
30.72          -0.0148
30.75          -0.0145
30.78          -0.0143
30.81          -0.0140
30.84          -0.0138
30.87          -0.0135
30.90          -0.0132
30.93          -0.0130
30.96          -0.0127
30.99          -0.0125
31.02          -0.0122
31.05          -0.0119
31.08          -0.0117
31.11          -0.0114
31.14          -0.0111
31.17          -0.0109
31.20          -0.0106
31.23          -0.0103
31.26          -0.0100
31.29          -0.0098
31.32          -0.0095
31.35          -0.0092
31.38          -0.0089
31.41          -0.0086
31.44          -0.0084
31.47          -0.0081
31.50          -0.0078
31.53          -0.0075
31.56          -0.0072
31.59          -0.0069
31.62          -0.0066
31.65          -0.0063
31.68          -0.0060
31.71          -0.0057
31.74          -0.0054
31.77          -0.0051
31.80          -0.0048
31.83          -0.0045
31.86          -0.0042
31.89          -0.0039
31.92          -0.0036
31.95          -0.0033
31.98          -0.0030
32.01          -0.0027
32.04          -0.0024
32.07          -0.0021
32.10          -0.0018
32.13          -0.0015
32.16          -0.0012
32.19          -0.0009
32.22          -0.0006
32.25          -0.0003
32.28           0.0000
32.31           0.0003
32.34           0.0007
32.37           0.0010
32.40           0.0013
32.43           0.0016
32.46           0.0019
32.49           0.0022
32.52           0.0025
32.55           0.0028
32.58           0.0032
32.61           0.0035
32.64           0.0038
32.67           0.0041
32.70           0.0044
32.73           0.0047
32.76           0.0050
32.79           0.0054
32.82           0.0057
32.85           0.0060
32.88           0.0063
32.91           0.0066
32.94           0.0069
32.97           0.0072
33.00           0.0076
33.03           0.0079
33.06           0.0082
33.09           0.0085
33.12           0.0088
33.15           0.0091
33.18           0.0094
33.21           0.0097
33.24           0.0100
33.27           0.0104
33.30           0.0107
33.33           0.0110
33.36           0.0113
33.39           0.0116
33.42           0.0119
33.45           0.0122
33.48           0.0125
33.51           0.0128
33.54           0.0131
33.57           0.0134
33.60           0.0137
33.63           0.0140
33.66           0.0143
33.69           0.0146
33.72           0.0149
33.75           0.0152
33.78           0.0155
33.81           0.0158
33.84           0.0161
33.87           0.0164
33.90           0.0167
33.93           0.0169
33.96           0.0172
33.99           0.0175
34.02           0.0178
34.05           0.0181
34.08           0.0184
34.11           0.0186
34.14           0.0189
34.17           0.0192
34.20           0.0195
34.23           0.0198
34.26           0.0200
34.29           0.0203
34.32           0.0206
34.35           0.0208
34.38           0.0211
34.41           0.0214
34.44           0.0216
34.47           0.0219
34.50           0.0221
34.53           0.0224
34.56           0.0227
34.59           0.0229
34.62           0.0232
34.65           0.0234
34.68           0.0237
34.71           0.0239
34.74           0.0241
34.77           0.0244
34.80           0.0246
34.83           0.0249
34.86           0.0251
34.89           0.0253
34.92           0.0255
34.95           0.0258
34.98           0.0260
35.01           0.0262
35.04           0.0264
35.07           0.0267
35.10           0.0269
35.13           0.0271
35.16           0.0273
35.19           0.0275
35.22           0.0277
35.25           0.0279
35.28           0.0281
35.31           0.0283
35.34           0.0285
35.37           0.0287
35.40           0.0289
35.43           0.0291
35.46           0.0293
35.49           0.0294
35.52           0.0296
35.55           0.0298
35.58           0.0300
35.61           0.0301
35.64           0.0303
35.67           0.0305
35.70           0.0306
35.73           0.0308
35.76           0.0309
35.79           0.0311
35.82           0.0312
35.85           0.0314
35.88           0.0315
35.91           0.0317
35.94           0.0318
35.97           0.0319
36.00           0.0321
36.03           0.0322
36.06           0.0323
36.09           0.0324
36.12           0.0326
36.15           0.0327
36.18           0.0328
36.21           0.0329
36.24           0.0330
36.27           0.0331
36.30           0.0332
36.33           0.0333
36.36           0.0334
36.39           0.0335
36.42           0.0336
36.45           0.0337
36.48           0.0337
36.51           0.0338
36.54           0.0339
36.57           0.0340
36.60           0.0340
36.63           0.0341
36.66           0.0341
36.69           0.0342
36.72           0.0343
36.75           0.0343
36.78           0.0343
36.81           0.0344
36.84           0.0344
36.87           0.0345
36.90           0.0345
36.93           0.0345
36.96           0.0345
36.99           0.0346
37.02           0.0346
37.05           0.0346
37.08           0.0346
37.11           0.0346
37.14           0.0346
37.17           0.0346
37.20           0.0346
37.23           0.0346
37.26           0.0346
37.29           0.0346
37.32           0.0346
37.35           0.0345
37.38           0.0345
37.41           0.0345
37.44           0.0345
37.47           0.0344
37.50           0.0344
37.53           0.0343
37.56           0.0343
37.59           0.0342
37.62           0.0342
37.65           0.0341
37.68           0.0341
37.71           0.0340
37.74           0.0339
37.77           0.0339
37.80           0.0338
37.83           0.0337
37.86           0.0336
37.89           0.0336
37.92           0.0335
37.95           0.0334
37.98           0.0333
38.01           0.0332
38.04           0.0331
38.07           0.0330
38.10           0.0329
38.13           0.0327
38.16           0.0326
38.19           0.0325
38.22           0.0324
38.25           0.0322
38.28           0.0321
38.31           0.0320
38.34           0.0318
38.37           0.0317
38.40           0.0316
38.43           0.0314
38.46           0.0313
38.49           0.0311
38.52           0.0309
38.55           0.0308
38.58           0.0306
38.61           0.0304
38.64           0.0303
38.67           0.0301
38.70           0.0299
38.73           0.0297
38.76           0.0296
38.79           0.0294
38.82           0.0292
38.85           0.0290
38.88           0.0288
38.91           0.0286
38.94           0.0284
38.97           0.0282
39.00           0.0280
39.03           0.0277
39.06           0.0275
39.09           0.0273
39.12           0.0271
39.15           0.0269
39.18           0.0266
39.21           0.0264
39.24           0.0262
39.27           0.0259
39.30           0.0257
39.33           0.0254
39.36           0.0252
39.39           0.0249
39.42           0.0247
39.45           0.0244
39.48           0.0242
39.51           0.0239
39.54           0.0236
39.57           0.0234
39.60           0.0231
39.63           0.0228
39.66           0.0226
39.69           0.0223
39.72           0.0220
39.75           0.0217
39.78           0.0214
39.81           0.0211
39.84           0.0209
39.87           0.0206
39.90           0.0203
39.93           0.0200
39.96           0.0197
39.99           0.0194
40.02           0.0191
40.05           0.0188
40.08           0.0184
40.11           0.0181
40.14           0.0178
40.17           0.0175
40.20           0.0172
40.23           0.0169
40.26           0.0165
40.29           0.0162
40.32           0.0159
40.35           0.0156
40.38           0.0152
40.41           0.0149
40.44           0.0146
40.47           0.0142
40.50           0.0139
40.53           0.0135
40.56           0.0132
40.59           0.0129
40.62           0.0125
40.65           0.0122
40.68           0.0118
40.71           0.0115
40.74           0.0111
40.77           0.0108
40.80           0.0104
40.83           0.0101
40.86           0.0097
40.89           0.0093
40.92           0.0090
40.95           0.0086
40.98           0.0083
41.01           0.0079
41.04           0.0075
41.07           0.0072
41.10           0.0068
41.13           0.0064
41.16           0.0060
41.19           0.0057
41.22           0.0053
41.25           0.0049
41.28           0.0046
41.31           0.0042
41.34           0.0038
41.37           0.0034
41.40           0.0031
41.43           0.0027
41.46           0.0023
41.49           0.0019
41.52           0.0015
41.55           0.0012
41.58           0.0008
41.61           0.0004
41.64           0.0000
41.67          -0.0004
41.70          -0.0008
41.73          -0.0011
41.76          -0.0015
41.79          -0.0019
41.82          -0.0023
41.85          -0.0027
41.88          -0.0031
41.91          -0.0034
41.94          -0.0038
41.97          -0.0042
42.00          -0.0046
42.03          -0.0050
42.06          -0.0054
42.09          -0.0058
42.12          -0.0061
42.15          -0.0065
42.18          -0.0069
42.21          -0.0073
42.24          -0.0077
42.27          -0.0081
42.30          -0.0084
42.33          -0.0088
42.36          -0.0092
42.39          -0.0096
42.42          -0.0100
42.45          -0.0104
42.48          -0.0107
42.51          -0.0111
42.54          -0.0115
42.57          -0.0119
42.60          -0.0122
42.63          -0.0126
42.66          -0.0130
42.69          -0.0134
42.72          -0.0137
42.75          -0.0141
42.78          -0.0145
42.81          -0.0149
42.84          -0.0152
42.87          -0.0156
42.90          -0.0160
42.93          -0.0163
42.96          -0.0167
42.99          -0.0171
43.02          -0.0174
43.05          -0.0178
43.08          -0.0181
43.11          -0.0185
43.14          -0.0188
43.17          -0.0192
43.20          -0.0196
43.23          -0.0199
43.26          -0.0203
43.29          -0.0206
43.32          -0.0209
43.35          -0.0213
43.38          -0.0216
43.41          -0.0220
43.44          -0.0223
43.47          -0.0226
43.50          -0.0230
43.53          -0.0233
43.56          -0.0236
43.59          -0.0240
43.62          -0.0243
43.65          -0.0246
43.68          -0.0249
43.71          -0.0253
43.74          -0.0256
43.77          -0.0259
43.80          -0.0262
43.83          -0.0265
43.86          -0.0268
43.89          -0.0271
43.92          -0.0274
43.95          -0.0277
43.98          -0.0280
44.01          -0.0283
44.04          -0.0286
44.07          -0.0289
44.10          -0.0292
44.13          -0.0295
44.16          -0.0298
44.19          -0.0301
44.22          -0.0303
44.25          -0.0306
44.28          -0.0309
44.31          -0.0311
44.34          -0.0314
44.37          -0.0317
44.40          -0.0319
44.43          -0.0322
44.46          -0.0324
44.49          -0.0327
44.52          -0.0329
44.55          -0.0332
44.58          -0.0334
44.61          -0.0337
44.64          -0.0339
44.67          -0.0341
44.70          -0.0344
44.73          -0.0346
44.76          -0.0348
44.79          -0.0350
44.82          -0.0352
44.85          -0.0355
44.88          -0.0357
44.91          -0.0359
44.94          -0.0361
44.97          -0.0363
45.00          -0.0365
45.03          -0.0367
45.06          -0.0368
45.09          -0.0370
45.12          -0.0372
45.15          -0.0374
45.18          -0.0376
45.21          -0.0377
45.24          -0.0379
45.27          -0.0381
45.30          -0.0382
45.33          -0.0384
45.36          -0.0385
45.39          -0.0387
45.42          -0.0388
45.45          -0.0389
45.48          -0.0391
45.51          -0.0392
45.54          -0.0393
45.57          -0.0395
45.60          -0.0396
45.63          -0.0397
45.66          -0.0398
45.69          -0.0399
45.72          -0.0400
45.75          -0.0401
45.78          -0.0402
45.81          -0.0403
45.84          -0.0404
45.87          -0.0405
45.90          -0.0406
45.93          -0.0406
45.96          -0.0407
45.99          -0.0408
46.02          -0.0408
46.05          -0.0409
46.08          -0.0410
46.11          -0.0410
46.14          -0.0410
46.17          -0.0411
46.20          -0.0411
46.23          -0.0412
46.26          -0.0412
46.29          -0.0412
46.32          -0.0412
46.35          -0.0413
46.38          -0.0413
46.41          -0.0413
46.44          -0.0413
46.47          -0.0413
46.50          -0.0413
46.53          -0.0413
46.56          -0.0413
46.59          -0.0412
46.62          -0.0412
46.65          -0.0412
46.68          -0.0412
46.71          -0.0411
46.74          -0.0411
46.77          -0.0411
46.80          -0.0410
46.83          -0.0410
46.86          -0.0409
46.89          -0.0409
46.92          -0.0408
46.95          -0.0407
46.98          -0.0406
47.01          -0.0406
47.04          -0.0405
47.07          -0.0404
47.10          -0.0403
47.13          -0.0402
47.16          -0.0401
47.19          -0.0400
47.22          -0.0399
47.25          -0.0398
47.28          -0.0397
47.31          -0.0396
47.34          -0.0395
47.37          -0.0393
47.40          -0.0392
47.43          -0.0391
47.46          -0.0389
47.49          -0.0388
47.52          -0.0386
47.55          -0.0385
47.58          -0.0383
47.61          -0.0382
47.64          -0.0380
47.67          -0.0378
47.70          -0.0377
47.73          -0.0375
47.76          -0.0373
47.79          -0.0371
47.82          -0.0370
47.85          -0.0368
47.88          -0.0366
47.91          -0.0364
47.94          -0.0362
47.97          -0.0360
48.00          -0.0357
48.03          -0.0355
48.06          -0.0353
48.09          -0.0351
48.12          -0.0349
48.15          -0.0346
48.18          -0.0344
48.21          -0.0342
48.24          -0.0339
48.27          -0.0337
48.30          -0.0334
48.33          -0.0332
48.36          -0.0329
48.39          -0.0327
48.42          -0.0324
48.45          -0.0321
48.48          -0.0319
48.51          -0.0316
48.54          -0.0313
48.57          -0.0310
48.60          -0.0307
48.63          -0.0305
48.66          -0.0302
48.69          -0.0299
48.72          -0.0296
48.75          -0.0293
48.78          -0.0290
48.81          -0.0287
48.84          -0.0284
48.87          -0.0280
48.90          -0.0277
48.93          -0.0274
48.96          -0.0271
48.99          -0.0268
49.02          -0.0264
49.05          -0.0261
49.08          -0.0258
49.11          -0.0254
49.14          -0.0251
49.17          -0.0247
49.20          -0.0244
49.23          -0.0240
49.26          -0.0237
49.29          -0.0233
49.32          -0.0230
49.35          -0.0226
49.38          -0.0223
49.41          -0.0219
49.44          -0.0215
49.47          -0.0211
49.50          -0.0208
49.53          -0.0204
49.56          -0.0200
49.59          -0.0196
49.62          -0.0193
49.65          -0.0189
49.68          -0.0185
49.71          -0.0181
49.74          -0.0177
49.77          -0.0173
49.80          -0.0169
49.83          -0.0165
49.86          -0.0161
49.89          -0.0157
49.92          -0.0153
49.95          -0.0149
49.98          -0.0145
50.01          -0.0141
50.04          -0.0137
50.07          -0.0133
50.10          -0.0128
50.13          -0.0124
50.16          -0.0120
50.19          -0.0116
50.22          -0.0112
50.25          -0.0107
50.28          -0.0103
50.31          -0.0099
50.34          -0.0095
50.37          -0.0090
50.40          -0.0086
50.43          -0.0082
50.46          -0.0077
50.49          -0.0073
50.52          -0.0069
50.55          -0.0064
50.58          -0.0060
50.61          -0.0056
50.64          -0.0051
50.67          -0.0047
50.70          -0.0043
50.73          -0.0038
50.76          -0.0034
50.79          -0.0029
50.82          -0.0025
50.85          -0.0020
50.88          -0.0016
50.91          -0.0011
50.94          -0.0007
50.97          -0.0003
51.00           0.0002
51.03           0.0006
51.06           0.0011
51.09           0.0015
51.12           0.0020
51.15           0.0024
51.18           0.0029
51.21           0.0033
51.24           0.0038
51.27           0.0042
51.30           0.0047
51.33           0.0051
51.36           0.0056
51.39           0.0060
51.42           0.0065
51.45           0.0069
51.48           0.0073
51.51           0.0078
51.54           0.0082
51.57           0.0087
51.60           0.0091
51.63           0.0096
51.66           0.0100
51.69           0.0105
51.72           0.0109
51.75           0.0113
51.78           0.0118
51.81           0.0122
51.84           0.0127
51.87           0.0131
51.90           0.0135
51.93           0.0140
51.96           0.0144
51.99           0.0148
52.02           0.0153
52.05           0.0157
52.08           0.0161
52.11           0.0166
52.14           0.0170
52.17           0.0174
52.20           0.0178
52.23           0.0183
52.26           0.0187
52.29           0.0191
52.32           0.0195
52.35           0.0199
52.38           0.0204
52.41           0.0208
52.44           0.0212
52.47           0.0216
52.50           0.0220
52.53           0.0224
52.56           0.0228
52.59           0.0232
52.62           0.0236
52.65           0.0240
52.68           0.0244
52.71           0.0248
52.74           0.0252
52.77           0.0256
52.80           0.0260
52.83           0.0263
52.86           0.0267
52.89           0.0271
52.92           0.0275
52.95           0.0279
52.98           0.0282
53.01           0.0286
53.04           0.0290
53.07           0.0293
53.10           0.0297
53.13           0.0300
53.16           0.0304
53.19           0.0308
53.22           0.0311
53.25           0.0314
53.28           0.0318
53.31           0.0321
53.34           0.0325
53.37           0.0328
53.40           0.0331
53.43           0.0335
53.46           0.0338
53.49           0.0341
53.52           0.0344
53.55           0.0347
53.58           0.0351
53.61           0.0354
53.64           0.0357
53.67           0.0360
53.70           0.0363
53.73           0.0366
53.76           0.0369
53.79           0.0371
53.82           0.0374
53.85           0.0377
53.88           0.0380
53.91           0.0383
53.94           0.0385
53.97           0.0388
54.00           0.0391
54.03           0.0393
54.06           0.0396
54.09           0.0398
54.12           0.0401
54.15           0.0403
54.18           0.0405
54.21           0.0408
54.24           0.0410
54.27           0.0412
54.30           0.0415
54.33           0.0417
54.36           0.0419
54.39           0.0421
54.42           0.0423
54.45           0.0425
54.48           0.0427
54.51           0.0429
54.54           0.0431
54.57           0.0433
54.60           0.0435
54.63           0.0436
54.66           0.0438
54.69           0.0440
54.72           0.0441
54.75           0.0443
54.78           0.0444
54.81           0.0446
54.84           0.0447
54.87           0.0449
54.90           0.0450
54.93           0.0451
54.96           0.0453
54.99           0.0454
55.02           0.0455
55.05           0.0456
55.08           0.0457
55.11           0.0458
55.14           0.0459
55.17           0.0460
55.20           0.0461
55.23           0.0462
55.26           0.0463
55.29           0.0464
55.32           0.0464
55.35           0.0465
55.38           0.0466
55.41           0.0466
55.44           0.0467
55.47           0.0467
55.50           0.0468
55.53           0.0468
55.56           0.0468
55.59           0.0469
55.62           0.0469
55.65           0.0469
55.68           0.0469
55.71           0.0469
55.74           0.0469
55.77           0.0469
55.80           0.0469
55.83           0.0469
55.86           0.0469
55.89           0.0469
55.92           0.0468
55.95           0.0468
55.98           0.0468
56.01           0.0467
56.04           0.0467
56.07           0.0466
56.10           0.0466
56.13           0.0465
56.16           0.0465
56.19           0.0464
56.22           0.0463
56.25           0.0462
56.28           0.0462
56.31           0.0461
56.34           0.0460
56.37           0.0459
56.40           0.0458
56.43           0.0457
56.46           0.0456
56.49           0.0454
56.52           0.0453
56.55           0.0452
56.58           0.0451
56.61           0.0449
56.64           0.0448
56.67           0.0446
56.70           0.0445
56.73           0.0443
56.76           0.0442
56.79           0.0440
56.82           0.0439
56.85           0.0437
56.88           0.0435
56.91           0.0433
56.94           0.0431
56.97           0.0429
57.00           0.0427
57.03           0.0425
57.06           0.0423
57.09           0.0421
57.12           0.0419
57.15           0.0417
57.18           0.0415
57.21           0.0412
57.24           0.0410
57.27           0.0408
57.30           0.0405
57.33           0.0403
57.36           0.0400
57.39           0.0398
57.42           0.0395
57.45           0.0393
57.48           0.0390
57.51           0.0387
57.54           0.0385
57.57           0.0382
57.60           0.0379
57.63           0.0376
57.66           0.0373
57.69           0.0370
57.72           0.0367
57.75           0.0364
57.78           0.0361
57.81           0.0358
57.84           0.0355
57.87           0.0352
57.90           0.0348
57.93           0.0345
57.96           0.0342
57.99           0.0339
58.02           0.0335
58.05           0.0332
58.08           0.0328
58.11           0.0325
58.14           0.0321
58.17           0.0318
58.20           0.0314
58.23           0.0311
58.26           0.0307
58.29           0.0303
58.32           0.0299
58.35           0.0296
58.38           0.0292
58.41           0.0288
58.44           0.0284
58.47           0.0280
58.50           0.0276
58.53           0.0272
58.56           0.0268
58.59           0.0264
58.62           0.0260
58.65           0.0256
58.68           0.0252
58.71           0.0248
58.74           0.0244
58.77           0.0240
58.80           0.0236
58.83           0.0231
58.86           0.0227
58.89           0.0223
58.92           0.0218
58.95           0.0214
58.98           0.0210
59.01           0.0205
59.04           0.0201
59.07           0.0196
59.10           0.0192
59.13           0.0187
59.16           0.0183
59.19           0.0178
59.22           0.0174
59.25           0.0169
59.28           0.0165
59.31           0.0160
59.34           0.0155
59.37           0.0151
59.40           0.0146
59.43           0.0141
59.46           0.0137
59.49           0.0132
59.52           0.0127
59.55           0.0123
59.58           0.0118
59.61           0.0113
59.64           0.0108
59.67           0.0103
59.70           0.0099
59.73           0.0094
59.76           0.0089
59.79           0.0084
59.82           0.0079
59.85           0.0074
59.88           0.0069
59.91           0.0064
59.94           0.0059
59.97           0.0055
60.00           0.0050
60.03           0.0045
60.06           0.0040
60.09           0.0035
60.12           0.0030
60.15           0.0025
60.18           0.0020
60.21           0.0015
60.24           0.0010
60.27           0.0005
60.30          -0.0000
60.33          -0.0005
60.36          -0.0010
60.39          -0.0015
60.42          -0.0020
60.45          -0.0025
60.48          -0.0030
60.51          -0.0035
60.54          -0.0040
60.57          -0.0045
60.60          -0.0050
60.63          -0.0055
60.66          -0.0060
60.69          -0.0065
60.72          -0.0070
60.75          -0.0075
60.78          -0.0080
60.81          -0.0085
60.84          -0.0090
60.87          -0.0095
60.90          -0.0100
60.93          -0.0105
60.96          -0.0110
60.99          -0.0115
61.02          -0.0120
61.05          -0.0125
61.08          -0.0130
61.11          -0.0135
61.14          -0.0140
61.17          -0.0144
61.20          -0.0149
61.23          -0.0154
61.26          -0.0159
61.29          -0.0164
61.32          -0.0169
61.35          -0.0173
61.38          -0.0178
61.41          -0.0183
61.44          -0.0188
61.47          -0.0193
61.50          -0.0197
61.53          -0.0202
61.56          -0.0207
61.59          -0.0211
61.62          -0.0216
61.65          -0.0221
61.68          -0.0225
61.71          -0.0230
61.74          -0.0234
61.77          -0.0239
61.80          -0.0243
61.83          -0.0248
61.86          -0.0252
61.89          -0.0257
61.92          -0.0261
61.95          -0.0266
61.98          -0.0270
62.01          -0.0275
62.04          -0.0279
62.07          -0.0283
62.10          -0.0287
62.13          -0.0292
62.16          -0.0296
62.19          -0.0300
62.22          -0.0304
62.25          -0.0308
62.28          -0.0313
62.31          -0.0317
62.34          -0.0321
62.37          -0.0325
62.40          -0.0329
62.43          -0.0333
62.46          -0.0337
62.49          -0.0341
62.52          -0.0344
62.55          -0.0348
62.58          -0.0352
62.61          -0.0356
62.64          -0.0360
62.67          -0.0363
62.70          -0.0367
62.73          -0.0371
62.76          -0.0374
62.79          -0.0378
62.82          -0.0381
62.85          -0.0385
62.88          -0.0388
62.91          -0.0392
62.94          -0.0395
62.97          -0.0398
63.00          -0.0402
63.03          -0.0405
63.06          -0.0408
63.09          -0.0411
63.12          -0.0414
63.15          -0.0417
63.18          -0.0421
63.21          -0.0424
63.24          -0.0426
63.27          -0.0429
63.30          -0.0432
63.33          -0.0435
63.36          -0.0438
63.39          -0.0441
63.42          -0.0443
63.45          -0.0446
63.48          -0.0449
63.51          -0.0451
63.54          -0.0454
63.57          -0.0456
63.60          -0.0459
63.63          -0.0461
63.66          -0.0463
63.69          -0.0466
63.72          -0.0468
63.75          -0.0470
63.78          -0.0472
63.81          -0.0475
63.84          -0.0477
63.87          -0.0479
63.90          -0.0481
63.93          -0.0482
63.96          -0.0484
63.99          -0.0486
64.02          -0.0488
64.05          -0.0490
64.08          -0.0491
64.11          -0.0493
64.14          -0.0495
64.17          -0.0496
64.20          -0.0498
64.23          -0.0499
64.26          -0.0500
64.29          -0.0502
64.32          -0.0503
64.35          -0.0504
64.38          -0.0505
64.41          -0.0507
64.44          -0.0508
64.47          -0.0509
64.50          -0.0510
64.53          -0.0510
64.56          -0.0511
64.59          -0.0512
64.62          -0.0513
64.65          -0.0514
64.68          -0.0514
64.71          -0.0515
64.74          -0.0515
64.77          -0.0516
64.80          -0.0516
64.83          -0.0517
64.86          -0.0517
64.89          -0.0517
64.92          -0.0518
64.95          -0.0518
64.98          -0.0518
65.01          -0.0518
65.04          -0.0518
65.07          -0.0518
65.10          -0.0518
65.13          -0.0518
65.16          -0.0518
65.19          -0.0517
65.22          -0.0517
65.25          -0.0517
65.28          -0.0516
65.31          -0.0516
65.34          -0.0515
65.37          -0.0515
65.40          -0.0514
65.43          -0.0513
65.46          -0.0513
65.49          -0.0512
65.52          -0.0511
65.55          -0.0510
65.58          -0.0509
65.61          -0.0508
65.64          -0.0507
65.67          -0.0506
65.70          -0.0505
65.73          -0.0504
65.76          -0.0502
65.79          -0.0501
65.82          -0.0500
65.85          -0.0498
65.88          -0.0497
65.91          -0.0495
65.94          -0.0494
65.97          -0.0492
66.00          -0.0490
66.03          -0.0489
66.06          -0.0487
66.09          -0.0485
66.12          -0.0483
66.15          -0.0481
66.18          -0.0479
66.21          -0.0477
66.24          -0.0475
66.27          -0.0473
66.30          -0.0471
66.33          -0.0469
66.36          -0.0466
66.39          -0.0464
66.42          -0.0462
66.45          -0.0459
66.48          -0.0457
66.51          -0.0454
66.54          -0.0452
66.57          -0.0449
66.60          -0.0446
66.63          -0.0444
66.66          -0.0441
66.69          -0.0438
66.72          -0.0435
66.75          -0.0432
66.78          -0.0429
66.81          -0.0426
66.84          -0.0423
66.87          -0.0420
66.90          -0.0417
66.93          -0.0414
66.96          -0.0411
66.99          -0.0408
67.02          -0.0404
67.05          -0.0401
67.08          -0.0398
67.11          -0.0394
67.14          -0.0391
67.17          -0.0387
67.20          -0.0384
67.23          -0.0380
67.26          -0.0376
67.29          -0.0373
67.32          -0.0369
67.35          -0.0365
67.38          -0.0361
67.41          -0.0357
67.44          -0.0354
67.47          -0.0350
67.50          -0.0346
67.53          -0.0342
67.56          -0.0338
67.59          -0.0334
67.62          -0.0329
67.65          -0.0325
67.68          -0.0321
67.71          -0.0317
67.74          -0.0313
67.77          -0.0308
67.80          -0.0304
67.83          -0.0300
67.86          -0.0295
67.89          -0.0291
67.92          -0.0287
67.95          -0.0282
67.98          -0.0278
68.01          -0.0273
68.04          -0.0268
68.07          -0.0264
68.10          -0.0259
68.13          -0.0255
68.16          -0.0250
68.19          -0.0245
68.22          -0.0240
68.25          -0.0236
68.28          -0.0231
68.31          -0.0226
68.34          -0.0221
68.37          -0.0216
68.40          -0.0211
68.43          -0.0206
68.46          -0.0202
68.49          -0.0197
68.52          -0.0192
68.55          -0.0187
68.58          -0.0182
68.61          -0.0176
68.64          -0.0171
68.67          -0.0166
68.70          -0.0161
68.73          -0.0156
68.76          -0.0151
68.79          -0.0146
68.82          -0.0141
68.85          -0.0135
68.88          -0.0130
68.91          -0.0125
68.94          -0.0120
68.97          -0.0114
69.00          -0.0109
69.03          -0.0104
69.06          -0.0098
69.09          -0.0093
69.12          -0.0088
69.15          -0.0082
69.18          -0.0077
69.21          -0.0072
69.24          -0.0066
69.27          -0.0061
69.30          -0.0056
69.33          -0.0050
69.36          -0.0045
69.39          -0.0039
69.42          -0.0034
69.45          -0.0028
69.48          -0.0023
69.51          -0.0018
69.54          -0.0012
69.57          -0.0007
69.60          -0.0001
69.63           0.0004
69.66           0.0010
69.69           0.0015
69.72           0.0021
69.75           0.0026
69.78           0.0031
69.81           0.0037
69.84           0.0042
69.87           0.0048
69.90           0.0053
69.93           0.0059
69.96           0.0064
69.99           0.0070
70.02           0.0075
70.05           0.0081
70.08           0.0086
70.11           0.0091
70.14           0.0097
70.17           0.0102
70.20           0.0108
70.23           0.0113
70.26           0.0118
70.29           0.0124
70.32           0.0129
70.35           0.0134
70.38           0.0140
70.41           0.0145
70.44           0.0150
70.47           0.0156
70.50           0.0161
70.53           0.0166
70.56           0.0172
70.59           0.0177
70.62           0.0182
70.65           0.0187
70.68           0.0192
70.71           0.0198
70.74           0.0203
70.77           0.0208
70.80           0.0213
70.83           0.0218
70.86           0.0223
70.89           0.0228
70.92           0.0233
70.95           0.0238
70.98           0.0243
71.01           0.0248
71.04           0.0253
71.07           0.0258
71.10           0.0263
71.13           0.0268
71.16           0.0273
71.19           0.0278
71.22           0.0282
71.25           0.0287
71.28           0.0292
71.31           0.0297
71.34           0.0301
71.37           0.0306
71.40           0.0311
71.43           0.0315
71.46           0.0320
71.49           0.0324
71.52           0.0329
71.55           0.0333
71.58           0.0338
71.61           0.0342
71.64           0.0347
71.67           0.0351
71.70           0.0355
71.73           0.0360
71.76           0.0364
71.79           0.0368
71.82           0.0372
71.85           0.0376
71.88           0.0380
71.91           0.0384
71.94           0.0388
71.97           0.0392
72.00           0.0396
72.03           0.0400
72.06           0.0404
72.09           0.0408
72.12           0.0412
72.15           0.0415
72.18           0.0419
72.21           0.0423
72.24           0.0426
72.27           0.0430
72.30           0.0434
72.33           0.0437
72.36           0.0440
72.39           0.0444
72.42           0.0447
72.45           0.0451
72.48           0.0454
72.51           0.0457
72.54           0.0460
72.57           0.0463
72.60           0.0466
72.63           0.0469
72.66           0.0472
72.69           0.0475
72.72           0.0478
72.75           0.0481
72.78           0.0484
72.81           0.0487
72.84           0.0489
72.87           0.0492
72.90           0.0495
72.93           0.0497
72.96           0.0500
72.99           0.0502
73.02           0.0504
73.05           0.0507
73.08           0.0509
73.11           0.0511
73.14           0.0513
73.17           0.0516
73.20           0.0518
73.23           0.0520
73.26           0.0522
73.29           0.0524
73.32           0.0526
73.35           0.0527
73.38           0.0529
73.41           0.0531
73.44           0.0532
73.47           0.0534
73.50           0.0536
73.53           0.0537
73.56           0.0539
73.59           0.0540
73.62           0.0541
73.65           0.0543
73.68           0.0544
73.71           0.0545
73.74           0.0546
73.77           0.0547
73.80           0.0548
73.83           0.0549
73.86           0.0550
73.89           0.0551
73.92           0.0551
73.95           0.0552
73.98           0.0553
74.01           0.0553
74.04           0.0554
74.07           0.0554
74.10           0.0555
74.13           0.0555
74.16           0.0555
74.19           0.0556
74.22           0.0556
74.25           0.0556
74.28           0.0556
74.31           0.0556
74.34           0.0556
74.37           0.0556
74.40           0.0556
74.43           0.0556
74.46           0.0555
74.49           0.0555
74.52           0.0555
74.55           0.0554
74.58           0.0554
74.61           0.0553
74.64           0.0553
74.67           0.0552
74.70           0.0551
74.73           0.0550
74.76           0.0550
74.79           0.0549
74.82           0.0548
74.85           0.0547
74.88           0.0546
74.91           0.0545
74.94           0.0543
74.97           0.0542
75.00           0.0541
75.03           0.0539
75.06           0.0538
75.09           0.0537
75.12           0.0535
75.15           0.0533
75.18           0.0532
75.21           0.0530
75.24           0.0528
75.27           0.0527
75.30           0.0525
75.33           0.0523
75.36           0.0521
75.39           0.0519
75.42           0.0517
75.45           0.0515
75.48           0.0512
75.51           0.0510
75.54           0.0508
75.57           0.0506
75.60           0.0503
75.63           0.0501
75.66           0.0498
75.69           0.0496
75.72           0.0493
75.75           0.0490
75.78           0.0488
75.81           0.0485
75.84           0.0482
75.87           0.0479
75.90           0.0476
75.93           0.0473
75.96           0.0470
75.99           0.0467
76.02           0.0464
76.05           0.0461
76.08           0.0458
76.11           0.0455
76.14           0.0451
76.17           0.0448
76.20           0.0445
76.23           0.0441
76.26           0.0438
76.29           0.0434
76.32           0.0430
76.35           0.0427
76.38           0.0423
76.41           0.0419
76.44           0.0416
76.47           0.0412
76.50           0.0408
76.53           0.0404
76.56           0.0400
76.59           0.0396
76.62           0.0392
76.65           0.0388
76.68           0.0384
76.71           0.0380
76.74           0.0376
76.77           0.0371
76.80           0.0367
76.83           0.0363
76.86           0.0358
76.89           0.0354
76.92           0.0350
76.95           0.0345
76.98           0.0341
77.01           0.0336
77.04           0.0331
77.07           0.0327
77.10           0.0322
77.13           0.0318
77.16           0.0313
77.19           0.0308
77.22           0.0303
77.25           0.0298
77.28           0.0294
77.31           0.0289
77.34           0.0284
77.37           0.0279
77.40           0.0274
77.43           0.0269
77.46           0.0264
77.49           0.0259
77.52           0.0254
77.55           0.0249
77.58           0.0243
77.61           0.0238
77.64           0.0233
77.67           0.0228
77.70           0.0223
77.73           0.0217
77.76           0.0212
77.79           0.0207
77.82           0.0201
77.85           0.0196
77.88           0.0191
77.91           0.0185
77.94           0.0180
77.97           0.0174
78.00           0.0169
78.03           0.0163
78.06           0.0158
78.09           0.0152
78.12           0.0147
78.15           0.0141
78.18           0.0135
78.21           0.0130
78.24           0.0124
78.27           0.0119
78.30           0.0113
78.33           0.0107
78.36           0.0102
78.39           0.0096
78.42           0.0090
78.45           0.0085
78.48           0.0079
78.51           0.0073
78.54           0.0067
78.57           0.0062
78.60           0.0056
78.63           0.0050
78.66           0.0044
78.69           0.0039
78.72           0.0033
78.75           0.0027
78.78           0.0021
78.81           0.0015
78.84           0.0010
78.87           0.0004
78.90          -0.0002
78.93          -0.0008
78.96          -0.0014
78.99          -0.0019
79.02          -0.0025
79.05          -0.0031
79.08          -0.0037
79.11          -0.0043
79.14          -0.0048
79.17          -0.0054
79.20          -0.0060
79.23          -0.0066
79.26          -0.0072
79.29          -0.0077
79.32          -0.0083
79.35          -0.0089
79.38          -0.0095
79.41          -0.0101
79.44          -0.0106
79.47          -0.0112
79.50          -0.0118
79.53          -0.0123
79.56          -0.0129
79.59          -0.0135
79.62          -0.0141
79.65          -0.0146
79.68          -0.0152
79.71          -0.0158
79.74          -0.0163
79.77          -0.0169
79.80          -0.0174
79.83          -0.0180
79.86          -0.0186
79.89          -0.0191
79.92          -0.0197
79.95          -0.0202
79.98          -0.0208
80.01          -0.0213
80.04          -0.0219
80.07          -0.0224
80.10          -0.0229
80.13          -0.0235
80.16          -0.0240
80.19          -0.0246
80.22          -0.0251
80.25          -0.0256
80.28          -0.0261
80.31          -0.0267
80.34          -0.0272
80.37          -0.0277
80.40          -0.0282
80.43          -0.0287
80.46          -0.0293
80.49          -0.0298
80.52          -0.0303
80.55          -0.0308
80.58          -0.0313
80.61          -0.0318
80.64          -0.0323
80.67          -0.0328
80.70          -0.0332
80.73          -0.0337
80.76          -0.0342
80.79          -0.0347
80.82          -0.0352
80.85          -0.0356
80.88          -0.0361
80.91          -0.0366
80.94          -0.0370
80.97          -0.0375
81.00          -0.0379
81.03          -0.0384
81.06          -0.0388
81.09          -0.0393
81.12          -0.0397
81.15          -0.0401
81.18          -0.0406
81.21          -0.0410
81.24          -0.0414
81.27          -0.0418
81.30          -0.0422
81.33          -0.0426
81.36          -0.0431
81.39          -0.0435
81.42          -0.0438
81.45          -0.0442
81.48          -0.0446
81.51          -0.0450
81.54          -0.0454
81.57          -0.0458
81.60          -0.0461
81.63          -0.0465
81.66          -0.0469
81.69          -0.0472
81.72          -0.0476
81.75          -0.0479
81.78          -0.0482
81.81          -0.0486
81.84          -0.0489
81.87          -0.0492
81.90          -0.0496
81.93          -0.0499
81.96          -0.0502
81.99          -0.0505
82.02          -0.0508
82.05          -0.0511
82.08          -0.0514
82.11          -0.0517
82.14          -0.0519
82.17          -0.0522
82.20          -0.0525
82.23          -0.0527
82.26          -0.0530
82.29          -0.0532
82.32          -0.0535
82.35          -0.0537
82.38          -0.0540
82.41          -0.0542
82.44          -0.0544
82.47          -0.0546
82.50          -0.0549
82.53          -0.0551
82.56          -0.0553
82.59          -0.0555
82.62          -0.0557
82.65          -0.0558
82.68          -0.0560
82.71          -0.0562
82.74          -0.0564
82.77          -0.0565
82.80          -0.0567
82.83          -0.0568
82.86          -0.0570
82.89          -0.0571
82.92          -0.0573
82.95          -0.0574
82.98          -0.0575
83.01          -0.0576
83.04          -0.0577
83.07          -0.0578
83.10          -0.0579
83.13          -0.0580
83.16          -0.0581
83.19          -0.0582
83.22          -0.0583
83.25          -0.0583
83.28          -0.0584
83.31          -0.0585
83.34          -0.0585
83.37          -0.0586
83.40          -0.0586
83.43          -0.0586
83.46          -0.0586
83.49          -0.0587
83.52          -0.0587
83.55          -0.0587
83.58          -0.0587
83.61          -0.0587
83.64          -0.0587
83.67          -0.0587
83.70          -0.0586
83.73          -0.0586
83.76          -0.0586
83.79          -0.0585
83.82          -0.0585
83.85          -0.0584
83.88          -0.0584
83.91          -0.0583
83.94          -0.0582
83.97          -0.0582
84.00          -0.0581
84.03          -0.0580
84.06          -0.0579
84.09          -0.0578
84.12          -0.0577
84.15          -0.0576
84.18          -0.0575
84.21          -0.0573
84.24          -0.0572
84.27          -0.0571
84.30          -0.0569
84.33          -0.0568
84.36          -0.0566
84.39          -0.0564
84.42          -0.0563
84.45          -0.0561
84.48          -0.0559
84.51          -0.0557
84.54          -0.0556
84.57          -0.0554
84.60          -0.0552
84.63          -0.0550
84.66          -0.0547
84.69          -0.0545
84.72          -0.0543
84.75          -0.0541
84.78          -0.0538
84.81          -0.0536
84.84          -0.0533
84.87          -0.0531
84.90          -0.0528
84.93          -0.0526
84.96          -0.0523
84.99          -0.0520
85.02          -0.0517
85.05          -0.0515
85.08          -0.0512
85.11          -0.0509
85.14          -0.0506
85.17          -0.0503
85.20          -0.0499
85.23          -0.0496
85.26          -0.0493
85.29          -0.0490
85.32          -0.0486
85.35          -0.0483
85.38          -0.0480
85.41          -0.0476
85.44          -0.0473
85.47          -0.0469
85.50          -0.0465
85.53          -0.0462
85.56          -0.0458
85.59          -0.0454
85.62          -0.0450
85.65          -0.0446
85.68          -0.0442
85.71          -0.0439
85.74          -0.0434
85.77          -0.0430
85.80          -0.0426
85.83          -0.0422
85.86          -0.0418
85.89          -0.0414
85.92          -0.0409
85.95          -0.0405
85.98          -0.0401
86.01          -0.0396
86.04          -0.0392
86.07          -0.0387
86.10          -0.0383
86.13          -0.0378
86.16          -0.0374
86.19          -0.0369
86.22          -0.0364
86.25          -0.0360
86.28          -0.0355
86.31          -0.0350
86.34          -0.0345
86.37          -0.0340
86.40          -0.0335
86.43          -0.0330
86.46          -0.0325
86.49          -0.0320
86.52          -0.0315
86.55          -0.0310
86.58          -0.0305
86.61          -0.0300
86.64          -0.0295
86.67          -0.0289
86.70          -0.0284
86.73          -0.0279
86.76          -0.0273
86.79          -0.0268
86.82          -0.0263
86.85          -0.0257
86.88          -0.0252
86.91          -0.0246
86.94          -0.0241
86.97          -0.0235
87.00          -0.0230
87.03          -0.0224
87.06          -0.0219
87.09          -0.0213
87.12          -0.0207
87.15          -0.0202
87.18          -0.0196
87.21          -0.0190
87.24          -0.0185
87.27          -0.0179
87.30          -0.0173
87.33          -0.0167
87.36          -0.0162
87.39          -0.0156
87.42          -0.0150
87.45          -0.0144
87.48          -0.0138
87.51          -0.0132
87.54          -0.0126
87.57          -0.0120
87.60          -0.0114
87.63          -0.0109
87.66          -0.0103
87.69          -0.0097
87.72          -0.0091
87.75          -0.0085
87.78          -0.0079
87.81          -0.0073
87.84          -0.0067
87.87          -0.0061
87.90          -0.0054
87.93          -0.0048
87.96          -0.0042
87.99          -0.0036
88.02          -0.0030
88.05          -0.0024
88.08          -0.0018
88.11          -0.0012
88.14          -0.0006
88.17           0.0000
88.20           0.0006
88.23           0.0012
88.26           0.0018
88.29           0.0024
88.32           0.0031
88.35           0.0037
88.38           0.0043
88.41           0.0049
88.44           0.0055
88.47           0.0061
88.50           0.0067
88.53           0.0073
88.56           0.0079
88.59           0.0085
88.62           0.0091
88.65           0.0097
88.68           0.0103
88.71           0.0109
88.74           0.0115
88.77           0.0121
88.80           0.0127
88.83           0.0133
88.86           0.0139
88.89           0.0145
88.92           0.0151
88.95           0.0157
88.98           0.0163
89.01           0.0169
89.04           0.0175
89.07           0.0180
89.10           0.0186
89.13           0.0192
89.16           0.0198
89.19           0.0204
89.22           0.0209
89.25           0.0215
89.28           0.0221
89.31           0.0226
89.34           0.0232
89.37           0.0238
89.40           0.0243
89.43           0.0249
89.46           0.0255
89.49           0.0260
89.52           0.0266
89.55           0.0271
89.58           0.0277
89.61           0.0282
89.64           0.0288
89.67           0.0293
89.70           0.0298
89.73           0.0304
89.76           0.0309
89.79           0.0314
89.82           0.0319
89.85           0.0325
89.88           0.0330
89.91           0.0335
89.94           0.0340
89.97           0.0345
90.00           0.0350
90.03           0.0355
90.06           0.0360
90.09           0.0365
90.12           0.0370
90.15           0.0375
90.18           0.0380
90.21           0.0384
90.24           0.0389
90.27           0.0394
90.30           0.0398
90.33           0.0403
90.36           0.0408
90.39           0.0412
90.42           0.0417
90.45           0.0421
90.48           0.0426
90.51           0.0430
90.54           0.0434
90.57           0.0439
90.60           0.0443
90.63           0.0447
90.66           0.0451
90.69           0.0455
90.72           0.0459
90.75           0.0463
90.78           0.0467
90.81           0.0471
90.84           0.0475
90.87           0.0479
90.90           0.0483
90.93           0.0486
90.96           0.0490
90.99           0.0494
91.02           0.0497
91.05           0.0501
91.08           0.0504
91.11           0.0508
91.14           0.0511
91.17           0.0514
91.20           0.0518
91.23           0.0521
91.26           0.0524
91.29           0.0527
91.32           0.0530
91.35           0.0533
91.38           0.0536
91.41           0.0539
91.44           0.0542
91.47           0.0544
91.50           0.0547
91.53           0.0550
91.56           0.0552
91.59           0.0555
91.62           0.0557
91.65           0.0560
91.68           0.0562
91.71           0.0565
91.74           0.0567
91.77           0.0569
91.80           0.0571
91.83           0.0573
91.86           0.0575
91.89           0.0577
91.92           0.0579
91.95           0.0581
91.98           0.0583
92.01           0.0584
92.04           0.0586
92.07           0.0588
92.10           0.0589
92.13           0.0591
92.16           0.0592
92.19           0.0593
92.22           0.0595
92.25           0.0596
92.28           0.0597
92.31           0.0598
92.34           0.0599
92.37           0.0600
92.40           0.0601
92.43           0.0602
92.46           0.0603
92.49           0.0604
92.52           0.0604
92.55           0.0605
92.58           0.0605
92.61           0.0606
92.64           0.0606
92.67           0.0607
92.70           0.0607
92.73           0.0607
92.76           0.0607
92.79           0.0607
92.82           0.0608
92.85           0.0607
92.88           0.0607
92.91           0.0607
92.94           0.0607
92.97           0.0607
93.00           0.0606
93.03           0.0606
93.06           0.0606
93.09           0.0605
93.12           0.0604
93.15           0.0604
93.18           0.0603
93.21           0.0602
93.24           0.0601
93.27           0.0601
93.30           0.0600
93.33           0.0599
93.36           0.0597
93.39           0.0596
93.42           0.0595
93.45           0.0594
93.48           0.0592
93.51           0.0591
93.54           0.0590
93.57           0.0588
93.60           0.0587
93.63           0.0585
93.66           0.0583
93.69           0.0581
93.72           0.0580
93.75           0.0578
93.78           0.0576
93.81           0.0574
93.84           0.0572
93.87           0.0570
93.90           0.0567
93.93           0.0565
93.96           0.0563
93.99           0.0560
94.02           0.0558
94.05           0.0555
94.08           0.0553
94.11           0.0550
94.14           0.0548
94.17           0.0545
94.20           0.0542
94.23           0.0539
94.26           0.0536
94.29           0.0534
94.32           0.0531
94.35           0.0528
94.38           0.0524
94.41           0.0521
94.44           0.0518
94.47           0.0515
94.50           0.0511
94.53           0.0508
94.56           0.0505
94.59           0.0501
94.62           0.0498
94.65           0.0494
94.68           0.0490
94.71           0.0487
94.74           0.0483
94.77           0.0479
94.80           0.0475
94.83           0.0471
94.86           0.0467
94.89           0.0463
94.92           0.0459
94.95           0.0455
94.98           0.0451
95.01           0.0447
95.04           0.0443
95.07           0.0438
95.10           0.0434
95.13           0.0430
95.16           0.0425
95.19           0.0421
95.22           0.0416
95.25           0.0412
95.28           0.0407
95.31           0.0403
95.34           0.0398
95.37           0.0393
95.40           0.0388
95.43           0.0384
95.46           0.0379
95.49           0.0374
95.52           0.0369
95.55           0.0364
95.58           0.0359
95.61           0.0354
95.64           0.0349
95.67           0.0344
95.70           0.0339
95.73           0.0334
95.76           0.0328
95.79           0.0323
95.82           0.0318
95.85           0.0312
95.88           0.0307
95.91           0.0302
95.94           0.0296
95.97           0.0291
96.00           0.0285
96.03           0.0280
96.06           0.0274
96.09           0.0269
96.12           0.0263
96.15           0.0258
96.18           0.0252
96.21           0.0246
96.24           0.0240
96.27           0.0235
96.30           0.0229
96.33           0.0223
96.36           0.0217
96.39           0.0212
96.42           0.0206
96.45           0.0200
96.48           0.0194
96.51           0.0188
96.54           0.0182
96.57           0.0176
96.60           0.0170
96.63           0.0164
96.66           0.0158
96.69           0.0152
96.72           0.0146
96.75           0.0140
96.78           0.0134
96.81           0.0128
96.84           0.0122
96.87           0.0116
96.90           0.0109
96.93           0.0103
96.96           0.0097
96.99           0.0091
97.02           0.0085
97.05           0.0079
97.08           0.0072
97.11           0.0066
97.14           0.0060
97.17           0.0054
97.20           0.0048
97.23           0.0041
97.26           0.0035
97.29           0.0029
97.32           0.0023
97.35           0.0016
97.38           0.0010
97.41           0.0004
97.44          -0.0002
97.47          -0.0009
97.50          -0.0015
97.53          -0.0021
97.56          -0.0027
97.59          -0.0034
97.62          -0.0040
97.65          -0.0046
97.68          -0.0052
97.71          -0.0059
97.74          -0.0065
97.77          -0.0071
97.80          -0.0077
97.83          -0.0084
97.86          -0.0090
97.89          -0.0096
97.92          -0.0102
97.95          -0.0108
97.98          -0.0115
98.01          -0.0121
98.04          -0.0127
98.07          -0.0133
98.10          -0.0139
98.13          -0.0145
98.16          -0.0151
98.19          -0.0157
98.22          -0.0163
98.25          -0.0169
98.28          -0.0176
98.31          -0.0182
98.34          -0.0188
98.37          -0.0194
98.40          -0.0199
98.43          -0.0205
98.46          -0.0211
98.49          -0.0217
98.52          -0.0223
98.55          -0.0229
98.58          -0.0235
98.61          -0.0241
98.64          -0.0246
98.67          -0.0252
98.70          -0.0258
98.73          -0.0264
98.76          -0.0269
98.79          -0.0275
98.82          -0.0281
98.85          -0.0286
98.88          -0.0292
98.91          -0.0297
98.94          -0.0303
98.97          -0.0308
99.00          -0.0314
99.03          -0.0319
99.06          -0.0324
99.09          -0.0330
99.12          -0.0335
99.15          -0.0340
99.18          -0.0346
99.21          -0.0351
99.24          -0.0356
99.27          -0.0361
99.30          -0.0366
99.33          -0.0371
99.36          -0.0376
99.39          -0.0381
99.42          -0.0386
99.45          -0.0391
99.48          -0.0396
99.51          -0.0401
99.54          -0.0406
99.57          -0.0411
99.60          -0.0415
99.63          -0.0420
99.66          -0.0425
99.69          -0.0429
99.72          -0.0434
99.75          -0.0438
99.78          -0.0443
99.81          -0.0447
99.84          -0.0451
99.87          -0.0456
99.90          -0.0460
99.93          -0.0464
99.96          -0.0468
99.99          -0.0472
100.02         -0.0476
100.05         -0.0481
100.08         -0.0484
100.11         -0.0488
100.14         -0.0492
100.17         -0.0496
100.20         -0.0500
100.23         -0.0504
100.26         -0.0507
100.29         -0.0511
100.32         -0.0514
100.35         -0.0518
100.38         -0.0521
100.41         -0.0525
100.44         -0.0528
100.47         -0.0531
100.50         -0.0535
100.53         -0.0538
100.56         -0.0541
100.59         -0.0544
100.62         -0.0547
100.65         -0.0550
100.68         -0.0553
100.71         -0.0556
100.74         -0.0559
100.77         -0.0561
100.80         -0.0564
100.83         -0.0567
100.86         -0.0569
100.89         -0.0572
100.92         -0.0574
100.95         -0.0577
100.98         -0.0579
101.01         -0.0581
101.04         -0.0583
101.07         -0.0585
101.10         -0.0588
101.13         -0.0590
101.16         -0.0592
101.19         -0.0593
101.22         -0.0595
101.25         -0.0597
101.28         -0.0599
101.31         -0.0600
101.34         -0.0602
101.37         -0.0604
101.40         -0.0605
101.43         -0.0606
101.46         -0.0608
101.49         -0.0609
101.52         -0.0610
101.55         -0.0611
101.58         -0.0612
101.61         -0.0613
101.64         -0.0614
101.67         -0.0615
101.70         -0.0616
101.73         -0.0617
101.76         -0.0618
101.79         -0.0618
101.82         -0.0619
101.85         -0.0619
101.88         -0.0620
101.91         -0.0620
101.94         -0.0620
101.97         -0.0621
102.00         -0.0621
102.03         -0.0621
102.06         -0.0621
102.09         -0.0621
102.12         -0.0621
102.15         -0.0621
102.18         -0.0621
102.21         -0.0620
102.24         -0.0620
102.27         -0.0620
102.30         -0.0619
102.33         -0.0619
102.36         -0.0618
102.39         -0.0617
102.42         -0.0617
102.45         -0.0616
102.48         -0.0615
102.51         -0.0614
102.54         -0.0613
102.57         -0.0612
102.60         -0.0611
102.63         -0.0610
102.66         -0.0609
102.69         -0.0607
102.72         -0.0606
102.75         -0.0605
102.78         -0.0603
102.81         -0.0602
102.84         -0.0600
102.87         -0.0598
102.90         -0.0597
102.93         -0.0595
102.96         -0.0593
102.99         -0.0591
103.02         -0.0589
103.05         -0.0587
103.08         -0.0585
103.11         -0.0583
103.14         -0.0580
103.17         -0.0578
103.20         -0.0576
103.23         -0.0573
103.26         -0.0571
103.29         -0.0568
103.32         -0.0566
103.35         -0.0563
103.38         -0.0561
103.41         -0.0558
103.44         -0.0555
103.47         -0.0552
103.50         -0.0549
103.53         -0.0546
103.56         -0.0543
103.59         -0.0540
103.62         -0.0537
103.65         -0.0534
103.68         -0.0530
103.71         -0.0527
103.74         -0.0524
103.77         -0.0520
103.80         -0.0517
103.83         -0.0513
103.86         -0.0510
103.89         -0.0506
103.92         -0.0502
103.95         -0.0498
103.98         -0.0495
104.01         -0.0491
104.04         -0.0487
104.07         -0.0483
104.10         -0.0479
104.13         -0.0475
104.16         -0.0471
104.19         -0.0466
104.22         -0.0462
104.25         -0.0458
104.28         -0.0454
104.31         -0.0449
104.34         -0.0445
104.37         -0.0440
104.40         -0.0436
104.43         -0.0431
104.46         -0.0427
104.49         -0.0422
104.52         -0.0418
104.55         -0.0413
104.58         -0.0408
104.61         -0.0403
104.64         -0.0398
104.67         -0.0394
104.70         -0.0389
104.73         -0.0384
104.76         -0.0379
104.79         -0.0374
104.82         -0.0368
104.85         -0.0363
104.88         -0.0358
104.91         -0.0353
104.94         -0.0348
104.97         -0.0342
105.00         -0.0337
105.03         -0.0332
105.06         -0.0326
105.09         -0.0321
105.12         -0.0316
105.15         -0.0310
105.18         -0.0305
105.21         -0.0299
105.24         -0.0293
105.27         -0.0288
105.30         -0.0282
105.33         -0.0276
105.36         -0.0271
105.39         -0.0265
105.42         -0.0259
105.45         -0.0253
105.48         -0.0248
105.51         -0.0242
105.54         -0.0236
105.57         -0.0230
105.60         -0.0224
105.63         -0.0218
105.66         -0.0212
105.69         -0.0206
105.72         -0.0200
105.75         -0.0194
105.78         -0.0188
105.81         -0.0182
105.84         -0.0176
105.87         -0.0170
105.90         -0.0164
105.93         -0.0158
105.96         -0.0152
105.99         -0.0145
106.02         -0.0139
106.05         -0.0133
106.08         -0.0127
106.11         -0.0121
106.14         -0.0114
106.17         -0.0108
106.20         -0.0102
106.23         -0.0096
106.26         -0.0089
106.29         -0.0083
106.32         -0.0077
106.35         -0.0070
106.38         -0.0064
106.41         -0.0058
106.44         -0.0051
106.47         -0.0045
106.50         -0.0039
106.53         -0.0032
106.56         -0.0026
106.59         -0.0020
106.62         -0.0013
106.65         -0.0007
106.68         -0.0000
106.71          0.0006
106.74          0.0012
106.77          0.0019
106.80          0.0025
106.83          0.0031
106.86          0.0038
106.89          0.0044
106.92          0.0050
106.95          0.0057
106.98          0.0063
107.01          0.0069
107.04          0.0076
107.07          0.0082
107.10          0.0088
107.13          0.0095
107.16          0.0101
107.19          0.0107
107.22          0.0113
107.25          0.0120
107.28          0.0126
107.31          0.0132
107.34          0.0138
107.37          0.0145
107.40          0.0151
107.43          0.0157
107.46          0.0163
107.49          0.0169
107.52          0.0175
107.55          0.0182
107.58          0.0188
107.61          0.0194
107.64          0.0200
107.67          0.0206
107.70          0.0212
107.73          0.0218
107.76          0.0224
107.79          0.0230
107.82          0.0236
107.85          0.0241
107.88          0.0247
107.91          0.0253
107.94          0.0259
107.97          0.0265
108.00          0.0271
108.03          0.0276
108.06          0.0282
108.09          0.0288
108.12          0.0293
108.15          0.0299
108.18          0.0305
108.21          0.0310
108.24          0.0316
108.27          0.0321
108.30          0.0327
108.33          0.0332
108.36          0.0337
108.39          0.0343
108.42          0.0348
108.45          0.0353
108.48          0.0359
108.51          0.0364
108.54          0.0369
108.57          0.0374
108.60          0.0379
108.63          0.0384
108.66          0.0389
108.69          0.0394
108.72          0.0399
108.75          0.0404
108.78          0.0409
108.81          0.0414
108.84          0.0418
108.87          0.0423
108.90          0.0428
108.93          0.0432
108.96          0.0437
108.99          0.0442
109.02          0.0446
109.05          0.0451
109.08          0.0455
109.11          0.0459
109.14          0.0464
109.17          0.0468
109.20          0.0472
109.23          0.0476
109.26          0.0480
109.29          0.0484
109.32          0.0488
109.35          0.0492
109.38          0.0496
109.41          0.0500
109.44          0.0504
109.47          0.0508
109.50          0.0511
109.53          0.0515
109.56          0.0519
109.59          0.0522
109.62          0.0526
109.65          0.0529
109.68          0.0533
109.71          0.0536
109.74          0.0539
109.77          0.0542
109.80          0.0546
109.83          0.0549
109.86          0.0552
109.89          0.0555
109.92          0.0558
109.95          0.0560
109.98          0.0563
110.01          0.0566
110.04          0.0569
110.07          0.0571
110.10          0.0574
110.13          0.0576
110.16          0.0579
110.19          0.0581
110.22          0.0584
110.25          0.0586
110.28          0.0588
110.31          0.0590
110.34          0.0592
110.37          0.0594
110.40          0.0596
110.43          0.0598
110.46          0.0600
110.49          0.0602
110.52          0.0604
110.55          0.0605
110.58          0.0607
110.61          0.0608
110.64          0.0610
110.67          0.0611
110.70          0.0612
110.73          0.0614
110.76          0.0615
110.79          0.0616
110.82          0.0617
110.85          0.0618
110.88          0.0619
110.91          0.0620
110.94          0.0621
110.97          0.0622
111.00          0.0622
111.03          0.0623
111.06          0.0623
111.09          0.0624
111.12          0.0624
111.15          0.0625
111.18          0.0625
111.21          0.0625
111.24          0.0625
111.27          0.0625
111.30          0.0626
111.33          0.0625
111.36          0.0625
111.39          0.0625
111.42          0.0625
111.45          0.0625
111.48          0.0624
111.51          0.0624
111.54          0.0623
111.57          0.0623
111.60          0.0622
111.63          0.0622
111.66          0.0621
111.69          0.0620
111.72          0.0619
111.75          0.0618
111.78          0.0617
111.81          0.0616
111.84          0.0615
111.87          0.0614
111.90          0.0613
111.93          0.0611
111.96          0.0610
111.99          0.0608
112.02          0.0607
112.05          0.0605
112.08          0.0604
112.11          0.0602
112.14          0.0600
112.17          0.0598
112.20          0.0596
112.23          0.0594
112.26          0.0592
112.29          0.0590
112.32          0.0588
112.35          0.0586
112.38          0.0584
112.41          0.0581
112.44          0.0579
112.47          0.0577
112.50          0.0574
112.53          0.0572
112.56          0.0569
112.59          0.0566
112.62          0.0563
112.65          0.0561
112.68          0.0558
112.71          0.0555
112.74          0.0552
112.77          0.0549
112.80          0.0546
112.83          0.0543
112.86          0.0539
112.89          0.0536
112.92          0.0533
112.95          0.0529
112.98          0.0526
113.01          0.0523
113.04          0.0519
113.07          0.0515
113.10          0.0512
113.13          0.0508
113.16          0.0504
113.19          0.0501
113.22          0.0497
113.25          0.0493
113.28          0.0489
113.31          0.0485
113.34          0.0481
113.37          0.0477
113.40          0.0472
113.43          0.0468
113.46          0.0464
113.49          0.0460
113.52          0.0455
113.55          0.0451
113.58          0.0446
113.61          0.0442
113.64          0.0437
113.67          0.0433
113.70          0.0428
113.73          0.0424
113.76          0.0419
113.79          0.0414
113.82          0.0409
113.85          0.0404
113.88          0.0399
113.91          0.0395
113.94          0.0390
113.97          0.0385
114.00          0.0379
114.03          0.0374
114.06          0.0369
114.09          0.0364
114.12          0.0359
114.15          0.0354
114.18          0.0348
114.21          0.0343
114.24          0.0338
114.27          0.0332
114.30          0.0327
114.33          0.0321
114.36          0.0316
114.39          0.0310
114.42          0.0305
114.45          0.0299
114.48          0.0294
114.51          0.0288
114.54          0.0282
114.57          0.0277
114.60          0.0271
114.63          0.0265
114.66          0.0259
114.69          0.0253
114.72          0.0248
114.75          0.0242
114.78          0.0236
114.81          0.0230
114.84          0.0224
114.87          0.0218
114.90          0.0212
114.93          0.0206
114.96          0.0200
114.99          0.0194
115.02          0.0188
115.05          0.0182
115.08          0.0176
115.11          0.0169
115.14          0.0163
115.17          0.0157
115.20          0.0151
115.23          0.0145
115.26          0.0139
115.29          0.0132
115.32          0.0126
115.35          0.0120
115.38          0.0114
115.41          0.0107
115.44          0.0101
115.47          0.0095
115.50          0.0088
115.53          0.0082
115.56          0.0076
115.59          0.0069
115.62          0.0063
115.65          0.0057
115.68          0.0050
115.71          0.0044
115.74          0.0038
115.77          0.0031
115.80          0.0025
115.83          0.0019
115.86          0.0012
115.89          0.0006
115.92         -0.0001
115.95         -0.0007
115.98         -0.0013
116.01         -0.0020
116.04         -0.0026
116.07         -0.0032
116.10         -0.0039
116.13         -0.0045
116.16         -0.0052
116.19         -0.0058
116.22         -0.0064
116.25         -0.0071
116.28         -0.0077
116.31         -0.0083
116.34         -0.0090
116.37         -0.0096
116.40         -0.0102
116.43         -0.0108
116.46         -0.0115
116.49         -0.0121
116.52         -0.0127
116.55         -0.0133
116.58         -0.0140
116.61         -0.0146
116.64         -0.0152
116.67         -0.0158
116.70         -0.0164
116.73         -0.0171
116.76         -0.0177
116.79         -0.0183
116.82         -0.0189
116.85         -0.0195
116.88         -0.0201
116.91         -0.0207
116.94         -0.0213
116.97         -0.0219
117.00         -0.0225
117.03         -0.0231
117.06         -0.0237
117.09         -0.0243
117.12         -0.0249
117.15         -0.0254
117.18         -0.0260
117.21         -0.0266
117.24         -0.0272
117.27         -0.0277
117.30         -0.0283
117.33         -0.0289
117.36         -0.0294
117.39         -0.0300
117.42         -0.0306
117.45         -0.0311
117.48         -0.0317
117.51         -0.0322
117.54         -0.0328
117.57         -0.0333
117.60         -0.0338
117.63         -0.0344
117.66         -0.0349
117.69         -0.0354
117.72         -0.0360
117.75         -0.0365
117.78         -0.0370
117.81         -0.0375
117.84         -0.0380
117.87         -0.0385
117.90         -0.0390
117.93         -0.0395
117.96         -0.0400
117.99         -0.0405
118.02         -0.0410
118.05         -0.0414
118.08         -0.0419
118.11         -0.0424
118.14         -0.0429
118.17         -0.0433
118.20         -0.0438
118.23         -0.0442
118.26         -0.0447
118.29         -0.0451
118.32         -0.0456
118.35         -0.0460
118.38         -0.0464
118.41         -0.0468
118.44         -0.0473
118.47         -0.0477
118.50         -0.0481
118.53         -0.0485
118.56         -0.0489
118.59         -0.0493
118.62         -0.0497
118.65         -0.0501
118.68         -0.0504
118.71         -0.0508
118.74         -0.0512
118.77         -0.0515
118.80         -0.0519
118.83         -0.0522
118.86         -0.0526
118.89         -0.0529
118.92         -0.0533
118.95         -0.0536
118.98         -0.0539
119.01         -0.0542
119.04         -0.0545
119.07         -0.0549
119.10         -0.0552
119.13         -0.0554
119.16         -0.0557
119.19         -0.0560
119.22         -0.0563
119.25         -0.0566
119.28         -0.0568
119.31         -0.0571
119.34         -0.0573
119.37         -0.0576
119.40         -0.0578
119.43         -0.0581
119.46         -0.0583
119.49         -0.0585
119.52         -0.0587
119.55         -0.0590
119.58         -0.0592
119.61         -0.0594
119.64         -0.0596
119.67         -0.0597
119.70         -0.0599
119.73         -0.0601
119.76         -0.0603
119.79         -0.0604
119.82         -0.0606
119.85         -0.0607
119.88         -0.0609
119.91         -0.0610
119.94         -0.0611
119.97         -0.0613
120.00         -0.0614
120.03         -0.0615
120.06         -0.0616
120.09         -0.0617
120.12         -0.0618
120.15         -0.0619
120.18         -0.0619
120.21         -0.0620
120.24         -0.0621
120.27         -0.0621
120.30         -0.0622
120.33         -0.0622
120.36         -0.0623
120.39         -0.0623
120.42         -0.0623
120.45         -0.0623
120.48         -0.0624
120.51         -0.0624
120.54         -0.0624
120.57         -0.0624
120.60         -0.0623
120.63         -0.0623
120.66         -0.0623
120.69         -0.0623
120.72         -0.0622
120.75         -0.0622
120.78         -0.0621
120.81         -0.0621
120.84         -0.0620
120.87         -0.0619
120.90         -0.0619
120.93         -0.0618
120.96         -0.0617
120.99         -0.0616
121.02         -0.0615
121.05         -0.0614
121.08         -0.0613
121.11         -0.0611
121.14         -0.0610
121.17         -0.0609
121.20         -0.0607
121.23         -0.0606
121.26         -0.0604
121.29         -0.0603
121.32         -0.0601
121.35         -0.0599
121.38         -0.0597
121.41         -0.0595
121.44         -0.0594
121.47         -0.0592
121.50         -0.0590
121.53         -0.0587
121.56         -0.0585
121.59         -0.0583
121.62         -0.0581
121.65         -0.0578
121.68         -0.0576
121.71         -0.0573
121.74         -0.0571
121.77         -0.0568
121.80         -0.0566
121.83         -0.0563
121.86         -0.0560
121.89         -0.0557
121.92         -0.0554
121.95         -0.0551
121.98         -0.0548
122.01         -0.0545
122.04         -0.0542
122.07         -0.0539
122.10         -0.0536
122.13         -0.0533
122.16         -0.0529
122.19         -0.0526
122.22         -0.0522
122.25         -0.0519
122.28         -0.0515
122.31         -0.0512
122.34         -0.0508
122.37         -0.0504
122.40         -0.0501
122.43         -0.0497
122.46         -0.0493
122.49         -0.0489
122.52         -0.0485
122.55         -0.0481
122.58         -0.0477
122.61         -0.0473
122.64         -0.0469
122.67         -0.0464
122.70         -0.0460
122.73         -0.0456
122.76         -0.0451
122.79         -0.0447
122.82         -0.0442
122.85         -0.0438
122.88         -0.0433
122.91         -0.0429
122.94         -0.0424
122.97         -0.0419
123.00         -0.0415
123.03         -0.0410
123.06         -0.0405
123.09         -0.0400
123.12         -0.0395
123.15         -0.0390
123.18         -0.0385
123.21         -0.0380
123.24         -0.0375
123.27         -0.0370
123.30         -0.0365
123.33         -0.0360
123.36         -0.0355
123.39         -0.0350
123.42         -0.0344
123.45         -0.0339
123.48         -0.0334
123.51         -0.0328
123.54         -0.0323
123.57         -0.0317
123.60         -0.0312
123.63         -0.0306
123.66         -0.0301
123.69         -0.0295
123.72         -0.0290
123.75         -0.0284
123.78         -0.0278
123.81         -0.0273
123.84         -0.0267
123.87         -0.0261
123.90         -0.0255
123.93         -0.0249
123.96         -0.0244
123.99         -0.0238
124.02         -0.0232
124.05         -0.0226
124.08         -0.0220
124.11         -0.0214
124.14         -0.0208
124.17         -0.0202
124.20         -0.0196
124.23         -0.0190
124.26         -0.0184
124.29         -0.0178
124.32         -0.0172
124.35         -0.0166
124.38         -0.0160
124.41         -0.0153
124.44         -0.0147
124.47         -0.0141
124.50         -0.0135
124.53         -0.0129
124.56         -0.0122
124.59         -0.0116
124.62         -0.0110
124.65         -0.0104
124.68         -0.0098
124.71         -0.0091
124.74         -0.0085
124.77         -0.0079
124.80         -0.0072
124.83         -0.0066
124.86         -0.0060
124.89         -0.0053
124.92         -0.0047
124.95         -0.0041
124.98         -0.0034
125.01         -0.0028
125.04         -0.0022
125.07         -0.0015
125.10         -0.0009
125.13         -0.0003
125.16          0.0004
125.19          0.0010
125.22          0.0016
125.25          0.0023
125.28          0.0029
125.31          0.0035
125.34          0.0041
125.37          0.0048
125.40          0.0054
125.43          0.0060
125.46          0.0067
125.49          0.0073
125.52          0.0079
125.55          0.0086
125.58          0.0092
125.61          0.0098
125.64          0.0104
125.67          0.0111
125.70          0.0117
125.73          0.0123
125.76          0.0129
125.79          0.0135
125.82          0.0141
125.85          0.0148
125.88          0.0154
125.91          0.0160
125.94          0.0166
125.97          0.0172
126.00          0.0178
126.03          0.0184
126.06          0.0190
126.09          0.0196
126.12          0.0202
126.15          0.0208
126.18          0.0214
126.21          0.0220
126.24          0.0226
126.27          0.0232
126.30          0.0238
126.33          0.0243
126.36          0.0249
126.39          0.0255
126.42          0.0261
126.45          0.0266
126.48          0.0272
126.51          0.0278
126.54          0.0283
126.57          0.0289
126.60          0.0294
126.63          0.0300
126.66          0.0305
126.69          0.0311
126.72          0.0316
126.75          0.0322
126.78          0.0327
126.81          0.0332
126.84          0.0338
126.87          0.0343
126.90          0.0348
126.93          0.0353
126.96          0.0359
126.99          0.0364
127.02          0.0369
127.05          0.0374
127.08          0.0379
127.11          0.0384
127.14          0.0389
127.17          0.0394
127.20          0.0398
127.23          0.0403
127.26          0.0408
127.29          0.0413
127.32          0.0417
127.35          0.0422
127.38          0.0426
127.41          0.0431
127.44          0.0435
127.47          0.0440
127.50          0.0444
127.53          0.0449
127.56          0.0453
127.59          0.0457
127.62          0.0461
127.65          0.0465
127.68          0.0469
127.71          0.0474
127.74          0.0478
127.77          0.0481
127.80          0.0485
127.83          0.0489
127.86          0.0493
127.89          0.0497
127.92          0.0500
127.95          0.0504
127.98          0.0508
128.01          0.0511
128.04          0.0515
128.07          0.0518
128.10          0.0521
128.13          0.0525
128.16          0.0528
128.19          0.0531
128.22          0.0534
128.25          0.0537
128.28          0.0540
128.31          0.0543
128.34          0.0546
128.37          0.0549
128.40          0.0552
128.43          0.0555
128.46          0.0557
128.49          0.0560
128.52          0.0563
128.55          0.0565
128.58          0.0567
128.61          0.0570
128.64          0.0572
128.67          0.0574
128.70          0.0577
128.73          0.0579
128.76          0.0581
128.79          0.0583
128.82          0.0585
128.85          0.0587
128.88          0.0589
128.91          0.0590
128.94          0.0592
128.97          0.0594
129.00          0.0595
129.03          0.0597
129.06          0.0598
129.09          0.0600
129.12          0.0601
129.15          0.0602
129.18          0.0603
129.21          0.0605
129.24          0.0606
129.27          0.0607
129.30          0.0608
129.33          0.0609
129.36          0.0609
129.39          0.0610
129.42          0.0611
129.45          0.0611
129.48          0.0612
129.51          0.0612
129.54          0.0613
129.57          0.0613
129.60          0.0614
129.63          0.0614
129.66          0.0614
129.69          0.0614
129.72          0.0614
129.75          0.0614
129.78          0.0614
129.81          0.0614
129.84          0.0614
129.87          0.0613
129.90          0.0613
129.93          0.0613
129.96          0.0612
129.99          0.0612
130.02          0.0611
130.05          0.0611
130.08          0.0610
130.11          0.0609
130.14          0.0608
130.17          0.0607
130.20          0.0606
130.23          0.0605
130.26          0.0604
130.29          0.0603
130.32          0.0602
130.35          0.0600
130.38          0.0599
130.41          0.0598
130.44          0.0596
130.47          0.0595
130.50          0.0593
130.53          0.0591
130.56          0.0590
130.59          0.0588
130.62          0.0586
130.65          0.0584
130.68          0.0582
130.71          0.0580
130.74          0.0578
130.77          0.0576
130.80          0.0574
130.83          0.0571
130.86          0.0569
130.89          0.0567
130.92          0.0564
130.95          0.0562
130.98          0.0559
131.01          0.0556
131.04          0.0554
131.07          0.0551
131.10          0.0548
131.13          0.0545
131.16          0.0542
131.19          0.0539
131.22          0.0536
131.25          0.0533
131.28          0.0530
131.31          0.0527
131.34          0.0524
131.37          0.0520
131.40          0.0517
131.43          0.0514
131.46          0.0510
131.49          0.0507
131.52          0.0503
131.55          0.0499
131.58          0.0496
131.61          0.0492
131.64          0.0488
131.67          0.0484
131.70          0.0481
131.73          0.0477
131.76          0.0473
131.79          0.0469
131.82          0.0465
131.85          0.0460
131.88          0.0456
131.91          0.0452
131.94          0.0448
131.97          0.0443
132.00          0.0439
132.03          0.0435
132.06          0.0430
132.09          0.0426
132.12          0.0421
132.15          0.0417
132.18          0.0412
132.21          0.0407
132.24          0.0403
132.27          0.0398
132.30          0.0393
132.33          0.0388
132.36          0.0383
132.39          0.0378
132.42          0.0374
132.45          0.0369
132.48          0.0363
132.51          0.0358
132.54          0.0353
132.57          0.0348
132.60          0.0343
132.63          0.0338
132.66          0.0333
132.69          0.0327
132.72          0.0322
132.75          0.0317
132.78          0.0311
132.81          0.0306
132.84          0.0300
132.87          0.0295
132.90          0.0289
132.93          0.0284
132.96          0.0278
132.99          0.0273
133.02          0.0267
133.05          0.0262
133.08          0.0256
133.11          0.0250
133.14          0.0244
133.17          0.0239
133.20          0.0233
133.23          0.0227
133.26          0.0221
133.29          0.0216
133.32          0.0210
133.35          0.0204
133.38          0.0198
133.41          0.0192
133.44          0.0186
133.47          0.0180
133.50          0.0174
133.53          0.0168
133.56          0.0162
133.59          0.0156
133.62          0.0150
133.65          0.0144
133.68          0.0138
133.71          0.0132
133.74          0.0126
133.77          0.0120
133.80          0.0114
133.83          0.0107
133.86          0.0101
133.89          0.0095
133.92          0.0089
133.95          0.0083
133.98          0.0077
134.01          0.0070
134.04          0.0064
134.07          0.0058
134.10          0.0052
134.13          0.0046
134.16          0.0039
134.19          0.0033
134.22          0.0027
134.25          0.0021
134.28          0.0015
134.31          0.0008
134.34          0.0002
134.37         -0.0004
134.40         -0.0010
134.43         -0.0016
134.46         -0.0023
134.49         -0.0029
134.52         -0.0035
134.55         -0.0041
134.58         -0.0047
134.61         -0.0054
134.64         -0.0060
134.67         -0.0066
134.70         -0.0072
134.73         -0.0078
134.76         -0.0084
134.79         -0.0091
134.82         -0.0097
134.85         -0.0103
134.88         -0.0109
134.91         -0.0115
134.94         -0.0121
134.97         -0.0127
135.00         -0.0133
135.03         -0.0139
135.06         -0.0145
135.09         -0.0151
135.12         -0.0157
135.15         -0.0163
135.18         -0.0169
135.21         -0.0175
135.24         -0.0181
135.27         -0.0187
135.30         -0.0193
135.33         -0.0199
135.36         -0.0204
135.39         -0.0210
135.42         -0.0216
135.45         -0.0222
135.48         -0.0228
135.51         -0.0233
135.54         -0.0239
135.57         -0.0245
135.60         -0.0250
135.63         -0.0256
135.66         -0.0261
135.69         -0.0267
135.72         -0.0273
135.75         -0.0278
135.78         -0.0283
135.81         -0.0289
135.84         -0.0294
135.87         -0.0300
135.90         -0.0305
135.93         -0.0310
135.96         -0.0316
135.99         -0.0321
136.02         -0.0326
136.05         -0.0331
136.08         -0.0336
136.11         -0.0341
136.14         -0.0347
136.17         -0.0352
136.20         -0.0357
136.23         -0.0361
136.26         -0.0366
136.29         -0.0371
136.32         -0.0376
136.35         -0.0381
136.38         -0.0386
136.41         -0.0390
136.44         -0.0395
136.47         -0.0400
136.50         -0.0404
136.53         -0.0409
136.56         -0.0413
136.59         -0.0418
136.62         -0.0422
136.65         -0.0426
136.68         -0.0431
136.71         -0.0435
136.74         -0.0439
136.77         -0.0443
136.80         -0.0448
136.83         -0.0452
136.86         -0.0456
136.89         -0.0460
136.92         -0.0464
136.95         -0.0468
136.98         -0.0471
137.01         -0.0475
137.04         -0.0479
137.07         -0.0483
137.10         -0.0486
137.13         -0.0490
137.16         -0.0493
137.19         -0.0497
137.22         -0.0500
137.25         -0.0504
137.28         -0.0507
137.31         -0.0510
137.34         -0.0513
137.37         -0.0517
137.40         -0.0520
137.43         -0.0523
137.46         -0.0526
137.49         -0.0529
137.52         -0.0532
137.55         -0.0534
137.58         -0.0537
137.61         -0.0540
137.64         -0.0542
137.67         -0.0545
137.70         -0.0548
137.73         -0.0550
137.76         -0.0552
137.79         -0.0555
137.82         -0.0557
137.85         -0.0559
137.88         -0.0562
137.91         -0.0564
137.94         -0.0566
137.97         -0.0568
138.00         -0.0570
138.03         -0.0572
138.06         -0.0573
138.09         -0.0575
138.12         -0.0577
138.15         -0.0579
138.18         -0.0580
138.21         -0.0582
138.24         -0.0583
138.27         -0.0585
138.30         -0.0586
138.33         -0.0587
138.36         -0.0588
138.39         -0.0589
138.42         -0.0591
138.45         -0.0592
138.48         -0.0593
138.51         -0.0593
138.54         -0.0594
138.57         -0.0595
138.60         -0.0596
138.63         -0.0596
138.66         -0.0597
138.69         -0.0598
138.72         -0.0598
138.75         -0.0598
138.78         -0.0599
138.81         -0.0599
138.84         -0.0599
138.87         -0.0599
138.90         -0.0599
138.93         -0.0599
138.96         -0.0599
138.99         -0.0599
139.02         -0.0599
139.05         -0.0599
139.08         -0.0599
139.11         -0.0598
139.14         -0.0598
139.17         -0.0597
139.20         -0.0597
139.23         -0.0596
139.26         -0.0595
139.29         -0.0595
139.32         -0.0594
139.35         -0.0593
139.38         -0.0592
139.41         -0.0591
139.44         -0.0590
139.47         -0.0589
139.50         -0.0588
139.53         -0.0587
139.56         -0.0585
139.59         -0.0584
139.62         -0.0582
139.65         -0.0581
139.68         -0.0579
139.71         -0.0578
139.74         -0.0576
139.77         -0.0574
139.80         -0.0573
139.83         -0.0571
139.86         -0.0569
139.89         -0.0567
139.92         -0.0565
139.95         -0.0563
139.98         -0.0561
140.01         -0.0559
140.04         -0.0556
140.07         -0.0554
140.10         -0.0552
140.13         -0.0549
140.16         -0.0547
140.19         -0.0544
140.22         -0.0541
140.25         -0.0539
140.28         -0.0536
140.31         -0.0533
140.34         -0.0531
140.37         -0.0528
140.40         -0.0525
140.43         -0.0522
140.46         -0.0519
140.49         -0.0516
140.52         -0.0512
140.55         -0.0509
140.58         -0.0506
140.61         -0.0503
140.64         -0.0499
140.67         -0.0496
140.70         -0.0492
140.73         -0.0489
140.76         -0.0485
140.79         -0.0482
140.82         -0.0478
140.85         -0.0474
140.88         -0.0470
140.91         -0.0467
140.94         -0.0463
140.97         -0.0459
141.00         -0.0455
141.03         -0.0451
141.06         -0.0447
141.09         -0.0443
141.12         -0.0439
141.15         -0.0434
141.18         -0.0430
141.21         -0.0426
141.24         -0.0422
141.27         -0.0417
141.30         -0.0413
141.33         -0.0408
141.36         -0.0404
141.39         -0.0399
141.42         -0.0395
141.45         -0.0390
141.48         -0.0385
141.51         -0.0381
141.54         -0.0376
141.57         -0.0371
141.60         -0.0366
141.63         -0.0362
141.66         -0.0357
141.69         -0.0352
141.72         -0.0347
141.75         -0.0342
141.78         -0.0337
141.81         -0.0332
141.84         -0.0327
141.87         -0.0321
141.90         -0.0316
141.93         -0.0311
141.96         -0.0306
141.99         -0.0301
142.02         -0.0295
142.05         -0.0290
142.08         -0.0285
142.11         -0.0279
142.14         -0.0274
142.17         -0.0268
142.20         -0.0263
142.23         -0.0257
142.26         -0.0252
142.29         -0.0246
142.32         -0.0241
142.35         -0.0235
142.38         -0.0230
142.41         -0.0224
142.44         -0.0218
142.47         -0.0213
142.50         -0.0207
142.53         -0.0201
142.56         -0.0195
142.59         -0.0190
142.62         -0.0184
142.65         -0.0178
142.68         -0.0172
142.71         -0.0166
142.74         -0.0161
142.77         -0.0155
142.80         -0.0149
142.83         -0.0143
142.86         -0.0137
142.89         -0.0131
142.92         -0.0125
142.95         -0.0119
142.98         -0.0113
143.01         -0.0107
143.04         -0.0101
143.07         -0.0095
143.10         -0.0089
143.13         -0.0083
143.16         -0.0077
143.19         -0.0071
143.22         -0.0065
143.25         -0.0059
143.28         -0.0053
143.31         -0.0047
143.34         -0.0041
143.37         -0.0035
143.40         -0.0029
143.43         -0.0023
143.46         -0.0017
143.49         -0.0011
143.52         -0.0005
143.55          0.0001
143.58          0.0007
143.61          0.0013
143.64          0.0019
143.67          0.0025
143.70          0.0031
143.73          0.0038
143.76          0.0044
143.79          0.0050
143.82          0.0056
143.85          0.0062
143.88          0.0068
143.91          0.0074
143.94          0.0080
143.97          0.0086
144.00          0.0091
144.03          0.0097
144.06          0.0103
144.09          0.0109
144.12          0.0115
144.15          0.0121
144.18          0.0127
144.21          0.0133
144.24          0.0139
144.27          0.0145
144.30          0.0150
144.33          0.0156
144.36          0.0162
144.39          0.0168
144.42          0.0174
144.45          0.0179
144.48          0.0185
144.51          0.0191
144.54          0.0196
144.57          0.0202
144.60          0.0208
144.63          0.0213
144.66          0.0219
144.69          0.0224
144.72          0.0230
144.75          0.0235
144.78          0.0241
144.81          0.0246
144.84          0.0252
144.87          0.0257
144.90          0.0263
144.93          0.0268
144.96          0.0273
144.99          0.0278
145.02          0.0284
145.05          0.0289
145.08          0.0294
145.11          0.0299
145.14          0.0304
145.17          0.0309
145.20          0.0315
145.23          0.0320
145.26          0.0325
145.29          0.0330
145.32          0.0334
145.35          0.0339
145.38          0.0344
145.41          0.0349
145.44          0.0354
145.47          0.0358
145.50          0.0363
145.53          0.0368
145.56          0.0372
145.59          0.0377
145.62          0.0381
145.65          0.0386
145.68          0.0390
145.71          0.0395
145.74          0.0399
145.77          0.0404
145.80          0.0408
145.83          0.0412
145.86          0.0416
145.89          0.0420
145.92          0.0424
145.95          0.0428
145.98          0.0432
146.01          0.0436
146.04          0.0440
146.07          0.0444
146.10          0.0448
146.13          0.0452
146.16          0.0456
146.19          0.0459
146.22          0.0463
146.25          0.0466
146.28          0.0470
146.31          0.0473
146.34          0.0477
146.37          0.0480
146.40          0.0483
146.43          0.0487
146.46          0.0490
146.49          0.0493
146.52          0.0496
146.55          0.0499
146.58          0.0502
146.61          0.0505
146.64          0.0508
146.67          0.0511
146.70          0.0514
146.73          0.0516
146.76          0.0519
146.79          0.0522
146.82          0.0524
146.85          0.0527
146.88          0.0529
146.91          0.0532
146.94          0.0534
146.97          0.0536
147.00          0.0538
147.03          0.0541
147.06          0.0543
147.09          0.0545
147.12          0.0547
147.15          0.0549
147.18          0.0551
147.21          0.0552
147.24          0.0554
147.27          0.0556
147.30          0.0557
147.33          0.0559
147.36          0.0561
147.39          0.0562
147.42          0.0563
147.45          0.0565
147.48          0.0566
147.51          0.0567
147.54          0.0568
147.57          0.0570
147.60          0.0571
147.63          0.0572
147.66          0.0572
147.69          0.0573
147.72          0.0574
147.75          0.0575
147.78          0.0576
147.81          0.0576
147.84          0.0577
147.87          0.0577
147.90          0.0578
147.93          0.0578
147.96          0.0578
147.99          0.0579
148.02          0.0579
148.05          0.0579
148.08          0.0579
148.11          0.0579
148.14          0.0579
148.17          0.0579
148.20          0.0578
148.23          0.0578
148.26          0.0578
148.29          0.0578
148.32          0.0577
148.35          0.0577
148.38          0.0576
148.41          0.0575
148.44          0.0575
148.47          0.0574
148.50          0.0573
148.53          0.0572
148.56          0.0572
148.59          0.0571
148.62          0.0570
148.65          0.0568
148.68          0.0567
148.71          0.0566
148.74          0.0565
148.77          0.0563
148.80          0.0562
148.83          0.0561
148.86          0.0559
148.89          0.0558
148.92          0.0556
148.95          0.0554
148.98          0.0552
149.01          0.0551
149.04          0.0549
149.07          0.0547
149.10          0.0545
149.13          0.0543
149.16          0.0541
149.19          0.0539
149.22          0.0536
149.25          0.0534
149.28          0.0532
149.31          0.0529
149.34          0.0527
149.37          0.0525
149.40          0.0522
149.43          0.0519
149.46          0.0517
149.49          0.0514
149.52          0.0511
149.55          0.0509
149.58          0.0506
149.61          0.0503
149.64          0.0500
149.67          0.0497
149.70          0.0494
149.73          0.0491
149.76          0.0487
149.79          0.0484
149.82          0.0481
149.85          0.0478
149.88          0.0474
149.91          0.0471
149.94          0.0467
149.97          0.0464
150.00          0.0460
150.03          0.0457
150.06          0.0453
150.09          0.0449
150.12          0.0446
150.15          0.0442
150.18          0.0438
150.21          0.0434
150.24          0.0430
150.27          0.0426
150.30          0.0422
150.33          0.0418
150.36          0.0414
150.39          0.0410
150.42          0.0406
150.45          0.0401
150.48          0.0397
150.51          0.0393
150.54          0.0388
150.57          0.0384
150.60          0.0380
150.63          0.0375
150.66          0.0371
150.69          0.0366
150.72          0.0361
150.75          0.0357
150.78          0.0352
150.81          0.0347
150.84          0.0343
150.87          0.0338
150.90          0.0333
150.93          0.0328
150.96          0.0323
150.99          0.0319
151.02          0.0314
151.05          0.0309
151.08          0.0304
151.11          0.0299
151.14          0.0294
151.17          0.0288
151.20          0.0283
151.23          0.0278
151.26          0.0273
151.29          0.0268
151.32          0.0263
151.35          0.0257
151.38          0.0252
151.41          0.0247
151.44          0.0241
151.47          0.0236
151.50          0.0231
151.53          0.0225
151.56          0.0220
151.59          0.0214
151.62          0.0209
151.65          0.0203
151.68          0.0198
151.71          0.0192
151.74          0.0187
151.77          0.0181
151.80          0.0176
151.83          0.0170
151.86          0.0165
151.89          0.0159
151.92          0.0153
151.95          0.0148
151.98          0.0142
152.01          0.0136
152.04          0.0131
152.07          0.0125
152.10          0.0119
152.13          0.0113
152.16          0.0108
152.19          0.0102
152.22          0.0096
152.25          0.0090
152.28          0.0085
152.31          0.0079
152.34          0.0073
152.37          0.0067
152.40          0.0061
152.43          0.0056
152.46          0.0050
152.49          0.0044
152.52          0.0038
152.55          0.0032
152.58          0.0026
152.61          0.0021
152.64          0.0015
152.67          0.0009
152.70          0.0003
152.73         -0.0003
152.76         -0.0009
152.79         -0.0014
152.82         -0.0020
152.85         -0.0026
152.88         -0.0032
152.91         -0.0038
152.94         -0.0043
152.97         -0.0049
153.00         -0.0055
153.03         -0.0061
153.06         -0.0067
153.09         -0.0072
153.12         -0.0078
153.15         -0.0084
153.18         -0.0090
153.21         -0.0095
153.24         -0.0101
153.27         -0.0107
153.30         -0.0112
153.33         -0.0118
153.36         -0.0124
153.39         -0.0129
153.42         -0.0135
153.45         -0.0141
153.48         -0.0146
153.51         -0.0152
153.54         -0.0157
153.57         -0.0163
153.60         -0.0168
153.63         -0.0174
153.66         -0.0179
153.69         -0.0185
153.72         -0.0190
153.75         -0.0196
153.78         -0.0201
153.81         -0.0206
153.84         -0.0212
153.87         -0.0217
153.90         -0.0222
153.93         -0.0228
153.96         -0.0233
153.99         -0.0238
154.02         -0.0243
154.05         -0.0249
154.08         -0.0254
154.11         -0.0259
154.14         -0.0264
154.17         -0.0269
154.20         -0.0274
154.23         -0.0279
154.26         -0.0284
154.29         -0.0289
154.32         -0.0294
154.35         -0.0299
154.38         -0.0304
154.41         -0.0308
154.44         -0.0313
154.47         -0.0318
154.50         -0.0323
154.53         -0.0327
154.56         -0.0332
154.59         -0.0337
154.62         -0.0341
154.65         -0.0346
154.68         -0.0350
154.71         -0.0355
154.74         -0.0359
154.77         -0.0363
154.80         -0.0368
154.83         -0.0372
154.86         -0.0376
154.89         -0.0380
154.92         -0.0385
154.95         -0.0389
154.98         -0.0393
155.01         -0.0397
155.04         -0.0401
155.07         -0.0405
155.10         -0.0409
155.13         -0.0413
155.16         -0.0416
155.19         -0.0420
155.22         -0.0424
155.25         -0.0428
155.28         -0.0431
155.31         -0.0435
155.34         -0.0438
155.37         -0.0442
155.40         -0.0445
155.43         -0.0449
155.46         -0.0452
155.49         -0.0455
155.52         -0.0459
155.55         -0.0462
155.58         -0.0465
155.61         -0.0468
155.64         -0.0471
155.67         -0.0474
155.70         -0.0477
155.73         -0.0480
155.76         -0.0483
155.79         -0.0486
155.82         -0.0488
155.85         -0.0491
155.88         -0.0494
155.91         -0.0496
155.94         -0.0499
155.97         -0.0501
156.00         -0.0504
156.03         -0.0506
156.06         -0.0508
156.09         -0.0511
156.12         -0.0513
156.15         -0.0515
156.18         -0.0517
156.21         -0.0519
156.24         -0.0521
156.27         -0.0523
156.30         -0.0525
156.33         -0.0527
156.36         -0.0528
156.39         -0.0530
156.42         -0.0532
156.45         -0.0533
156.48         -0.0535
156.51         -0.0536
156.54         -0.0538
156.57         -0.0539
156.60         -0.0540
156.63         -0.0542
156.66         -0.0543
156.69         -0.0544
156.72         -0.0545
156.75         -0.0546
156.78         -0.0547
156.81         -0.0548
156.84         -0.0549
156.87         -0.0550
156.90         -0.0550
156.93         -0.0551
156.96         -0.0552
156.99         -0.0552
157.02         -0.0553
157.05         -0.0553
157.08         -0.0553
157.11         -0.0554
157.14         -0.0554
157.17         -0.0554
157.20         -0.0554
157.23         -0.0554
157.26         -0.0554
157.29         -0.0554
157.32         -0.0554
157.35         -0.0554
157.38         -0.0554
157.41         -0.0554
157.44         -0.0553
157.47         -0.0553
157.50         -0.0552
157.53         -0.0552
157.56         -0.0551
157.59         -0.0551
157.62         -0.0550
157.65         -0.0549
157.68         -0.0548
157.71         -0.0547
157.74         -0.0547
157.77         -0.0546
157.80         -0.0545
157.83         -0.0543
157.86         -0.0542
157.89         -0.0541
157.92         -0.0540
157.95         -0.0538
157.98         -0.0537
158.01         -0.0536
158.04         -0.0534
158.07         -0.0533
158.10         -0.0531
158.13         -0.0529
158.16         -0.0528
158.19         -0.0526
158.22         -0.0524
158.25         -0.0522
158.28         -0.0520
158.31         -0.0518
158.34         -0.0516
158.37         -0.0514
158.40         -0.0512
158.43         -0.0510
158.46         -0.0507
158.49         -0.0505
158.52         -0.0503
158.55         -0.0500
158.58         -0.0498
158.61         -0.0495
158.64         -0.0493
158.67         -0.0490
158.70         -0.0487
158.73         -0.0485
158.76         -0.0482
158.79         -0.0479
158.82         -0.0476
158.85         -0.0473
158.88         -0.0470
158.91         -0.0467
158.94         -0.0464
158.97         -0.0461
159.00         -0.0458
159.03         -0.0455
159.06         -0.0451
159.09         -0.0448
159.12         -0.0445
159.15         -0.0441
159.18         -0.0438
159.21         -0.0434
159.24         -0.0431
159.27         -0.0427
159.30         -0.0423
159.33         -0.0420
159.36         -0.0416
159.39         -0.0412
159.42         -0.0408
159.45         -0.0405
159.48         -0.0401
159.51         -0.0397
159.54         -0.0393
159.57         -0.0389
159.60         -0.0385
159.63         -0.0381
159.66         -0.0376
159.69         -0.0372
159.72         -0.0368
159.75         -0.0364
159.78         -0.0359
159.81         -0.0355
159.84         -0.0351
159.87         -0.0346
159.90         -0.0342
159.93         -0.0337
159.96         -0.0333
159.99         -0.0328
160.02         -0.0324
160.05         -0.0319
160.08         -0.0315
160.11         -0.0310
160.14         -0.0305
160.17         -0.0301
160.20         -0.0296
160.23         -0.0291
160.26         -0.0286
160.29         -0.0281
160.32         -0.0276
160.35         -0.0272
160.38         -0.0267
160.41         -0.0262
160.44         -0.0257
160.47         -0.0252
160.50         -0.0247
160.53         -0.0242
160.56         -0.0236
160.59         -0.0231
160.62         -0.0226
160.65         -0.0221
160.68         -0.0216
160.71         -0.0211
160.74         -0.0205
160.77         -0.0200
160.80         -0.0195
160.83         -0.0190
160.86         -0.0184
160.89         -0.0179
160.92         -0.0174
160.95         -0.0168
160.98         -0.0163
161.01         -0.0158
161.04         -0.0152
161.07         -0.0147
161.10         -0.0141
161.13         -0.0136
161.16         -0.0131
161.19         -0.0125
161.22         -0.0120
161.25         -0.0114
161.28         -0.0109
161.31         -0.0103
161.34         -0.0098
161.37         -0.0092
161.40         -0.0087
161.43         -0.0081
161.46         -0.0076
161.49         -0.0070
161.52         -0.0064
161.55         -0.0059
161.58         -0.0053
161.61         -0.0048
161.64         -0.0042
161.67         -0.0037
161.70         -0.0031
161.73         -0.0025
161.76         -0.0020
161.79         -0.0014
161.82         -0.0009
161.85         -0.0003
161.88          0.0002
161.91          0.0008
161.94          0.0014
161.97          0.0019
162.00          0.0025
162.03          0.0030
162.06          0.0036
162.09          0.0041
162.12          0.0047
162.15          0.0052
162.18          0.0058
162.21          0.0063
162.24          0.0069
162.27          0.0074
162.30          0.0080
162.33          0.0085
162.36          0.0091
162.39          0.0096
162.42          0.0102
162.45          0.0107
162.48          0.0113
162.51          0.0118
162.54          0.0123
162.57          0.0129
162.60          0.0134
162.63          0.0140
162.66          0.0145
162.69          0.0150
162.72          0.0156
162.75          0.0161
162.78          0.0166
162.81          0.0171
162.84          0.0176
162.87          0.0182
162.90          0.0187
162.93          0.0192
162.96          0.0197
162.99          0.0202
163.02          0.0207
163.05          0.0212
163.08          0.0217
163.11          0.0222
163.14          0.0227
163.17          0.0232
163.20          0.0237
163.23          0.0242
163.26          0.0247
163.29          0.0252
163.32          0.0257
163.35          0.0262
163.38          0.0266
163.41          0.0271
163.44          0.0276
163.47          0.0280
163.50          0.0285
163.53          0.0290
163.56          0.0294
163.59          0.0299
163.62          0.0303
163.65          0.0308
163.68          0.0312
163.71          0.0317
163.74          0.0321
163.77          0.0325
163.80          0.0330
163.83          0.0334
163.86          0.0338
163.89          0.0342
163.92          0.0347
163.95          0.0351
163.98          0.0355
164.01          0.0359
164.04          0.0363
164.07          0.0367
164.10          0.0371
164.13          0.0375
164.16          0.0378
164.19          0.0382
164.22          0.0386
164.25          0.0390
164.28          0.0393
164.31          0.0397
164.34          0.0400
164.37          0.0404
164.40          0.0408
164.43          0.0411
164.46          0.0414
164.49          0.0418
164.52          0.0421
164.55          0.0424
164.58          0.0428
164.61          0.0431
164.64          0.0434
164.67          0.0437
164.70          0.0440
164.73          0.0443
164.76          0.0446
164.79          0.0449
164.82          0.0452
164.85          0.0454
164.88          0.0457
164.91          0.0460
164.94          0.0462
164.97          0.0465
165.00          0.0467
165.03          0.0470
165.06          0.0472
165.09          0.0475
165.12          0.0477
165.15          0.0479
165.18          0.0482
165.21          0.0484
165.24          0.0486
165.27          0.0488
165.30          0.0490
165.33          0.0492
165.36          0.0494
165.39          0.0496
165.42          0.0498
165.45          0.0499
165.48          0.0501
165.51          0.0503
165.54          0.0504
165.57          0.0506
165.60          0.0507
165.63          0.0509
165.66          0.0510
165.69          0.0511
165.72          0.0513
165.75          0.0514
165.78          0.0515
165.81          0.0516
165.84          0.0517
165.87          0.0518
165.90          0.0519
165.93          0.0520
165.96          0.0521
165.99          0.0521
166.02          0.0522
166.05          0.0523
166.08          0.0523
166.11          0.0524
166.14          0.0524
166.17          0.0525
166.20          0.0525
166.23          0.0525
166.26          0.0526
166.29          0.0526
166.32          0.0526
166.35          0.0526
166.38          0.0526
166.41          0.0526
166.44          0.0526
166.47          0.0526
166.50          0.0526
166.53          0.0525
166.56          0.0525
166.59          0.0525
166.62          0.0524
166.65          0.0524
166.68          0.0523
166.71          0.0523
166.74          0.0522
166.77          0.0521
166.80          0.0521
166.83          0.0520
166.86          0.0519
166.89          0.0518
166.92          0.0517
166.95          0.0516
166.98          0.0515
167.01          0.0514
167.04          0.0513
167.07          0.0511
167.10          0.0510
167.13          0.0509
167.16          0.0507
167.19          0.0506
167.22          0.0504
167.25          0.0503
167.28          0.0501
167.31          0.0499
167.34          0.0498
167.37          0.0496
167.40          0.0494
167.43          0.0492
167.46          0.0490
167.49          0.0488
167.52          0.0486
167.55          0.0484
167.58          0.0482
167.61          0.0480
167.64          0.0478
167.67          0.0475
167.70          0.0473
167.73          0.0471
167.76          0.0468
167.79          0.0466
167.82          0.0463
167.85          0.0460
167.88          0.0458
167.91          0.0455
167.94          0.0452
167.97          0.0450
168.00          0.0447
168.03          0.0444
168.06          0.0441
168.09          0.0438
168.12          0.0435
168.15          0.0432
168.18          0.0429
168.21          0.0426
168.24          0.0422
168.27          0.0419
168.30          0.0416
168.33          0.0413
168.36          0.0409
168.39          0.0406
168.42          0.0402
168.45          0.0399
168.48          0.0395
168.51          0.0392
168.54          0.0388
168.57          0.0385
168.60          0.0381
168.63          0.0377
168.66          0.0373
168.69          0.0369
168.72          0.0366
168.75          0.0362
168.78          0.0358
168.81          0.0354
168.84          0.0350
168.87          0.0346
168.90          0.0342
168.93          0.0338
168.96          0.0334
168.99          0.0329
169.02          0.0325
169.05          0.0321
169.08          0.0317
169.11          0.0312
169.14          0.0308
169.17          0.0304
169.20          0.0299
169.23          0.0295
169.26          0.0290
169.29          0.0286
169.32          0.0281
169.35          0.0277
169.38          0.0272
169.41          0.0268
169.44          0.0263
169.47          0.0258
169.50          0.0254
169.53          0.0249
169.56          0.0244
169.59          0.0239
169.62          0.0235
169.65          0.0230
169.68          0.0225
169.71          0.0220
169.74          0.0215
169.77          0.0210
169.80          0.0206
169.83          0.0201
169.86          0.0196
169.89          0.0191
169.92          0.0186
169.95          0.0181
169.98          0.0176
170.01          0.0171
170.04          0.0166
170.07          0.0161
170.10          0.0155
170.13          0.0150
170.16          0.0145
170.19          0.0140
170.22          0.0135
170.25          0.0130
170.28          0.0125
170.31          0.0119
170.34          0.0114
170.37          0.0109
170.40          0.0104
170.43          0.0099
170.46          0.0093
170.49          0.0088
170.52          0.0083
170.55          0.0078
170.58          0.0072
170.61          0.0067
170.64          0.0062
170.67          0.0057
170.70          0.0051
170.73          0.0046
170.76          0.0041
170.79          0.0036
170.82          0.0030
170.85          0.0025
170.88          0.0020
170.91          0.0014
170.94          0.0009
170.97          0.0004
171.00         -0.0001
171.03         -0.0007
171.06         -0.0012
171.09         -0.0017
171.12         -0.0023
171.15         -0.0028
171.18         -0.0033
171.21         -0.0038
171.24         -0.0044
171.27         -0.0049
171.30         -0.0054
171.33         -0.0059
171.36         -0.0064
171.39         -0.0070
171.42         -0.0075
171.45         -0.0080
171.48         -0.0085
171.51         -0.0090
171.54         -0.0096
171.57         -0.0101
171.60         -0.0106
171.63         -0.0111
171.66         -0.0116
171.69         -0.0121
171.72         -0.0126
171.75         -0.0131
171.78         -0.0136
171.81         -0.0141
171.84         -0.0146
171.87         -0.0151
171.90         -0.0156
171.93         -0.0161
171.96         -0.0166
171.99         -0.0171
172.02         -0.0176
172.05         -0.0181
172.08         -0.0186
172.11         -0.0191
172.14         -0.0195
172.17         -0.0200
172.20         -0.0205
172.23         -0.0210
172.26         -0.0214
172.29         -0.0219
172.32         -0.0224
172.35         -0.0228
172.38         -0.0233
172.41         -0.0238
172.44         -0.0242
172.47         -0.0247
172.50         -0.0251
172.53         -0.0256
172.56         -0.0260
172.59         -0.0265
172.62         -0.0269
172.65         -0.0273
172.68         -0.0278
172.71         -0.0282
172.74         -0.0286
172.77         -0.0291
172.80         -0.0295
172.83         -0.0299
172.86         -0.0303
172.89         -0.0307
172.92         -0.0311
172.95         -0.0315
172.98         -0.0319
173.01         -0.0323
173.04         -0.0327
173.07         -0.0331
173.10         -0.0335
173.13         -0.0339
173.16         -0.0342
173.19         -0.0346
173.22         -0.0350
173.25         -0.0354
173.28         -0.0357
173.31         -0.0361
173.34         -0.0364
173.37         -0.0368
173.40         -0.0371
173.43         -0.0375
173.46         -0.0378
173.49         -0.0381
173.52         -0.0385
173.55         -0.0388
173.58         -0.0391
173.61         -0.0394
173.64         -0.0397
173.67         -0.0400
173.70         -0.0403
173.73         -0.0406
173.76         -0.0409
173.79         -0.0412
173.82         -0.0415
173.85         -0.0418
173.88         -0.0421
173.91         -0.0423
173.94         -0.0426
173.97         -0.0429
174.00         -0.0431
174.03         -0.0434
174.06         -0.0436
174.09         -0.0439
174.12         -0.0441
174.15         -0.0443
174.18         -0.0446
174.21         -0.0448
174.24         -0.0450
174.27         -0.0452
174.30         -0.0454
174.33         -0.0456
174.36         -0.0458
174.39         -0.0460
174.42         -0.0462
174.45         -0.0464
174.48         -0.0466
174.51         -0.0468
174.54         -0.0469
174.57         -0.0471
174.60         -0.0473
174.63         -0.0474
174.66         -0.0476
174.69         -0.0477
174.72         -0.0478
174.75         -0.0480
174.78         -0.0481
174.81         -0.0482
174.84         -0.0483
174.87         -0.0484
174.90         -0.0486
174.93         -0.0487
174.96         -0.0488
174.99         -0.0488
175.02         -0.0489
175.05         -0.0490
175.08         -0.0491
175.11         -0.0492
175.14         -0.0492
175.17         -0.0493
175.20         -0.0493
175.23         -0.0494
175.26         -0.0494
175.29         -0.0495
175.32         -0.0495
175.35         -0.0495
175.38         -0.0495
175.41         -0.0496
175.44         -0.0496
175.47         -0.0496
175.50         -0.0496
175.53         -0.0496
175.56         -0.0496
175.59         -0.0495
175.62         -0.0495
175.65         -0.0495
175.68         -0.0495
175.71         -0.0494
175.74         -0.0494
175.77         -0.0493
175.80         -0.0493
175.83         -0.0492
175.86         -0.0492
175.89         -0.0491
175.92         -0.0490
175.95         -0.0489
175.98         -0.0489
176.01         -0.0488
176.04         -0.0487
176.07         -0.0486
176.10         -0.0485
176.13         -0.0484
176.16         -0.0482
176.19         -0.0481
176.22         -0.0480
176.25         -0.0479
176.28         -0.0477
176.31         -0.0476
176.34         -0.0474
176.37         -0.0473
176.40         -0.0471
176.43         -0.0470
176.46         -0.0468
176.49         -0.0466
176.52         -0.0465
176.55         -0.0463
176.58         -0.0461
176.61         -0.0459
176.64         -0.0457
176.67         -0.0455
176.70         -0.0453
176.73         -0.0451
176.76         -0.0449
176.79         -0.0446
176.82         -0.0444
176.85         -0.0442
176.88         -0.0440
176.91         -0.0437
176.94         -0.0435
176.97         -0.0432
177.00         -0.0430
177.03         -0.0427
177.06         -0.0425
177.09         -0.0422
177.12         -0.0419
177.15         -0.0416
177.18         -0.0414
177.21         -0.0411
177.24         -0.0408
177.27         -0.0405
177.30         -0.0402
177.33         -0.0399
177.36         -0.0396
177.39         -0.0393
177.42         -0.0390
177.45         -0.0387
177.48         -0.0383
177.51         -0.0380
177.54         -0.0377
177.57         -0.0374
177.60         -0.0370
177.63         -0.0367
177.66         -0.0363
177.69         -0.0360
177.72         -0.0356
177.75         -0.0353
177.78         -0.0349
177.81         -0.0346
177.84         -0.0342
177.87         -0.0338
177.90         -0.0334
177.93         -0.0331
177.96         -0.0327
177.99         -0.0323
178.02         -0.0319
178.05         -0.0315
178.08         -0.0311
178.11         -0.0307
178.14         -0.0303
178.17         -0.0299
178.20         -0.0295
178.23         -0.0291
178.26         -0.0287
178.29         -0.0283
178.32         -0.0279
178.35         -0.0275
178.38         -0.0270
178.41         -0.0266
178.44         -0.0262
178.47         -0.0258
178.50         -0.0253
178.53         -0.0249
178.56         -0.0244
178.59         -0.0240
178.62         -0.0236
178.65         -0.0231
178.68         -0.0227
178.71         -0.0222
178.74         -0.0218
178.77         -0.0213
178.80         -0.0208
178.83         -0.0204
178.86         -0.0199
178.89         -0.0195
178.92         -0.0190
178.95         -0.0185
178.98         -0.0181
179.01         -0.0176
179.04         -0.0171
179.07         -0.0166
179.10         -0.0162
179.13         -0.0157
179.16         -0.0152
179.19         -0.0147
179.22         -0.0143
179.25         -0.0138
179.28         -0.0133
179.31         -0.0128
179.34         -0.0123
179.37         -0.0118
179.40         -0.0113
179.43         -0.0108
179.46         -0.0104
179.49         -0.0099
179.52         -0.0094
179.55         -0.0089
179.58         -0.0084
179.61         -0.0079
179.64         -0.0074
179.67         -0.0069
179.70         -0.0064
179.73         -0.0059
179.76         -0.0054
179.79         -0.0049
179.82         -0.0044
179.85         -0.0039
179.88         -0.0034
179.91         -0.0029
179.94         -0.0024
179.97         -0.0019
180.00         -0.0014
180.03         -0.0009
180.06         -0.0004
180.09          0.0001
180.12          0.0006
180.15          0.0011
180.18          0.0016
180.21          0.0021
180.24          0.0026
180.27          0.0031
180.30          0.0035
180.33          0.0040
180.36          0.0045
180.39          0.0050
180.42          0.0055
180.45          0.0060
180.48          0.0065
180.51          0.0070
180.54          0.0075
180.57          0.0080
180.60          0.0085
180.63          0.0089
180.66          0.0094
180.69          0.0099
180.72          0.0104
180.75          0.0109
180.78          0.0114
180.81          0.0118
180.84          0.0123
180.87          0.0128
180.90          0.0133
180.93          0.0137
180.96          0.0142
180.99          0.0147
181.02          0.0151
181.05          0.0156
181.08          0.0161
181.11          0.0165
181.14          0.0170
181.17          0.0174
181.20          0.0179
181.23          0.0184
181.26          0.0188
181.29          0.0193
181.32          0.0197
181.35          0.0201
181.38          0.0206
181.41          0.0210
181.44          0.0215
181.47          0.0219
181.50          0.0223
181.53          0.0228
181.56          0.0232
181.59          0.0236
181.62          0.0240
181.65          0.0244
181.68          0.0249
181.71          0.0253
181.74          0.0257
181.77          0.0261
181.80          0.0265
181.83          0.0269
181.86          0.0273
181.89          0.0277
181.92          0.0281
181.95          0.0285
181.98          0.0289
182.01          0.0292
182.04          0.0296
182.07          0.0300
182.10          0.0304
182.13          0.0307
182.16          0.0311
182.19          0.0315
182.22          0.0318
182.25          0.0322
182.28          0.0325
182.31          0.0329
182.34          0.0332
182.37          0.0335
182.40          0.0339
182.43          0.0342
182.46          0.0345
182.49          0.0349
182.52          0.0352
182.55          0.0355
182.58          0.0358
182.61          0.0361
182.64          0.0364
182.67          0.0367
182.70          0.0370
182.73          0.0373
182.76          0.0376
182.79          0.0379
182.82          0.0382
182.85          0.0384
182.88          0.0387
182.91          0.0390
182.94          0.0392
182.97          0.0395
183.00          0.0397
183.03          0.0400
183.06          0.0402
183.09          0.0405
183.12          0.0407
183.15          0.0409
183.18          0.0412
183.21          0.0414
183.24          0.0416
183.27          0.0418
183.30          0.0420
183.33          0.0422
183.36          0.0424
183.39          0.0426
183.42          0.0428
183.45          0.0430
183.48          0.0432
183.51          0.0434
183.54          0.0435
183.57          0.0437
183.60          0.0439
183.63          0.0440
183.66          0.0442
183.69          0.0443
183.72          0.0445
183.75          0.0446
183.78          0.0447
183.81          0.0448
183.84          0.0450
183.87          0.0451
183.90          0.0452
183.93          0.0453
183.96          0.0454
183.99          0.0455
184.02          0.0456
184.05          0.0457
184.08          0.0458
184.11          0.0458
184.14          0.0459
184.17          0.0460
184.20          0.0460
184.23          0.0461
184.26          0.0462
184.29          0.0462
184.32          0.0462
184.35          0.0463
184.38          0.0463
184.41          0.0463
184.44          0.0464
184.47          0.0464
184.50          0.0464
184.53          0.0464
184.56          0.0464
184.59          0.0464
184.62          0.0464
184.65          0.0464
184.68          0.0464
184.71          0.0463
184.74          0.0463
184.77          0.0463
184.80          0.0462
184.83          0.0462
184.86          0.0461
184.89          0.0461
184.92          0.0460
184.95          0.0460
184.98          0.0459
185.01          0.0458
185.04          0.0457
185.07          0.0457
185.10          0.0456
185.13          0.0455
185.16          0.0454
185.19          0.0453
185.22          0.0452
185.25          0.0451
185.28          0.0449
185.31          0.0448
185.34          0.0447
185.37          0.0446
185.40          0.0444
185.43          0.0443
185.46          0.0441
185.49          0.0440
185.52          0.0438
185.55          0.0437
185.58          0.0435
185.61          0.0433
185.64          0.0432
185.67          0.0430
185.70          0.0428
185.73          0.0426
185.76          0.0424
185.79          0.0422
185.82          0.0420
185.85          0.0418
185.88          0.0416
185.91          0.0414
185.94          0.0412
185.97          0.0410
186.00          0.0407
186.03          0.0405
186.06          0.0403
186.09          0.0400
186.12          0.0398
186.15          0.0395
186.18          0.0393
186.21          0.0390
186.24          0.0388
186.27          0.0385
186.30          0.0382
186.33          0.0380
186.36          0.0377
186.39          0.0374
186.42          0.0371
186.45          0.0368
186.48          0.0365
186.51          0.0362
186.54          0.0359
186.57          0.0356
186.60          0.0353
186.63          0.0350
186.66          0.0347
186.69          0.0344
186.72          0.0340
186.75          0.0337
186.78          0.0334
186.81          0.0331
186.84          0.0327
186.87          0.0324
186.90          0.0320
186.93          0.0317
186.96          0.0313
186.99          0.0310
187.02          0.0306
187.05          0.0303
187.08          0.0299
187.11          0.0295
187.14          0.0292
187.17          0.0288
187.20          0.0284
187.23          0.0281
187.26          0.0277
187.29          0.0273
187.32          0.0269
187.35          0.0265
187.38          0.0261
187.41          0.0257
187.44          0.0253
187.47          0.0249
187.50          0.0245
187.53          0.0241
187.56          0.0237
187.59          0.0233
187.62          0.0229
187.65          0.0225
187.68          0.0221
187.71          0.0217
187.74          0.0212
187.77          0.0208
187.80          0.0204
187.83          0.0200
187.86          0.0195
187.89          0.0191
187.92          0.0187
187.95          0.0182
187.98          0.0178
188.01          0.0174
188.04          0.0169
188.07          0.0165
188.10          0.0160
188.13          0.0156
188.16          0.0151
188.19          0.0147
188.22          0.0143
188.25          0.0138
188.28          0.0134
188.31          0.0129
188.34          0.0124
188.37          0.0120
188.40          0.0115
188.43          0.0111
188.46          0.0106
188.49          0.0102
188.52          0.0097
188.55          0.0092
188.58          0.0088
188.61          0.0083
188.64          0.0079
188.67          0.0074
188.70          0.0069
188.73          0.0065
188.76          0.0060
188.79          0.0055
188.82          0.0051
188.85          0.0046
188.88          0.0041
188.91          0.0037
188.94          0.0032
188.97          0.0027
189.00          0.0023
189.03          0.0018
189.06          0.0013
189.09          0.0009
189.12          0.0004
189.15         -0.0001
189.18         -0.0005
189.21         -0.0010
189.24         -0.0015
189.27         -0.0019
189.30         -0.0024
189.33         -0.0029
189.36         -0.0033
189.39         -0.0038
189.42         -0.0042
189.45         -0.0047
189.48         -0.0052
189.51         -0.0056
189.54         -0.0061
189.57         -0.0066
189.60         -0.0070
189.63         -0.0075
189.66         -0.0079
189.69         -0.0084
189.72         -0.0088
189.75         -0.0093
189.78         -0.0097
189.81         -0.0102
189.84         -0.0106
189.87         -0.0111
189.90         -0.0115
189.93         -0.0120
189.96         -0.0124
189.99         -0.0129
190.02         -0.0133
190.05         -0.0137
190.08         -0.0142
190.11         -0.0146
190.14         -0.0150
190.17         -0.0155
190.20         -0.0159
190.23         -0.0163
190.26         -0.0168
190.29         -0.0172
190.32         -0.0176
190.35         -0.0180
190.38         -0.0184
190.41         -0.0189
190.44         -0.0193
190.47         -0.0197
190.50         -0.0201
190.53         -0.0205
190.56         -0.0209
190.59         -0.0213
190.62         -0.0217
190.65         -0.0221
190.68         -0.0225
190.71         -0.0229
190.74         -0.0233
190.77         -0.0236
190.80         -0.0240
190.83         -0.0244
190.86         -0.0248
190.89         -0.0252
190.92         -0.0255
190.95         -0.0259
190.98         -0.0263
191.01         -0.0266
191.04         -0.0270
191.07         -0.0273
191.10         -0.0277
191.13         -0.0280
191.16         -0.0284
191.19         -0.0287
191.22         -0.0291
191.25         -0.0294
191.28         -0.0297
191.31         -0.0301
191.34         -0.0304
191.37         -0.0307
191.40         -0.0310
191.43         -0.0314
191.46         -0.0317
191.49         -0.0320
191.52         -0.0323
191.55         -0.0326
191.58         -0.0329
191.61         -0.0332
191.64         -0.0335
191.67         -0.0338
191.70         -0.0340
191.73         -0.0343
191.76         -0.0346
191.79         -0.0349
191.82         -0.0351
191.85         -0.0354
191.88         -0.0357
191.91         -0.0359
191.94         -0.0362
191.97         -0.0364
192.00         -0.0367
192.03         -0.0369
192.06         -0.0371
192.09         -0.0374
192.12         -0.0376
192.15         -0.0378
192.18         -0.0380
192.21         -0.0382
192.24         -0.0385
192.27         -0.0387
192.30         -0.0389
192.33         -0.0391
192.36         -0.0393
192.39         -0.0394
192.42         -0.0396
192.45         -0.0398
192.48         -0.0400
192.51         -0.0401
192.54         -0.0403
192.57         -0.0405
192.60         -0.0406
192.63         -0.0408
192.66         -0.0409
192.69         -0.0411
192.72         -0.0412
192.75         -0.0413
192.78         -0.0415
192.81         -0.0416
192.84         -0.0417
192.87         -0.0418
192.90         -0.0420
192.93         -0.0421
192.96         -0.0422
192.99         -0.0423
193.02         -0.0423
193.05         -0.0424
193.08         -0.0425
193.11         -0.0426
193.14         -0.0427
193.17         -0.0427
193.20         -0.0428
193.23         -0.0429
193.26         -0.0429
193.29         -0.0430
193.32         -0.0430
193.35         -0.0431
193.38         -0.0431
193.41         -0.0431
193.44         -0.0432
193.47         -0.0432
193.50         -0.0432
193.53         -0.0432
193.56         -0.0432
193.59         -0.0432
193.62         -0.0432
193.65         -0.0432
193.68         -0.0432
193.71         -0.0432
193.74         -0.0432
193.77         -0.0431
193.80         -0.0431
193.83         -0.0431
193.86         -0.0430
193.89         -0.0430
193.92         -0.0429
193.95         -0.0429
193.98         -0.0428
194.01         -0.0428
194.04         -0.0427
194.07         -0.0426
194.10         -0.0426
194.13         -0.0425
194.16         -0.0424
194.19         -0.0423
194.22         -0.0422
194.25         -0.0421
194.28         -0.0420
194.31         -0.0419
194.34         -0.0418
194.37         -0.0417
194.40         -0.0415
194.43         -0.0414
194.46         -0.0413
194.49         -0.0411
194.52         -0.0410
194.55         -0.0409
194.58         -0.0407
194.61         -0.0406
194.64         -0.0404
194.67         -0.0402
194.70         -0.0401
194.73         -0.0399
194.76         -0.0397
194.79         -0.0395
194.82         -0.0394
194.85         -0.0392
194.88         -0.0390
194.91         -0.0388
194.94         -0.0386
194.97         -0.0384
195.00         -0.0382
195.03         -0.0380
195.06         -0.0377
195.09         -0.0375
195.12         -0.0373
195.15         -0.0371
195.18         -0.0368
195.21         -0.0366
195.24         -0.0364
195.27         -0.0361
195.30         -0.0359
195.33         -0.0356
195.36         -0.0354
195.39         -0.0351
195.42         -0.0348
195.45         -0.0346
195.48         -0.0343
195.51         -0.0340
195.54         -0.0337
195.57         -0.0335
195.60         -0.0332
195.63         -0.0329
195.66         -0.0326
195.69         -0.0323
195.72         -0.0320
195.75         -0.0317
195.78         -0.0314
195.81         -0.0311
195.84         -0.0308
195.87         -0.0305
195.90         -0.0301
195.93         -0.0298
195.96         -0.0295
195.99         -0.0292
196.02         -0.0288
196.05         -0.0285
196.08         -0.0282
196.11         -0.0278
196.14         -0.0275
196.17         -0.0271
196.20         -0.0268
196.23         -0.0264
196.26         -0.0261
196.29         -0.0257
196.32         -0.0254
196.35         -0.0250
196.38         -0.0246
196.41         -0.0243
196.44         -0.0239
196.47         -0.0235
196.50         -0.0232
196.53         -0.0228
196.56         -0.0224
196.59         -0.0220
196.62         -0.0216
196.65         -0.0213
196.68         -0.0209
196.71         -0.0205
196.74         -0.0201
196.77         -0.0197
196.80         -0.0193
196.83         -0.0189
196.86         -0.0185
196.89         -0.0181
196.92         -0.0177
196.95         -0.0173
196.98         -0.0169
197.01         -0.0165
197.04         -0.0161
197.07         -0.0157
197.10         -0.0152
197.13         -0.0148
197.16         -0.0144
197.19         -0.0140
197.22         -0.0136
197.25         -0.0132
197.28         -0.0127
197.31         -0.0123
197.34         -0.0119
197.37         -0.0115
197.40         -0.0110
197.43         -0.0106
197.46         -0.0102
197.49         -0.0098
197.52         -0.0093
197.55         -0.0089
197.58         -0.0085
197.61         -0.0080
197.64         -0.0076
197.67         -0.0072
197.70         -0.0067
197.73         -0.0063
197.76         -0.0059
197.79         -0.0054
197.82         -0.0050
197.85         -0.0046
197.88         -0.0041
197.91         -0.0037
197.94         -0.0032
197.97         -0.0028
198.00         -0.0024
198.03         -0.0019
198.06         -0.0015
198.09         -0.0011
198.12         -0.0006
198.15         -0.0002
198.18          0.0002
198.21          0.0007
198.24          0.0011
198.27          0.0016
198.30          0.0020
198.33          0.0024
198.36          0.0029
198.39          0.0033
198.42          0.0037
198.45          0.0042
198.48          0.0046
198.51          0.0050
198.54          0.0054
198.57          0.0059
198.60          0.0063
198.63          0.0067
198.66          0.0072
198.69          0.0076
198.72          0.0080
198.75          0.0084
198.78          0.0089
198.81          0.0093
198.84          0.0097
198.87          0.0101
198.90          0.0105
198.93          0.0110
198.96          0.0114
198.99          0.0118
199.02          0.0122
199.05          0.0126
199.08          0.0130
199.11          0.0134
199.14          0.0138
199.17          0.0142
199.20          0.0146
199.23          0.0150
199.26          0.0154
199.29          0.0158
199.32          0.0162
199.35          0.0166
199.38          0.0170
199.41          0.0174
199.44          0.0178
199.47          0.0182
199.50          0.0186
199.53          0.0189
199.56          0.0193
199.59          0.0197
199.62          0.0201
199.65          0.0204
199.68          0.0208
199.71          0.0212
199.74          0.0215
199.77          0.0219
199.80          0.0222
199.83          0.0226
199.86          0.0230
199.89          0.0233
199.92          0.0237
199.95          0.0240
199.98          0.0243
200.01          0.0247
200.04          0.0250
200.07          0.0253
200.10          0.0257
200.13          0.0260
200.16          0.0263
200.19          0.0267
200.22          0.0270
200.25          0.0273
200.28          0.0276
200.31          0.0279
200.34          0.0282
200.37          0.0285
200.40          0.0288
200.43          0.0291
200.46          0.0294
200.49          0.0297
200.52          0.0300
200.55          0.0303
200.58          0.0305
200.61          0.0308
200.64          0.0311
200.67          0.0314
200.70          0.0316
200.73          0.0319
200.76          0.0321
200.79          0.0324
200.82          0.0326
200.85          0.0329
200.88          0.0331
200.91          0.0334
200.94          0.0336
200.97          0.0338
201.00          0.0341
201.03          0.0343
201.06          0.0345
201.09          0.0347
201.12          0.0349
201.15          0.0351
201.18          0.0353
201.21          0.0355
201.24          0.0357
201.27          0.0359
201.30          0.0361
201.33          0.0363
201.36          0.0365
201.39          0.0367
201.42          0.0368
201.45          0.0370
201.48          0.0372
201.51          0.0373
201.54          0.0375
201.57          0.0376
201.60          0.0378
201.63          0.0379
201.66          0.0381
201.69          0.0382
201.72          0.0383
201.75          0.0384
201.78          0.0386
201.81          0.0387
201.84          0.0388
201.87          0.0389
201.90          0.0390
201.93          0.0391
201.96          0.0392
201.99          0.0393
202.02          0.0394
202.05          0.0395
202.08          0.0395
202.11          0.0396
202.14          0.0397
202.17          0.0397
202.20          0.0398
202.23          0.0398
202.26          0.0399
202.29          0.0399
202.32          0.0400
202.35          0.0400
202.38          0.0401
202.41          0.0401
202.44          0.0401
202.47          0.0401
202.50          0.0401
202.53          0.0402
202.56          0.0402
202.59          0.0402
202.62          0.0402
202.65          0.0402
202.68          0.0401
202.71          0.0401
202.74          0.0401
202.77          0.0401
202.80          0.0401
202.83          0.0400
202.86          0.0400
202.89          0.0399
202.92          0.0399
202.95          0.0398
202.98          0.0398
203.01          0.0397
203.04          0.0397
203.07          0.0396
203.10          0.0395
203.13          0.0394
203.16          0.0394
203.19          0.0393
203.22          0.0392
203.25          0.0391
203.28          0.0390
203.31          0.0389
203.34          0.0388
203.37          0.0387
203.40          0.0386
203.43          0.0384
203.46          0.0383
203.49          0.0382
203.52          0.0381
203.55          0.0379
203.58          0.0378
203.61          0.0376
203.64          0.0375
203.67          0.0373
203.70          0.0372
203.73          0.0370
203.76          0.0368
203.79          0.0367
203.82          0.0365
203.85          0.0363
203.88          0.0361
203.91          0.0360
203.94          0.0358
203.97          0.0356
204.00          0.0354
204.03          0.0352
204.06          0.0350
204.09          0.0348
204.12          0.0346
204.15          0.0343
204.18          0.0341
204.21          0.0339
204.24          0.0337
204.27          0.0334
204.30          0.0332
204.33          0.0330
204.36          0.0327
204.39          0.0325
204.42          0.0322
204.45          0.0320
204.48          0.0317
204.51          0.0315
204.54          0.0312
204.57          0.0310
204.60          0.0307
204.63          0.0304
204.66          0.0301
204.69          0.0299
204.72          0.0296
204.75          0.0293
204.78          0.0290
204.81          0.0287
204.84          0.0284
204.87          0.0281
204.90          0.0278
204.93          0.0275
204.96          0.0272
204.99          0.0269
205.02          0.0266
205.05          0.0263
205.08          0.0260
205.11          0.0257
205.14          0.0253
205.17          0.0250
205.20          0.0247
205.23          0.0244
205.26          0.0240
205.29          0.0237
205.32          0.0234
205.35          0.0230
205.38          0.0227
205.41          0.0223
205.44          0.0220
205.47          0.0216
205.50          0.0213
205.53          0.0209
205.56          0.0206
205.59          0.0202
205.62          0.0199
205.65          0.0195
205.68          0.0191
205.71          0.0188
205.74          0.0184
205.77          0.0180
205.80          0.0177
205.83          0.0173
205.86          0.0169
205.89          0.0166
205.92          0.0162
205.95          0.0158
205.98          0.0154
206.01          0.0150
206.04          0.0147
206.07          0.0143
206.10          0.0139
206.13          0.0135
206.16          0.0131
206.19          0.0127
206.22          0.0123
206.25          0.0119
206.28          0.0115
206.31          0.0111
206.34          0.0107
206.37          0.0103
206.40          0.0099
206.43          0.0096
206.46          0.0092
206.49          0.0088
206.52          0.0083
206.55          0.0079
206.58          0.0075
206.61          0.0071
206.64          0.0067
206.67          0.0063
206.70          0.0059
206.73          0.0055
206.76          0.0051
206.79          0.0047
206.82          0.0043
206.85          0.0039
206.88          0.0035
206.91          0.0031
206.94          0.0027
206.97          0.0023
207.00          0.0019
207.03          0.0014
207.06          0.0010
207.09          0.0006
207.12          0.0002
207.15         -0.0002
207.18         -0.0006
207.21         -0.0010
207.24         -0.0014
207.27         -0.0018
207.30         -0.0022
207.33         -0.0026
207.36         -0.0030
207.39         -0.0034
207.42         -0.0038
207.45         -0.0042
207.48         -0.0046
207.51         -0.0050
207.54         -0.0054
207.57         -0.0058
207.60         -0.0062
207.63         -0.0066
207.66         -0.0070
207.69         -0.0074
207.72         -0.0078
207.75         -0.0082
207.78         -0.0086
207.81         -0.0090
207.84         -0.0094
207.87         -0.0098
207.90         -0.0102
207.93         -0.0106
207.96         -0.0110
207.99         -0.0113
208.02         -0.0117
208.05         -0.0121
208.08         -0.0125
208.11         -0.0129
208.14         -0.0132
208.17         -0.0136
208.20         -0.0140
208.23         -0.0144
208.26         -0.0147
208.29         -0.0151
208.32         -0.0155
208.35         -0.0158
208.38         -0.0162
208.41         -0.0166
208.44         -0.0169
208.47         -0.0173
208.50         -0.0176
208.53         -0.0180
208.56         -0.0183
208.59         -0.0187
208.62         -0.0190
208.65         -0.0194
208.68         -0.0197
208.71         -0.0201
208.74         -0.0204
208.77         -0.0207
208.80         -0.0211
208.83         -0.0214
208.86         -0.0217
208.89         -0.0220
208.92         -0.0224
208.95         -0.0227
208.98         -0.0230
209.01         -0.0233
209.04         -0.0236
209.07         -0.0239
209.10         -0.0242
209.13         -0.0245
209.16         -0.0248
209.19         -0.0251
209.22         -0.0254
209.25         -0.0257
209.28         -0.0260
209.31         -0.0263
209.34         -0.0266
209.37         -0.0269
209.40         -0.0271
209.43         -0.0274
209.46         -0.0277
209.49         -0.0279
209.52         -0.0282
209.55         -0.0285
209.58         -0.0287
209.61         -0.0290
209.64         -0.0292
209.67         -0.0295
209.70         -0.0297
209.73         -0.0300
209.76         -0.0302
209.79         -0.0304
209.82         -0.0307
209.85         -0.0309
209.88         -0.0311
209.91         -0.0313
209.94         -0.0315
209.97         -0.0317
210.00         -0.0320
210.03         -0.0322
210.06         -0.0324
210.09         -0.0326
210.12         -0.0328
210.15         -0.0329
210.18         -0.0331
210.21         -0.0333
210.24         -0.0335
210.27         -0.0337
210.30         -0.0338
210.33         -0.0340
210.36         -0.0342
210.39         -0.0343
210.42         -0.0345
210.45         -0.0346
210.48         -0.0348
210.51         -0.0349
210.54         -0.0351
210.57         -0.0352
210.60         -0.0353
210.63         -0.0355
210.66         -0.0356
210.69         -0.0357
210.72         -0.0358
210.75         -0.0359
210.78         -0.0360
210.81         -0.0361
210.84         -0.0362
210.87         -0.0363
210.90         -0.0364
210.93         -0.0365
210.96         -0.0366
210.99         -0.0367
211.02         -0.0367
211.05         -0.0368
211.08         -0.0369
211.11         -0.0369
211.14         -0.0370
211.17         -0.0370
211.20         -0.0371
211.23         -0.0371
211.26         -0.0372
211.29         -0.0372
211.32         -0.0373
211.35         -0.0373
211.38         -0.0373
211.41         -0.0373
211.44         -0.0373
211.47         -0.0374
211.50         -0.0374
211.53         -0.0374
211.56         -0.0374
211.59         -0.0374
211.62         -0.0374
211.65         -0.0373
211.68         -0.0373
211.71         -0.0373
211.74         -0.0373
211.77         -0.0372
211.80         -0.0372
211.83         -0.0372
211.86         -0.0371
211.89         -0.0371
211.92         -0.0370
211.95         -0.0370
211.98         -0.0369
212.01         -0.0369
212.04         -0.0368
212.07         -0.0367
212.10         -0.0367
212.13         -0.0366
212.16         -0.0365
212.19         -0.0364
212.22         -0.0363
212.25         -0.0362
212.28         -0.0361
212.31         -0.0360
212.34         -0.0359
212.37         -0.0358
212.40         -0.0357
212.43         -0.0356
212.46         -0.0354
212.49         -0.0353
212.52         -0.0352
212.55         -0.0351
212.58         -0.0349
212.61         -0.0348
212.64         -0.0346
212.67         -0.0345
212.70         -0.0343
212.73         -0.0342
212.76         -0.0340
212.79         -0.0338
212.82         -0.0337
212.85         -0.0335
212.88         -0.0333
212.91         -0.0331
212.94         -0.0330
212.97         -0.0328
213.00         -0.0326
213.03         -0.0324
213.06         -0.0322
213.09         -0.0320
213.12         -0.0318
213.15         -0.0316
213.18         -0.0314
213.21         -0.0312
213.24         -0.0309
213.27         -0.0307
213.30         -0.0305
213.33         -0.0303
213.36         -0.0300
213.39         -0.0298
213.42         -0.0296
213.45         -0.0293
213.48         -0.0291
213.51         -0.0288
213.54         -0.0286
213.57         -0.0283
213.60         -0.0281
213.63         -0.0278
213.66         -0.0275
213.69         -0.0273
213.72         -0.0270
213.75         -0.0267
213.78         -0.0265
213.81         -0.0262
213.84         -0.0259
213.87         -0.0256
213.90         -0.0253
213.93         -0.0250
213.96         -0.0248
213.99         -0.0245
214.02         -0.0242
214.05         -0.0239
214.08         -0.0236
214.11         -0.0233
214.14         -0.0230
214.17         -0.0227
214.20         -0.0223
214.23         -0.0220
214.26         -0.0217
214.29         -0.0214
214.32         -0.0211
214.35         -0.0208
214.38         -0.0204
214.41         -0.0201
214.44         -0.0198
214.47         -0.0194
214.50         -0.0191
214.53         -0.0188
214.56         -0.0184
214.59         -0.0181
214.62         -0.0178
214.65         -0.0174
214.68         -0.0171
214.71         -0.0167
214.74         -0.0164
214.77         -0.0160
214.80         -0.0157
214.83         -0.0153
214.86         -0.0150
214.89         -0.0146
214.92         -0.0143
214.95         -0.0139
214.98         -0.0135
215.01         -0.0132
215.04         -0.0128
215.07         -0.0124
215.10         -0.0121
215.13         -0.0117
215.16         -0.0113
215.19         -0.0110
215.22         -0.0106
215.25         -0.0102
215.28         -0.0099
215.31         -0.0095
215.34         -0.0091
215.37         -0.0087
215.40         -0.0084
215.43         -0.0080
215.46         -0.0076
215.49         -0.0072
215.52         -0.0069
215.55         -0.0065
215.58         -0.0061
215.61         -0.0057
215.64         -0.0053
215.67         -0.0050
215.70         -0.0046
215.73         -0.0042
215.76         -0.0038
215.79         -0.0034
215.82         -0.0031
215.85         -0.0027
215.88         -0.0023
215.91         -0.0019
215.94         -0.0015
215.97         -0.0011
216.00         -0.0008
216.03         -0.0004
216.06          0.0000
216.09          0.0004
216.12          0.0008
216.15          0.0012
216.18          0.0015
216.21          0.0019
216.24          0.0023
216.27          0.0027
216.30          0.0031
216.33          0.0034
216.36          0.0038
216.39          0.0042
216.42          0.0046
216.45          0.0049
216.48          0.0053
216.51          0.0057
216.54          0.0061
216.57          0.0065
216.60          0.0068
216.63          0.0072
216.66          0.0076
216.69          0.0079
216.72          0.0083
216.75          0.0087
216.78          0.0090
216.81          0.0094
216.84          0.0098
216.87          0.0101
216.90          0.0105
216.93          0.0109
216.96          0.0112
216.99          0.0116
217.02          0.0119
217.05          0.0123
217.08          0.0126
217.11          0.0130
217.14          0.0133
217.17          0.0137
217.20          0.0140
217.23          0.0144
217.26          0.0147
217.29          0.0151
217.32          0.0154
217.35          0.0157
217.38          0.0161
217.41          0.0164
217.44          0.0167
217.47          0.0171
217.50          0.0174
217.53          0.0177
217.56          0.0181
217.59          0.0184
217.62          0.0187
217.65          0.0190
217.68          0.0193
217.71          0.0196
217.74          0.0199
217.77          0.0203
217.80          0.0206
217.83          0.0209
217.86          0.0212
217.89          0.0215
217.92          0.0218
217.95          0.0221
217.98          0.0223
218.01          0.0226
218.04          0.0229
218.07          0.0232
218.10          0.0235
218.13          0.0238
218.16          0.0240
218.19          0.0243
218.22          0.0246
218.25          0.0248
218.28          0.0251
218.31          0.0254
218.34          0.0256
218.37          0.0259
218.40          0.0261
218.43          0.0264
218.46          0.0266
218.49          0.0269
218.52          0.0271
218.55          0.0273
218.58          0.0276
218.61          0.0278
218.64          0.0280
218.67          0.0282
218.70          0.0285
218.73          0.0287
218.76          0.0289
218.79          0.0291
218.82          0.0293
218.85          0.0295
218.88          0.0297
218.91          0.0299
218.94          0.0301
218.97          0.0303
219.00          0.0305
219.03          0.0306
219.06          0.0308
219.09          0.0310
219.12          0.0312
219.15          0.0313
219.18          0.0315
219.21          0.0317
219.24          0.0318
219.27          0.0320
219.30          0.0321
219.33          0.0323
219.36          0.0324
219.39          0.0325
219.42          0.0327
219.45          0.0328
219.48          0.0329
219.51          0.0331
219.54          0.0332
219.57          0.0333
219.60          0.0334
219.63          0.0335
219.66          0.0336
219.69          0.0337
219.72          0.0338
219.75          0.0339
219.78          0.0340
219.81          0.0341
219.84          0.0342
219.87          0.0342
219.90          0.0343
219.93          0.0344
219.96          0.0345
219.99          0.0345
220.02          0.0346
220.05          0.0346
220.08          0.0347
220.11          0.0347
220.14          0.0348
220.17          0.0348
220.20          0.0348
220.23          0.0349
220.26          0.0349
220.29          0.0349
220.32          0.0349
220.35          0.0350
220.38          0.0350
220.41          0.0350
220.44          0.0350
220.47          0.0350
220.50          0.0350
220.53          0.0350
220.56          0.0349
220.59          0.0349
220.62          0.0349
220.65          0.0349
220.68          0.0349
220.71          0.0348
220.74          0.0348
220.77          0.0347
220.80          0.0347
220.83          0.0347
220.86          0.0346
220.89          0.0345
220.92          0.0345
220.95          0.0344
220.98          0.0344
221.01          0.0343
221.04          0.0342
221.07          0.0341
221.10          0.0340
221.13          0.0340
221.16          0.0339
221.19          0.0338
221.22          0.0337
221.25          0.0336
221.28          0.0335
221.31          0.0334
221.34          0.0332
221.37          0.0331
221.40          0.0330
221.43          0.0329
221.46          0.0328
221.49          0.0326
221.52          0.0325
221.55          0.0324
221.58          0.0322
221.61          0.0321
221.64          0.0319
221.67          0.0318
221.70          0.0316
221.73          0.0314
221.76          0.0313
221.79          0.0311
221.82          0.0309
221.85          0.0308
221.88          0.0306
221.91          0.0304
221.94          0.0302
221.97          0.0300
222.00          0.0299
222.03          0.0297
222.06          0.0295
222.09          0.0293
222.12          0.0291
222.15          0.0289
222.18          0.0286
222.21          0.0284
222.24          0.0282
222.27          0.0280
222.30          0.0278
222.33          0.0275
222.36          0.0273
222.39          0.0271
222.42          0.0269
222.45          0.0266
222.48          0.0264
222.51          0.0261
222.54          0.0259
222.57          0.0256
222.60          0.0254
222.63          0.0251
222.66          0.0249
222.69          0.0246
222.72          0.0244
222.75          0.0241
222.78          0.0238
222.81          0.0235
222.84          0.0233
222.87          0.0230
222.90          0.0227
222.93          0.0224
222.96          0.0222
222.99          0.0219
223.02          0.0216
223.05          0.0213
223.08          0.0210
223.11          0.0207
223.14          0.0204
223.17          0.0201
223.20          0.0198
223.23          0.0195
223.26          0.0192
223.29          0.0189
223.32          0.0186
223.35          0.0183
223.38          0.0180
223.41          0.0177
223.44          0.0173
223.47          0.0170
223.50          0.0167
223.53          0.0164
223.56          0.0160
223.59          0.0157
223.62          0.0154
223.65          0.0151
223.68          0.0147
223.71          0.0144
223.74          0.0141
223.77          0.0137
223.80          0.0134
223.83          0.0131
223.86          0.0127
223.89          0.0124
223.92          0.0120
223.95          0.0117
223.98          0.0114
224.01          0.0110
224.04          0.0107
224.07          0.0103
224.10          0.0100
224.13          0.0096
224.16          0.0093
224.19          0.0089
224.22          0.0086
224.25          0.0082
224.28          0.0079
224.31          0.0075
224.34          0.0071
224.37          0.0068
224.40          0.0064
224.43          0.0061
224.46          0.0057
224.49          0.0054
224.52          0.0050
224.55          0.0046
224.58          0.0043
224.61          0.0039
224.64          0.0036
224.67          0.0032
224.70          0.0028
224.73          0.0025
224.76          0.0021
224.79          0.0018
224.82          0.0014
224.85          0.0010
224.88          0.0007
224.91          0.0003
224.94         -0.0001
224.97         -0.0004
225.00         -0.0008
225.03         -0.0011
225.06         -0.0015
225.09         -0.0019
225.12         -0.0022
225.15         -0.0026
225.18         -0.0029
225.21         -0.0033
225.24         -0.0037
225.27         -0.0040
225.30         -0.0044
225.33         -0.0047
225.36         -0.0051
225.39         -0.0054
225.42         -0.0058
225.45         -0.0061
225.48         -0.0065
225.51         -0.0068
225.54         -0.0072
225.57         -0.0075
225.60         -0.0079
225.63         -0.0082
225.66         -0.0086
225.69         -0.0089
225.72         -0.0093
225.75         -0.0096
225.78         -0.0100
225.81         -0.0103
225.84         -0.0106
225.87         -0.0110
225.90         -0.0113
225.93         -0.0117
225.96         -0.0120
225.99         -0.0123
226.02         -0.0127
226.05         -0.0130
226.08         -0.0133
226.11         -0.0136
226.14         -0.0140
226.17         -0.0143
226.20         -0.0146
226.23         -0.0149
226.26         -0.0153
226.29         -0.0156
226.32         -0.0159
226.35         -0.0162
226.38         -0.0165
226.41         -0.0168
226.44         -0.0171
226.47         -0.0174
226.50         -0.0177
226.53         -0.0180
226.56         -0.0183
226.59         -0.0186
226.62         -0.0189
226.65         -0.0192
226.68         -0.0195
226.71         -0.0198
226.74         -0.0201
226.77         -0.0203
226.80         -0.0206
226.83         -0.0209
226.86         -0.0212
226.89         -0.0215
226.92         -0.0217
226.95         -0.0220
226.98         -0.0223
227.01         -0.0225
227.04         -0.0228
227.07         -0.0230
227.10         -0.0233
227.13         -0.0235
227.16         -0.0238
227.19         -0.0240
227.22         -0.0243
227.25         -0.0245
227.28         -0.0248
227.31         -0.0250
227.34         -0.0252
227.37         -0.0254
227.40         -0.0257
227.43         -0.0259
227.46         -0.0261
227.49         -0.0263
227.52         -0.0265
227.55         -0.0268
227.58         -0.0270
227.61         -0.0272
227.64         -0.0274
227.67         -0.0276
227.70         -0.0278
227.73         -0.0280
227.76         -0.0281
227.79         -0.0283
227.82         -0.0285
227.85         -0.0287
227.88         -0.0289
227.91         -0.0290
227.94         -0.0292
227.97         -0.0294
228.00         -0.0295
228.03         -0.0297
228.06         -0.0298
228.09         -0.0300
228.12         -0.0301
228.15         -0.0303
228.18         -0.0304
228.21         -0.0306
228.24         -0.0307
228.27         -0.0308
228.30         -0.0310
228.33         -0.0311
228.36         -0.0312
228.39         -0.0313
228.42         -0.0314
228.45         -0.0315
228.48         -0.0316
228.51         -0.0317
228.54         -0.0318
228.57         -0.0319
228.60         -0.0320
228.63         -0.0321
228.66         -0.0322
228.69         -0.0323
228.72         -0.0324
228.75         -0.0324
228.78         -0.0325
228.81         -0.0326
228.84         -0.0326
228.87         -0.0327
228.90         -0.0327
228.93         -0.0328
228.96         -0.0328
228.99         -0.0329
229.02         -0.0329
229.05         -0.0330
229.08         -0.0330
229.11         -0.0330
229.14         -0.0330
229.17         -0.0331
229.20         -0.0331
229.23         -0.0331
229.26         -0.0331
229.29         -0.0331
229.32         -0.0331
229.35         -0.0331
229.38         -0.0331
229.41         -0.0331
229.44         -0.0331
229.47         -0.0330
229.50         -0.0330
229.53         -0.0330
229.56         -0.0330
229.59         -0.0329
229.62         -0.0329
229.65         -0.0329
229.68         -0.0328
229.71         -0.0328
229.74         -0.0327
229.77         -0.0327
229.80         -0.0326
229.83         -0.0325
229.86         -0.0325
229.89         -0.0324
229.92         -0.0323
229.95         -0.0323
229.98         -0.0322
230.01         -0.0321
230.04         -0.0320
230.07         -0.0319
230.10         -0.0318
230.13         -0.0317
230.16         -0.0316
230.19         -0.0315
230.22         -0.0314
230.25         -0.0313
230.28         -0.0312
230.31         -0.0311
230.34         -0.0309
230.37         -0.0308
230.40         -0.0307
230.43         -0.0305
230.46         -0.0304
230.49         -0.0303
230.52         -0.0301
230.55         -0.0300
230.58         -0.0298
230.61         -0.0297
230.64         -0.0295
230.67         -0.0294
230.70         -0.0292
230.73         -0.0290
230.76         -0.0288
230.79         -0.0287
230.82         -0.0285
230.85         -0.0283
230.88         -0.0281
230.91         -0.0279
230.94         -0.0278
230.97         -0.0276
231.00         -0.0274
231.03         -0.0272
231.06         -0.0270
231.09         -0.0268
231.12         -0.0266
231.15         -0.0263
231.18         -0.0261
231.21         -0.0259
231.24         -0.0257
231.27         -0.0255
231.30         -0.0252
231.33         -0.0250
231.36         -0.0248
231.39         -0.0246
231.42         -0.0243
231.45         -0.0241
231.48         -0.0238
231.51         -0.0236
231.54         -0.0233
231.57         -0.0231
231.60         -0.0228
231.63         -0.0226
231.66         -0.0223
231.69         -0.0221
231.72         -0.0218
231.75         -0.0215
231.78         -0.0213
231.81         -0.0210
231.84         -0.0207
231.87         -0.0205
231.90         -0.0202
231.93         -0.0199
231.96         -0.0196
231.99         -0.0193
232.02         -0.0191
232.05         -0.0188
232.08         -0.0185
232.11         -0.0182
232.14         -0.0179
232.17         -0.0176
232.20         -0.0173
232.23         -0.0170
232.26         -0.0167
232.29         -0.0164
232.32         -0.0161
232.35         -0.0158
232.38         -0.0155
232.41         -0.0152
232.44         -0.0149
232.47         -0.0146
232.50         -0.0142
232.53         -0.0139
232.56         -0.0136
232.59         -0.0133
232.62         -0.0130
232.65         -0.0126
232.68         -0.0123
232.71         -0.0120
232.74         -0.0117
232.77         -0.0113
232.80         -0.0110
232.83         -0.0107
232.86         -0.0104
232.89         -0.0100
232.92         -0.0097
232.95         -0.0094
232.98         -0.0090
233.01         -0.0087
233.04         -0.0084
233.07         -0.0080
233.10         -0.0077
233.13         -0.0073
233.16         -0.0070
233.19         -0.0067
233.22         -0.0063
233.25         -0.0060
233.28         -0.0056
233.31         -0.0053
233.34         -0.0049
233.37         -0.0046
233.40         -0.0043
233.43         -0.0039
233.46         -0.0036
233.49         -0.0032
233.52         -0.0029
233.55         -0.0025
233.58         -0.0022
233.61         -0.0018
233.64         -0.0015
233.67         -0.0012
233.70         -0.0008
233.73         -0.0005
233.76         -0.0001
233.79          0.0002
233.82          0.0006
233.85          0.0009
233.88          0.0013
233.91          0.0016
233.94          0.0020
233.97          0.0023
234.00          0.0027
234.03          0.0030
234.06          0.0033
234.09          0.0037
234.12          0.0040
234.15          0.0044
234.18          0.0047
234.21          0.0050
234.24          0.0054
234.27          0.0057
234.30          0.0061
234.33          0.0064
234.36          0.0067
234.39          0.0071
234.42          0.0074
234.45          0.0078
234.48          0.0081
234.51          0.0084
234.54          0.0087
234.57          0.0091
234.60          0.0094
234.63          0.0097
234.66          0.0101
234.69          0.0104
234.72          0.0107
234.75          0.0110
234.78          0.0114
234.81          0.0117
234.84          0.0120
234.87          0.0123
234.90          0.0126
234.93          0.0129
234.96          0.0133
234.99          0.0136
235.02          0.0139
235.05          0.0142
235.08          0.0145
235.11          0.0148
235.14          0.0151
235.17          0.0154
235.20          0.0157
235.23          0.0160
235.26          0.0163
235.29          0.0166
235.32          0.0169
235.35          0.0172
235.38          0.0175
235.41          0.0177
235.44          0.0180
235.47          0.0183
235.50          0.0186
235.53          0.0189
235.56          0.0191
235.59          0.0194
235.62          0.0197
235.65          0.0200
235.68          0.0202
235.71          0.0205
235.74          0.0207
235.77          0.0210
235.80          0.0213
235.83          0.0215
235.86          0.0218
235.89          0.0220
235.92          0.0223
235.95          0.0225
235.98          0.0227
236.01          0.0230
236.04          0.0232
236.07          0.0235
236.10          0.0237
236.13          0.0239
236.16          0.0241
236.19          0.0244
236.22          0.0246
236.25          0.0248
236.28          0.0250
236.31          0.0252
236.34          0.0254
236.37          0.0256
236.40          0.0258
236.43          0.0260
236.46          0.0262
236.49          0.0264
236.52          0.0266
236.55          0.0268
236.58          0.0270
236.61          0.0271
236.64          0.0273
236.67          0.0275
236.70          0.0277
236.73          0.0278
236.76          0.0280
236.79          0.0282
236.82          0.0283
236.85          0.0285
236.88          0.0286
236.91          0.0288
236.94          0.0289
236.97          0.0291
237.00          0.0292
237.03          0.0293
237.06          0.0295
237.09          0.0296
237.12          0.0297
237.15          0.0298
237.18          0.0299
237.21          0.0301
237.24          0.0302
237.27          0.0303
237.30          0.0304
237.33          0.0305
237.36          0.0306
237.39          0.0307
237.42          0.0308
237.45          0.0308
237.48          0.0309
237.51          0.0310
237.54          0.0311
237.57          0.0312
237.60          0.0312
237.63          0.0313
237.66          0.0313
237.69          0.0314
237.72          0.0315
237.75          0.0315
237.78          0.0316
237.81          0.0316
237.84          0.0316
237.87          0.0317
237.90          0.0317
237.93          0.0317
237.96          0.0318
237.99          0.0318
238.02          0.0318
238.05          0.0318
238.08          0.0318
238.11          0.0318
238.14          0.0318
238.17          0.0318
238.20          0.0318
238.23          0.0318
238.26          0.0318
238.29          0.0318
238.32          0.0318
238.35          0.0317
238.38          0.0317
238.41          0.0317
238.44          0.0317
238.47          0.0316
238.50          0.0316
238.53          0.0315
238.56          0.0315
238.59          0.0314
238.62          0.0314
238.65          0.0313
238.68          0.0313
238.71          0.0312
238.74          0.0311
238.77          0.0310
238.80          0.0310
238.83          0.0309
238.86          0.0308
238.89          0.0307
238.92          0.0306
238.95          0.0305
238.98          0.0304
239.01          0.0303
239.04          0.0302
239.07          0.0301
239.10          0.0300
239.13          0.0299
239.16          0.0298
239.19          0.0297
239.22          0.0295
239.25          0.0294
239.28          0.0293
239.31          0.0291
239.34          0.0290
239.37          0.0289
239.40          0.0287
239.43          0.0286
239.46          0.0284
239.49          0.0283
239.52          0.0281
239.55          0.0279
239.58          0.0278
239.61          0.0276
239.64          0.0274
239.67          0.0273
239.70          0.0271
239.73          0.0269
239.76          0.0267
239.79          0.0265
239.82          0.0264
239.85          0.0262
239.88          0.0260
239.91          0.0258
239.94          0.0256
239.97          0.0254
240.00          0.0252
