   Wave #: 	11
Wave amplitude (m): 	0.01
Wave omega (rad/s): 	0.3263992367
Time (s)  Pitch (rads)
0.03            0.0000
0.06            0.0000
0.09            0.0000
0.12            0.0000
0.15            0.0000
0.18            0.0000
0.21            0.0000
0.24            0.0000
0.27            0.0000
0.30            0.0000
0.33            0.0000
0.36            0.0000
0.39           -0.0000
0.42           -0.0000
0.45           -0.0000
0.48           -0.0000
0.51           -0.0000
0.54           -0.0000
0.57           -0.0000
0.60           -0.0000
0.63           -0.0000
0.66           -0.0000
0.69           -0.0000
0.72           -0.0000
0.75           -0.0000
0.78           -0.0000
0.81           -0.0000
0.84           -0.0000
0.87           -0.0000
0.90           -0.0000
0.93           -0.0000
0.96           -0.0001
0.99           -0.0001
1.02           -0.0001
1.05           -0.0001
1.08           -0.0001
1.11           -0.0001
1.14           -0.0001
1.17           -0.0001
1.20           -0.0001
1.23           -0.0001
1.26           -0.0001
1.29           -0.0001
1.32           -0.0001
1.35           -0.0001
1.38           -0.0002
1.41           -0.0002
1.44           -0.0002
1.47           -0.0002
1.50           -0.0002
1.53           -0.0002
1.56           -0.0002
1.59           -0.0002
1.62           -0.0002
1.65           -0.0003
1.68           -0.0003
1.71           -0.0003
1.74           -0.0003
1.77           -0.0003
1.80           -0.0003
1.83           -0.0003
1.86           -0.0004
1.89           -0.0004
1.92           -0.0004
1.95           -0.0004
1.98           -0.0004
2.01           -0.0004
2.04           -0.0005
2.07           -0.0005
2.10           -0.0005
2.13           -0.0005
2.16           -0.0005
2.19           -0.0005
2.22           -0.0006
2.25           -0.0006
2.28           -0.0006
2.31           -0.0006
2.34           -0.0006
2.37           -0.0007
2.40           -0.0007
2.43           -0.0007
2.46           -0.0007
2.49           -0.0007
2.52           -0.0008
2.55           -0.0008
2.58           -0.0008
2.61           -0.0008
2.64           -0.0009
2.67           -0.0009
2.70           -0.0009
2.73           -0.0009
2.76           -0.0009
2.79           -0.0010
2.82           -0.0010
2.85           -0.0010
2.88           -0.0010
2.91           -0.0011
2.94           -0.0011
2.97           -0.0011
3.00           -0.0012
3.03           -0.0012
3.06           -0.0012
3.09           -0.0012
3.12           -0.0013
3.15           -0.0013
3.18           -0.0013
3.21           -0.0014
3.24           -0.0014
3.27           -0.0014
3.30           -0.0014
3.33           -0.0015
3.36           -0.0015
3.39           -0.0015
3.42           -0.0016
3.45           -0.0016
3.48           -0.0016
3.51           -0.0017
3.54           -0.0017
3.57           -0.0017
3.60           -0.0018
3.63           -0.0018
3.66           -0.0018
3.69           -0.0019
3.72           -0.0019
3.75           -0.0020
3.78           -0.0020
3.81           -0.0020
3.84           -0.0021
3.87           -0.0021
3.90           -0.0021
3.93           -0.0022
3.96           -0.0022
3.99           -0.0023
4.02           -0.0023
4.05           -0.0023
4.08           -0.0024
4.11           -0.0024
4.14           -0.0025
4.17           -0.0025
4.20           -0.0026
4.23           -0.0026
4.26           -0.0026
4.29           -0.0027
4.32           -0.0027
4.35           -0.0028
4.38           -0.0028
4.41           -0.0029
4.44           -0.0029
4.47           -0.0029
4.50           -0.0030
4.53           -0.0030
4.56           -0.0031
4.59           -0.0031
4.62           -0.0032
4.65           -0.0032
4.68           -0.0033
4.71           -0.0033
4.74           -0.0034
4.77           -0.0034
4.80           -0.0035
4.83           -0.0035
4.86           -0.0035
4.89           -0.0036
4.92           -0.0036
4.95           -0.0037
4.98           -0.0037
5.01           -0.0038
5.04           -0.0038
5.07           -0.0039
5.10           -0.0039
5.13           -0.0040
5.16           -0.0040
5.19           -0.0041
5.22           -0.0041
5.25           -0.0042
5.28           -0.0042
5.31           -0.0043
5.34           -0.0043
5.37           -0.0044
5.40           -0.0045
5.43           -0.0045
5.46           -0.0046
5.49           -0.0046
5.52           -0.0047
5.55           -0.0047
5.58           -0.0048
5.61           -0.0048
5.64           -0.0049
5.67           -0.0049
5.70           -0.0050
5.73           -0.0050
5.76           -0.0051
5.79           -0.0051
5.82           -0.0052
5.85           -0.0052
5.88           -0.0053
5.91           -0.0053
5.94           -0.0054
5.97           -0.0054
6.00           -0.0055
6.03           -0.0056
6.06           -0.0056
6.09           -0.0057
6.12           -0.0057
6.15           -0.0058
6.18           -0.0058
6.21           -0.0059
6.24           -0.0059
6.27           -0.0060
6.30           -0.0060
6.33           -0.0061
6.36           -0.0061
6.39           -0.0062
6.42           -0.0062
6.45           -0.0063
6.48           -0.0063
6.51           -0.0064
6.54           -0.0064
6.57           -0.0065
6.60           -0.0066
6.63           -0.0066
6.66           -0.0067
6.69           -0.0067
6.72           -0.0068
6.75           -0.0068
6.78           -0.0069
6.81           -0.0069
6.84           -0.0070
6.87           -0.0070
6.90           -0.0071
6.93           -0.0071
6.96           -0.0072
6.99           -0.0072
7.02           -0.0073
7.05           -0.0073
7.08           -0.0073
7.11           -0.0074
7.14           -0.0074
7.17           -0.0075
7.20           -0.0075
7.23           -0.0076
7.26           -0.0076
7.29           -0.0077
7.32           -0.0077
7.35           -0.0078
7.38           -0.0078
7.41           -0.0079
7.44           -0.0079
7.47           -0.0079
7.50           -0.0080
7.53           -0.0080
7.56           -0.0081
7.59           -0.0081
7.62           -0.0082
7.65           -0.0082
7.68           -0.0082
7.71           -0.0083
7.74           -0.0083
7.77           -0.0084
7.80           -0.0084
7.83           -0.0084
7.86           -0.0085
7.89           -0.0085
7.92           -0.0085
7.95           -0.0086
7.98           -0.0086
8.01           -0.0086
8.04           -0.0087
8.07           -0.0087
8.10           -0.0088
8.13           -0.0088
8.16           -0.0088
8.19           -0.0088
8.22           -0.0089
8.25           -0.0089
8.28           -0.0089
8.31           -0.0090
8.34           -0.0090
8.37           -0.0090
8.40           -0.0091
8.43           -0.0091
8.46           -0.0091
8.49           -0.0091
8.52           -0.0092
8.55           -0.0092
8.58           -0.0092
8.61           -0.0092
8.64           -0.0092
8.67           -0.0093
8.70           -0.0093
8.73           -0.0093
8.76           -0.0093
8.79           -0.0093
8.82           -0.0094
8.85           -0.0094
8.88           -0.0094
8.91           -0.0094
8.94           -0.0094
8.97           -0.0094
9.00           -0.0095
9.03           -0.0095
9.06           -0.0095
9.09           -0.0095
9.12           -0.0095
9.15           -0.0095
9.18           -0.0095
9.21           -0.0095
9.24           -0.0095
9.27           -0.0095
9.30           -0.0095
9.33           -0.0095
9.36           -0.0095
9.39           -0.0096
9.42           -0.0096
9.45           -0.0096
9.48           -0.0096
9.51           -0.0096
9.54           -0.0096
9.57           -0.0095
9.60           -0.0095
9.63           -0.0095
9.66           -0.0095
9.69           -0.0095
9.72           -0.0095
9.75           -0.0095
9.78           -0.0095
9.81           -0.0095
9.84           -0.0095
9.87           -0.0095
9.90           -0.0095
9.93           -0.0094
9.96           -0.0094
9.99           -0.0094
10.02          -0.0094
10.05          -0.0094
10.08          -0.0094
10.11          -0.0093
10.14          -0.0093
10.17          -0.0093
10.20          -0.0093
10.23          -0.0092
10.26          -0.0092
10.29          -0.0092
10.32          -0.0092
10.35          -0.0091
10.38          -0.0091
10.41          -0.0091
10.44          -0.0090
10.47          -0.0090
10.50          -0.0090
10.53          -0.0089
10.56          -0.0089
10.59          -0.0089
10.62          -0.0088
10.65          -0.0088
10.68          -0.0088
10.71          -0.0087
10.74          -0.0087
10.77          -0.0086
10.80          -0.0086
10.83          -0.0086
10.86          -0.0085
10.89          -0.0085
10.92          -0.0084
10.95          -0.0084
10.98          -0.0083
11.01          -0.0083
11.04          -0.0082
11.07          -0.0082
11.10          -0.0081
11.13          -0.0081
11.16          -0.0080
11.19          -0.0079
11.22          -0.0079
11.25          -0.0078
11.28          -0.0078
11.31          -0.0077
11.34          -0.0076
11.37          -0.0076
11.40          -0.0075
11.43          -0.0074
11.46          -0.0074
11.49          -0.0073
11.52          -0.0072
11.55          -0.0072
11.58          -0.0071
11.61          -0.0070
11.64          -0.0070
11.67          -0.0069
11.70          -0.0068
11.73          -0.0067
11.76          -0.0067
11.79          -0.0066
11.82          -0.0065
11.85          -0.0064
11.88          -0.0064
11.91          -0.0063
11.94          -0.0062
11.97          -0.0061
12.00          -0.0060
12.03          -0.0059
12.06          -0.0059
12.09          -0.0058
12.12          -0.0057
12.15          -0.0056
12.18          -0.0055
12.21          -0.0054
12.24          -0.0053
12.27          -0.0052
12.30          -0.0051
12.33          -0.0050
12.36          -0.0049
12.39          -0.0049
12.42          -0.0048
12.45          -0.0047
12.48          -0.0046
12.51          -0.0045
12.54          -0.0044
12.57          -0.0043
12.60          -0.0042
12.63          -0.0041
12.66          -0.0040
12.69          -0.0038
12.72          -0.0037
12.75          -0.0036
12.78          -0.0035
12.81          -0.0034
12.84          -0.0033
12.87          -0.0032
12.90          -0.0031
12.93          -0.0030
12.96          -0.0029
12.99          -0.0028
13.02          -0.0026
13.05          -0.0025
13.08          -0.0024
13.11          -0.0023
13.14          -0.0022
13.17          -0.0021
13.20          -0.0020
13.23          -0.0018
13.26          -0.0017
13.29          -0.0016
13.32          -0.0015
13.35          -0.0014
13.38          -0.0012
13.41          -0.0011
13.44          -0.0010
13.47          -0.0009
13.50          -0.0007
13.53          -0.0006
13.56          -0.0005
13.59          -0.0004
13.62          -0.0002
13.65          -0.0001
13.68           0.0000
13.71           0.0001
13.74           0.0003
13.77           0.0004
13.80           0.0005
13.83           0.0007
13.86           0.0008
13.89           0.0009
13.92           0.0011
13.95           0.0012
13.98           0.0013
14.01           0.0014
14.04           0.0016
14.07           0.0017
14.10           0.0018
14.13           0.0020
14.16           0.0021
14.19           0.0022
14.22           0.0024
14.25           0.0025
14.28           0.0027
14.31           0.0028
14.34           0.0029
14.37           0.0031
14.40           0.0032
14.43           0.0033
14.46           0.0035
14.49           0.0036
14.52           0.0037
14.55           0.0039
14.58           0.0040
14.61           0.0042
14.64           0.0043
14.67           0.0044
14.70           0.0046
14.73           0.0047
14.76           0.0049
14.79           0.0050
14.82           0.0051
14.85           0.0053
14.88           0.0054
14.91           0.0055
14.94           0.0057
14.97           0.0058
15.00           0.0060
15.03           0.0061
15.06           0.0062
15.09           0.0064
15.12           0.0065
15.15           0.0067
15.18           0.0068
15.21           0.0069
15.24           0.0071
15.27           0.0072
15.30           0.0073
15.33           0.0075
15.36           0.0076
15.39           0.0078
15.42           0.0079
15.45           0.0080
15.48           0.0082
15.51           0.0083
15.54           0.0084
15.57           0.0086
15.60           0.0087
15.63           0.0088
15.66           0.0090
15.69           0.0091
15.72           0.0092
15.75           0.0094
15.78           0.0095
15.81           0.0096
15.84           0.0098
15.87           0.0099
15.90           0.0100
15.93           0.0102
15.96           0.0103
15.99           0.0104
16.02           0.0106
16.05           0.0107
16.08           0.0108
16.11           0.0109
16.14           0.0111
16.17           0.0112
16.20           0.0113
16.23           0.0114
16.26           0.0116
16.29           0.0117
16.32           0.0118
16.35           0.0119
16.38           0.0121
16.41           0.0122
16.44           0.0123
16.47           0.0124
16.50           0.0125
16.53           0.0126
16.56           0.0128
16.59           0.0129
16.62           0.0130
16.65           0.0131
16.68           0.0132
16.71           0.0133
16.74           0.0134
16.77           0.0136
16.80           0.0137
16.83           0.0138
16.86           0.0139
16.89           0.0140
16.92           0.0141
16.95           0.0142
16.98           0.0143
17.01           0.0144
17.04           0.0145
17.07           0.0146
17.10           0.0147
17.13           0.0148
17.16           0.0149
17.19           0.0150
17.22           0.0151
17.25           0.0152
17.28           0.0153
17.31           0.0154
17.34           0.0155
17.37           0.0156
17.40           0.0157
17.43           0.0157
17.46           0.0158
17.49           0.0159
17.52           0.0160
17.55           0.0161
17.58           0.0162
17.61           0.0162
17.64           0.0163
17.67           0.0164
17.70           0.0165
17.73           0.0166
17.76           0.0166
17.79           0.0167
17.82           0.0168
17.85           0.0168
17.88           0.0169
17.91           0.0170
17.94           0.0170
17.97           0.0171
18.00           0.0172
18.03           0.0172
18.06           0.0173
18.09           0.0173
18.12           0.0174
18.15           0.0175
18.18           0.0175
18.21           0.0176
18.24           0.0176
18.27           0.0177
18.30           0.0177
18.33           0.0178
18.36           0.0178
18.39           0.0178
18.42           0.0179
18.45           0.0179
18.48           0.0180
18.51           0.0180
18.54           0.0180
18.57           0.0181
18.60           0.0181
18.63           0.0181
18.66           0.0182
18.69           0.0182
18.72           0.0182
18.75           0.0182
18.78           0.0183
18.81           0.0183
18.84           0.0183
18.87           0.0183
18.90           0.0183
18.93           0.0183
18.96           0.0184
18.99           0.0184
19.02           0.0184
19.05           0.0184
19.08           0.0184
19.11           0.0184
19.14           0.0184
19.17           0.0184
19.20           0.0184
19.23           0.0184
19.26           0.0184
19.29           0.0184
19.32           0.0184
19.35           0.0184
19.38           0.0183
19.41           0.0183
19.44           0.0183
19.47           0.0183
19.50           0.0183
19.53           0.0183
19.56           0.0182
19.59           0.0182
19.62           0.0182
19.65           0.0182
19.68           0.0181
19.71           0.0181
19.74           0.0181
19.77           0.0180
19.80           0.0180
19.83           0.0179
19.86           0.0179
19.89           0.0179
19.92           0.0178
19.95           0.0178
19.98           0.0177
20.01           0.0177
20.04           0.0176
20.07           0.0176
20.10           0.0175
20.13           0.0175
20.16           0.0174
20.19           0.0173
20.22           0.0173
20.25           0.0172
20.28           0.0171
20.31           0.0171
20.34           0.0170
20.37           0.0169
20.40           0.0169
20.43           0.0168
20.46           0.0167
20.49           0.0166
20.52           0.0165
20.55           0.0165
20.58           0.0164
20.61           0.0163
20.64           0.0162
20.67           0.0161
20.70           0.0160
20.73           0.0159
20.76           0.0158
20.79           0.0157
20.82           0.0156
20.85           0.0155
20.88           0.0154
20.91           0.0153
20.94           0.0152
20.97           0.0151
21.00           0.0150
21.03           0.0149
21.06           0.0148
21.09           0.0147
21.12           0.0146
21.15           0.0144
21.18           0.0143
21.21           0.0142
21.24           0.0141
21.27           0.0139
21.30           0.0138
21.33           0.0137
21.36           0.0136
21.39           0.0134
21.42           0.0133
21.45           0.0132
21.48           0.0130
21.51           0.0129
21.54           0.0128
21.57           0.0126
21.60           0.0125
21.63           0.0123
21.66           0.0122
21.69           0.0120
21.72           0.0119
21.75           0.0117
21.78           0.0116
21.81           0.0114
21.84           0.0113
21.87           0.0111
21.90           0.0110
21.93           0.0108
21.96           0.0107
21.99           0.0105
22.02           0.0103
22.05           0.0102
22.08           0.0100
22.11           0.0098
22.14           0.0097
22.17           0.0095
22.20           0.0093
22.23           0.0092
22.26           0.0090
22.29           0.0088
22.32           0.0086
22.35           0.0085
22.38           0.0083
22.41           0.0081
22.44           0.0079
22.47           0.0077
22.50           0.0076
22.53           0.0074
22.56           0.0072
22.59           0.0070
22.62           0.0068
22.65           0.0066
22.68           0.0064
22.71           0.0062
22.74           0.0060
22.77           0.0059
22.80           0.0057
22.83           0.0055
22.86           0.0053
22.89           0.0051
22.92           0.0049
22.95           0.0047
22.98           0.0045
23.01           0.0043
23.04           0.0041
23.07           0.0039
23.10           0.0037
23.13           0.0035
23.16           0.0033
23.19           0.0031
23.22           0.0028
23.25           0.0026
23.28           0.0024
23.31           0.0022
23.34           0.0020
23.37           0.0018
23.40           0.0016
23.43           0.0014
23.46           0.0012
23.49           0.0010
23.52           0.0007
23.55           0.0005
23.58           0.0003
23.61           0.0001
23.64          -0.0001
23.67          -0.0003
23.70          -0.0006
23.73          -0.0008
23.76          -0.0010
23.79          -0.0012
23.82          -0.0014
23.85          -0.0016
23.88          -0.0019
23.91          -0.0021
23.94          -0.0023
23.97          -0.0025
24.00          -0.0027
24.03          -0.0030
24.06          -0.0032
24.09          -0.0034
24.12          -0.0036
24.15          -0.0038
24.18          -0.0041
24.21          -0.0043
24.24          -0.0045
24.27          -0.0047
24.30          -0.0049
24.33          -0.0052
24.36          -0.0054
24.39          -0.0056
24.42          -0.0058
24.45          -0.0061
24.48          -0.0063
24.51          -0.0065
24.54          -0.0067
24.57          -0.0069
24.60          -0.0072
24.63          -0.0074
24.66          -0.0076
24.69          -0.0078
24.72          -0.0080
24.75          -0.0083
24.78          -0.0085
24.81          -0.0087
24.84          -0.0089
24.87          -0.0091
24.90          -0.0094
24.93          -0.0096
24.96          -0.0098
24.99          -0.0100
25.02          -0.0102
25.05          -0.0104
25.08          -0.0107
25.11          -0.0109
25.14          -0.0111
25.17          -0.0113
25.20          -0.0115
25.23          -0.0117
25.26          -0.0119
25.29          -0.0122
25.32          -0.0124
25.35          -0.0126
25.38          -0.0128
25.41          -0.0130
25.44          -0.0132
25.47          -0.0134
25.50          -0.0136
25.53          -0.0138
25.56          -0.0140
25.59          -0.0142
25.62          -0.0144
25.65          -0.0146
25.68          -0.0148
25.71          -0.0150
25.74          -0.0152
25.77          -0.0154
25.80          -0.0156
25.83          -0.0158
25.86          -0.0160
25.89          -0.0162
25.92          -0.0164
25.95          -0.0166
25.98          -0.0168
26.01          -0.0170
26.04          -0.0172
26.07          -0.0173
26.10          -0.0175
26.13          -0.0177
26.16          -0.0179
26.19          -0.0181
26.22          -0.0182
26.25          -0.0184
26.28          -0.0186
26.31          -0.0188
26.34          -0.0190
26.37          -0.0191
26.40          -0.0193
26.43          -0.0195
26.46          -0.0196
26.49          -0.0198
26.52          -0.0200
26.55          -0.0201
26.58          -0.0203
26.61          -0.0205
26.64          -0.0206
26.67          -0.0208
26.70          -0.0209
26.73          -0.0211
26.76          -0.0212
26.79          -0.0214
26.82          -0.0215
26.85          -0.0217
26.88          -0.0218
26.91          -0.0220
26.94          -0.0221
26.97          -0.0222
27.00          -0.0224
27.03          -0.0225
27.06          -0.0227
27.09          -0.0228
27.12          -0.0229
27.15          -0.0230
27.18          -0.0232
27.21          -0.0233
27.24          -0.0234
27.27          -0.0235
27.30          -0.0237
27.33          -0.0238
27.36          -0.0239
27.39          -0.0240
27.42          -0.0241
27.45          -0.0242
27.48          -0.0243
27.51          -0.0244
27.54          -0.0245
27.57          -0.0246
27.60          -0.0247
27.63          -0.0248
27.66          -0.0249
27.69          -0.0250
27.72          -0.0251
27.75          -0.0252
27.78          -0.0253
27.81          -0.0254
27.84          -0.0254
27.87          -0.0255
27.90          -0.0256
27.93          -0.0257
27.96          -0.0257
27.99          -0.0258
28.02          -0.0259
28.05          -0.0259
28.08          -0.0260
28.11          -0.0261
28.14          -0.0261
28.17          -0.0262
28.20          -0.0262
28.23          -0.0263
28.26          -0.0263
28.29          -0.0264
28.32          -0.0264
28.35          -0.0265
28.38          -0.0265
28.41          -0.0265
28.44          -0.0266
28.47          -0.0266
28.50          -0.0266
28.53          -0.0267
28.56          -0.0267
28.59          -0.0267
28.62          -0.0267
28.65          -0.0267
28.68          -0.0268
28.71          -0.0268
28.74          -0.0268
28.77          -0.0268
28.80          -0.0268
28.83          -0.0268
28.86          -0.0268
28.89          -0.0268
28.92          -0.0268
28.95          -0.0268
28.98          -0.0268
29.01          -0.0267
29.04          -0.0267
29.07          -0.0267
29.10          -0.0267
29.13          -0.0267
29.16          -0.0266
29.19          -0.0266
29.22          -0.0266
29.25          -0.0265
29.28          -0.0265
29.31          -0.0265
29.34          -0.0264
29.37          -0.0264
29.40          -0.0263
29.43          -0.0263
29.46          -0.0262
29.49          -0.0262
29.52          -0.0261
29.55          -0.0260
29.58          -0.0260
29.61          -0.0259
29.64          -0.0258
29.67          -0.0258
29.70          -0.0257
29.73          -0.0256
29.76          -0.0255
29.79          -0.0255
29.82          -0.0254
29.85          -0.0253
29.88          -0.0252
29.91          -0.0251
29.94          -0.0250
29.97          -0.0249
30.00          -0.0248
30.03          -0.0247
30.06          -0.0246
30.09          -0.0245
30.12          -0.0244
30.15          -0.0243
30.18          -0.0242
30.21          -0.0241
30.24          -0.0239
30.27          -0.0238
30.30          -0.0237
30.33          -0.0236
30.36          -0.0234
30.39          -0.0233
30.42          -0.0232
30.45          -0.0230
30.48          -0.0229
30.51          -0.0227
30.54          -0.0226
30.57          -0.0225
30.60          -0.0223
30.63          -0.0222
30.66          -0.0220
30.69          -0.0219
30.72          -0.0217
30.75          -0.0215
30.78          -0.0214
30.81          -0.0212
30.84          -0.0210
30.87          -0.0209
30.90          -0.0207
30.93          -0.0205
30.96          -0.0203
30.99          -0.0202
31.02          -0.0200
31.05          -0.0198
31.08          -0.0196
31.11          -0.0194
31.14          -0.0192
31.17          -0.0190
31.20          -0.0189
31.23          -0.0187
31.26          -0.0185
31.29          -0.0183
31.32          -0.0181
31.35          -0.0179
31.38          -0.0176
31.41          -0.0174
31.44          -0.0172
31.47          -0.0170
31.50          -0.0168
31.53          -0.0166
31.56          -0.0164
31.59          -0.0161
31.62          -0.0159
31.65          -0.0157
31.68          -0.0155
31.71          -0.0152
31.74          -0.0150
31.77          -0.0148
31.80          -0.0145
31.83          -0.0143
31.86          -0.0141
31.89          -0.0138
31.92          -0.0136
31.95          -0.0134
31.98          -0.0131
32.01          -0.0129
32.04          -0.0126
32.07          -0.0124
32.10          -0.0121
32.13          -0.0119
32.16          -0.0116
32.19          -0.0114
32.22          -0.0111
32.25          -0.0108
32.28          -0.0106
32.31          -0.0103
32.34          -0.0101
32.37          -0.0098
32.40          -0.0095
32.43          -0.0093
32.46          -0.0090
32.49          -0.0087
32.52          -0.0085
32.55          -0.0082
32.58          -0.0079
32.61          -0.0076
32.64          -0.0074
32.67          -0.0071
32.70          -0.0068
32.73          -0.0065
32.76          -0.0063
32.79          -0.0060
32.82          -0.0057
32.85          -0.0054
32.88          -0.0051
32.91          -0.0048
32.94          -0.0046
32.97          -0.0043
33.00          -0.0040
33.03          -0.0037
33.06          -0.0034
33.09          -0.0031
33.12          -0.0028
33.15          -0.0025
33.18          -0.0022
33.21          -0.0020
33.24          -0.0017
33.27          -0.0014
33.30          -0.0011
33.33          -0.0008
33.36          -0.0005
33.39          -0.0002
33.42           0.0001
33.45           0.0004
33.48           0.0007
33.51           0.0010
33.54           0.0013
33.57           0.0016
33.60           0.0019
33.63           0.0022
33.66           0.0025
33.69           0.0028
33.72           0.0031
33.75           0.0034
33.78           0.0037
33.81           0.0040
33.84           0.0043
33.87           0.0046
33.90           0.0049
33.93           0.0052
33.96           0.0055
33.99           0.0058
34.02           0.0061
34.05           0.0064
34.08           0.0067
34.11           0.0070
34.14           0.0073
34.17           0.0076
34.20           0.0079
34.23           0.0082
34.26           0.0085
34.29           0.0088
34.32           0.0091
34.35           0.0094
34.38           0.0097
34.41           0.0100
34.44           0.0103
34.47           0.0106
34.50           0.0109
34.53           0.0112
34.56           0.0115
34.59           0.0118
34.62           0.0120
34.65           0.0123
34.68           0.0126
34.71           0.0129
34.74           0.0132
34.77           0.0135
34.80           0.0138
34.83           0.0141
34.86           0.0144
34.89           0.0146
34.92           0.0149
34.95           0.0152
34.98           0.0155
35.01           0.0158
35.04           0.0161
35.07           0.0163
35.10           0.0166
35.13           0.0169
35.16           0.0172
35.19           0.0174
35.22           0.0177
35.25           0.0180
35.28           0.0183
35.31           0.0185
35.34           0.0188
35.37           0.0191
35.40           0.0193
35.43           0.0196
35.46           0.0199
35.49           0.0201
35.52           0.0204
35.55           0.0206
35.58           0.0209
35.61           0.0211
35.64           0.0214
35.67           0.0217
35.70           0.0219
35.73           0.0221
35.76           0.0224
35.79           0.0226
35.82           0.0229
35.85           0.0231
35.88           0.0234
35.91           0.0236
35.94           0.0238
35.97           0.0241
36.00           0.0243
36.03           0.0245
36.06           0.0248
36.09           0.0250
36.12           0.0252
36.15           0.0254
36.18           0.0256
36.21           0.0259
36.24           0.0261
36.27           0.0263
36.30           0.0265
36.33           0.0267
36.36           0.0269
36.39           0.0271
36.42           0.0273
36.45           0.0275
36.48           0.0277
36.51           0.0279
36.54           0.0281
36.57           0.0283
36.60           0.0285
36.63           0.0287
36.66           0.0288
36.69           0.0290
36.72           0.0292
36.75           0.0294
36.78           0.0295
36.81           0.0297
36.84           0.0299
36.87           0.0300
36.90           0.0302
36.93           0.0304
36.96           0.0305
36.99           0.0307
37.02           0.0308
37.05           0.0310
37.08           0.0311
37.11           0.0313
37.14           0.0314
37.17           0.0315
37.20           0.0317
37.23           0.0318
37.26           0.0319
37.29           0.0321
37.32           0.0322
37.35           0.0323
37.38           0.0324
37.41           0.0325
37.44           0.0327
37.47           0.0328
37.50           0.0329
37.53           0.0330
37.56           0.0331
37.59           0.0332
37.62           0.0333
37.65           0.0333
37.68           0.0334
37.71           0.0335
37.74           0.0336
37.77           0.0337
37.80           0.0338
37.83           0.0338
37.86           0.0339
37.89           0.0340
37.92           0.0340
37.95           0.0341
37.98           0.0341
38.01           0.0342
38.04           0.0342
38.07           0.0343
38.10           0.0343
38.13           0.0344
38.16           0.0344
38.19           0.0344
38.22           0.0345
38.25           0.0345
38.28           0.0345
38.31           0.0345
38.34           0.0346
38.37           0.0346
38.40           0.0346
38.43           0.0346
38.46           0.0346
38.49           0.0346
38.52           0.0346
38.55           0.0346
38.58           0.0346
38.61           0.0346
38.64           0.0346
38.67           0.0345
38.70           0.0345
38.73           0.0345
38.76           0.0345
38.79           0.0344
38.82           0.0344
38.85           0.0344
38.88           0.0343
38.91           0.0343
38.94           0.0342
38.97           0.0342
39.00           0.0341
39.03           0.0340
39.06           0.0340
39.09           0.0339
39.12           0.0339
39.15           0.0338
39.18           0.0337
39.21           0.0336
39.24           0.0335
39.27           0.0335
39.30           0.0334
39.33           0.0333
39.36           0.0332
39.39           0.0331
39.42           0.0330
39.45           0.0329
39.48           0.0328
39.51           0.0327
39.54           0.0325
39.57           0.0324
39.60           0.0323
39.63           0.0322
39.66           0.0320
39.69           0.0319
39.72           0.0318
39.75           0.0316
39.78           0.0315
39.81           0.0314
39.84           0.0312
39.87           0.0311
39.90           0.0309
39.93           0.0308
39.96           0.0306
39.99           0.0304
40.02           0.0303
40.05           0.0301
40.08           0.0299
40.11           0.0297
40.14           0.0296
40.17           0.0294
40.20           0.0292
40.23           0.0290
40.26           0.0288
40.29           0.0286
40.32           0.0284
40.35           0.0282
40.38           0.0280
40.41           0.0278
40.44           0.0276
40.47           0.0274
40.50           0.0272
40.53           0.0270
40.56           0.0268
40.59           0.0265
40.62           0.0263
40.65           0.0261
40.68           0.0258
40.71           0.0256
40.74           0.0254
40.77           0.0251
40.80           0.0249
40.83           0.0247
40.86           0.0244
40.89           0.0242
40.92           0.0239
40.95           0.0236
40.98           0.0234
41.01           0.0231
41.04           0.0229
41.07           0.0226
41.10           0.0223
41.13           0.0221
41.16           0.0218
41.19           0.0215
41.22           0.0212
41.25           0.0210
41.28           0.0207
41.31           0.0204
41.34           0.0201
41.37           0.0198
41.40           0.0195
41.43           0.0192
41.46           0.0189
41.49           0.0186
41.52           0.0183
41.55           0.0180
41.58           0.0177
41.61           0.0174
41.64           0.0171
41.67           0.0168
41.70           0.0165
41.73           0.0162
41.76           0.0159
41.79           0.0155
41.82           0.0152
41.85           0.0149
41.88           0.0146
41.91           0.0142
41.94           0.0139
41.97           0.0136
42.00           0.0133
42.03           0.0129
42.06           0.0126
42.09           0.0123
42.12           0.0119
42.15           0.0116
42.18           0.0112
42.21           0.0109
42.24           0.0106
42.27           0.0102
42.30           0.0099
42.33           0.0095
42.36           0.0092
42.39           0.0088
42.42           0.0085
42.45           0.0081
42.48           0.0078
42.51           0.0074
42.54           0.0070
42.57           0.0067
42.60           0.0063
42.63           0.0060
42.66           0.0056
42.69           0.0052
42.72           0.0049
42.75           0.0045
42.78           0.0042
42.81           0.0038
42.84           0.0034
42.87           0.0031
42.90           0.0027
42.93           0.0023
42.96           0.0020
42.99           0.0016
43.02           0.0012
43.05           0.0008
43.08           0.0005
43.11           0.0001
43.14          -0.0003
43.17          -0.0006
43.20          -0.0010
43.23          -0.0014
43.26          -0.0018
43.29          -0.0021
43.32          -0.0025
43.35          -0.0029
43.38          -0.0033
43.41          -0.0036
43.44          -0.0040
43.47          -0.0044
43.50          -0.0048
43.53          -0.0051
43.56          -0.0055
43.59          -0.0059
43.62          -0.0063
43.65          -0.0066
43.68          -0.0070
43.71          -0.0074
43.74          -0.0078
43.77          -0.0081
43.80          -0.0085
43.83          -0.0089
43.86          -0.0093
43.89          -0.0096
43.92          -0.0100
43.95          -0.0104
43.98          -0.0107
44.01          -0.0111
44.04          -0.0115
44.07          -0.0118
44.10          -0.0122
44.13          -0.0126
44.16          -0.0129
44.19          -0.0133
44.22          -0.0137
44.25          -0.0140
44.28          -0.0144
44.31          -0.0148
44.34          -0.0151
44.37          -0.0155
44.40          -0.0158
44.43          -0.0162
44.46          -0.0166
44.49          -0.0169
44.52          -0.0173
44.55          -0.0176
44.58          -0.0180
44.61          -0.0183
44.64          -0.0187
44.67          -0.0190
44.70          -0.0194
44.73          -0.0197
44.76          -0.0201
44.79          -0.0204
44.82          -0.0207
44.85          -0.0211
44.88          -0.0214
44.91          -0.0218
44.94          -0.0221
44.97          -0.0224
45.00          -0.0228
45.03          -0.0231
45.06          -0.0234
45.09          -0.0237
45.12          -0.0241
45.15          -0.0244
45.18          -0.0247
45.21          -0.0250
45.24          -0.0253
45.27          -0.0256
45.30          -0.0260
45.33          -0.0263
45.36          -0.0266
45.39          -0.0269
45.42          -0.0272
45.45          -0.0275
45.48          -0.0278
45.51          -0.0281
45.54          -0.0284
45.57          -0.0287
45.60          -0.0290
45.63          -0.0292
45.66          -0.0295
45.69          -0.0298
45.72          -0.0301
45.75          -0.0304
45.78          -0.0306
45.81          -0.0309
45.84          -0.0312
45.87          -0.0314
45.90          -0.0317
45.93          -0.0320
45.96          -0.0322
45.99          -0.0325
46.02          -0.0327
46.05          -0.0330
46.08          -0.0332
46.11          -0.0335
46.14          -0.0337
46.17          -0.0340
46.20          -0.0342
46.23          -0.0344
46.26          -0.0346
46.29          -0.0349
46.32          -0.0351
46.35          -0.0353
46.38          -0.0355
46.41          -0.0357
46.44          -0.0360
46.47          -0.0362
46.50          -0.0364
46.53          -0.0366
46.56          -0.0368
46.59          -0.0370
46.62          -0.0372
46.65          -0.0373
46.68          -0.0375
46.71          -0.0377
46.74          -0.0379
46.77          -0.0381
46.80          -0.0382
46.83          -0.0384
46.86          -0.0386
46.89          -0.0387
46.92          -0.0389
46.95          -0.0390
46.98          -0.0392
47.01          -0.0393
47.04          -0.0395
47.07          -0.0396
47.10          -0.0397
47.13          -0.0399
47.16          -0.0400
47.19          -0.0401
47.22          -0.0402
47.25          -0.0404
47.28          -0.0405
47.31          -0.0406
47.34          -0.0407
47.37          -0.0408
47.40          -0.0409
47.43          -0.0410
47.46          -0.0411
47.49          -0.0412
47.52          -0.0412
47.55          -0.0413
47.58          -0.0414
47.61          -0.0415
47.64          -0.0415
47.67          -0.0416
47.70          -0.0417
47.73          -0.0417
47.76          -0.0418
47.79          -0.0418
47.82          -0.0419
47.85          -0.0419
47.88          -0.0419
47.91          -0.0420
47.94          -0.0420
47.97          -0.0420
48.00          -0.0420
48.03          -0.0421
48.06          -0.0421
48.09          -0.0421
48.12          -0.0421
48.15          -0.0421
48.18          -0.0421
48.21          -0.0421
48.24          -0.0421
48.27          -0.0420
48.30          -0.0420
48.33          -0.0420
48.36          -0.0420
48.39          -0.0419
48.42          -0.0419
48.45          -0.0419
48.48          -0.0418
48.51          -0.0418
48.54          -0.0417
48.57          -0.0417
48.60          -0.0416
48.63          -0.0415
48.66          -0.0415
48.69          -0.0414
48.72          -0.0413
48.75          -0.0413
48.78          -0.0412
48.81          -0.0411
48.84          -0.0410
48.87          -0.0409
48.90          -0.0408
48.93          -0.0407
48.96          -0.0406
48.99          -0.0405
49.02          -0.0404
49.05          -0.0402
49.08          -0.0401
49.11          -0.0400
49.14          -0.0399
49.17          -0.0397
49.20          -0.0396
49.23          -0.0394
49.26          -0.0393
49.29          -0.0391
49.32          -0.0390
49.35          -0.0388
49.38          -0.0387
49.41          -0.0385
49.44          -0.0383
49.47          -0.0381
49.50          -0.0380
49.53          -0.0378
49.56          -0.0376
49.59          -0.0374
49.62          -0.0372
49.65          -0.0370
49.68          -0.0368
49.71          -0.0366
49.74          -0.0364
49.77          -0.0362
49.80          -0.0360
49.83          -0.0358
49.86          -0.0355
49.89          -0.0353
49.92          -0.0351
49.95          -0.0348
49.98          -0.0346
50.01          -0.0344
50.04          -0.0341
50.07          -0.0339
50.10          -0.0336
50.13          -0.0334
50.16          -0.0331
50.19          -0.0329
50.22          -0.0326
50.25          -0.0323
50.28          -0.0321
50.31          -0.0318
50.34          -0.0315
50.37          -0.0312
50.40          -0.0309
50.43          -0.0306
50.46          -0.0304
50.49          -0.0301
50.52          -0.0298
50.55          -0.0295
50.58          -0.0292
50.61          -0.0289
50.64          -0.0285
50.67          -0.0282
50.70          -0.0279
50.73          -0.0276
50.76          -0.0273
50.79          -0.0269
50.82          -0.0266
50.85          -0.0263
50.88          -0.0260
50.91          -0.0256
50.94          -0.0253
50.97          -0.0249
51.00          -0.0246
51.03          -0.0242
51.06          -0.0239
51.09          -0.0235
51.12          -0.0232
51.15          -0.0228
51.18          -0.0225
51.21          -0.0221
51.24          -0.0217
51.27          -0.0214
51.30          -0.0210
51.33          -0.0206
51.36          -0.0203
51.39          -0.0199
51.42          -0.0195
51.45          -0.0191
51.48          -0.0187
51.51          -0.0184
51.54          -0.0180
51.57          -0.0176
51.60          -0.0172
51.63          -0.0168
51.66          -0.0164
51.69          -0.0160
51.72          -0.0156
51.75          -0.0152
51.78          -0.0148
51.81          -0.0144
51.84          -0.0140
51.87          -0.0136
51.90          -0.0132
51.93          -0.0128
51.96          -0.0123
51.99          -0.0119
52.02          -0.0115
52.05          -0.0111
52.08          -0.0107
52.11          -0.0103
52.14          -0.0098
52.17          -0.0094
52.20          -0.0090
52.23          -0.0086
52.26          -0.0081
52.29          -0.0077
52.32          -0.0073
52.35          -0.0068
52.38          -0.0064
52.41          -0.0060
52.44          -0.0055
52.47          -0.0051
52.50          -0.0047
52.53          -0.0042
52.56          -0.0038
52.59          -0.0034
52.62          -0.0029
52.65          -0.0025
52.68          -0.0020
52.71          -0.0016
52.74          -0.0011
52.77          -0.0007
52.80          -0.0003
52.83           0.0002
52.86           0.0006
52.89           0.0011
52.92           0.0015
52.95           0.0020
52.98           0.0024
53.01           0.0028
53.04           0.0033
53.07           0.0037
53.10           0.0042
53.13           0.0046
53.16           0.0051
53.19           0.0055
53.22           0.0060
53.25           0.0064
53.28           0.0069
53.31           0.0073
53.34           0.0077
53.37           0.0082
53.40           0.0086
53.43           0.0091
53.46           0.0095
53.49           0.0100
53.52           0.0104
53.55           0.0108
53.58           0.0113
53.61           0.0117
53.64           0.0122
53.67           0.0126
53.70           0.0130
53.73           0.0135
53.76           0.0139
53.79           0.0143
53.82           0.0148
53.85           0.0152
53.88           0.0156
53.91           0.0161
53.94           0.0165
53.97           0.0169
54.00           0.0174
54.03           0.0178
54.06           0.0182
54.09           0.0186
54.12           0.0191
54.15           0.0195
54.18           0.0199
54.21           0.0203
54.24           0.0207
54.27           0.0212
54.30           0.0216
54.33           0.0220
54.36           0.0224
54.39           0.0228
54.42           0.0232
54.45           0.0236
54.48           0.0240
54.51           0.0244
54.54           0.0248
54.57           0.0252
54.60           0.0256
54.63           0.0260
54.66           0.0264
54.69           0.0268
54.72           0.0272
54.75           0.0275
54.78           0.0279
54.81           0.0283
54.84           0.0287
54.87           0.0290
54.90           0.0294
54.93           0.0298
54.96           0.0302
54.99           0.0305
55.02           0.0309
55.05           0.0312
55.08           0.0316
55.11           0.0320
55.14           0.0323
55.17           0.0327
55.20           0.0330
55.23           0.0333
55.26           0.0337
55.29           0.0340
55.32           0.0344
55.35           0.0347
55.38           0.0350
55.41           0.0353
55.44           0.0357
55.47           0.0360
55.50           0.0363
55.53           0.0366
55.56           0.0369
55.59           0.0372
55.62           0.0375
55.65           0.0378
55.68           0.0381
55.71           0.0384
55.74           0.0387
55.77           0.0390
55.80           0.0393
55.83           0.0396
55.86           0.0398
55.89           0.0401
55.92           0.0404
55.95           0.0406
55.98           0.0409
56.01           0.0411
56.04           0.0414
56.07           0.0417
56.10           0.0419
56.13           0.0421
56.16           0.0424
56.19           0.0426
56.22           0.0428
56.25           0.0431
56.28           0.0433
56.31           0.0435
56.34           0.0437
56.37           0.0439
56.40           0.0441
56.43           0.0444
56.46           0.0446
56.49           0.0447
56.52           0.0449
56.55           0.0451
56.58           0.0453
56.61           0.0455
56.64           0.0457
56.67           0.0458
56.70           0.0460
56.73           0.0462
56.76           0.0463
56.79           0.0465
56.82           0.0466
56.85           0.0468
56.88           0.0469
56.91           0.0470
56.94           0.0472
56.97           0.0473
57.00           0.0474
57.03           0.0475
57.06           0.0476
57.09           0.0478
57.12           0.0479
57.15           0.0480
57.18           0.0481
57.21           0.0481
57.24           0.0482
57.27           0.0483
57.30           0.0484
57.33           0.0485
57.36           0.0485
57.39           0.0486
57.42           0.0487
57.45           0.0487
57.48           0.0488
57.51           0.0488
57.54           0.0488
57.57           0.0489
57.60           0.0489
57.63           0.0489
57.66           0.0490
57.69           0.0490
57.72           0.0490
57.75           0.0490
57.78           0.0490
57.81           0.0490
57.84           0.0490
57.87           0.0490
57.90           0.0490
57.93           0.0490
57.96           0.0489
57.99           0.0489
58.02           0.0489
58.05           0.0488
58.08           0.0488
58.11           0.0487
58.14           0.0487
58.17           0.0486
58.20           0.0486
58.23           0.0485
58.26           0.0484
58.29           0.0483
58.32           0.0483
58.35           0.0482
58.38           0.0481
58.41           0.0480
58.44           0.0479
58.47           0.0478
58.50           0.0477
58.53           0.0476
58.56           0.0474
58.59           0.0473
58.62           0.0472
58.65           0.0471
58.68           0.0469
58.71           0.0468
58.74           0.0466
58.77           0.0465
58.80           0.0463
58.83           0.0462
58.86           0.0460
58.89           0.0458
58.92           0.0457
58.95           0.0455
58.98           0.0453
59.01           0.0451
59.04           0.0449
59.07           0.0447
59.10           0.0445
59.13           0.0443
59.16           0.0441
59.19           0.0439
59.22           0.0437
59.25           0.0435
59.28           0.0432
59.31           0.0430
59.34           0.0428
59.37           0.0425
59.40           0.0423
59.43           0.0420
59.46           0.0418
59.49           0.0415
59.52           0.0413
59.55           0.0410
59.58           0.0407
59.61           0.0405
59.64           0.0402
59.67           0.0399
59.70           0.0396
59.73           0.0393
59.76           0.0390
59.79           0.0387
59.82           0.0384
59.85           0.0381
59.88           0.0378
59.91           0.0375
59.94           0.0372
59.97           0.0369
60.00           0.0366
60.03           0.0362
60.06           0.0359
60.09           0.0356
60.12           0.0352
60.15           0.0349
60.18           0.0345
60.21           0.0342
60.24           0.0338
60.27           0.0335
60.30           0.0331
60.33           0.0327
60.36           0.0324
60.39           0.0320
60.42           0.0316
60.45           0.0313
60.48           0.0309
60.51           0.0305
60.54           0.0301
60.57           0.0297
60.60           0.0293
60.63           0.0289
60.66           0.0285
60.69           0.0281
60.72           0.0277
60.75           0.0273
60.78           0.0269
60.81           0.0265
60.84           0.0261
60.87           0.0256
60.90           0.0252
60.93           0.0248
60.96           0.0244
60.99           0.0239
61.02           0.0235
61.05           0.0231
61.08           0.0226
61.11           0.0222
61.14           0.0217
61.17           0.0213
61.20           0.0208
61.23           0.0204
61.26           0.0199
61.29           0.0195
61.32           0.0190
61.35           0.0186
61.38           0.0181
61.41           0.0176
61.44           0.0172
61.47           0.0167
61.50           0.0162
61.53           0.0158
61.56           0.0153
61.59           0.0148
61.62           0.0143
61.65           0.0139
61.68           0.0134
61.71           0.0129
61.74           0.0124
61.77           0.0119
61.80           0.0114
61.83           0.0109
61.86           0.0105
61.89           0.0100
61.92           0.0095
61.95           0.0090
61.98           0.0085
62.01           0.0080
62.04           0.0075
62.07           0.0070
62.10           0.0065
62.13           0.0060
62.16           0.0055
62.19           0.0050
62.22           0.0045
62.25           0.0040
62.28           0.0035
62.31           0.0030
62.34           0.0024
62.37           0.0019
62.40           0.0014
62.43           0.0009
62.46           0.0004
62.49          -0.0001
62.52          -0.0006
62.55          -0.0011
62.58          -0.0016
62.61          -0.0021
62.64          -0.0027
62.67          -0.0032
62.70          -0.0037
62.73          -0.0042
62.76          -0.0047
62.79          -0.0052
62.82          -0.0057
62.85          -0.0062
62.88          -0.0067
62.91          -0.0073
62.94          -0.0078
62.97          -0.0083
63.00          -0.0088
63.03          -0.0093
63.06          -0.0098
63.09          -0.0103
63.12          -0.0108
63.15          -0.0113
63.18          -0.0118
63.21          -0.0123
63.24          -0.0128
63.27          -0.0133
63.30          -0.0138
63.33          -0.0144
63.36          -0.0149
63.39          -0.0154
63.42          -0.0159
63.45          -0.0164
63.48          -0.0168
63.51          -0.0173
63.54          -0.0178
63.57          -0.0183
63.60          -0.0188
63.63          -0.0193
63.66          -0.0198
63.69          -0.0203
63.72          -0.0208
63.75          -0.0213
63.78          -0.0217
63.81          -0.0222
63.84          -0.0227
63.87          -0.0232
63.90          -0.0237
63.93          -0.0241
63.96          -0.0246
63.99          -0.0251
64.02          -0.0255
64.05          -0.0260
64.08          -0.0265
64.11          -0.0269
64.14          -0.0274
64.17          -0.0278
64.20          -0.0283
64.23          -0.0288
64.26          -0.0292
64.29          -0.0297
64.32          -0.0301
64.35          -0.0305
64.38          -0.0310
64.41          -0.0314
64.44          -0.0318
64.47          -0.0323
64.50          -0.0327
64.53          -0.0331
64.56          -0.0336
64.59          -0.0340
64.62          -0.0344
64.65          -0.0348
64.68          -0.0352
64.71          -0.0356
64.74          -0.0360
64.77          -0.0364
64.80          -0.0368
64.83          -0.0372
64.86          -0.0376
64.89          -0.0380
64.92          -0.0384
64.95          -0.0388
64.98          -0.0392
65.01          -0.0395
65.04          -0.0399
65.07          -0.0403
65.10          -0.0407
65.13          -0.0410
65.16          -0.0414
65.19          -0.0417
65.22          -0.0421
65.25          -0.0424
65.28          -0.0428
65.31          -0.0431
65.34          -0.0434
65.37          -0.0438
65.40          -0.0441
65.43          -0.0444
65.46          -0.0448
65.49          -0.0451
65.52          -0.0454
65.55          -0.0457
65.58          -0.0460
65.61          -0.0463
65.64          -0.0466
65.67          -0.0469
65.70          -0.0472
65.73          -0.0474
65.76          -0.0477
65.79          -0.0480
65.82          -0.0483
65.85          -0.0485
65.88          -0.0488
65.91          -0.0491
65.94          -0.0493
65.97          -0.0496
66.00          -0.0498
66.03          -0.0500
66.06          -0.0503
66.09          -0.0505
66.12          -0.0507
66.15          -0.0509
66.18          -0.0512
66.21          -0.0514
66.24          -0.0516
66.27          -0.0518
66.30          -0.0520
66.33          -0.0522
66.36          -0.0523
66.39          -0.0525
66.42          -0.0527
66.45          -0.0529
66.48          -0.0530
66.51          -0.0532
66.54          -0.0534
66.57          -0.0535
66.60          -0.0537
66.63          -0.0538
66.66          -0.0539
66.69          -0.0541
66.72          -0.0542
66.75          -0.0543
66.78          -0.0544
66.81          -0.0546
66.84          -0.0547
66.87          -0.0548
66.90          -0.0549
66.93          -0.0549
66.96          -0.0550
66.99          -0.0551
67.02          -0.0552
67.05          -0.0553
67.08          -0.0553
67.11          -0.0554
67.14          -0.0554
67.17          -0.0555
67.20          -0.0555
67.23          -0.0556
67.26          -0.0556
67.29          -0.0556
67.32          -0.0557
67.35          -0.0557
67.38          -0.0557
67.41          -0.0557
67.44          -0.0557
67.47          -0.0557
67.50          -0.0557
67.53          -0.0557
67.56          -0.0556
67.59          -0.0556
67.62          -0.0556
67.65          -0.0556
67.68          -0.0555
67.71          -0.0555
67.74          -0.0554
67.77          -0.0554
67.80          -0.0553
67.83          -0.0552
67.86          -0.0552
67.89          -0.0551
67.92          -0.0550
67.95          -0.0549
67.98          -0.0548
68.01          -0.0547
68.04          -0.0546
68.07          -0.0545
68.10          -0.0544
68.13          -0.0543
68.16          -0.0541
68.19          -0.0540
68.22          -0.0539
68.25          -0.0537
68.28          -0.0536
68.31          -0.0534
68.34          -0.0533
68.37          -0.0531
68.40          -0.0530
68.43          -0.0528
68.46          -0.0526
68.49          -0.0524
68.52          -0.0522
68.55          -0.0520
68.58          -0.0518
68.61          -0.0516
68.64          -0.0514
68.67          -0.0512
68.70          -0.0510
68.73          -0.0508
68.76          -0.0505
68.79          -0.0503
68.82          -0.0501
68.85          -0.0498
68.88          -0.0496
68.91          -0.0493
68.94          -0.0491
68.97          -0.0488
69.00          -0.0485
69.03          -0.0483
69.06          -0.0480
69.09          -0.0477
69.12          -0.0474
69.15          -0.0471
69.18          -0.0468
69.21          -0.0465
69.24          -0.0462
69.27          -0.0459
69.30          -0.0456
69.33          -0.0453
69.36          -0.0450
69.39          -0.0446
69.42          -0.0443
69.45          -0.0440
69.48          -0.0436
69.51          -0.0433
69.54          -0.0429
69.57          -0.0426
69.60          -0.0422
69.63          -0.0418
69.66          -0.0415
69.69          -0.0411
69.72          -0.0407
69.75          -0.0404
69.78          -0.0400
69.81          -0.0396
69.84          -0.0392
69.87          -0.0388
69.90          -0.0384
69.93          -0.0380
69.96          -0.0376
69.99          -0.0372
70.02          -0.0368
70.05          -0.0363
70.08          -0.0359
70.11          -0.0355
70.14          -0.0351
70.17          -0.0346
70.20          -0.0342
70.23          -0.0337
70.26          -0.0333
70.29          -0.0328
70.32          -0.0324
70.35          -0.0319
70.38          -0.0315
70.41          -0.0310
70.44          -0.0306
70.47          -0.0301
70.50          -0.0296
70.53          -0.0291
70.56          -0.0287
70.59          -0.0282
70.62          -0.0277
70.65          -0.0272
70.68          -0.0267
70.71          -0.0262
70.74          -0.0257
70.77          -0.0252
70.80          -0.0247
70.83          -0.0242
70.86          -0.0237
70.89          -0.0232
70.92          -0.0227
70.95          -0.0222
70.98          -0.0217
71.01          -0.0212
71.04          -0.0206
71.07          -0.0201
71.10          -0.0196
71.13          -0.0191
71.16          -0.0185
71.19          -0.0180
71.22          -0.0175
71.25          -0.0169
71.28          -0.0164
71.31          -0.0159
71.34          -0.0153
71.37          -0.0148
71.40          -0.0142
71.43          -0.0137
71.46          -0.0131
71.49          -0.0126
71.52          -0.0120
71.55          -0.0115
71.58          -0.0109
71.61          -0.0104
71.64          -0.0098
71.67          -0.0092
71.70          -0.0087
71.73          -0.0081
71.76          -0.0076
71.79          -0.0070
71.82          -0.0064
71.85          -0.0059
71.88          -0.0053
71.91          -0.0047
71.94          -0.0042
71.97          -0.0036
72.00          -0.0030
72.03          -0.0024
72.06          -0.0019
72.09          -0.0013
72.12          -0.0007
72.15          -0.0002
72.18           0.0004
72.21           0.0010
72.24           0.0016
72.27           0.0021
72.30           0.0027
72.33           0.0033
72.36           0.0039
72.39           0.0044
72.42           0.0050
72.45           0.0056
72.48           0.0062
72.51           0.0067
72.54           0.0073
72.57           0.0079
72.60           0.0084
72.63           0.0090
72.66           0.0096
72.69           0.0102
72.72           0.0107
72.75           0.0113
72.78           0.0119
72.81           0.0124
72.84           0.0130
72.87           0.0136
72.90           0.0141
72.93           0.0147
72.96           0.0153
72.99           0.0158
73.02           0.0164
73.05           0.0170
73.08           0.0175
73.11           0.0181
73.14           0.0186
73.17           0.0192
73.20           0.0197
73.23           0.0203
73.26           0.0208
73.29           0.0214
73.32           0.0219
73.35           0.0225
73.38           0.0230
73.41           0.0236
73.44           0.0241
73.47           0.0246
73.50           0.0252
73.53           0.0257
73.56           0.0263
73.59           0.0268
73.62           0.0273
73.65           0.0278
73.68           0.0284
73.71           0.0289
73.74           0.0294
73.77           0.0299
73.80           0.0304
73.83           0.0309
73.86           0.0314
73.89           0.0320
73.92           0.0325
73.95           0.0330
73.98           0.0335
74.01           0.0339
74.04           0.0344
74.07           0.0349
74.10           0.0354
74.13           0.0359
74.16           0.0364
74.19           0.0368
74.22           0.0373
74.25           0.0378
74.28           0.0383
74.31           0.0387
74.34           0.0392
74.37           0.0396
74.40           0.0401
74.43           0.0405
74.46           0.0410
74.49           0.0414
74.52           0.0419
74.55           0.0423
74.58           0.0427
74.61           0.0432
74.64           0.0436
74.67           0.0440
74.70           0.0444
74.73           0.0448
74.76           0.0452
74.79           0.0456
74.82           0.0460
74.85           0.0464
74.88           0.0468
74.91           0.0472
74.94           0.0476
74.97           0.0480
75.00           0.0483
75.03           0.0487
75.06           0.0491
75.09           0.0494
75.12           0.0498
75.15           0.0501
75.18           0.0505
75.21           0.0508
75.24           0.0512
75.27           0.0515
75.30           0.0518
75.33           0.0521
75.36           0.0525
75.39           0.0528
75.42           0.0531
75.45           0.0534
75.48           0.0537
75.51           0.0540
75.54           0.0543
75.57           0.0546
75.60           0.0548
75.63           0.0551
75.66           0.0554
75.69           0.0556
75.72           0.0559
75.75           0.0562
75.78           0.0564
75.81           0.0566
75.84           0.0569
75.87           0.0571
75.90           0.0573
75.93           0.0576
75.96           0.0578
75.99           0.0580
76.02           0.0582
76.05           0.0584
76.08           0.0586
76.11           0.0588
76.14           0.0590
76.17           0.0591
76.20           0.0593
76.23           0.0595
76.26           0.0596
76.29           0.0598
76.32           0.0599
76.35           0.0601
76.38           0.0602
76.41           0.0604
76.44           0.0605
76.47           0.0606
76.50           0.0607
76.53           0.0608
76.56           0.0609
76.59           0.0610
76.62           0.0611
76.65           0.0612
76.68           0.0613
76.71           0.0614
76.74           0.0614
76.77           0.0615
76.80           0.0616
76.83           0.0616
76.86           0.0617
76.89           0.0617
76.92           0.0617
76.95           0.0618
76.98           0.0618
77.01           0.0618
77.04           0.0618
77.07           0.0618
77.10           0.0618
77.13           0.0618
77.16           0.0618
77.19           0.0618
77.22           0.0617
77.25           0.0617
77.28           0.0617
77.31           0.0616
77.34           0.0616
77.37           0.0615
77.40           0.0615
77.43           0.0614
77.46           0.0613
77.49           0.0613
77.52           0.0612
77.55           0.0611
77.58           0.0610
77.61           0.0609
77.64           0.0608
77.67           0.0607
77.70           0.0605
77.73           0.0604
77.76           0.0603
77.79           0.0601
77.82           0.0600
77.85           0.0598
77.88           0.0597
77.91           0.0595
77.94           0.0594
77.97           0.0592
78.00           0.0590
78.03           0.0588
78.06           0.0586
78.09           0.0584
78.12           0.0582
78.15           0.0580
78.18           0.0578
78.21           0.0576
78.24           0.0574
78.27           0.0572
78.30           0.0569
78.33           0.0567
78.36           0.0564
78.39           0.0562
78.42           0.0559
78.45           0.0557
78.48           0.0554
78.51           0.0551
78.54           0.0548
78.57           0.0546
78.60           0.0543
78.63           0.0540
78.66           0.0537
78.69           0.0534
78.72           0.0531
78.75           0.0527
78.78           0.0524
78.81           0.0521
78.84           0.0518
78.87           0.0514
78.90           0.0511
78.93           0.0507
78.96           0.0504
78.99           0.0500
79.02           0.0497
79.05           0.0493
79.08           0.0489
79.11           0.0485
79.14           0.0482
79.17           0.0478
79.20           0.0474
79.23           0.0470
79.26           0.0466
79.29           0.0462
79.32           0.0458
79.35           0.0454
79.38           0.0449
79.41           0.0445
79.44           0.0441
79.47           0.0436
79.50           0.0432
79.53           0.0428
79.56           0.0423
79.59           0.0419
79.62           0.0414
79.65           0.0410
79.68           0.0405
79.71           0.0400
79.74           0.0396
79.77           0.0391
79.80           0.0386
79.83           0.0381
79.86           0.0376
79.89           0.0371
79.92           0.0366
79.95           0.0361
79.98           0.0356
80.01           0.0351
80.04           0.0346
80.07           0.0341
80.10           0.0336
80.13           0.0331
80.16           0.0326
80.19           0.0320
80.22           0.0315
80.25           0.0310
80.28           0.0304
80.31           0.0299
80.34           0.0293
80.37           0.0288
80.40           0.0282
80.43           0.0277
80.46           0.0271
80.49           0.0266
80.52           0.0260
80.55           0.0254
80.58           0.0249
80.61           0.0243
80.64           0.0237
80.67           0.0232
80.70           0.0226
80.73           0.0220
80.76           0.0214
80.79           0.0208
80.82           0.0203
80.85           0.0197
80.88           0.0191
80.91           0.0185
80.94           0.0179
80.97           0.0173
81.00           0.0167
81.03           0.0161
81.06           0.0155
81.09           0.0149
81.12           0.0143
81.15           0.0137
81.18           0.0130
81.21           0.0124
81.24           0.0118
81.27           0.0112
81.30           0.0106
81.33           0.0100
81.36           0.0094
81.39           0.0087
81.42           0.0081
81.45           0.0075
81.48           0.0069
81.51           0.0062
81.54           0.0056
81.57           0.0050
81.60           0.0044
81.63           0.0037
81.66           0.0031
81.69           0.0025
81.72           0.0018
81.75           0.0012
81.78           0.0006
81.81          -0.0001
81.84          -0.0007
81.87          -0.0013
81.90          -0.0020
81.93          -0.0026
81.96          -0.0032
81.99          -0.0039
82.02          -0.0045
82.05          -0.0051
82.08          -0.0057
82.11          -0.0064
82.14          -0.0070
82.17          -0.0076
82.20          -0.0083
82.23          -0.0089
82.26          -0.0095
82.29          -0.0102
82.32          -0.0108
82.35          -0.0114
82.38          -0.0121
82.41          -0.0127
82.44          -0.0133
82.47          -0.0139
82.50          -0.0146
82.53          -0.0152
82.56          -0.0158
82.59          -0.0164
82.62          -0.0170
82.65          -0.0177
82.68          -0.0183
82.71          -0.0189
82.74          -0.0195
82.77          -0.0201
82.80          -0.0207
82.83          -0.0214
82.86          -0.0220
82.89          -0.0226
82.92          -0.0232
82.95          -0.0238
82.98          -0.0244
83.01          -0.0250
83.04          -0.0256
83.07          -0.0262
83.10          -0.0268
83.13          -0.0274
83.16          -0.0279
83.19          -0.0285
83.22          -0.0291
83.25          -0.0297
83.28          -0.0303
83.31          -0.0308
83.34          -0.0314
83.37          -0.0320
83.40          -0.0326
83.43          -0.0331
83.46          -0.0337
83.49          -0.0342
83.52          -0.0348
83.55          -0.0354
83.58          -0.0359
83.61          -0.0365
83.64          -0.0370
83.67          -0.0375
83.70          -0.0381
83.73          -0.0386
83.76          -0.0391
83.79          -0.0397
83.82          -0.0402
83.85          -0.0407
83.88          -0.0412
83.91          -0.0417
83.94          -0.0423
83.97          -0.0428
84.00          -0.0433
84.03          -0.0438
84.06          -0.0443
84.09          -0.0447
84.12          -0.0452
84.15          -0.0457
84.18          -0.0462
84.21          -0.0467
84.24          -0.0471
84.27          -0.0476
84.30          -0.0481
84.33          -0.0485
84.36          -0.0490
84.39          -0.0494
84.42          -0.0499
84.45          -0.0503
84.48          -0.0507
84.51          -0.0512
84.54          -0.0516
84.57          -0.0520
84.60          -0.0524
84.63          -0.0528
84.66          -0.0533
84.69          -0.0537
84.72          -0.0541
84.75          -0.0544
84.78          -0.0548
84.81          -0.0552
84.84          -0.0556
84.87          -0.0560
84.90          -0.0563
84.93          -0.0567
84.96          -0.0570
84.99          -0.0574
85.02          -0.0577
85.05          -0.0581
85.08          -0.0584
85.11          -0.0588
85.14          -0.0591
85.17          -0.0594
85.20          -0.0597
85.23          -0.0600
85.26          -0.0603
85.29          -0.0606
85.32          -0.0609
85.35          -0.0612
85.38          -0.0615
85.41          -0.0617
85.44          -0.0620
85.47          -0.0623
85.50          -0.0625
85.53          -0.0628
85.56          -0.0630
85.59          -0.0633
85.62          -0.0635
85.65          -0.0637
85.68          -0.0639
85.71          -0.0642
85.74          -0.0644
85.77          -0.0646
85.80          -0.0648
85.83          -0.0650
85.86          -0.0651
85.89          -0.0653
85.92          -0.0655
85.95          -0.0657
85.98          -0.0658
86.01          -0.0660
86.04          -0.0661
86.07          -0.0663
86.10          -0.0664
86.13          -0.0665
86.16          -0.0667
86.19          -0.0668
86.22          -0.0669
86.25          -0.0670
86.28          -0.0671
86.31          -0.0672
86.34          -0.0673
86.37          -0.0673
86.40          -0.0674
86.43          -0.0675
86.46          -0.0675
86.49          -0.0676
86.52          -0.0676
86.55          -0.0677
86.58          -0.0677
86.61          -0.0677
86.64          -0.0678
86.67          -0.0678
86.70          -0.0678
86.73          -0.0678
86.76          -0.0678
86.79          -0.0678
86.82          -0.0677
86.85          -0.0677
86.88          -0.0677
86.91          -0.0677
86.94          -0.0676
86.97          -0.0676
87.00          -0.0675
87.03          -0.0674
87.06          -0.0674
87.09          -0.0673
87.12          -0.0672
87.15          -0.0671
87.18          -0.0670
87.21          -0.0669
87.24          -0.0668
87.27          -0.0667
87.30          -0.0666
87.33          -0.0664
87.36          -0.0663
87.39          -0.0662
87.42          -0.0660
87.45          -0.0659
87.48          -0.0657
87.51          -0.0655
87.54          -0.0654
87.57          -0.0652
87.60          -0.0650
87.63          -0.0648
87.66          -0.0646
87.69          -0.0644
87.72          -0.0642
87.75          -0.0640
87.78          -0.0638
87.81          -0.0635
87.84          -0.0633
87.87          -0.0631
87.90          -0.0628
87.93          -0.0626
87.96          -0.0623
87.99          -0.0620
88.02          -0.0618
88.05          -0.0615
88.08          -0.0612
88.11          -0.0609
88.14          -0.0606
88.17          -0.0603
88.20          -0.0600
88.23          -0.0597
88.26          -0.0594
88.29          -0.0590
88.32          -0.0587
88.35          -0.0584
88.38          -0.0580
88.41          -0.0577
88.44          -0.0573
88.47          -0.0570
88.50          -0.0566
88.53          -0.0562
88.56          -0.0559
88.59          -0.0555
88.62          -0.0551
88.65          -0.0547
88.68          -0.0543
88.71          -0.0539
88.74          -0.0535
88.77          -0.0531
88.80          -0.0526
88.83          -0.0522
88.86          -0.0518
88.89          -0.0514
88.92          -0.0509
88.95          -0.0505
88.98          -0.0500
89.01          -0.0496
89.04          -0.0491
89.07          -0.0486
89.10          -0.0482
89.13          -0.0477
89.16          -0.0472
89.19          -0.0467
89.22          -0.0462
89.25          -0.0457
89.28          -0.0452
89.31          -0.0447
89.34          -0.0442
89.37          -0.0437
89.40          -0.0432
89.43          -0.0427
89.46          -0.0422
89.49          -0.0416
89.52          -0.0411
89.55          -0.0406
89.58          -0.0400
89.61          -0.0395
89.64          -0.0389
89.67          -0.0384
89.70          -0.0378
89.73          -0.0372
89.76          -0.0367
89.79          -0.0361
89.82          -0.0355
89.85          -0.0350
89.88          -0.0344
89.91          -0.0338
89.94          -0.0332
89.97          -0.0326
90.00          -0.0320
90.03          -0.0314
90.06          -0.0308
90.09          -0.0302
90.12          -0.0296
90.15          -0.0290
90.18          -0.0284
90.21          -0.0278
90.24          -0.0272
90.27          -0.0265
90.30          -0.0259
90.33          -0.0253
90.36          -0.0247
90.39          -0.0240
90.42          -0.0234
90.45          -0.0227
90.48          -0.0221
90.51          -0.0215
90.54          -0.0208
90.57          -0.0202
90.60          -0.0195
90.63          -0.0189
90.66          -0.0182
90.69          -0.0176
90.72          -0.0169
90.75          -0.0162
90.78          -0.0156
90.81          -0.0149
90.84          -0.0142
90.87          -0.0136
90.90          -0.0129
90.93          -0.0122
90.96          -0.0116
90.99          -0.0109
91.02          -0.0102
91.05          -0.0095
91.08          -0.0089
91.11          -0.0082
91.14          -0.0075
91.17          -0.0068
91.20          -0.0061
91.23          -0.0055
91.26          -0.0048
91.29          -0.0041
91.32          -0.0034
91.35          -0.0027
91.38          -0.0020
91.41          -0.0013
91.44          -0.0007
91.47           0.0000
91.50           0.0007
91.53           0.0014
91.56           0.0021
91.59           0.0028
91.62           0.0035
91.65           0.0042
91.68           0.0049
91.71           0.0055
91.74           0.0062
91.77           0.0069
91.80           0.0076
91.83           0.0083
91.86           0.0090
91.89           0.0097
91.92           0.0104
91.95           0.0110
91.98           0.0117
92.01           0.0124
92.04           0.0131
92.07           0.0138
92.10           0.0145
92.13           0.0151
92.16           0.0158
92.19           0.0165
92.22           0.0172
92.25           0.0178
92.28           0.0185
92.31           0.0192
92.34           0.0199
92.37           0.0205
92.40           0.0212
92.43           0.0219
92.46           0.0225
92.49           0.0232
92.52           0.0239
92.55           0.0245
92.58           0.0252
92.61           0.0258
92.64           0.0265
92.67           0.0271
92.70           0.0278
92.73           0.0284
92.76           0.0291
92.79           0.0297
92.82           0.0303
92.85           0.0310
92.88           0.0316
92.91           0.0322
92.94           0.0329
92.97           0.0335
93.00           0.0341
93.03           0.0347
93.06           0.0353
93.09           0.0360
93.12           0.0366
93.15           0.0372
93.18           0.0378
93.21           0.0384
93.24           0.0390
93.27           0.0396
93.30           0.0402
93.33           0.0407
93.36           0.0413
93.39           0.0419
93.42           0.0425
93.45           0.0430
93.48           0.0436
93.51           0.0442
93.54           0.0447
93.57           0.0453
93.60           0.0458
93.63           0.0464
93.66           0.0469
93.69           0.0475
93.72           0.0480
93.75           0.0485
93.78           0.0491
93.81           0.0496
93.84           0.0501
93.87           0.0506
93.90           0.0511
93.93           0.0516
93.96           0.0521
93.99           0.0526
94.02           0.0531
94.05           0.0536
94.08           0.0541
94.11           0.0545
94.14           0.0550
94.17           0.0555
94.20           0.0559
94.23           0.0564
94.26           0.0568
94.29           0.0573
94.32           0.0577
94.35           0.0582
94.38           0.0586
94.41           0.0590
94.44           0.0594
94.47           0.0598
94.50           0.0602
94.53           0.0606
94.56           0.0610
94.59           0.0614
94.62           0.0618
94.65           0.0622
94.68           0.0626
94.71           0.0629
94.74           0.0633
94.77           0.0636
94.80           0.0640
94.83           0.0643
94.86           0.0647
94.89           0.0650
94.92           0.0653
94.95           0.0656
94.98           0.0659
95.01           0.0662
95.04           0.0665
95.07           0.0668
95.10           0.0671
95.13           0.0674
95.16           0.0677
95.19           0.0680
95.22           0.0682
95.25           0.0685
95.28           0.0687
95.31           0.0690
95.34           0.0692
95.37           0.0694
95.40           0.0696
95.43           0.0699
95.46           0.0701
95.49           0.0703
95.52           0.0705
95.55           0.0707
95.58           0.0708
95.61           0.0710
95.64           0.0712
95.67           0.0713
95.70           0.0715
95.73           0.0717
95.76           0.0718
95.79           0.0719
95.82           0.0721
95.85           0.0722
95.88           0.0723
95.91           0.0724
95.94           0.0725
95.97           0.0726
96.00           0.0727
96.03           0.0728
96.06           0.0728
96.09           0.0729
96.12           0.0730
96.15           0.0730
96.18           0.0731
96.21           0.0731
96.24           0.0731
96.27           0.0732
96.30           0.0732
96.33           0.0732
96.36           0.0732
96.39           0.0732
96.42           0.0732
96.45           0.0731
96.48           0.0731
96.51           0.0731
96.54           0.0731
96.57           0.0730
96.60           0.0730
96.63           0.0729
96.66           0.0728
96.69           0.0728
96.72           0.0727
96.75           0.0726
96.78           0.0725
96.81           0.0724
96.84           0.0723
96.87           0.0722
96.90           0.0720
96.93           0.0719
96.96           0.0718
96.99           0.0716
97.02           0.0715
97.05           0.0713
97.08           0.0711
97.11           0.0710
97.14           0.0708
97.17           0.0706
97.20           0.0704
97.23           0.0702
97.26           0.0700
97.29           0.0698
97.32           0.0696
97.35           0.0694
97.38           0.0691
97.41           0.0689
97.44           0.0686
97.47           0.0684
97.50           0.0681
97.53           0.0679
97.56           0.0676
97.59           0.0673
97.62           0.0670
97.65           0.0667
97.68           0.0664
97.71           0.0661
97.74           0.0658
97.77           0.0655
97.80           0.0652
97.83           0.0648
97.86           0.0645
97.89           0.0641
97.92           0.0638
97.95           0.0634
97.98           0.0631
98.01           0.0627
98.04           0.0623
98.07           0.0620
98.10           0.0616
98.13           0.0612
98.16           0.0608
98.19           0.0604
98.22           0.0600
98.25           0.0595
98.28           0.0591
98.31           0.0587
98.34           0.0582
98.37           0.0578
98.40           0.0574
98.43           0.0569
98.46           0.0564
98.49           0.0560
98.52           0.0555
98.55           0.0550
98.58           0.0546
98.61           0.0541
98.64           0.0536
98.67           0.0531
98.70           0.0526
98.73           0.0521
98.76           0.0516
98.79           0.0511
98.82           0.0505
98.85           0.0500
98.88           0.0495
98.91           0.0489
98.94           0.0484
98.97           0.0478
99.00           0.0473
99.03           0.0467
99.06           0.0462
99.09           0.0456
99.12           0.0450
99.15           0.0445
99.18           0.0439
99.21           0.0433
99.24           0.0427
99.27           0.0421
99.30           0.0415
99.33           0.0409
99.36           0.0403
99.39           0.0397
99.42           0.0391
99.45           0.0385
99.48           0.0379
99.51           0.0372
99.54           0.0366
99.57           0.0360
99.60           0.0353
99.63           0.0347
99.66           0.0340
99.69           0.0334
99.72           0.0327
99.75           0.0321
99.78           0.0314
99.81           0.0308
99.84           0.0301
99.87           0.0294
99.90           0.0288
99.93           0.0281
99.96           0.0274
99.99           0.0267
100.02          0.0261
100.05          0.0254
100.08          0.0247
100.11          0.0240
100.14          0.0233
100.17          0.0226
100.20          0.0219
100.23          0.0212
100.26          0.0205
100.29          0.0198
100.32          0.0191
100.35          0.0184
100.38          0.0177
100.41          0.0170
100.44          0.0163
100.47          0.0155
100.50          0.0148
100.53          0.0141
100.56          0.0134
100.59          0.0127
100.62          0.0119
100.65          0.0112
100.68          0.0105
100.71          0.0097
100.74          0.0090
100.77          0.0083
100.80          0.0075
100.83          0.0068
100.86          0.0061
100.89          0.0053
100.92          0.0046
100.95          0.0039
100.98          0.0031
101.01          0.0024
101.04          0.0017
101.07          0.0009
101.10          0.0002
101.13         -0.0006
101.16         -0.0013
101.19         -0.0020
101.22         -0.0028
101.25         -0.0035
101.28         -0.0043
101.31         -0.0050
101.34         -0.0058
101.37         -0.0065
101.40         -0.0072
101.43         -0.0080
101.46         -0.0087
101.49         -0.0094
101.52         -0.0102
101.55         -0.0109
101.58         -0.0117
101.61         -0.0124
101.64         -0.0131
101.67         -0.0139
101.70         -0.0146
101.73         -0.0153
101.76         -0.0161
101.79         -0.0168
101.82         -0.0175
101.85         -0.0183
101.88         -0.0190
101.91         -0.0197
101.94         -0.0204
101.97         -0.0211
102.00         -0.0219
102.03         -0.0226
102.06         -0.0233
102.09         -0.0240
102.12         -0.0247
102.15         -0.0254
102.18         -0.0261
102.21         -0.0268
102.24         -0.0276
102.27         -0.0283
102.30         -0.0290
102.33         -0.0296
102.36         -0.0303
102.39         -0.0310
102.42         -0.0317
102.45         -0.0324
102.48         -0.0331
102.51         -0.0338
102.54         -0.0344
102.57         -0.0351
102.60         -0.0358
102.63         -0.0365
102.66         -0.0371
102.69         -0.0378
102.72         -0.0384
102.75         -0.0391
102.78         -0.0398
102.81         -0.0404
102.84         -0.0410
102.87         -0.0417
102.90         -0.0423
102.93         -0.0430
102.96         -0.0436
102.99         -0.0442
103.02         -0.0448
103.05         -0.0455
103.08         -0.0461
103.11         -0.0467
103.14         -0.0473
103.17         -0.0479
103.20         -0.0485
103.23         -0.0491
103.26         -0.0497
103.29         -0.0502
103.32         -0.0508
103.35         -0.0514
103.38         -0.0520
103.41         -0.0525
103.44         -0.0531
103.47         -0.0536
103.50         -0.0542
103.53         -0.0547
103.56         -0.0553
103.59         -0.0558
103.62         -0.0563
103.65         -0.0569
103.68         -0.0574
103.71         -0.0579
103.74         -0.0584
103.77         -0.0589
103.80         -0.0594
103.83         -0.0599
103.86         -0.0604
103.89         -0.0609
103.92         -0.0614
103.95         -0.0618
103.98         -0.0623
104.01         -0.0628
104.04         -0.0632
104.07         -0.0637
104.10         -0.0641
104.13         -0.0645
104.16         -0.0650
104.19         -0.0654
104.22         -0.0658
104.25         -0.0662
104.28         -0.0666
104.31         -0.0670
104.34         -0.0674
104.37         -0.0678
104.40         -0.0682
104.43         -0.0686
104.46         -0.0689
104.49         -0.0693
104.52         -0.0697
104.55         -0.0700
104.58         -0.0703
104.61         -0.0707
104.64         -0.0710
104.67         -0.0713
104.70         -0.0716
104.73         -0.0720
104.76         -0.0723
104.79         -0.0726
104.82         -0.0728
104.85         -0.0731
104.88         -0.0734
104.91         -0.0737
104.94         -0.0739
104.97         -0.0742
105.00         -0.0744
105.03         -0.0747
105.06         -0.0749
105.09         -0.0751
105.12         -0.0753
105.15         -0.0756
105.18         -0.0758
105.21         -0.0760
105.24         -0.0761
105.27         -0.0763
105.30         -0.0765
105.33         -0.0767
105.36         -0.0768
105.39         -0.0770
105.42         -0.0771
105.45         -0.0773
105.48         -0.0774
105.51         -0.0775
105.54         -0.0776
105.57         -0.0778
105.60         -0.0779
105.63         -0.0780
105.66         -0.0780
105.69         -0.0781
105.72         -0.0782
105.75         -0.0783
105.78         -0.0783
105.81         -0.0784
105.84         -0.0784
105.87         -0.0784
105.90         -0.0785
105.93         -0.0785
105.96         -0.0785
105.99         -0.0785
106.02         -0.0785
106.05         -0.0785
106.08         -0.0785
106.11         -0.0785
106.14         -0.0784
106.17         -0.0784
106.20         -0.0783
106.23         -0.0783
106.26         -0.0782
106.29         -0.0782
106.32         -0.0781
106.35         -0.0780
106.38         -0.0779
106.41         -0.0778
106.44         -0.0777
106.47         -0.0776
106.50         -0.0775
106.53         -0.0773
106.56         -0.0772
106.59         -0.0770
106.62         -0.0769
106.65         -0.0767
106.68         -0.0766
106.71         -0.0764
106.74         -0.0762
106.77         -0.0760
106.80         -0.0758
106.83         -0.0756
106.86         -0.0754
106.89         -0.0752
106.92         -0.0750
106.95         -0.0747
106.98         -0.0745
107.01         -0.0742
107.04         -0.0740
107.07         -0.0737
107.10         -0.0735
107.13         -0.0732
107.16         -0.0729
107.19         -0.0726
107.22         -0.0723
107.25         -0.0720
107.28         -0.0717
107.31         -0.0714
107.34         -0.0711
107.37         -0.0707
107.40         -0.0704
107.43         -0.0700
107.46         -0.0697
107.49         -0.0693
107.52         -0.0690
107.55         -0.0686
107.58         -0.0682
107.61         -0.0678
107.64         -0.0674
107.67         -0.0670
107.70         -0.0666
107.73         -0.0662
107.76         -0.0658
107.79         -0.0654
107.82         -0.0649
107.85         -0.0645
107.88         -0.0641
107.91         -0.0636
107.94         -0.0631
107.97         -0.0627
108.00         -0.0622
108.03         -0.0617
108.06         -0.0613
108.09         -0.0608
108.12         -0.0603
108.15         -0.0598
108.18         -0.0593
108.21         -0.0588
108.24         -0.0582
108.27         -0.0577
108.30         -0.0572
108.33         -0.0567
108.36         -0.0561
108.39         -0.0556
108.42         -0.0550
108.45         -0.0545
108.48         -0.0539
108.51         -0.0533
108.54         -0.0528
108.57         -0.0522
108.60         -0.0516
108.63         -0.0510
108.66         -0.0504
108.69         -0.0498
108.72         -0.0492
108.75         -0.0486
108.78         -0.0480
108.81         -0.0474
108.84         -0.0468
108.87         -0.0461
108.90         -0.0455
108.93         -0.0449
108.96         -0.0442
108.99         -0.0436
109.02         -0.0429
109.05         -0.0423
109.08         -0.0416
109.11         -0.0410
109.14         -0.0403
109.17         -0.0396
109.20         -0.0389
109.23         -0.0383
109.26         -0.0376
109.29         -0.0369
109.32         -0.0362
109.35         -0.0355
109.38         -0.0348
109.41         -0.0341
109.44         -0.0334
109.47         -0.0327
109.50         -0.0320
109.53         -0.0313
109.56         -0.0306
109.59         -0.0298
109.62         -0.0291
109.65         -0.0284
109.68         -0.0277
109.71         -0.0269
109.74         -0.0262
109.77         -0.0254
109.80         -0.0247
109.83         -0.0240
109.86         -0.0232
109.89         -0.0225
109.92         -0.0217
109.95         -0.0210
109.98         -0.0202
110.01         -0.0194
110.04         -0.0187
110.07         -0.0179
110.10         -0.0172
110.13         -0.0164
110.16         -0.0156
110.19         -0.0149
110.22         -0.0141
110.25         -0.0133
110.28         -0.0125
110.31         -0.0118
110.34         -0.0110
110.37         -0.0102
110.40         -0.0094
110.43         -0.0086
110.46         -0.0079
110.49         -0.0071
110.52         -0.0063
110.55         -0.0055
110.58         -0.0047
110.61         -0.0039
110.64         -0.0031
110.67         -0.0024
110.70         -0.0016
110.73         -0.0008
110.76          0.0000
110.79          0.0008
110.82          0.0016
110.85          0.0024
110.88          0.0032
110.91          0.0040
110.94          0.0048
110.97          0.0055
111.00          0.0063
111.03          0.0071
111.06          0.0079
111.09          0.0087
111.12          0.0095
111.15          0.0103
111.18          0.0111
111.21          0.0119
111.24          0.0126
111.27          0.0134
111.30          0.0142
111.33          0.0150
111.36          0.0158
111.39          0.0166
111.42          0.0173
111.45          0.0181
111.48          0.0189
111.51          0.0197
111.54          0.0204
111.57          0.0212
111.60          0.0220
111.63          0.0227
111.66          0.0235
111.69          0.0243
111.72          0.0250
111.75          0.0258
111.78          0.0266
111.81          0.0273
111.84          0.0281
111.87          0.0288
111.90          0.0296
111.93          0.0303
111.96          0.0311
111.99          0.0318
112.02          0.0325
112.05          0.0333
112.08          0.0340
112.11          0.0347
112.14          0.0355
112.17          0.0362
112.20          0.0369
112.23          0.0376
112.26          0.0383
112.29          0.0390
112.32          0.0397
112.35          0.0404
112.38          0.0411
112.41          0.0418
112.44          0.0425
112.47          0.0432
112.50          0.0439
112.53          0.0446
112.56          0.0453
112.59          0.0459
112.62          0.0466
112.65          0.0473
112.68          0.0479
112.71          0.0486
112.74          0.0492
112.77          0.0499
112.80          0.0505
112.83          0.0512
112.86          0.0518
112.89          0.0524
112.92          0.0530
112.95          0.0537
112.98          0.0543
113.01          0.0549
113.04          0.0555
113.07          0.0561
113.10          0.0567
113.13          0.0573
113.16          0.0579
113.19          0.0584
113.22          0.0590
113.25          0.0596
113.28          0.0601
113.31          0.0607
113.34          0.0612
113.37          0.0618
113.40          0.0623
113.43          0.0629
113.46          0.0634
113.49          0.0639
113.52          0.0644
113.55          0.0649
113.58          0.0654
113.61          0.0659
113.64          0.0664
113.67          0.0669
113.70          0.0674
113.73          0.0679
113.76          0.0683
113.79          0.0688
113.82          0.0692
113.85          0.0697
113.88          0.0701
113.91          0.0706
113.94          0.0710
113.97          0.0714
114.00          0.0718
114.03          0.0722
114.06          0.0726
114.09          0.0730
114.12          0.0734
114.15          0.0738
114.18          0.0742
114.21          0.0745
114.24          0.0749
114.27          0.0752
114.30          0.0756
114.33          0.0759
114.36          0.0762
114.39          0.0766
114.42          0.0769
114.45          0.0772
114.48          0.0775
114.51          0.0778
114.54          0.0781
114.57          0.0784
114.60          0.0786
114.63          0.0789
114.66          0.0791
114.69          0.0794
114.72          0.0796
114.75          0.0799
114.78          0.0801
114.81          0.0803
114.84          0.0805
114.87          0.0807
114.90          0.0809
114.93          0.0811
114.96          0.0813
114.99          0.0815
115.02          0.0816
115.05          0.0818
115.08          0.0819
115.11          0.0821
115.14          0.0822
115.17          0.0823
115.20          0.0825
115.23          0.0826
115.26          0.0827
115.29          0.0828
115.32          0.0828
115.35          0.0829
115.38          0.0830
115.41          0.0831
115.44          0.0831
115.47          0.0832
115.50          0.0832
115.53          0.0832
115.56          0.0833
115.59          0.0833
115.62          0.0833
115.65          0.0833
115.68          0.0833
115.71          0.0832
115.74          0.0832
115.77          0.0832
115.80          0.0831
115.83          0.0831
115.86          0.0830
115.89          0.0830
115.92          0.0829
115.95          0.0828
115.98          0.0827
116.01          0.0826
116.04          0.0825
116.07          0.0824
116.10          0.0823
116.13          0.0822
116.16          0.0820
116.19          0.0819
116.22          0.0817
116.25          0.0816
116.28          0.0814
116.31          0.0812
116.34          0.0810
116.37          0.0808
116.40          0.0806
116.43          0.0804
116.46          0.0802
116.49          0.0800
116.52          0.0798
116.55          0.0795
116.58          0.0793
116.61          0.0790
116.64          0.0788
116.67          0.0785
116.70          0.0782
116.73          0.0779
116.76          0.0776
116.79          0.0773
116.82          0.0770
116.85          0.0767
116.88          0.0764
116.91          0.0761
116.94          0.0757
116.97          0.0754
117.00          0.0750
117.03          0.0747
117.06          0.0743
117.09          0.0739
117.12          0.0735
117.15          0.0731
117.18          0.0727
117.21          0.0723
117.24          0.0719
117.27          0.0715
117.30          0.0711
117.33          0.0707
117.36          0.0702
117.39          0.0698
117.42          0.0693
117.45          0.0689
117.48          0.0684
117.51          0.0679
117.54          0.0675
117.57          0.0670
117.60          0.0665
117.63          0.0660
117.66          0.0655
117.69          0.0650
117.72          0.0644
117.75          0.0639
117.78          0.0634
117.81          0.0629
117.84          0.0623
117.87          0.0618
117.90          0.0612
117.93          0.0606
117.96          0.0601
117.99          0.0595
118.02          0.0589
118.05          0.0583
118.08          0.0578
118.11          0.0572
118.14          0.0566
118.17          0.0559
118.20          0.0553
118.23          0.0547
118.26          0.0541
118.29          0.0535
118.32          0.0528
118.35          0.0522
118.38          0.0515
118.41          0.0509
118.44          0.0502
118.47          0.0496
118.50          0.0489
118.53          0.0482
118.56          0.0476
118.59          0.0469
118.62          0.0462
118.65          0.0455
118.68          0.0448
118.71          0.0441
118.74          0.0434
118.77          0.0427
118.80          0.0420
118.83          0.0413
118.86          0.0406
118.89          0.0398
118.92          0.0391
118.95          0.0384
118.98          0.0377
119.01          0.0369
119.04          0.0362
119.07          0.0354
119.10          0.0347
119.13          0.0339
119.16          0.0332
119.19          0.0324
119.22          0.0316
119.25          0.0309
119.28          0.0301
119.31          0.0293
119.34          0.0285
119.37          0.0278
119.40          0.0270
119.43          0.0262
119.46          0.0254
119.49          0.0246
119.52          0.0238
119.55          0.0230
119.58          0.0222
119.61          0.0214
119.64          0.0206
119.67          0.0198
119.70          0.0190
119.73          0.0182
119.76          0.0174
119.79          0.0166
119.82          0.0158
119.85          0.0149
119.88          0.0141
119.91          0.0133
119.94          0.0125
119.97          0.0117
120.00          0.0108
120.03          0.0100
120.06          0.0092
120.09          0.0084
120.12          0.0075
120.15          0.0067
120.18          0.0059
120.21          0.0050
120.24          0.0042
120.27          0.0034
120.30          0.0025
120.33          0.0017
120.36          0.0009
120.39          0.0000
120.42         -0.0008
120.45         -0.0017
120.48         -0.0025
120.51         -0.0033
120.54         -0.0042
120.57         -0.0050
120.60         -0.0058
120.63         -0.0067
120.66         -0.0075
120.69         -0.0083
120.72         -0.0092
120.75         -0.0100
120.78         -0.0108
120.81         -0.0117
120.84         -0.0125
120.87         -0.0133
120.90         -0.0142
120.93         -0.0150
120.96         -0.0158
120.99         -0.0167
121.02         -0.0175
121.05         -0.0183
121.08         -0.0191
121.11         -0.0199
121.14         -0.0208
121.17         -0.0216
121.20         -0.0224
121.23         -0.0232
121.26         -0.0240
121.29         -0.0248
121.32         -0.0256
121.35         -0.0265
121.38         -0.0273
121.41         -0.0281
121.44         -0.0289
121.47         -0.0297
121.50         -0.0304
121.53         -0.0312
121.56         -0.0320
121.59         -0.0328
121.62         -0.0336
121.65         -0.0344
121.68         -0.0352
121.71         -0.0359
121.74         -0.0367
121.77         -0.0375
121.80         -0.0382
121.83         -0.0390
121.86         -0.0398
121.89         -0.0405
121.92         -0.0413
121.95         -0.0420
121.98         -0.0427
122.01         -0.0435
122.04         -0.0442
122.07         -0.0450
122.10         -0.0457
122.13         -0.0464
122.16         -0.0471
122.19         -0.0478
122.22         -0.0485
122.25         -0.0493
122.28         -0.0500
122.31         -0.0507
122.34         -0.0513
122.37         -0.0520
122.40         -0.0527
122.43         -0.0534
122.46         -0.0541
122.49         -0.0547
122.52         -0.0554
122.55         -0.0561
122.58         -0.0567
122.61         -0.0574
122.64         -0.0580
122.67         -0.0586
122.70         -0.0593
122.73         -0.0599
122.76         -0.0605
122.79         -0.0611
122.82         -0.0618
122.85         -0.0624
122.88         -0.0630
122.91         -0.0635
122.94         -0.0641
122.97         -0.0647
123.00         -0.0653
123.03         -0.0659
123.06         -0.0664
123.09         -0.0670
123.12         -0.0675
123.15         -0.0681
123.18         -0.0686
123.21         -0.0691
123.24         -0.0697
123.27         -0.0702
123.30         -0.0707
123.33         -0.0712
123.36         -0.0717
123.39         -0.0722
123.42         -0.0727
123.45         -0.0732
123.48         -0.0736
123.51         -0.0741
123.54         -0.0746
123.57         -0.0750
123.60         -0.0755
123.63         -0.0759
123.66         -0.0763
123.69         -0.0768
123.72         -0.0772
123.75         -0.0776
123.78         -0.0780
123.81         -0.0784
123.84         -0.0788
123.87         -0.0791
123.90         -0.0795
123.93         -0.0799
123.96         -0.0802
123.99         -0.0806
124.02         -0.0809
124.05         -0.0813
124.08         -0.0816
124.11         -0.0819
124.14         -0.0822
124.17         -0.0825
124.20         -0.0828
124.23         -0.0831
124.26         -0.0834
124.29         -0.0836
124.32         -0.0839
124.35         -0.0842
124.38         -0.0844
124.41         -0.0847
124.44         -0.0849
124.47         -0.0851
124.50         -0.0853
124.53         -0.0855
124.56         -0.0857
124.59         -0.0859
124.62         -0.0861
124.65         -0.0863
124.68         -0.0864
124.71         -0.0866
124.74         -0.0868
124.77         -0.0869
124.80         -0.0870
124.83         -0.0872
124.86         -0.0873
124.89         -0.0874
124.92         -0.0875
124.95         -0.0876
124.98         -0.0877
125.01         -0.0877
125.04         -0.0878
125.07         -0.0879
125.10         -0.0879
125.13         -0.0880
125.16         -0.0880
125.19         -0.0880
125.22         -0.0880
125.25         -0.0880
125.28         -0.0880
125.31         -0.0880
125.34         -0.0880
125.37         -0.0880
125.40         -0.0879
125.43         -0.0879
125.46         -0.0879
125.49         -0.0878
125.52         -0.0877
125.55         -0.0876
125.58         -0.0876
125.61         -0.0875
125.64         -0.0874
125.67         -0.0873
125.70         -0.0871
125.73         -0.0870
125.76         -0.0869
125.79         -0.0867
125.82         -0.0866
125.85         -0.0864
125.88         -0.0863
125.91         -0.0861
125.94         -0.0859
125.97         -0.0857
126.00         -0.0855
126.03         -0.0853
126.06         -0.0851
126.09         -0.0848
126.12         -0.0846
126.15         -0.0844
126.18         -0.0841
126.21         -0.0839
126.24         -0.0836
126.27         -0.0833
126.30         -0.0830
126.33         -0.0827
126.36         -0.0824
126.39         -0.0821
126.42         -0.0818
126.45         -0.0815
126.48         -0.0812
126.51         -0.0808
126.54         -0.0805
126.57         -0.0801
126.60         -0.0798
126.63         -0.0794
126.66         -0.0790
126.69         -0.0786
126.72         -0.0782
126.75         -0.0778
126.78         -0.0774
126.81         -0.0770
126.84         -0.0766
126.87         -0.0761
126.90         -0.0757
126.93         -0.0753
126.96         -0.0748
126.99         -0.0743
127.02         -0.0739
127.05         -0.0734
127.08         -0.0729
127.11         -0.0724
127.14         -0.0719
127.17         -0.0714
127.20         -0.0709
127.23         -0.0704
127.26         -0.0699
127.29         -0.0694
127.32         -0.0688
127.35         -0.0683
127.38         -0.0677
127.41         -0.0672
127.44         -0.0666
127.47         -0.0660
127.50         -0.0655
127.53         -0.0649
127.56         -0.0643
127.59         -0.0637
127.62         -0.0631
127.65         -0.0625
127.68         -0.0619
127.71         -0.0612
127.74         -0.0606
127.77         -0.0600
127.80         -0.0593
127.83         -0.0587
127.86         -0.0580
127.89         -0.0574
127.92         -0.0567
127.95         -0.0561
127.98         -0.0554
128.01         -0.0547
128.04         -0.0540
128.07         -0.0533
128.10         -0.0526
128.13         -0.0519
128.16         -0.0512
128.19         -0.0505
128.22         -0.0498
128.25         -0.0491
128.28         -0.0484
128.31         -0.0476
128.34         -0.0469
128.37         -0.0462
128.40         -0.0454
128.43         -0.0447
128.46         -0.0439
128.49         -0.0432
128.52         -0.0424
128.55         -0.0416
128.58         -0.0409
128.61         -0.0401
128.64         -0.0393
128.67         -0.0385
128.70         -0.0377
128.73         -0.0370
128.76         -0.0362
128.79         -0.0354
128.82         -0.0346
128.85         -0.0338
128.88         -0.0330
128.91         -0.0321
128.94         -0.0313
128.97         -0.0305
129.00         -0.0297
129.03         -0.0289
129.06         -0.0280
129.09         -0.0272
129.12         -0.0264
129.15         -0.0255
129.18         -0.0247
129.21         -0.0239
129.24         -0.0230
129.27         -0.0222
129.30         -0.0213
129.33         -0.0205
129.36         -0.0196
129.39         -0.0188
129.42         -0.0179
129.45         -0.0171
129.48         -0.0162
129.51         -0.0153
129.54         -0.0145
129.57         -0.0136
129.60         -0.0127
129.63         -0.0119
129.66         -0.0110
129.69         -0.0101
129.72         -0.0093
129.75         -0.0084
129.78         -0.0075
129.81         -0.0066
129.84         -0.0058
129.87         -0.0049
129.90         -0.0040
129.93         -0.0031
129.96         -0.0022
129.99         -0.0014
130.02         -0.0005
130.05          0.0004
130.08          0.0013
130.11          0.0022
130.14          0.0030
130.17          0.0039
130.20          0.0048
130.23          0.0057
130.26          0.0066
130.29          0.0074
130.32          0.0083
130.35          0.0092
130.38          0.0101
130.41          0.0110
130.44          0.0118
130.47          0.0127
130.50          0.0136
130.53          0.0145
130.56          0.0153
130.59          0.0162
130.62          0.0171
130.65          0.0179
130.68          0.0188
130.71          0.0197
130.74          0.0205
130.77          0.0214
130.80          0.0223
130.83          0.0231
130.86          0.0240
130.89          0.0248
130.92          0.0257
130.95          0.0265
130.98          0.0274
131.01          0.0282
131.04          0.0291
131.07          0.0299
131.10          0.0308
131.13          0.0316
131.16          0.0324
131.19          0.0333
131.22          0.0341
131.25          0.0349
131.28          0.0357
131.31          0.0366
131.34          0.0374
131.37          0.0382
131.40          0.0390
131.43          0.0398
131.46          0.0406
131.49          0.0414
131.52          0.0422
131.55          0.0430
131.58          0.0438
131.61          0.0445
131.64          0.0453
131.67          0.0461
131.70          0.0469
131.73          0.0476
131.76          0.0484
131.79          0.0492
131.82          0.0499
131.85          0.0507
131.88          0.0514
131.91          0.0521
131.94          0.0529
131.97          0.0536
132.00          0.0543
132.03          0.0550
132.06          0.0558
132.09          0.0565
132.12          0.0572
132.15          0.0579
132.18          0.0586
132.21          0.0593
132.24          0.0599
132.27          0.0606
132.30          0.0613
132.33          0.0620
132.36          0.0626
132.39          0.0633
132.42          0.0639
132.45          0.0646
132.48          0.0652
132.51          0.0658
132.54          0.0665
132.57          0.0671
132.60          0.0677
132.63          0.0683
132.66          0.0689
132.69          0.0695
132.72          0.0701
132.75          0.0707
132.78          0.0712
132.81          0.0718
132.84          0.0724
132.87          0.0729
132.90          0.0735
132.93          0.0740
132.96          0.0745
132.99          0.0750
133.02          0.0756
133.05          0.0761
133.08          0.0766
133.11          0.0771
133.14          0.0776
133.17          0.0781
133.20          0.0785
133.23          0.0790
133.26          0.0795
133.29          0.0799
133.32          0.0804
133.35          0.0808
133.38          0.0812
133.41          0.0816
133.44          0.0821
133.47          0.0825
133.50          0.0829
133.53          0.0833
133.56          0.0836
133.59          0.0840
133.62          0.0844
133.65          0.0847
133.68          0.0851
133.71          0.0854
133.74          0.0858
133.77          0.0861
133.80          0.0864
133.83          0.0867
133.86          0.0870
133.89          0.0873
133.92          0.0876
133.95          0.0879
133.98          0.0882
134.01          0.0884
134.04          0.0887
134.07          0.0889
134.10          0.0892
134.13          0.0894
134.16          0.0896
134.19          0.0898
134.22          0.0900
134.25          0.0902
134.28          0.0904
134.31          0.0906
134.34          0.0907
134.37          0.0909
134.40          0.0910
134.43          0.0912
134.46          0.0913
134.49          0.0914
134.52          0.0915
134.55          0.0917
134.58          0.0917
134.61          0.0918
134.64          0.0919
134.67          0.0920
134.70          0.0920
134.73          0.0921
134.76          0.0921
134.79          0.0922
134.82          0.0922
134.85          0.0922
134.88          0.0922
134.91          0.0922
134.94          0.0922
134.97          0.0922
135.00          0.0922
135.03          0.0921
135.06          0.0921
135.09          0.0920
135.12          0.0920
135.15          0.0919
135.18          0.0918
135.21          0.0917
135.24          0.0916
135.27          0.0915
135.30          0.0914
135.33          0.0913
135.36          0.0911
135.39          0.0910
135.42          0.0909
135.45          0.0907
135.48          0.0905
135.51          0.0903
135.54          0.0902
135.57          0.0900
135.60          0.0898
135.63          0.0895
135.66          0.0893
135.69          0.0891
135.72          0.0889
135.75          0.0886
135.78          0.0884
135.81          0.0881
135.84          0.0878
135.87          0.0875
135.90          0.0872
135.93          0.0869
135.96          0.0866
135.99          0.0863
136.02          0.0860
136.05          0.0857
136.08          0.0853
136.11          0.0850
136.14          0.0846
136.17          0.0843
136.20          0.0839
136.23          0.0835
136.26          0.0831
136.29          0.0827
136.32          0.0823
136.35          0.0819
136.38          0.0815
136.41          0.0810
136.44          0.0806
136.47          0.0802
136.50          0.0797
136.53          0.0792
136.56          0.0788
136.59          0.0783
136.62          0.0778
136.65          0.0773
136.68          0.0768
136.71          0.0763
136.74          0.0758
136.77          0.0753
136.80          0.0748
136.83          0.0742
136.86          0.0737
136.89          0.0731
136.92          0.0726
136.95          0.0720
136.98          0.0714
137.01          0.0709
137.04          0.0703
137.07          0.0697
137.10          0.0691
137.13          0.0685
137.16          0.0679
137.19          0.0672
137.22          0.0666
137.25          0.0660
137.28          0.0653
137.31          0.0647
137.34          0.0640
137.37          0.0634
137.40          0.0627
137.43          0.0621
137.46          0.0614
137.49          0.0607
137.52          0.0600
137.55          0.0593
137.58          0.0586
137.61          0.0579
137.64          0.0572
137.67          0.0565
137.70          0.0557
137.73          0.0550
137.76          0.0543
137.79          0.0535
137.82          0.0528
137.85          0.0521
137.88          0.0513
137.91          0.0505
137.94          0.0498
137.97          0.0490
138.00          0.0482
138.03          0.0474
138.06          0.0467
138.09          0.0459
138.12          0.0451
138.15          0.0443
138.18          0.0435
138.21          0.0427
138.24          0.0419
138.27          0.0410
138.30          0.0402
138.33          0.0394
138.36          0.0386
138.39          0.0377
138.42          0.0369
138.45          0.0361
138.48          0.0352
138.51          0.0344
138.54          0.0335
138.57          0.0327
138.60          0.0318
138.63          0.0310
138.66          0.0301
138.69          0.0292
138.72          0.0284
138.75          0.0275
138.78          0.0266
138.81          0.0257
138.84          0.0249
138.87          0.0240
138.90          0.0231
138.93          0.0222
138.96          0.0213
138.99          0.0204
139.02          0.0195
139.05          0.0186
139.08          0.0177
139.11          0.0168
139.14          0.0159
139.17          0.0150
139.20          0.0141
139.23          0.0132
139.26          0.0123
139.29          0.0114
139.32          0.0105
139.35          0.0096
139.38          0.0086
139.41          0.0077
139.44          0.0068
139.47          0.0059
139.50          0.0050
139.53          0.0040
139.56          0.0031
139.59          0.0022
139.62          0.0013
139.65          0.0004
139.68         -0.0006
139.71         -0.0015
139.74         -0.0024
139.77         -0.0033
139.80         -0.0042
139.83         -0.0052
139.86         -0.0061
139.89         -0.0070
139.92         -0.0079
139.95         -0.0088
139.98         -0.0098
140.01         -0.0107
140.04         -0.0116
140.07         -0.0125
140.10         -0.0134
140.13         -0.0143
140.16         -0.0153
140.19         -0.0162
140.22         -0.0171
140.25         -0.0180
140.28         -0.0189
140.31         -0.0198
140.34         -0.0207
140.37         -0.0216
140.40         -0.0225
140.43         -0.0234
140.46         -0.0243
140.49         -0.0252
140.52         -0.0261
140.55         -0.0270
140.58         -0.0279
140.61         -0.0288
140.64         -0.0297
140.67         -0.0306
140.70         -0.0314
140.73         -0.0323
140.76         -0.0332
140.79         -0.0341
140.82         -0.0349
140.85         -0.0358
140.88         -0.0366
140.91         -0.0375
140.94         -0.0384
140.97         -0.0392
141.00         -0.0401
141.03         -0.0409
141.06         -0.0417
141.09         -0.0426
141.12         -0.0434
141.15         -0.0442
141.18         -0.0451
141.21         -0.0459
141.24         -0.0467
141.27         -0.0475
141.30         -0.0483
141.33         -0.0491
141.36         -0.0499
141.39         -0.0507
141.42         -0.0515
141.45         -0.0523
141.48         -0.0531
141.51         -0.0539
141.54         -0.0546
141.57         -0.0554
141.60         -0.0562
141.63         -0.0569
141.66         -0.0577
141.69         -0.0584
141.72         -0.0592
141.75         -0.0599
141.78         -0.0606
141.81         -0.0614
141.84         -0.0621
141.87         -0.0628
141.90         -0.0635
141.93         -0.0642
141.96         -0.0649
141.99         -0.0656
142.02         -0.0663
142.05         -0.0669
142.08         -0.0676
142.11         -0.0683
142.14         -0.0689
142.17         -0.0696
142.20         -0.0702
142.23         -0.0709
142.26         -0.0715
142.29         -0.0721
142.32         -0.0728
142.35         -0.0734
142.38         -0.0740
142.41         -0.0746
142.44         -0.0752
142.47         -0.0757
142.50         -0.0763
142.53         -0.0769
142.56         -0.0775
142.59         -0.0780
142.62         -0.0786
142.65         -0.0791
142.68         -0.0796
142.71         -0.0802
142.74         -0.0807
142.77         -0.0812
142.80         -0.0817
142.83         -0.0822
142.86         -0.0827
142.89         -0.0832
142.92         -0.0836
142.95         -0.0841
142.98         -0.0846
143.01         -0.0850
143.04         -0.0854
143.07         -0.0859
143.10         -0.0863
143.13         -0.0867
143.16         -0.0871
143.19         -0.0875
143.22         -0.0879
143.25         -0.0883
143.28         -0.0887
143.31         -0.0890
143.34         -0.0894
143.37         -0.0898
143.40         -0.0901
143.43         -0.0904
143.46         -0.0908
143.49         -0.0911
143.52         -0.0914
143.55         -0.0917
143.58         -0.0920
143.61         -0.0922
143.64         -0.0925
143.67         -0.0928
143.70         -0.0930
143.73         -0.0933
143.76         -0.0935
143.79         -0.0937
143.82         -0.0940
143.85         -0.0942
143.88         -0.0944
143.91         -0.0946
143.94         -0.0947
143.97         -0.0949
144.00         -0.0951
144.03         -0.0952
144.06         -0.0954
144.09         -0.0955
144.12         -0.0957
144.15         -0.0958
144.18         -0.0959
144.21         -0.0960
144.24         -0.0961
144.27         -0.0962
144.30         -0.0962
144.33         -0.0963
144.36         -0.0963
144.39         -0.0964
144.42         -0.0964
144.45         -0.0965
144.48         -0.0965
144.51         -0.0965
144.54         -0.0965
144.57         -0.0965
144.60         -0.0965
144.63         -0.0964
144.66         -0.0964
144.69         -0.0963
144.72         -0.0963
144.75         -0.0962
144.78         -0.0961
144.81         -0.0961
144.84         -0.0960
144.87         -0.0959
144.90         -0.0957
144.93         -0.0956
144.96         -0.0955
144.99         -0.0954
145.02         -0.0952
145.05         -0.0950
145.08         -0.0949
145.11         -0.0947
145.14         -0.0945
145.17         -0.0943
145.20         -0.0941
145.23         -0.0939
145.26         -0.0937
145.29         -0.0935
145.32         -0.0932
145.35         -0.0930
145.38         -0.0927
145.41         -0.0924
145.44         -0.0922
145.47         -0.0919
145.50         -0.0916
145.53         -0.0913
145.56         -0.0910
145.59         -0.0907
145.62         -0.0903
145.65         -0.0900
145.68         -0.0896
145.71         -0.0893
145.74         -0.0889
145.77         -0.0886
145.80         -0.0882
145.83         -0.0878
145.86         -0.0874
145.89         -0.0870
145.92         -0.0866
145.95         -0.0861
145.98         -0.0857
146.01         -0.0853
146.04         -0.0848
146.07         -0.0844
146.10         -0.0839
146.13         -0.0834
146.16         -0.0829
146.19         -0.0825
146.22         -0.0820
146.25         -0.0815
146.28         -0.0809
146.31         -0.0804
146.34         -0.0799
146.37         -0.0794
146.40         -0.0788
146.43         -0.0783
146.46         -0.0777
146.49         -0.0771
146.52         -0.0766
146.55         -0.0760
146.58         -0.0754
146.61         -0.0748
146.64         -0.0742
146.67         -0.0736
146.70         -0.0730
146.73         -0.0723
146.76         -0.0717
146.79         -0.0711
146.82         -0.0704
146.85         -0.0698
146.88         -0.0691
146.91         -0.0685
146.94         -0.0678
146.97         -0.0671
147.00         -0.0664
147.03         -0.0657
147.06         -0.0650
147.09         -0.0643
147.12         -0.0636
147.15         -0.0629
147.18         -0.0622
147.21         -0.0614
147.24         -0.0607
147.27         -0.0600
147.30         -0.0592
147.33         -0.0585
147.36         -0.0577
147.39         -0.0569
147.42         -0.0562
147.45         -0.0554
147.48         -0.0546
147.51         -0.0538
147.54         -0.0530
147.57         -0.0522
147.60         -0.0514
147.63         -0.0506
147.66         -0.0498
147.69         -0.0490
147.72         -0.0482
147.75         -0.0473
147.78         -0.0465
147.81         -0.0457
147.84         -0.0448
147.87         -0.0440
147.90         -0.0431
147.93         -0.0423
147.96         -0.0414
147.99         -0.0405
148.02         -0.0397
148.05         -0.0388
148.08         -0.0379
148.11         -0.0371
148.14         -0.0362
148.17         -0.0353
148.20         -0.0344
148.23         -0.0335
148.26         -0.0326
148.29         -0.0317
148.32         -0.0308
148.35         -0.0299
148.38         -0.0290
148.41         -0.0281
148.44         -0.0272
148.47         -0.0262
148.50         -0.0253
148.53         -0.0244
148.56         -0.0235
148.59         -0.0225
148.62         -0.0216
148.65         -0.0207
148.68         -0.0197
148.71         -0.0188
148.74         -0.0179
148.77         -0.0169
148.80         -0.0160
148.83         -0.0150
148.86         -0.0141
148.89         -0.0131
148.92         -0.0122
148.95         -0.0112
148.98         -0.0103
149.01         -0.0093
149.04         -0.0084
149.07         -0.0074
149.10         -0.0065
149.13         -0.0055
149.16         -0.0046
149.19         -0.0036
149.22         -0.0026
149.25         -0.0017
149.28         -0.0007
149.31          0.0002
149.34          0.0012
149.37          0.0022
149.40          0.0031
149.43          0.0041
149.46          0.0050
149.49          0.0060
149.52          0.0070
149.55          0.0079
149.58          0.0089
149.61          0.0098
149.64          0.0108
149.67          0.0118
149.70          0.0127
149.73          0.0137
149.76          0.0146
149.79          0.0156
149.82          0.0165
149.85          0.0175
149.88          0.0184
149.91          0.0194
149.94          0.0203
149.97          0.0213
150.00          0.0222
150.03          0.0231
150.06          0.0241
150.09          0.0250
150.12          0.0260
150.15          0.0269
150.18          0.0278
150.21          0.0287
150.24          0.0297
150.27          0.0306
150.30          0.0315
150.33          0.0324
150.36          0.0333
150.39          0.0343
150.42          0.0352
150.45          0.0361
150.48          0.0370
150.51          0.0379
150.54          0.0388
150.57          0.0397
150.60          0.0405
150.63          0.0414
150.66          0.0423
150.69          0.0432
150.72          0.0441
150.75          0.0449
150.78          0.0458
150.81          0.0467
150.84          0.0475
150.87          0.0484
150.90          0.0492
150.93          0.0501
150.96          0.0509
150.99          0.0517
151.02          0.0526
151.05          0.0534
151.08          0.0542
151.11          0.0550
151.14          0.0558
151.17          0.0566
151.20          0.0574
151.23          0.0582
151.26          0.0590
151.29          0.0598
151.32          0.0606
151.35          0.0614
151.38          0.0621
151.41          0.0629
151.44          0.0636
151.47          0.0644
151.50          0.0651
151.53          0.0659
151.56          0.0666
151.59          0.0673
151.62          0.0680
151.65          0.0687
151.68          0.0695
151.71          0.0702
151.74          0.0708
151.77          0.0715
151.80          0.0722
151.83          0.0729
151.86          0.0736
151.89          0.0742
151.92          0.0749
151.95          0.0755
151.98          0.0761
152.01          0.0768
152.04          0.0774
152.07          0.0780
152.10          0.0786
152.13          0.0792
152.16          0.0798
152.19          0.0804
152.22          0.0810
152.25          0.0816
152.28          0.0821
152.31          0.0827
152.34          0.0832
152.37          0.0838
152.40          0.0843
152.43          0.0848
152.46          0.0853
152.49          0.0858
152.52          0.0863
152.55          0.0868
152.58          0.0873
152.61          0.0878
152.64          0.0883
152.67          0.0887
152.70          0.0892
152.73          0.0896
152.76          0.0901
152.79          0.0905
152.82          0.0909
152.85          0.0913
152.88          0.0917
152.91          0.0921
152.94          0.0925
152.97          0.0928
153.00          0.0932
153.03          0.0936
153.06          0.0939
153.09          0.0942
153.12          0.0946
153.15          0.0949
153.18          0.0952
153.21          0.0955
153.24          0.0958
153.27          0.0961
153.30          0.0963
153.33          0.0966
153.36          0.0969
153.39          0.0971
153.42          0.0973
153.45          0.0976
153.48          0.0978
153.51          0.0980
153.54          0.0982
153.57          0.0984
153.60          0.0986
153.63          0.0987
153.66          0.0989
153.69          0.0990
153.72          0.0992
153.75          0.0993
153.78          0.0994
153.81          0.0996
153.84          0.0997
153.87          0.0998
153.90          0.0998
153.93          0.0999
153.96          0.1000
153.99          0.1000
154.02          0.1001
154.05          0.1001
154.08          0.1001
154.11          0.1002
154.14          0.1002
154.17          0.1002
154.20          0.1002
154.23          0.1001
154.26          0.1001
154.29          0.1001
154.32          0.1000
154.35          0.0999
154.38          0.0999
154.41          0.0998
154.44          0.0997
154.47          0.0996
154.50          0.0995
154.53          0.0994
154.56          0.0993
154.59          0.0991
154.62          0.0990
154.65          0.0988
154.68          0.0986
154.71          0.0985
154.74          0.0983
154.77          0.0981
154.80          0.0979
154.83          0.0977
154.86          0.0974
154.89          0.0972
154.92          0.0970
154.95          0.0967
154.98          0.0965
155.01          0.0962
155.04          0.0959
155.07          0.0956
155.10          0.0953
155.13          0.0950
155.16          0.0947
155.19          0.0944
155.22          0.0940
155.25          0.0937
155.28          0.0933
155.31          0.0930
155.34          0.0926
155.37          0.0922
155.40          0.0918
155.43          0.0914
155.46          0.0910
155.49          0.0906
155.52          0.0902
155.55          0.0898
155.58          0.0893
155.61          0.0889
155.64          0.0884
155.67          0.0879
155.70          0.0875
155.73          0.0870
155.76          0.0865
155.79          0.0860
155.82          0.0855
155.85          0.0850
155.88          0.0844
155.91          0.0839
155.94          0.0834
155.97          0.0828
156.00          0.0822
156.03          0.0817
156.06          0.0811
156.09          0.0805
156.12          0.0799
156.15          0.0793
156.18          0.0787
156.21          0.0781
156.24          0.0775
156.27          0.0769
156.30          0.0762
156.33          0.0756
156.36          0.0749
156.39          0.0743
156.42          0.0736
156.45          0.0729
156.48          0.0722
156.51          0.0716
156.54          0.0709
156.57          0.0702
156.60          0.0695
156.63          0.0687
156.66          0.0680
156.69          0.0673
156.72          0.0666
156.75          0.0658
156.78          0.0651
156.81          0.0643
156.84          0.0635
156.87          0.0628
156.90          0.0620
156.93          0.0612
156.96          0.0604
156.99          0.0597
157.02          0.0589
157.05          0.0581
157.08          0.0572
157.11          0.0564
157.14          0.0556
157.17          0.0548
157.20          0.0540
157.23          0.0531
157.26          0.0523
157.29          0.0514
157.32          0.0506
157.35          0.0497
157.38          0.0489
157.41          0.0480
157.44          0.0471
157.47          0.0463
157.50          0.0454
157.53          0.0445
157.56          0.0436
157.59          0.0427
157.62          0.0418
157.65          0.0409
157.68          0.0400
157.71          0.0391
157.74          0.0382
157.77          0.0373
157.80          0.0363
157.83          0.0354
157.86          0.0345
157.89          0.0336
157.92          0.0326
157.95          0.0317
157.98          0.0307
158.01          0.0298
158.04          0.0288
158.07          0.0279
158.10          0.0269
158.13          0.0260
158.16          0.0250
158.19          0.0241
158.22          0.0231
158.25          0.0221
158.28          0.0212
158.31          0.0202
158.34          0.0192
158.37          0.0182
158.40          0.0173
158.43          0.0163
158.46          0.0153
158.49          0.0143
158.52          0.0133
158.55          0.0124
158.58          0.0114
158.61          0.0104
158.64          0.0094
158.67          0.0084
158.70          0.0074
158.73          0.0064
158.76          0.0054
158.79          0.0044
158.82          0.0034
158.85          0.0024
158.88          0.0014
158.91          0.0004
158.94         -0.0006
158.97         -0.0016
159.00         -0.0026
159.03         -0.0036
159.06         -0.0045
159.09         -0.0055
159.12         -0.0065
159.15         -0.0075
159.18         -0.0085
159.21         -0.0095
159.24         -0.0105
159.27         -0.0115
159.30         -0.0125
159.33         -0.0135
159.36         -0.0145
159.39         -0.0155
159.42         -0.0165
159.45         -0.0175
159.48         -0.0184
159.51         -0.0194
159.54         -0.0204
159.57         -0.0214
159.60         -0.0224
159.63         -0.0233
159.66         -0.0243
159.69         -0.0253
159.72         -0.0263
159.75         -0.0272
159.78         -0.0282
159.81         -0.0292
159.84         -0.0301
159.87         -0.0311
159.90         -0.0320
159.93         -0.0330
159.96         -0.0339
159.99         -0.0349
160.02         -0.0358
160.05         -0.0368
160.08         -0.0377
160.11         -0.0386
160.14         -0.0396
160.17         -0.0405
160.20         -0.0414
160.23         -0.0423
160.26         -0.0433
160.29         -0.0442
160.32         -0.0451
160.35         -0.0460
160.38         -0.0469
160.41         -0.0478
160.44         -0.0487
160.47         -0.0496
160.50         -0.0504
160.53         -0.0513
160.56         -0.0522
160.59         -0.0531
160.62         -0.0539
160.65         -0.0548
160.68         -0.0556
160.71         -0.0565
160.74         -0.0573
160.77         -0.0582
160.80         -0.0590
160.83         -0.0598
160.86         -0.0607
160.89         -0.0615
160.92         -0.0623
160.95         -0.0631
160.98         -0.0639
161.01         -0.0647
161.04         -0.0655
161.07         -0.0662
161.10         -0.0670
161.13         -0.0678
161.16         -0.0686
161.19         -0.0693
161.22         -0.0701
161.25         -0.0708
161.28         -0.0715
161.31         -0.0723
161.34         -0.0730
161.37         -0.0737
161.40         -0.0744
161.43         -0.0751
161.46         -0.0758
161.49         -0.0765
161.52         -0.0772
161.55         -0.0779
161.58         -0.0785
161.61         -0.0792
161.64         -0.0798
161.67         -0.0805
161.70         -0.0811
161.73         -0.0818
161.76         -0.0824
161.79         -0.0830
161.82         -0.0836
161.85         -0.0842
161.88         -0.0848
161.91         -0.0854
161.94         -0.0859
161.97         -0.0865
162.00         -0.0871
162.03         -0.0876
162.06         -0.0882
162.09         -0.0887
162.12         -0.0892
162.15         -0.0897
162.18         -0.0902
162.21         -0.0907
162.24         -0.0912
162.27         -0.0917
162.30         -0.0922
162.33         -0.0927
162.36         -0.0931
162.39         -0.0936
162.42         -0.0940
162.45         -0.0944
162.48         -0.0948
162.51         -0.0953
162.54         -0.0957
162.57         -0.0961
162.60         -0.0964
162.63         -0.0968
162.66         -0.0972
162.69         -0.0975
162.72         -0.0979
162.75         -0.0982
162.78         -0.0986
162.81         -0.0989
162.84         -0.0992
162.87         -0.0995
162.90         -0.0998
162.93         -0.1001
162.96         -0.1003
162.99         -0.1006
163.02         -0.1008
163.05         -0.1011
163.08         -0.1013
163.11         -0.1015
163.14         -0.1018
163.17         -0.1020
163.20         -0.1022
163.23         -0.1023
163.26         -0.1025
163.29         -0.1027
163.32         -0.1028
163.35         -0.1030
163.38         -0.1031
163.41         -0.1032
163.44         -0.1034
163.47         -0.1035
163.50         -0.1036
163.53         -0.1036
163.56         -0.1037
163.59         -0.1038
163.62         -0.1038
163.65         -0.1039
163.68         -0.1039
163.71         -0.1040
163.74         -0.1040
163.77         -0.1040
163.80         -0.1040
163.83         -0.1040
163.86         -0.1039
163.89         -0.1039
163.92         -0.1039
163.95         -0.1038
163.98         -0.1037
164.01         -0.1037
164.04         -0.1036
164.07         -0.1035
164.10         -0.1034
164.13         -0.1033
164.16         -0.1031
164.19         -0.1030
164.22         -0.1029
164.25         -0.1027
164.28         -0.1025
164.31         -0.1024
164.34         -0.1022
164.37         -0.1020
164.40         -0.1018
164.43         -0.1016
164.46         -0.1014
164.49         -0.1011
164.52         -0.1009
164.55         -0.1006
164.58         -0.1004
164.61         -0.1001
164.64         -0.0998
164.67         -0.0995
164.70         -0.0992
164.73         -0.0989
164.76         -0.0986
164.79         -0.0983
164.82         -0.0979
164.85         -0.0976
164.88         -0.0972
164.91         -0.0969
164.94         -0.0965
164.97         -0.0961
165.00         -0.0957
165.03         -0.0953
165.06         -0.0949
165.09         -0.0945
165.12         -0.0940
165.15         -0.0936
165.18         -0.0932
165.21         -0.0927
165.24         -0.0922
165.27         -0.0918
165.30         -0.0913
165.33         -0.0908
165.36         -0.0903
165.39         -0.0898
165.42         -0.0892
165.45         -0.0887
165.48         -0.0882
165.51         -0.0876
165.54         -0.0871
165.57         -0.0865
165.60         -0.0859
165.63         -0.0854
165.66         -0.0848
165.69         -0.0842
165.72         -0.0836
165.75         -0.0830
165.78         -0.0823
165.81         -0.0817
165.84         -0.0811
165.87         -0.0804
165.90         -0.0798
165.93         -0.0791
165.96         -0.0784
165.99         -0.0778
166.02         -0.0771
166.05         -0.0764
166.08         -0.0757
166.11         -0.0750
166.14         -0.0743
166.17         -0.0736
166.20         -0.0728
166.23         -0.0721
166.26         -0.0714
166.29         -0.0706
166.32         -0.0699
166.35         -0.0691
166.38         -0.0683
166.41         -0.0676
166.44         -0.0668
166.47         -0.0660
166.50         -0.0652
166.53         -0.0644
166.56         -0.0636
166.59         -0.0628
166.62         -0.0620
166.65         -0.0611
166.68         -0.0603
166.71         -0.0595
166.74         -0.0586
166.77         -0.0578
166.80         -0.0569
166.83         -0.0561
166.86         -0.0552
166.89         -0.0543
166.92         -0.0535
166.95         -0.0526
166.98         -0.0517
167.01         -0.0508
167.04         -0.0499
167.07         -0.0490
167.10         -0.0481
167.13         -0.0472
167.16         -0.0463
167.19         -0.0453
167.22         -0.0444
167.25         -0.0435
167.28         -0.0426
167.31         -0.0416
167.34         -0.0407
167.37         -0.0397
167.40         -0.0388
167.43         -0.0378
167.46         -0.0369
167.49         -0.0359
167.52         -0.0349
167.55         -0.0340
167.58         -0.0330
167.61         -0.0320
167.64         -0.0310
167.67         -0.0301
167.70         -0.0291
167.73         -0.0281
167.76         -0.0271
167.79         -0.0261
167.82         -0.0251
167.85         -0.0241
167.88         -0.0231
167.91         -0.0221
167.94         -0.0211
167.97         -0.0201
168.00         -0.0191
168.03         -0.0181
168.06         -0.0171
168.09         -0.0160
168.12         -0.0150
168.15         -0.0140
168.18         -0.0130
168.21         -0.0120
168.24         -0.0109
168.27         -0.0099
168.30         -0.0089
168.33         -0.0079
168.36         -0.0068
168.39         -0.0058
168.42         -0.0048
168.45         -0.0038
168.48         -0.0027
168.51         -0.0017
168.54         -0.0007
168.57          0.0004
168.60          0.0014
168.63          0.0024
168.66          0.0035
168.69          0.0045
168.72          0.0055
168.75          0.0066
168.78          0.0076
168.81          0.0086
168.84          0.0097
168.87          0.0107
168.90          0.0117
168.93          0.0127
168.96          0.0138
168.99          0.0148
169.02          0.0158
169.05          0.0168
169.08          0.0179
169.11          0.0189
169.14          0.0199
169.17          0.0209
169.20          0.0219
169.23          0.0229
169.26          0.0239
169.29          0.0250
169.32          0.0260
169.35          0.0270
169.38          0.0280
169.41          0.0290
169.44          0.0300
169.47          0.0310
169.50          0.0320
169.53          0.0329
169.56          0.0339
169.59          0.0349
169.62          0.0359
169.65          0.0369
169.68          0.0378
169.71          0.0388
169.74          0.0398
169.77          0.0407
169.80          0.0417
169.83          0.0427
169.86          0.0436
169.89          0.0446
169.92          0.0455
169.95          0.0464
169.98          0.0474
170.01          0.0483
170.04          0.0492
170.07          0.0502
170.10          0.0511
170.13          0.0520
170.16          0.0529
170.19          0.0538
170.22          0.0547
170.25          0.0556
170.28          0.0565
170.31          0.0574
170.34          0.0582
170.37          0.0591
170.40          0.0600
170.43          0.0608
170.46          0.0617
170.49          0.0625
170.52          0.0634
170.55          0.0642
170.58          0.0651
170.61          0.0659
170.64          0.0667
170.67          0.0675
170.70          0.0683
170.73          0.0691
170.76          0.0699
170.79          0.0707
170.82          0.0715
170.85          0.0723
170.88          0.0730
170.91          0.0738
170.94          0.0746
170.97          0.0753
171.00          0.0760
171.03          0.0768
171.06          0.0775
171.09          0.0782
171.12          0.0789
171.15          0.0796
171.18          0.0803
171.21          0.0810
171.24          0.0817
171.27          0.0824
171.30          0.0830
171.33          0.0837
171.36          0.0844
171.39          0.0850
171.42          0.0856
171.45          0.0863
171.48          0.0869
171.51          0.0875
171.54          0.0881
171.57          0.0887
171.60          0.0893
171.63          0.0898
171.66          0.0904
171.69          0.0910
171.72          0.0915
171.75          0.0921
171.78          0.0926
171.81          0.0931
171.84          0.0936
171.87          0.0941
171.90          0.0946
171.93          0.0951
171.96          0.0956
171.99          0.0961
172.02          0.0965
172.05          0.0970
172.08          0.0974
172.11          0.0979
172.14          0.0983
172.17          0.0987
172.20          0.0991
172.23          0.0995
172.26          0.0999
172.29          0.1003
172.32          0.1006
172.35          0.1010
172.38          0.1013
172.41          0.1017
172.44          0.1020
172.47          0.1023
172.50          0.1026
172.53          0.1029
172.56          0.1032
172.59          0.1035
172.62          0.1038
172.65          0.1040
172.68          0.1043
172.71          0.1045
172.74          0.1048
172.77          0.1050
172.80          0.1052
172.83          0.1054
172.86          0.1056
172.89          0.1057
172.92          0.1059
172.95          0.1061
172.98          0.1062
173.01          0.1064
173.04          0.1065
173.07          0.1066
173.10          0.1067
173.13          0.1068
173.16          0.1069
173.19          0.1070
173.22          0.1070
173.25          0.1071
173.28          0.1071
173.31          0.1072
173.34          0.1072
173.37          0.1072
173.40          0.1072
173.43          0.1072
173.46          0.1072
173.49          0.1072
173.52          0.1071
173.55          0.1071
173.58          0.1070
173.61          0.1069
173.64          0.1069
173.67          0.1068
173.70          0.1067
173.73          0.1066
173.76          0.1064
173.79          0.1063
173.82          0.1062
173.85          0.1060
173.88          0.1059
173.91          0.1057
173.94          0.1055
173.97          0.1053
174.00          0.1051
174.03          0.1049
174.06          0.1047
174.09          0.1044
174.12          0.1042
174.15          0.1039
174.18          0.1037
174.21          0.1034
174.24          0.1031
174.27          0.1028
174.30          0.1025
174.33          0.1022
174.36          0.1019
174.39          0.1016
174.42          0.1012
174.45          0.1009
174.48          0.1005
174.51          0.1001
174.54          0.0998
174.57          0.0994
174.60          0.0990
174.63          0.0985
174.66          0.0981
174.69          0.0977
174.72          0.0973
174.75          0.0968
174.78          0.0964
174.81          0.0959
174.84          0.0954
174.87          0.0949
174.90          0.0944
174.93          0.0939
174.96          0.0934
174.99          0.0929
175.02          0.0924
175.05          0.0918
175.08          0.0913
175.11          0.0907
175.14          0.0901
175.17          0.0896
175.20          0.0890
175.23          0.0884
175.26          0.0878
175.29          0.0872
175.32          0.0866
175.35          0.0859
175.38          0.0853
175.41          0.0846
175.44          0.0840
175.47          0.0833
175.50          0.0827
175.53          0.0820
175.56          0.0813
175.59          0.0806
175.62          0.0799
175.65          0.0792
175.68          0.0785
175.71          0.0778
175.74          0.0770
175.77          0.0763
175.80          0.0756
175.83          0.0748
175.86          0.0740
175.89          0.0733
175.92          0.0725
175.95          0.0717
175.98          0.0709
176.01          0.0701
176.04          0.0693
176.07          0.0685
176.10          0.0677
176.13          0.0669
176.16          0.0661
176.19          0.0652
176.22          0.0644
176.25          0.0635
176.28          0.0627
176.31          0.0618
176.34          0.0610
176.37          0.0601
176.40          0.0592
176.43          0.0583
176.46          0.0574
176.49          0.0565
176.52          0.0556
176.55          0.0547
176.58          0.0538
176.61          0.0529
176.64          0.0520
176.67          0.0510
176.70          0.0501
176.73          0.0492
176.76          0.0482
176.79          0.0473
176.82          0.0463
176.85          0.0454
176.88          0.0444
176.91          0.0435
176.94          0.0425
176.97          0.0415
177.00          0.0405
177.03          0.0396
177.06          0.0386
177.09          0.0376
177.12          0.0366
177.15          0.0356
177.18          0.0346
177.21          0.0336
177.24          0.0326
177.27          0.0316
177.30          0.0306
177.33          0.0295
177.36          0.0285
177.39          0.0275
177.42          0.0265
177.45          0.0254
177.48          0.0244
177.51          0.0234
177.54          0.0223
177.57          0.0213
177.60          0.0203
177.63          0.0192
177.66          0.0182
177.69          0.0171
177.72          0.0161
177.75          0.0150
177.78          0.0140
177.81          0.0129
177.84          0.0119
177.87          0.0108
177.90          0.0098
177.93          0.0087
177.96          0.0076
177.99          0.0066
178.02          0.0055
178.05          0.0045
178.08          0.0034
178.11          0.0023
178.14          0.0013
178.17          0.0002
178.20         -0.0009
178.23         -0.0019
178.26         -0.0030
178.29         -0.0040
178.32         -0.0051
178.35         -0.0062
178.38         -0.0072
178.41         -0.0083
178.44         -0.0094
178.47         -0.0104
178.50         -0.0115
178.53         -0.0125
178.56         -0.0136
178.59         -0.0147
178.62         -0.0157
178.65         -0.0168
178.68         -0.0178
178.71         -0.0189
178.74         -0.0199
178.77         -0.0210
178.80         -0.0220
178.83         -0.0231
178.86         -0.0241
178.89         -0.0252
178.92         -0.0262
178.95         -0.0272
178.98         -0.0283
179.01         -0.0293
179.04         -0.0303
179.07         -0.0313
179.10         -0.0324
179.13         -0.0334
179.16         -0.0344
179.19         -0.0354
179.22         -0.0364
179.25         -0.0374
179.28         -0.0385
179.31         -0.0395
179.34         -0.0405
179.37         -0.0414
179.40         -0.0424
179.43         -0.0434
179.46         -0.0444
179.49         -0.0454
179.52         -0.0464
179.55         -0.0473
179.58         -0.0483
179.61         -0.0493
179.64         -0.0502
179.67         -0.0512
179.70         -0.0521
179.73         -0.0531
179.76         -0.0540
179.79         -0.0549
179.82         -0.0559
179.85         -0.0568
179.88         -0.0577
179.91         -0.0586
179.94         -0.0595
179.97         -0.0604
180.00         -0.0613
180.03         -0.0622
180.06         -0.0631
180.09         -0.0640
180.12         -0.0649
180.15         -0.0657
180.18         -0.0666
180.21         -0.0674
180.24         -0.0683
180.27         -0.0691
180.30         -0.0700
180.33         -0.0708
180.36         -0.0716
180.39         -0.0724
180.42         -0.0733
180.45         -0.0741
180.48         -0.0749
180.51         -0.0756
180.54         -0.0764
180.57         -0.0772
180.60         -0.0780
180.63         -0.0787
180.66         -0.0795
180.69         -0.0802
180.72         -0.0810
180.75         -0.0817
180.78         -0.0824
180.81         -0.0831
180.84         -0.0838
180.87         -0.0845
180.90         -0.0852
180.93         -0.0859
180.96         -0.0866
180.99         -0.0873
181.02         -0.0879
181.05         -0.0886
181.08         -0.0892
181.11         -0.0898
181.14         -0.0905
181.17         -0.0911
181.20         -0.0917
181.23         -0.0923
181.26         -0.0929
181.29         -0.0935
181.32         -0.0940
181.35         -0.0946
181.38         -0.0952
181.41         -0.0957
181.44         -0.0962
181.47         -0.0968
181.50         -0.0973
181.53         -0.0978
181.56         -0.0983
181.59         -0.0988
181.62         -0.0993
181.65         -0.0997
181.68         -0.1002
181.71         -0.1007
181.74         -0.1011
181.77         -0.1015
181.80         -0.1020
181.83         -0.1024
181.86         -0.1028
181.89         -0.1032
181.92         -0.1036
181.95         -0.1039
181.98         -0.1043
182.01         -0.1047
182.04         -0.1050
182.07         -0.1053
182.10         -0.1057
182.13         -0.1060
182.16         -0.1063
182.19         -0.1066
182.22         -0.1069
182.25         -0.1071
182.28         -0.1074
182.31         -0.1077
182.34         -0.1079
182.37         -0.1081
182.40         -0.1084
182.43         -0.1086
182.46         -0.1088
182.49         -0.1090
182.52         -0.1091
182.55         -0.1093
182.58         -0.1095
182.61         -0.1096
182.64         -0.1098
182.67         -0.1099
182.70         -0.1100
182.73         -0.1101
182.76         -0.1102
182.79         -0.1103
182.82         -0.1104
182.85         -0.1104
182.88         -0.1105
182.91         -0.1105
182.94         -0.1106
182.97         -0.1106
183.00         -0.1106
183.03         -0.1106
183.06         -0.1106
183.09         -0.1106
183.12         -0.1106
183.15         -0.1105
183.18         -0.1105
183.21         -0.1104
183.24         -0.1103
183.27         -0.1102
183.30         -0.1101
183.33         -0.1100
183.36         -0.1099
183.39         -0.1098
183.42         -0.1097
183.45         -0.1095
183.48         -0.1094
183.51         -0.1092
183.54         -0.1090
183.57         -0.1088
183.60         -0.1086
183.63         -0.1084
183.66         -0.1082
183.69         -0.1080
183.72         -0.1077
183.75         -0.1075
183.78         -0.1072
183.81         -0.1069
183.84         -0.1066
183.87         -0.1064
183.90         -0.1060
183.93         -0.1057
183.96         -0.1054
183.99         -0.1051
184.02         -0.1047
184.05         -0.1044
184.08         -0.1040
184.11         -0.1036
184.14         -0.1033
184.17         -0.1029
184.20         -0.1025
184.23         -0.1020
184.26         -0.1016
184.29         -0.1012
184.32         -0.1007
184.35         -0.1003
184.38         -0.0998
184.41         -0.0993
184.44         -0.0989
184.47         -0.0984
184.50         -0.0979
184.53         -0.0974
184.56         -0.0968
184.59         -0.0963
184.62         -0.0958
184.65         -0.0952
184.68         -0.0947
184.71         -0.0941
184.74         -0.0935
184.77         -0.0929
184.80         -0.0923
184.83         -0.0917
184.86         -0.0911
184.89         -0.0905
184.92         -0.0899
184.95         -0.0892
184.98         -0.0886
185.01         -0.0879
185.04         -0.0873
185.07         -0.0866
185.10         -0.0859
185.13         -0.0852
185.16         -0.0845
185.19         -0.0838
185.22         -0.0831
185.25         -0.0824
185.28         -0.0817
185.31         -0.0809
185.34         -0.0802
185.37         -0.0794
185.40         -0.0787
185.43         -0.0779
185.46         -0.0771
185.49         -0.0763
185.52         -0.0755
185.55         -0.0747
185.58         -0.0739
185.61         -0.0731
185.64         -0.0723
185.67         -0.0715
185.70         -0.0706
185.73         -0.0698
185.76         -0.0690
185.79         -0.0681
185.82         -0.0672
185.85         -0.0664
185.88         -0.0655
185.91         -0.0646
185.94         -0.0637
185.97         -0.0628
186.00         -0.0619
186.03         -0.0610
186.06         -0.0601
186.09         -0.0592
186.12         -0.0583
186.15         -0.0574
186.18         -0.0564
186.21         -0.0555
186.24         -0.0545
186.27         -0.0536
186.30         -0.0526
186.33         -0.0517
186.36         -0.0507
186.39         -0.0497
186.42         -0.0488
186.45         -0.0478
186.48         -0.0468
186.51         -0.0458
186.54         -0.0448
186.57         -0.0438
186.60         -0.0428
186.63         -0.0418
186.66         -0.0408
186.69         -0.0398
186.72         -0.0388
186.75         -0.0377
186.78         -0.0367
186.81         -0.0357
186.84         -0.0347
186.87         -0.0336
186.90         -0.0326
186.93         -0.0315
186.96         -0.0305
186.99         -0.0294
187.02         -0.0284
187.05         -0.0273
187.08         -0.0263
187.11         -0.0252
187.14         -0.0242
187.17         -0.0231
187.20         -0.0220
187.23         -0.0209
187.26         -0.0199
187.29         -0.0188
187.32         -0.0177
187.35         -0.0166
187.38         -0.0156
187.41         -0.0145
187.44         -0.0134
187.47         -0.0123
187.50         -0.0112
187.53         -0.0101
187.56         -0.0090
187.59         -0.0080
187.62         -0.0069
187.65         -0.0058
187.68         -0.0047
187.71         -0.0036
187.74         -0.0025
187.77         -0.0014
187.80         -0.0003
187.83          0.0008
187.86          0.0019
187.89          0.0030
187.92          0.0041
187.95          0.0052
187.98          0.0063
188.01          0.0074
188.04          0.0084
188.07          0.0095
188.10          0.0106
188.13          0.0117
188.16          0.0128
188.19          0.0139
188.22          0.0150
188.25          0.0161
188.28          0.0172
188.31          0.0182
188.34          0.0193
188.37          0.0204
188.40          0.0215
188.43          0.0226
188.46          0.0236
188.49          0.0247
188.52          0.0258
188.55          0.0269
188.58          0.0279
188.61          0.0290
188.64          0.0301
188.67          0.0311
188.70          0.0322
188.73          0.0332
188.76          0.0343
188.79          0.0353
188.82          0.0364
188.85          0.0374
188.88          0.0384
188.91          0.0395
188.94          0.0405
188.97          0.0415
189.00          0.0426
189.03          0.0436
189.06          0.0446
189.09          0.0456
189.12          0.0466
189.15          0.0476
189.18          0.0486
189.21          0.0496
189.24          0.0506
189.27          0.0516
189.30          0.0526
189.33          0.0535
189.36          0.0545
189.39          0.0555
189.42          0.0564
189.45          0.0574
189.48          0.0583
189.51          0.0593
189.54          0.0602
189.57          0.0612
189.60          0.0621
189.63          0.0630
189.66          0.0639
189.69          0.0648
189.72          0.0657
189.75          0.0666
189.78          0.0675
189.81          0.0684
189.84          0.0693
189.87          0.0702
189.90          0.0710
189.93          0.0719
189.96          0.0727
189.99          0.0736
190.02          0.0744
190.05          0.0753
190.08          0.0761
190.11          0.0769
190.14          0.0777
190.17          0.0785
190.20          0.0793
190.23          0.0801
190.26          0.0809
190.29          0.0816
190.32          0.0824
190.35          0.0832
190.38          0.0839
190.41          0.0847
190.44          0.0854
190.47          0.0861
190.50          0.0868
190.53          0.0876
190.56          0.0883
190.59          0.0889
190.62          0.0896
190.65          0.0903
190.68          0.0910
190.71          0.0916
190.74          0.0923
190.77          0.0929
190.80          0.0936
190.83          0.0942
190.86          0.0948
190.89          0.0954
190.92          0.0960
190.95          0.0966
190.98          0.0972
191.01          0.0977
191.04          0.0983
191.07          0.0988
191.10          0.0994
191.13          0.0999
191.16          0.1004
191.19          0.1009
191.22          0.1015
191.25          0.1019
191.28          0.1024
191.31          0.1029
191.34          0.1034
191.37          0.1038
191.40          0.1043
191.43          0.1047
191.46          0.1051
191.49          0.1055
191.52          0.1059
191.55          0.1063
191.58          0.1067
191.61          0.1071
191.64          0.1074
191.67          0.1078
191.70          0.1081
191.73          0.1085
191.76          0.1088
191.79          0.1091
191.82          0.1094
191.85          0.1097
191.88          0.1100
191.91          0.1102
191.94          0.1105
191.97          0.1107
192.00          0.1110
192.03          0.1112
192.06          0.1114
192.09          0.1116
192.12          0.1118
192.15          0.1120
192.18          0.1122
192.21          0.1123
192.24          0.1125
192.27          0.1126
192.30          0.1128
192.33          0.1129
192.36          0.1130
192.39          0.1131
192.42          0.1132
192.45          0.1132
192.48          0.1133
192.51          0.1134
192.54          0.1134
192.57          0.1134
192.60          0.1134
192.63          0.1135
192.66          0.1135
192.69          0.1134
192.72          0.1134
192.75          0.1134
192.78          0.1133
192.81          0.1133
192.84          0.1132
192.87          0.1131
192.90          0.1130
192.93          0.1129
192.96          0.1128
192.99          0.1127
193.02          0.1126
193.05          0.1124
193.08          0.1123
193.11          0.1121
193.14          0.1119
193.17          0.1117
193.20          0.1115
193.23          0.1113
193.26          0.1111
193.29          0.1109
193.32          0.1106
193.35          0.1104
193.38          0.1101
193.41          0.1098
193.44          0.1096
193.47          0.1093
193.50          0.1090
193.53          0.1086
193.56          0.1083
193.59          0.1080
193.62          0.1076
193.65          0.1073
193.68          0.1069
193.71          0.1065
193.74          0.1061
193.77          0.1057
193.80          0.1053
193.83          0.1049
193.86          0.1045
193.89          0.1040
193.92          0.1036
193.95          0.1031
193.98          0.1026
194.01          0.1022
194.04          0.1017
194.07          0.1012
194.10          0.1007
194.13          0.1001
194.16          0.0996
194.19          0.0991
194.22          0.0985
194.25          0.0980
194.28          0.0974
194.31          0.0968
194.34          0.0962
194.37          0.0956
194.40          0.0950
194.43          0.0944
194.46          0.0938
194.49          0.0932
194.52          0.0925
194.55          0.0919
194.58          0.0912
194.61          0.0905
194.64          0.0899
194.67          0.0892
194.70          0.0885
194.73          0.0878
194.76          0.0871
194.79          0.0863
194.82          0.0856
194.85          0.0849
194.88          0.0841
194.91          0.0834
194.94          0.0826
194.97          0.0818
195.00          0.0811
195.03          0.0803
195.06          0.0795
195.09          0.0787
195.12          0.0779
195.15          0.0771
195.18          0.0762
195.21          0.0754
195.24          0.0746
195.27          0.0737
195.30          0.0729
195.33          0.0720
195.36          0.0711
195.39          0.0703
195.42          0.0694
195.45          0.0685
195.48          0.0676
195.51          0.0667
195.54          0.0658
195.57          0.0649
195.60          0.0640
195.63          0.0630
195.66          0.0621
195.69          0.0612
195.72          0.0602
195.75          0.0593
195.78          0.0583
195.81          0.0574
195.84          0.0564
195.87          0.0554
195.90          0.0544
195.93          0.0535
195.96          0.0525
195.99          0.0515
196.02          0.0505
196.05          0.0495
196.08          0.0485
196.11          0.0475
196.14          0.0464
196.17          0.0454
196.20          0.0444
196.23          0.0434
196.26          0.0423
196.29          0.0413
196.32          0.0402
196.35          0.0392
196.38          0.0381
196.41          0.0371
196.44          0.0360
196.47          0.0350
196.50          0.0339
196.53          0.0328
196.56          0.0318
196.59          0.0307
196.62          0.0296
196.65          0.0285
196.68          0.0274
196.71          0.0264
196.74          0.0253
196.77          0.0242
196.80          0.0231
196.83          0.0220
196.86          0.0209
196.89          0.0198
196.92          0.0187
196.95          0.0176
196.98          0.0165
197.01          0.0153
197.04          0.0142
197.07          0.0131
197.10          0.0120
197.13          0.0109
197.16          0.0098
197.19          0.0087
197.22          0.0075
197.25          0.0064
197.28          0.0053
197.31          0.0042
197.34          0.0031
197.37          0.0019
197.40          0.0008
197.43         -0.0003
197.46         -0.0014
197.49         -0.0026
197.52         -0.0037
197.55         -0.0048
197.58         -0.0059
197.61         -0.0070
197.64         -0.0082
197.67         -0.0093
197.70         -0.0104
197.73         -0.0115
197.76         -0.0126
197.79         -0.0138
197.82         -0.0149
197.85         -0.0160
197.88         -0.0171
197.91         -0.0182
197.94         -0.0193
197.97         -0.0204
198.00         -0.0216
198.03         -0.0227
198.06         -0.0238
198.09         -0.0249
198.12         -0.0260
198.15         -0.0271
198.18         -0.0282
198.21         -0.0293
198.24         -0.0303
198.27         -0.0314
198.30         -0.0325
198.33         -0.0336
198.36         -0.0347
198.39         -0.0358
198.42         -0.0368
198.45         -0.0379
198.48         -0.0390
198.51         -0.0400
198.54         -0.0411
198.57         -0.0421
198.60         -0.0432
198.63         -0.0442
198.66         -0.0453
198.69         -0.0463
198.72         -0.0473
198.75         -0.0484
198.78         -0.0494
198.81         -0.0504
198.84         -0.0514
198.87         -0.0525
198.90         -0.0535
198.93         -0.0545
198.96         -0.0555
198.99         -0.0565
199.02         -0.0574
199.05         -0.0584
199.08         -0.0594
199.11         -0.0604
199.14         -0.0613
199.17         -0.0623
199.20         -0.0633
199.23         -0.0642
199.26         -0.0651
199.29         -0.0661
199.32         -0.0670
199.35         -0.0679
199.38         -0.0689
199.41         -0.0698
199.44         -0.0707
199.47         -0.0716
199.50         -0.0725
199.53         -0.0733
199.56         -0.0742
199.59         -0.0751
199.62         -0.0760
199.65         -0.0768
199.68         -0.0777
199.71         -0.0785
199.74         -0.0793
199.77         -0.0802
199.80         -0.0810
199.83         -0.0818
199.86         -0.0826
199.89         -0.0834
199.92         -0.0842
199.95         -0.0850
199.98         -0.0857
200.01         -0.0865
200.04         -0.0873
200.07         -0.0880
200.10         -0.0888
200.13         -0.0895
200.16         -0.0902
200.19         -0.0909
200.22         -0.0916
200.25         -0.0923
200.28         -0.0930
200.31         -0.0937
200.34         -0.0944
200.37         -0.0950
200.40         -0.0957
200.43         -0.0963
200.46         -0.0970
200.49         -0.0976
200.52         -0.0982
200.55         -0.0988
200.58         -0.0994
200.61         -0.1000
200.64         -0.1006
200.67         -0.1012
200.70         -0.1017
200.73         -0.1023
200.76         -0.1028
200.79         -0.1033
200.82         -0.1039
200.85         -0.1044
200.88         -0.1049
200.91         -0.1054
200.94         -0.1059
200.97         -0.1063
201.00         -0.1068
201.03         -0.1072
201.06         -0.1077
201.09         -0.1081
201.12         -0.1085
201.15         -0.1089
201.18         -0.1093
201.21         -0.1097
201.24         -0.1101
201.27         -0.1105
201.30         -0.1108
201.33         -0.1112
201.36         -0.1115
201.39         -0.1118
201.42         -0.1122
201.45         -0.1125
201.48         -0.1128
201.51         -0.1130
201.54         -0.1133
201.57         -0.1136
201.60         -0.1138
201.63         -0.1141
201.66         -0.1143
201.69         -0.1145
201.72         -0.1147
201.75         -0.1149
201.78         -0.1151
201.81         -0.1153
201.84         -0.1154
201.87         -0.1156
201.90         -0.1157
201.93         -0.1158
201.96         -0.1160
201.99         -0.1161
202.02         -0.1162
202.05         -0.1162
202.08         -0.1163
202.11         -0.1164
202.14         -0.1164
202.17         -0.1165
202.20         -0.1165
202.23         -0.1165
202.26         -0.1165
202.29         -0.1165
202.32         -0.1165
202.35         -0.1165
202.38         -0.1164
202.41         -0.1164
202.44         -0.1163
202.47         -0.1162
202.50         -0.1161
202.53         -0.1160
202.56         -0.1159
202.59         -0.1158
202.62         -0.1157
202.65         -0.1156
202.68         -0.1154
202.71         -0.1152
202.74         -0.1151
202.77         -0.1149
202.80         -0.1147
202.83         -0.1145
202.86         -0.1143
202.89         -0.1140
202.92         -0.1138
202.95         -0.1135
202.98         -0.1133
203.01         -0.1130
203.04         -0.1127
203.07         -0.1124
203.10         -0.1121
203.13         -0.1118
203.16         -0.1115
203.19         -0.1111
203.22         -0.1108
203.25         -0.1104
203.28         -0.1101
203.31         -0.1097
203.34         -0.1093
203.37         -0.1089
203.40         -0.1085
203.43         -0.1080
203.46         -0.1076
203.49         -0.1072
203.52         -0.1067
203.55         -0.1062
203.58         -0.1058
203.61         -0.1053
203.64         -0.1048
203.67         -0.1043
203.70         -0.1038
203.73         -0.1032
203.76         -0.1027
203.79         -0.1022
203.82         -0.1016
203.85         -0.1010
203.88         -0.1005
203.91         -0.0999
203.94         -0.0993
203.97         -0.0987
204.00         -0.0981
204.03         -0.0974
204.06         -0.0968
204.09         -0.0962
204.12         -0.0955
204.15         -0.0949
204.18         -0.0942
204.21         -0.0935
204.24         -0.0928
204.27         -0.0921
204.30         -0.0914
204.33         -0.0907
204.36         -0.0900
204.39         -0.0893
204.42         -0.0885
204.45         -0.0878
204.48         -0.0870
204.51         -0.0862
204.54         -0.0855
204.57         -0.0847
204.60         -0.0839
204.63         -0.0831
204.66         -0.0823
204.69         -0.0815
204.72         -0.0807
204.75         -0.0798
204.78         -0.0790
204.81         -0.0781
204.84         -0.0773
204.87         -0.0764
204.90         -0.0756
204.93         -0.0747
204.96         -0.0738
204.99         -0.0729
205.02         -0.0720
205.05         -0.0711
205.08         -0.0702
205.11         -0.0693
205.14         -0.0684
205.17         -0.0674
205.20         -0.0665
205.23         -0.0656
205.26         -0.0646
205.29         -0.0637
205.32         -0.0627
205.35         -0.0617
205.38         -0.0607
205.41         -0.0598
205.44         -0.0588
205.47         -0.0578
205.50         -0.0568
205.53         -0.0558
205.56         -0.0548
205.59         -0.0538
205.62         -0.0527
205.65         -0.0517
205.68         -0.0507
205.71         -0.0497
205.74         -0.0486
205.77         -0.0476
205.80         -0.0465
205.83         -0.0455
205.86         -0.0444
205.89         -0.0434
205.92         -0.0423
205.95         -0.0412
205.98         -0.0401
206.01         -0.0391
206.04         -0.0380
206.07         -0.0369
206.10         -0.0358
206.13         -0.0347
206.16         -0.0336
206.19         -0.0325
206.22         -0.0314
206.25         -0.0303
206.28         -0.0292
206.31         -0.0281
206.34         -0.0270
206.37         -0.0259
206.40         -0.0247
206.43         -0.0236
206.46         -0.0225
206.49         -0.0214
206.52         -0.0202
206.55         -0.0191
206.58         -0.0180
206.61         -0.0168
206.64         -0.0157
206.67         -0.0146
206.70         -0.0134
206.73         -0.0123
206.76         -0.0111
206.79         -0.0100
206.82         -0.0088
206.85         -0.0077
206.88         -0.0066
206.91         -0.0054
206.94         -0.0043
206.97         -0.0031
207.00         -0.0020
207.03         -0.0008
207.06          0.0003
207.09          0.0015
207.12          0.0026
207.15          0.0038
207.18          0.0049
207.21          0.0061
207.24          0.0072
207.27          0.0084
207.30          0.0095
207.33          0.0107
207.36          0.0118
207.39          0.0130
207.42          0.0141
207.45          0.0153
207.48          0.0164
207.51          0.0176
207.54          0.0187
207.57          0.0198
207.60          0.0210
207.63          0.0221
207.66          0.0232
207.69          0.0244
207.72          0.0255
207.75          0.0266
207.78          0.0277
207.81          0.0289
207.84          0.0300
207.87          0.0311
207.90          0.0322
207.93          0.0333
207.96          0.0344
207.99          0.0355
208.02          0.0366
208.05          0.0377
208.08          0.0388
208.11          0.0399
208.14          0.0410
208.17          0.0421
208.20          0.0432
208.23          0.0442
208.26          0.0453
208.29          0.0464
208.32          0.0475
208.35          0.0485
208.38          0.0496
208.41          0.0506
208.44          0.0517
208.47          0.0527
208.50          0.0537
208.53          0.0548
208.56          0.0558
208.59          0.0568
208.62          0.0578
208.65          0.0588
208.68          0.0598
208.71          0.0608
208.74          0.0618
208.77          0.0628
208.80          0.0638
208.83          0.0648
208.86          0.0658
208.89          0.0667
208.92          0.0677
208.95          0.0686
208.98          0.0696
209.01          0.0705
209.04          0.0714
209.07          0.0724
209.10          0.0733
209.13          0.0742
209.16          0.0751
209.19          0.0760
209.22          0.0769
209.25          0.0778
209.28          0.0787
209.31          0.0795
209.34          0.0804
209.37          0.0812
209.40          0.0821
209.43          0.0829
209.46          0.0837
209.49          0.0846
209.52          0.0854
209.55          0.0862
209.58          0.0870
209.61          0.0878
209.64          0.0886
209.67          0.0893
209.70          0.0901
209.73          0.0909
209.76          0.0916
209.79          0.0923
209.82          0.0931
209.85          0.0938
209.88          0.0945
209.91          0.0952
209.94          0.0959
209.97          0.0966
210.00          0.0973
210.03          0.0979
210.06          0.0986
210.09          0.0992
210.12          0.0999
210.15          0.1005
210.18          0.1011
210.21          0.1017
210.24          0.1023
210.27          0.1029
210.30          0.1035
210.33          0.1041
210.36          0.1046
210.39          0.1052
210.42          0.1057
210.45          0.1063
210.48          0.1068
210.51          0.1073
210.54          0.1078
210.57          0.1083
210.60          0.1088
210.63          0.1092
210.66          0.1097
210.69          0.1101
210.72          0.1106
210.75          0.1110
210.78          0.1114
210.81          0.1118
210.84          0.1122
210.87          0.1126
210.90          0.1130
210.93          0.1133
210.96          0.1137
210.99          0.1140
211.02          0.1144
211.05          0.1147
211.08          0.1150
211.11          0.1153
211.14          0.1156
211.17          0.1158
211.20          0.1161
211.23          0.1163
211.26          0.1166
211.29          0.1168
211.32          0.1170
211.35          0.1172
211.38          0.1174
211.41          0.1176
211.44          0.1178
211.47          0.1179
211.50          0.1181
211.53          0.1182
211.56          0.1184
211.59          0.1185
211.62          0.1186
211.65          0.1187
211.68          0.1188
211.71          0.1188
211.74          0.1189
211.77          0.1189
211.80          0.1190
211.83          0.1190
211.86          0.1190
211.89          0.1190
211.92          0.1190
211.95          0.1190
211.98          0.1189
212.01          0.1189
212.04          0.1188
212.07          0.1188
212.10          0.1187
212.13          0.1186
212.16          0.1185
212.19          0.1184
212.22          0.1182
212.25          0.1181
212.28          0.1179
212.31          0.1178
212.34          0.1176
212.37          0.1174
212.40          0.1172
212.43          0.1170
212.46          0.1168
212.49          0.1166
212.52          0.1163
212.55          0.1161
212.58          0.1158
212.61          0.1156
212.64          0.1153
212.67          0.1150
212.70          0.1147
212.73          0.1143
212.76          0.1140
212.79          0.1137
212.82          0.1133
212.85          0.1130
212.88          0.1126
212.91          0.1122
212.94          0.1118
212.97          0.1114
213.00          0.1110
213.03          0.1106
213.06          0.1101
213.09          0.1097
213.12          0.1092
213.15          0.1087
213.18          0.1083
213.21          0.1078
213.24          0.1073
213.27          0.1068
213.30          0.1062
213.33          0.1057
213.36          0.1052
213.39          0.1046
213.42          0.1040
213.45          0.1035
213.48          0.1029
213.51          0.1023
213.54          0.1017
213.57          0.1011
213.60          0.1004
213.63          0.0998
213.66          0.0992
213.69          0.0985
213.72          0.0979
213.75          0.0972
213.78          0.0965
213.81          0.0958
213.84          0.0951
213.87          0.0944
213.90          0.0937
213.93          0.0930
213.96          0.0922
213.99          0.0915
214.02          0.0907
214.05          0.0900
214.08          0.0892
214.11          0.0884
214.14          0.0876
214.17          0.0868
214.20          0.0860
214.23          0.0852
214.26          0.0844
214.29          0.0836
214.32          0.0827
214.35          0.0819
214.38          0.0810
214.41          0.0802
214.44          0.0793
214.47          0.0784
214.50          0.0775
214.53          0.0766
214.56          0.0757
214.59          0.0748
214.62          0.0739
214.65          0.0730
214.68          0.0721
214.71          0.0711
214.74          0.0702
214.77          0.0693
214.80          0.0683
214.83          0.0673
214.86          0.0664
214.89          0.0654
214.92          0.0644
214.95          0.0634
214.98          0.0624
215.01          0.0614
215.04          0.0604
215.07          0.0594
215.10          0.0584
215.13          0.0574
215.16          0.0563
215.19          0.0553
215.22          0.0543
215.25          0.0532
215.28          0.0522
215.31          0.0511
215.34          0.0501
215.37          0.0490
215.40          0.0479
215.43          0.0469
215.46          0.0458
215.49          0.0447
215.52          0.0436
215.55          0.0425
215.58          0.0414
215.61          0.0403
215.64          0.0392
215.67          0.0381
215.70          0.0370
215.73          0.0359
215.76          0.0348
215.79          0.0336
215.82          0.0325
215.85          0.0314
215.88          0.0302
215.91          0.0291
215.94          0.0280
215.97          0.0268
216.00          0.0257
216.03          0.0245
216.06          0.0234
216.09          0.0222
216.12          0.0211
216.15          0.0199
216.18          0.0188
216.21          0.0176
216.24          0.0165
216.27          0.0153
216.30          0.0141
216.33          0.0130
216.36          0.0118
216.39          0.0106
216.42          0.0095
216.45          0.0083
216.48          0.0071
216.51          0.0059
216.54          0.0048
216.57          0.0036
216.60          0.0024
216.63          0.0012
216.66          0.0001
216.69         -0.0011
216.72         -0.0023
216.75         -0.0035
216.78         -0.0046
216.81         -0.0058
216.84         -0.0070
216.87         -0.0082
216.90         -0.0093
216.93         -0.0105
216.96         -0.0117
216.99         -0.0129
217.02         -0.0140
217.05         -0.0152
217.08         -0.0164
217.11         -0.0175
217.14         -0.0187
217.17         -0.0199
217.20         -0.0210
217.23         -0.0222
217.26         -0.0233
217.29         -0.0245
217.32         -0.0256
217.35         -0.0268
217.38         -0.0279
217.41         -0.0291
217.44         -0.0302
217.47         -0.0314
217.50         -0.0325
217.53         -0.0336
217.56         -0.0348
217.59         -0.0359
217.62         -0.0370
217.65         -0.0382
217.68         -0.0393
217.71         -0.0404
217.74         -0.0415
217.77         -0.0426
217.80         -0.0437
217.83         -0.0448
217.86         -0.0459
217.89         -0.0470
217.92         -0.0481
217.95         -0.0492
217.98         -0.0503
218.01         -0.0513
218.04         -0.0524
218.07         -0.0535
218.10         -0.0545
218.13         -0.0556
218.16         -0.0566
218.19         -0.0577
218.22         -0.0587
218.25         -0.0598
218.28         -0.0608
218.31         -0.0618
218.34         -0.0628
218.37         -0.0638
218.40         -0.0648
218.43         -0.0658
218.46         -0.0668
218.49         -0.0678
218.52         -0.0688
218.55         -0.0698
218.58         -0.0707
218.61         -0.0717
218.64         -0.0727
218.67         -0.0736
218.70         -0.0746
218.73         -0.0755
218.76         -0.0764
218.79         -0.0773
218.82         -0.0782
218.85         -0.0792
218.88         -0.0801
218.91         -0.0809
218.94         -0.0818
218.97         -0.0827
219.00         -0.0836
219.03         -0.0844
219.06         -0.0853
219.09         -0.0861
219.12         -0.0870
219.15         -0.0878
219.18         -0.0886
219.21         -0.0894
219.24         -0.0902
219.27         -0.0910
219.30         -0.0918
219.33         -0.0926
219.36         -0.0933
219.39         -0.0941
219.42         -0.0949
219.45         -0.0956
219.48         -0.0963
219.51         -0.0970
219.54         -0.0978
219.57         -0.0985
219.60         -0.0992
219.63         -0.0998
219.66         -0.1005
219.69         -0.1012
219.72         -0.1018
219.75         -0.1025
219.78         -0.1031
219.81         -0.1038
219.84         -0.1044
219.87         -0.1050
219.90         -0.1056
219.93         -0.1062
219.96         -0.1067
219.99         -0.1073
220.02         -0.1079
220.05         -0.1084
220.08         -0.1090
220.11         -0.1095
220.14         -0.1100
220.17         -0.1105
220.20         -0.1110
220.23         -0.1115
220.26         -0.1120
220.29         -0.1124
220.32         -0.1129
220.35         -0.1133
220.38         -0.1137
220.41         -0.1142
220.44         -0.1146
220.47         -0.1150
220.50         -0.1154
220.53         -0.1157
220.56         -0.1161
220.59         -0.1165
220.62         -0.1168
220.65         -0.1171
220.68         -0.1174
220.71         -0.1178
220.74         -0.1181
220.77         -0.1183
220.80         -0.1186
220.83         -0.1189
220.86         -0.1191
220.89         -0.1194
220.92         -0.1196
220.95         -0.1198
220.98         -0.1200
221.01         -0.1202
221.04         -0.1204
221.07         -0.1206
221.10         -0.1207
221.13         -0.1209
221.16         -0.1210
221.19         -0.1211
221.22         -0.1212
221.25         -0.1213
221.28         -0.1214
221.31         -0.1215
221.34         -0.1216
221.37         -0.1216
221.40         -0.1217
221.43         -0.1217
221.46         -0.1217
221.49         -0.1217
221.52         -0.1217
221.55         -0.1217
221.58         -0.1217
221.61         -0.1216
221.64         -0.1216
221.67         -0.1215
221.70         -0.1215
221.73         -0.1214
221.76         -0.1213
221.79         -0.1212
221.82         -0.1210
221.85         -0.1209
221.88         -0.1208
221.91         -0.1206
221.94         -0.1204
221.97         -0.1203
222.00         -0.1201
222.03         -0.1199
222.06         -0.1196
222.09         -0.1194
222.12         -0.1192
222.15         -0.1189
222.18         -0.1187
222.21         -0.1184
222.24         -0.1181
222.27         -0.1178
222.30         -0.1175
222.33         -0.1172
222.36         -0.1169
222.39         -0.1165
222.42         -0.1162
222.45         -0.1158
222.48         -0.1154
222.51         -0.1150
222.54         -0.1146
222.57         -0.1142
222.60         -0.1138
222.63         -0.1134
222.66         -0.1130
222.69         -0.1125
222.72         -0.1120
222.75         -0.1116
222.78         -0.1111
222.81         -0.1106
222.84         -0.1101
222.87         -0.1096
222.90         -0.1090
222.93         -0.1085
222.96         -0.1080
222.99         -0.1074
223.02         -0.1068
223.05         -0.1063
223.08         -0.1057
223.11         -0.1051
223.14         -0.1045
223.17         -0.1038
223.20         -0.1032
223.23         -0.1026
223.26         -0.1019
223.29         -0.1013
223.32         -0.1006
223.35         -0.0999
223.38         -0.0992
223.41         -0.0985
223.44         -0.0978
223.47         -0.0971
223.50         -0.0964
223.53         -0.0956
223.56         -0.0949
223.59         -0.0941
223.62         -0.0934
223.65         -0.0926
223.68         -0.0918
223.71         -0.0910
223.74         -0.0902
223.77         -0.0894
223.80         -0.0886
223.83         -0.0878
223.86         -0.0870
223.89         -0.0861
223.92         -0.0853
223.95         -0.0844
223.98         -0.0835
224.01         -0.0827
224.04         -0.0818
224.07         -0.0809
224.10         -0.0800
224.13         -0.0791
224.16         -0.0782
224.19         -0.0773
224.22         -0.0763
224.25         -0.0754
224.28         -0.0745
224.31         -0.0735
224.34         -0.0726
224.37         -0.0716
224.40         -0.0706
224.43         -0.0696
224.46         -0.0687
224.49         -0.0677
224.52         -0.0667
224.55         -0.0657
224.58         -0.0647
224.61         -0.0636
224.64         -0.0626
224.67         -0.0616
224.70         -0.0606
224.73         -0.0595
224.76         -0.0585
224.79         -0.0574
224.82         -0.0564
224.85         -0.0553
224.88         -0.0542
224.91         -0.0532
224.94         -0.0521
224.97         -0.0510
225.00         -0.0499
225.03         -0.0488
225.06         -0.0477
225.09         -0.0466
225.12         -0.0455
225.15         -0.0444
225.18         -0.0433
225.21         -0.0422
225.24         -0.0410
225.27         -0.0399
225.30         -0.0388
225.33         -0.0376
225.36         -0.0365
225.39         -0.0354
225.42         -0.0342
225.45         -0.0331
225.48         -0.0319
225.51         -0.0308
225.54         -0.0296
225.57         -0.0284
225.60         -0.0273
225.63         -0.0261
225.66         -0.0249
225.69         -0.0238
225.72         -0.0226
225.75         -0.0214
225.78         -0.0202
225.81         -0.0190
225.84         -0.0179
225.87         -0.0167
225.90         -0.0155
225.93         -0.0143
225.96         -0.0131
225.99         -0.0119
226.02         -0.0107
226.05         -0.0095
226.08         -0.0083
226.11         -0.0071
226.14         -0.0059
226.17         -0.0047
226.20         -0.0035
226.23         -0.0023
226.26         -0.0011
226.29          0.0001
226.32          0.0013
226.35          0.0025
226.38          0.0037
226.41          0.0049
226.44          0.0061
226.47          0.0073
226.50          0.0085
226.53          0.0097
226.56          0.0109
226.59          0.0120
226.62          0.0132
226.65          0.0144
226.68          0.0156
226.71          0.0168
226.74          0.0180
226.77          0.0192
226.80          0.0204
226.83          0.0216
226.86          0.0228
226.89          0.0239
226.92          0.0251
226.95          0.0263
226.98          0.0275
227.01          0.0286
227.04          0.0298
227.07          0.0310
227.10          0.0321
227.13          0.0333
227.16          0.0345
227.19          0.0356
227.22          0.0368
227.25          0.0379
227.28          0.0391
227.31          0.0402
227.34          0.0413
227.37          0.0425
227.40          0.0436
227.43          0.0447
227.46          0.0459
227.49          0.0470
227.52          0.0481
227.55          0.0492
227.58          0.0503
227.61          0.0514
227.64          0.0525
227.67          0.0536
227.70          0.0547
227.73          0.0558
227.76          0.0568
227.79          0.0579
227.82          0.0590
227.85          0.0600
227.88          0.0611
227.91          0.0621
227.94          0.0632
227.97          0.0642
228.00          0.0652
228.03          0.0663
228.06          0.0673
228.09          0.0683
228.12          0.0693
228.15          0.0703
228.18          0.0713
228.21          0.0723
228.24          0.0733
228.27          0.0742
228.30          0.0752
228.33          0.0762
228.36          0.0771
228.39          0.0781
228.42          0.0790
228.45          0.0799
228.48          0.0808
228.51          0.0818
228.54          0.0827
228.57          0.0836
228.60          0.0844
228.63          0.0853
228.66          0.0862
228.69          0.0871
228.72          0.0879
228.75          0.0888
228.78          0.0896
228.81          0.0905
228.84          0.0913
228.87          0.0921
228.90          0.0929
228.93          0.0937
228.96          0.0945
228.99          0.0953
229.02          0.0960
229.05          0.0968
229.08          0.0976
229.11          0.0983
229.14          0.0990
229.17          0.0998
229.20          0.1005
229.23          0.1012
229.26          0.1019
229.29          0.1026
229.32          0.1032
229.35          0.1039
229.38          0.1046
229.41          0.1052
229.44          0.1059
229.47          0.1065
229.50          0.1071
229.53          0.1077
229.56          0.1083
229.59          0.1089
229.62          0.1095
229.65          0.1100
229.68          0.1106
229.71          0.1111
229.74          0.1117
229.77          0.1122
229.80          0.1127
229.83          0.1132
229.86          0.1137
229.89          0.1142
229.92          0.1146
229.95          0.1151
229.98          0.1155
230.01          0.1160
230.04          0.1164
230.07          0.1168
230.10          0.1172
230.13          0.1176
230.16          0.1180
230.19          0.1183
230.22          0.1187
230.25          0.1190
230.28          0.1194
230.31          0.1197
230.34          0.1200
230.37          0.1203
230.40          0.1206
230.43          0.1209
230.46          0.1211
230.49          0.1214
230.52          0.1216
230.55          0.1218
230.58          0.1221
230.61          0.1223
230.64          0.1224
230.67          0.1226
230.70          0.1228
230.73          0.1230
230.76          0.1231
230.79          0.1232
230.82          0.1234
230.85          0.1235
230.88          0.1236
230.91          0.1236
230.94          0.1237
230.97          0.1238
231.00          0.1238
231.03          0.1239
231.06          0.1239
231.09          0.1239
231.12          0.1239
231.15          0.1239
231.18          0.1239
231.21          0.1238
231.24          0.1238
231.27          0.1237
231.30          0.1237
231.33          0.1236
231.36          0.1235
231.39          0.1234
231.42          0.1233
231.45          0.1231
231.48          0.1230
231.51          0.1228
231.54          0.1227
231.57          0.1225
231.60          0.1223
231.63          0.1221
231.66          0.1219
231.69          0.1217
231.72          0.1214
231.75          0.1212
231.78          0.1209
231.81          0.1206
231.84          0.1203
231.87          0.1201
231.90          0.1197
231.93          0.1194
231.96          0.1191
231.99          0.1188
232.02          0.1184
232.05          0.1180
232.08          0.1177
232.11          0.1173
232.14          0.1169
232.17          0.1165
232.20          0.1160
232.23          0.1156
232.26          0.1152
232.29          0.1147
232.32          0.1142
232.35          0.1138
232.38          0.1133
232.41          0.1128
232.44          0.1123
232.47          0.1117
232.50          0.1112
232.53          0.1107
232.56          0.1101
232.59          0.1095
232.62          0.1090
232.65          0.1084
232.68          0.1078
232.71          0.1072
232.74          0.1066
232.77          0.1059
232.80          0.1053
232.83          0.1046
232.86          0.1040
232.89          0.1033
232.92          0.1026
232.95          0.1020
232.98          0.1013
233.01          0.1005
233.04          0.0998
233.07          0.0991
233.10          0.0984
233.13          0.0976
233.16          0.0969
233.19          0.0961
233.22          0.0953
233.25          0.0945
233.28          0.0938
233.31          0.0930
233.34          0.0921
233.37          0.0913
233.40          0.0905
233.43          0.0897
233.46          0.0888
233.49          0.0880
233.52          0.0871
233.55          0.0862
233.58          0.0853
233.61          0.0845
233.64          0.0836
233.67          0.0827
233.70          0.0817
233.73          0.0808
233.76          0.0799
233.79          0.0790
233.82          0.0780
233.85          0.0771
233.88          0.0761
233.91          0.0751
233.94          0.0742
233.97          0.0732
234.00          0.0722
234.03          0.0712
234.06          0.0702
234.09          0.0692
234.12          0.0682
234.15          0.0672
234.18          0.0661
234.21          0.0651
234.24          0.0641
234.27          0.0630
234.30          0.0620
234.33          0.0609
234.36          0.0599
234.39          0.0588
234.42          0.0577
234.45          0.0566
234.48          0.0555
234.51          0.0545
234.54          0.0534
234.57          0.0523
234.60          0.0511
234.63          0.0500
234.66          0.0489
234.69          0.0478
234.72          0.0467
234.75          0.0455
234.78          0.0444
234.81          0.0433
234.84          0.0421
234.87          0.0410
234.90          0.0398
234.93          0.0387
234.96          0.0375
234.99          0.0363
235.02          0.0352
235.05          0.0340
235.08          0.0328
235.11          0.0317
235.14          0.0305
235.17          0.0293
235.20          0.0281
235.23          0.0269
235.26          0.0257
235.29          0.0245
235.32          0.0233
235.35          0.0221
235.38          0.0209
235.41          0.0197
235.44          0.0185
235.47          0.0173
235.50          0.0161
235.53          0.0149
235.56          0.0137
235.59          0.0125
235.62          0.0113
235.65          0.0100
235.68          0.0088
235.71          0.0076
235.74          0.0064
235.77          0.0052
235.80          0.0039
235.83          0.0027
235.86          0.0015
235.89          0.0003
235.92         -0.0009
235.95         -0.0022
235.98         -0.0034
236.01         -0.0046
236.04         -0.0058
236.07         -0.0071
236.10         -0.0083
236.13         -0.0095
236.16         -0.0107
236.19         -0.0119
236.22         -0.0132
236.25         -0.0144
236.28         -0.0156
236.31         -0.0168
236.34         -0.0180
236.37         -0.0192
236.40         -0.0204
236.43         -0.0216
236.46         -0.0228
236.49         -0.0240
236.52         -0.0252
236.55         -0.0264
236.58         -0.0276
236.61         -0.0288
236.64         -0.0300
236.67         -0.0312
236.70         -0.0324
236.73         -0.0336
236.76         -0.0348
236.79         -0.0360
236.82         -0.0371
236.85         -0.0383
236.88         -0.0395
236.91         -0.0406
236.94         -0.0418
236.97         -0.0429
237.00         -0.0441
237.03         -0.0452
237.06         -0.0464
237.09         -0.0475
237.12         -0.0487
237.15         -0.0498
237.18         -0.0509
237.21         -0.0520
237.24         -0.0532
237.27         -0.0543
237.30         -0.0554
237.33         -0.0565
237.36         -0.0576
237.39         -0.0587
237.42         -0.0598
237.45         -0.0608
237.48         -0.0619
237.51         -0.0630
237.54         -0.0640
237.57         -0.0651
237.60         -0.0662
237.63         -0.0672
237.66         -0.0682
237.69         -0.0693
237.72         -0.0703
237.75         -0.0713
237.78         -0.0723
237.81         -0.0733
237.84         -0.0743
237.87         -0.0753
237.90         -0.0763
237.93         -0.0773
237.96         -0.0783
237.99         -0.0792
238.02         -0.0802
238.05         -0.0811
238.08         -0.0821
238.11         -0.0830
238.14         -0.0839
238.17         -0.0849
238.20         -0.0858
238.23         -0.0867
238.26         -0.0876
238.29         -0.0884
238.32         -0.0893
238.35         -0.0902
238.38         -0.0911
238.41         -0.0919
238.44         -0.0927
238.47         -0.0936
238.50         -0.0944
238.53         -0.0952
238.56         -0.0960
238.59         -0.0968
238.62         -0.0976
238.65         -0.0984
238.68         -0.0992
238.71         -0.0999
238.74         -0.1007
238.77         -0.1014
238.80         -0.1022
238.83         -0.1029
238.86         -0.1036
238.89         -0.1043
238.92         -0.1050
238.95         -0.1057
238.98         -0.1063
239.01         -0.1070
239.04         -0.1077
239.07         -0.1083
239.10         -0.1089
239.13         -0.1096
239.16         -0.1102
239.19         -0.1108
239.22         -0.1114
239.25         -0.1119
239.28         -0.1125
239.31         -0.1131
239.34         -0.1136
239.37         -0.1142
239.40         -0.1147
239.43         -0.1152
239.46         -0.1157
239.49         -0.1162
239.52         -0.1167
239.55         -0.1171
239.58         -0.1176
239.61         -0.1181
239.64         -0.1185
239.67         -0.1189
239.70         -0.1193
239.73         -0.1197
239.76         -0.1201
239.79         -0.1205
239.82         -0.1209
239.85         -0.1212
239.88         -0.1216
239.91         -0.1219
239.94         -0.1222
239.97         -0.1225
240.00         -0.1228
